nome_arquivo,lote,split,rotulador,classe,classe_humano,classe_llm,leitura,leitura_origem
PSP_EXTRATLEITIMPL_030726_0121_20000000000052983929_000.jpg,PSP_EXTRATLEITIMPL_030726_0121,test,llama32v,ilegivel,,ilegivel,,
PSP_EXTRATLEITIMPL_030726_0121_20000000000052983947_000.jpg,PSP_EXTRATLEITIMPL_030726_0121,test,llama32v,legivel,,legivel,7237,digitada_leiturista
PSP_EXTRATLEITIMPL_030726_0121_20000000000053007270_000.jpg,PSP_EXTRATLEITIMPL_030726_0121,test,llama32v,legivel,,legivel,7076,digitada_leiturista
PSP_EXTRATLEITIMPL_030726_0121_20000000000053012071_000.jpg,PSP_EXTRATLEITIMPL_030726_0121,test,llama32v,legivel,,legivel,134350,digitada_leiturista
PSP_EXTRATLEITIMPL_030726_0121_20000000000053013024_000.jpg,PSP_EXTRATLEITIMPL_030726_0121,test,llama32v,ilegivel,,ilegivel,,
PSP_EXTRATLEITIMPL_030726_0121_20000000000102976737_000.jpg,PSP_EXTRATLEITIMPL_030726_0121,test,llama32v,ilegivel,,ilegivel,,
PSP_EXTRATLEITIMPL_030726_0121_20000000000102976740_000.jpg,PSP_EXTRATLEITIMPL_030726_0121,test,llama32v,ilegivel,,ilegivel,,
PSP_EXTRATLEITIMPL_030726_0121_20000000000102978745_000.jpg,PSP_EXTRATLEITIMPL_030726_0121,test,llama32v,sem_medidor,,sem_medidor,,
PSP_EXTRATLEITIMPL_030726_0121_20000000000102978749_000.jpg,PSP_EXTRATLEITIMPL_030726_0121,test,llama32v,legivel,,legivel,18471,digitada_leiturista
PSP_EXTRATLEITIMPL_030726_0121_20000000000102982662_001.jpg,PSP_EXTRATLEITIMPL_030726_0121,test,llama32v,ilegivel,,ilegivel,,
PSP_EXTRATLEITIMPL_030726_0121_20000000000102988531_000.jpg,PSP_EXTRATLEITIMPL_030726_0121,test,llama32v,sem_medidor,,sem_medidor,,
PSP_EXTRATLEITIMPL_030726_0121_20000000000102999091_000.jpg,PSP_EXTRATLEITIMPL_030726_0121,test,llama32v,ilegivel,,ilegivel,,
PSP_EXTRATLEITIMPL_030726_0121_20000000000103000089_000.jpg,PSP_EXTRATLEITIMPL_030726_0121,test,llama32v,ilegivel,,ilegivel,,
PSP_EXTRATLEITIMPL_030726_0121_20000000000152979771_000.jpg,PSP_EXTRATLEITIMPL_030726_0121,test,llama32v,legivel,,legivel,42488,digitada_leiturista
PSP_EXTRATLEITIMPL_030726_0121_20000000000152984544_000.jpg,PSP_EXTRATLEITIMPL_030726_0121,test,llama32v,legivel,,legivel,1183,digitada_leiturista
PSP_EXTRATLEITIMPL_030726_0121_20000000000152995283_000.jpg,PSP_EXTRATLEITIMPL_030726_0121,test,llama32v,legivel,,legivel,8558,digitada_leiturista
PSP_EXTRATLEITIMPL_030726_0121_20000000000202975711_000.jpg,PSP_EXTRATLEITIMPL_030726_0121,test,llama32v,ilegivel,,ilegivel,,
PSP_EXTRATLEITIMPL_030726_0121_20000000000202980515_000.jpg,PSP_EXTRATLEITIMPL_030726_0121,test,llama32v,legivel,,legivel,606,digitada_leiturista
PSP_EXTRATLEITIMPL_030726_0121_20000000000202982559_000.jpg,PSP_EXTRATLEITIMPL_030726_0121,test,llama32v,legivel,,legivel,14817,digitada_leiturista
PSP_EXTRATLEITIMPL_030726_0121_20000000000202984509_000.jpg,PSP_EXTRATLEITIMPL_030726_0121,test,llama32v,sem_medidor,,sem_medidor,,
PSP_EXTRATLEITIMPL_030726_0121_20000000000253010307_000.jpg,PSP_EXTRATLEITIMPL_030726_0121,test,llama32v,legivel,,legivel,2795,digitada_leiturista
PSP_EXTRATLEITIMPL_030726_0121_20000000000302969896_000.jpg,PSP_EXTRATLEITIMPL_030726_0121,test,llama32v,legivel,,legivel,59862,digitada_leiturista
PSP_EXTRATLEITIMPL_030726_0121_20000000000302969906_000.jpg,PSP_EXTRATLEITIMPL_030726_0121,test,llama32v,ilegivel,,ilegivel,,
PSP_EXTRATLEITIMPL_030726_0121_20000000000302969916_000.jpg,PSP_EXTRATLEITIMPL_030726_0121,test,llama32v,legivel,,legivel,44,digitada_leiturista
PSP_EXTRATLEITIMPL_030726_0121_20000000000352987707_000.jpg,PSP_EXTRATLEITIMPL_030726_0121,test,llama32v,ilegivel,,ilegivel,,
PSP_EXTRATLEITIMPL_030726_0121_20000000000353003382_000.jpg,PSP_EXTRATLEITIMPL_030726_0121,test,llama32v,legivel,,legivel,40912,digitada_leiturista
PSP_EXTRATLEITIMPL_030726_0121_20000000000402984969_000.jpg,PSP_EXTRATLEITIMPL_030726_0121,test,llama32v,ilegivel,,ilegivel,,
PSP_EXTRATLEITIMPL_030726_0121_20000000000403000535_000.jpg,PSP_EXTRATLEITIMPL_030726_0121,test,llama32v,ilegivel,,ilegivel,,
PSP_EXTRATLEITIMPL_030726_0121_20000000000452968982_000.jpg,PSP_EXTRATLEITIMPL_030726_0121,test,llama32v,legivel,,legivel,6744,digitada_leiturista
PSP_EXTRATLEITIMPL_030726_0121_20000000000452993171_000.jpg,PSP_EXTRATLEITIMPL_030726_0121,test,llama32v,legivel,,legivel,98768,digitada_leiturista
PSP_EXTRATLEITIMPL_030726_0121_20000000000502966984_000.jpg,PSP_EXTRATLEITIMPL_030726_0121,test,llama32v,ilegivel,,ilegivel,,
PSP_EXTRATLEITIMPL_030726_0121_20000000000502987344_000.jpg,PSP_EXTRATLEITIMPL_030726_0121,test,llama32v,sem_medidor,,sem_medidor,,
PSP_EXTRATLEITIMPL_030726_0121_20000000000502994125_000.jpg,PSP_EXTRATLEITIMPL_030726_0121,test,llama32v,ilegivel,,ilegivel,,
PSP_EXTRATLEITIMPL_030726_0121_20000000000502996014_000.jpg,PSP_EXTRATLEITIMPL_030726_0121,test,llama32v,legivel,,legivel,33239,digitada_leiturista
PSP_EXTRATLEITIMPL_030726_0121_20000000000552979715_000.jpg,PSP_EXTRATLEITIMPL_030726_0121,test,llama32v,legivel,,legivel,9542,digitada_leiturista
PSP_EXTRATLEITIMPL_030726_0121_20000000000552990385_000.jpg,PSP_EXTRATLEITIMPL_030726_0121,test,llama32v,legivel,,legivel,16997,digitada_leiturista
PSP_EXTRATLEITIMPL_030726_0121_20000000000602980533_000.jpg,PSP_EXTRATLEITIMPL_030726_0121,test,llama32v,legivel,,legivel,86895,digitada_leiturista
PSP_EXTRATLEITIMPL_030726_0121_20000000000602994198_000.jpg,PSP_EXTRATLEITIMPL_030726_0121,test,llama32v,sem_medidor,,sem_medidor,,
PSP_EXTRATLEITIMPL_030726_0121_20000000000602998023_000.jpg,PSP_EXTRATLEITIMPL_030726_0121,test,llama32v,ilegivel,,ilegivel,,
PSP_EXTRATLEITIMPL_030726_0121_20000000000652976713_000.jpg,PSP_EXTRATLEITIMPL_030726_0121,test,llama32v,legivel,,legivel,24902,digitada_leiturista
PSP_EXTRATLEITIMPL_030726_0121_20000000000652997086_000.jpg,PSP_EXTRATLEITIMPL_030726_0121,test,llama32v,legivel,,legivel,19332,digitada_leiturista
PSP_EXTRATLEITIMPL_030726_0121_20000000000702970769_000.jpg,PSP_EXTRATLEITIMPL_030726_0121,test,llama32v,legivel,,legivel,100425,digitada_leiturista
PSP_EXTRATLEITIMPL_030726_0121_20000000000752984525_000.jpg,PSP_EXTRATLEITIMPL_030726_0121,test,llama32v,legivel,,legivel,6800,digitada_leiturista
PSP_EXTRATLEITIMPL_030726_0121_20000000000752987474_000.jpg,PSP_EXTRATLEITIMPL_030726_0121,test,llama32v,ilegivel,,ilegivel,,
PSP_EXTRATLEITIMPL_030726_0121_20000000000752990491_000.jpg,PSP_EXTRATLEITIMPL_030726_0121,test,llama32v,sem_medidor,,sem_medidor,,
PSP_EXTRATLEITIMPL_030726_0121_20000000000752991391_000.jpg,PSP_EXTRATLEITIMPL_030726_0121,test,llama32v,legivel,,legivel,52529,digitada_leiturista
PSP_EXTRATLEITIMPL_030726_0121_20000000000752999169_000.jpg,PSP_EXTRATLEITIMPL_030726_0121,test,llama32v,legivel,,legivel,16244,digitada_leiturista
PSP_EXTRATLEITIMPL_030726_0121_20000000000802990347_000.jpg,PSP_EXTRATLEITIMPL_030726_0121,test,llama32v,legivel,,legivel,110,digitada_leiturista
PSP_EXTRATLEITIMPL_030726_0121_20000000000802992348_000.jpg,PSP_EXTRATLEITIMPL_030726_0121,test,llama32v,ilegivel,,ilegivel,,
PSP_EXTRATLEITIMPL_030726_0121_20000000000852982572_000.jpg,PSP_EXTRATLEITIMPL_030726_0121,test,llama32v,legivel,,legivel,980,digitada_leiturista
PSP_EXTRATLEITIMPL_030726_0121_20000000000852990507_000.jpg,PSP_EXTRATLEITIMPL_030726_0121,test,llama32v,legivel,,legivel,7566,digitada_leiturista
PSP_EXTRATLEITIMPL_030726_0121_20000000000852997177_000.jpg,PSP_EXTRATLEITIMPL_030726_0121,test,llama32v,legivel,,legivel,11415,digitada_leiturista
PSP_EXTRATLEITIMPL_030726_0121_20000000000852998030_000.jpg,PSP_EXTRATLEITIMPL_030726_0121,test,llama32v,legivel,,legivel,81,digitada_leiturista
PSP_EXTRATLEITIMPL_030726_0121_20000000000852999172_000.jpg,PSP_EXTRATLEITIMPL_030726_0121,test,llama32v,legivel,,legivel,65105,digitada_leiturista
PSP_EXTRATLEITIMPL_030726_0121_20000000000902984679_000.jpg,PSP_EXTRATLEITIMPL_030726_0121,test,llama32v,ilegivel,,ilegivel,,
PSP_EXTRATLEITIMPL_030726_0121_20000000000902998413_000.jpg,PSP_EXTRATLEITIMPL_030726_0121,test,llama32v,ilegivel,,ilegivel,,
PSP_EXTRATLEITIMPL_030726_0121_20000000000903005142_000.jpg,PSP_EXTRATLEITIMPL_030726_0121,test,llama32v,legivel,,legivel,85663,digitada_leiturista
PSP_EXTRATLEITIMPL_030726_0121_20000000000952965962_000.jpg,PSP_EXTRATLEITIMPL_030726_0121,test,llama32v,ilegivel,,ilegivel,,
PSP_EXTRATLEITIMPL_030726_0121_20000000000952985565_000.jpg,PSP_EXTRATLEITIMPL_030726_0121,test,llama32v,legivel,,legivel,8726,digitada_leiturista
PSP_EXTRATLEITIMPL_030726_0121_20000000000952995141_000.jpg,PSP_EXTRATLEITIMPL_030726_0121,test,llama32v,legivel,,legivel,25448,digitada_leiturista
PSP_EXTRATLEITIMPL_030726_0121_20000000001002970999_000.jpg,PSP_EXTRATLEITIMPL_030726_0121,test,llama32v,legivel,,legivel,5737,digitada_leiturista
PSP_EXTRATLEITIMPL_030726_0121_20000000001002974710_000.jpg,PSP_EXTRATLEITIMPL_030726_0121,test,llama32v,sem_medidor,,sem_medidor,,
PSP_EXTRATLEITIMPL_030726_0121_20000000001002976580_000.jpg,PSP_EXTRATLEITIMPL_030726_0121,test,llama32v,legivel,,legivel,143261,digitada_leiturista
PSP_EXTRATLEITIMPL_030726_0121_20000000001002977644_000.jpg,PSP_EXTRATLEITIMPL_030726_0121,test,llama32v,ilegivel,,ilegivel,,
PSP_EXTRATLEITIMPL_030726_0121_20000000001002989311_000.jpg,PSP_EXTRATLEITIMPL_030726_0121,test,llama32v,ilegivel,,ilegivel,,
PSP_EXTRATLEITIMPL_030726_0121_20000000001052982754_000.jpg,PSP_EXTRATLEITIMPL_030726_0121,test,llama32v,legivel,,legivel,40924,digitada_leiturista
PSP_EXTRATLEITIMPL_030726_0121_20000000001052984679_000.jpg,PSP_EXTRATLEITIMPL_030726_0121,test,llama32v,legivel,,legivel,201328,digitada_leiturista
PSP_EXTRATLEITIMPL_030726_0121_20000000001052990552_000.jpg,PSP_EXTRATLEITIMPL_030726_0121,test,llama32v,ilegivel,,ilegivel,,
PSP_EXTRATLEITIMPL_030726_0121_20000000001052996476_000.jpg,PSP_EXTRATLEITIMPL_030726_0121,test,llama32v,legivel,,legivel,47084,digitada_leiturista
PSP_EXTRATLEITIMPL_030726_0121_20000000001053004182_000.jpg,PSP_EXTRATLEITIMPL_030726_0121,test,llama32v,legivel,,legivel,687,digitada_leiturista
PSP_EXTRATLEITIMPL_030726_0121_20000000001053005142_000.jpg,PSP_EXTRATLEITIMPL_030726_0121,test,llama32v,ilegivel,,ilegivel,,
PSP_EXTRATLEITIMPL_030726_0121_20000000001102990540_000.jpg,PSP_EXTRATLEITIMPL_030726_0121,test,llama32v,legivel,,legivel,26141,digitada_leiturista
PSP_EXTRATLEITIMPL_030726_0121_20000000001102994322_000.jpg,PSP_EXTRATLEITIMPL_030726_0121,test,llama32v,sem_medidor,,sem_medidor,,
PSP_EXTRATLEITIMPL_030726_0121_20000000001102999191_000.jpg,PSP_EXTRATLEITIMPL_030726_0121,test,llama32v,legivel,,legivel,6878,digitada_leiturista
PSP_EXTRATLEITIMPL_030726_0121_20000000001103001101_000.jpg,PSP_EXTRATLEITIMPL_030726_0121,test,llama32v,ilegivel,,ilegivel,,
PSP_EXTRATLEITIMPL_030726_0121_20000000001203009024_001.jpg,PSP_EXTRATLEITIMPL_030726_0121,test,llama32v,legivel,,legivel,2748,digitada_leiturista
PSP_EXTRATLEITIMPL_030726_0121_20000000001252994560_000.jpg,PSP_EXTRATLEITIMPL_030726_0121,test,llama32v,legivel,,legivel,1953,digitada_leiturista
PSP_EXTRATLEITIMPL_030726_0121_20000000001303011315_000.jpg,PSP_EXTRATLEITIMPL_030726_0121,test,llama32v,ilegivel,,ilegivel,,
PSP_EXTRATLEITIMPL_030726_0121_20000000001352990998_000.jpg,PSP_EXTRATLEITIMPL_030726_0121,test,llama32v,legivel,,legivel,99999,digitada_leiturista
PSP_EXTRATLEITIMPL_030726_0121_20000000001353010327_000.jpg,PSP_EXTRATLEITIMPL_030726_0121,test,llama32v,legivel,,legivel,1025,digitada_leiturista
PSP_EXTRATLEITIMPL_030726_0121_20000000001402988978_000.jpg,PSP_EXTRATLEITIMPL_030726_0121,test,llama32v,legivel,,legivel,9256,digitada_leiturista
PSP_EXTRATLEITIMPL_030726_0121_20000000001402995747_000.jpg,PSP_EXTRATLEITIMPL_030726_0121,test,llama32v,legivel,,legivel,967,digitada_leiturista
PSP_EXTRATLEITIMPL_030726_0121_20000000001452994898_000.jpg,PSP_EXTRATLEITIMPL_030726_0121,test,llama32v,legivel,,legivel,37519,digitada_leiturista
PSP_EXTRATLEITIMPL_030726_0121_20000000001453017221_000.jpg,PSP_EXTRATLEITIMPL_030726_0121,test,llama32v,sem_medidor,,sem_medidor,,
PSP_EXTRATLEITIMPL_030726_0121_20000000001453021011_000.jpg,PSP_EXTRATLEITIMPL_030726_0121,test,llama32v,legivel,,legivel,4076,digitada_leiturista
PSP_EXTRATLEITIMPL_030726_0121_20000000001502986816_000.jpg,PSP_EXTRATLEITIMPL_030726_0121,test,llama32v,ilegivel,,ilegivel,,
PSP_EXTRATLEITIMPL_030726_0121_20000000001503006172_000.jpg,PSP_EXTRATLEITIMPL_030726_0121,test,llama32v,legivel,,legivel,64683,digitada_leiturista
PSP_EXTRATLEITIMPL_030726_0121_20000000001602993993_000.jpg,PSP_EXTRATLEITIMPL_030726_0121,test,llama32v,ilegivel,,ilegivel,,
PSP_EXTRATLEITIMPL_030726_0121_20000000001603001735_000.jpg,PSP_EXTRATLEITIMPL_030726_0121,test,llama32v,sem_medidor,,sem_medidor,,
PSP_EXTRATLEITIMPL_030726_0121_20000000001603018172_000.jpg,PSP_EXTRATLEITIMPL_030726_0121,test,llama32v,legivel,,legivel,11639,digitada_leiturista
PSP_EXTRATLEITIMPL_030726_0121_20000000001652995714_000.jpg,PSP_EXTRATLEITIMPL_030726_0121,test,llama32v,legivel,,legivel,410118,digitada_leiturista
PSP_EXTRATLEITIMPL_030726_0121_20000000001653003536_001.jpg,PSP_EXTRATLEITIMPL_030726_0121,test,llama32v,legivel,,legivel,,
PSP_EXTRATLEITIMPL_030726_0121_20000000001653005530_000.jpg,PSP_EXTRATLEITIMPL_030726_0121,test,llama32v,legivel,,legivel,32749,digitada_leiturista
PSP_EXTRATLEITIMPL_030726_0121_20000000001653012061_000.jpg,PSP_EXTRATLEITIMPL_030726_0121,test,llama32v,ilegivel,,ilegivel,,
PSP_EXTRATLEITIMPL_030726_0121_20000000001653015099_000.jpg,PSP_EXTRATLEITIMPL_030726_0121,test,llama32v,sem_medidor,,sem_medidor,,
PSP_EXTRATLEITIMPL_030726_0121_20000000001703003193_000.jpg,PSP_EXTRATLEITIMPL_030726_0121,test,llama32v,legivel,,legivel,78944,digitada_leiturista
PSP_EXTRATLEITIMPL_030726_0121_20000000001703007008_000.jpg,PSP_EXTRATLEITIMPL_030726_0121,test,llama32v,legivel,,legivel,5172,digitada_leiturista
PSP_EXTRATLEITIMPL_030726_0121_20000000001752991775_000.jpg,PSP_EXTRATLEITIMPL_030726_0121,test,llama32v,legivel,,legivel,0,digitada_leiturista
PSP_EXTRATLEITIMPL_030726_0121_20000000001753001615_000.jpg,PSP_EXTRATLEITIMPL_030726_0121,test,llama32v,ilegivel,,ilegivel,,
PSP_EXTRATLEITIMPL_030726_0121_20000000001753003545_000.jpg,PSP_EXTRATLEITIMPL_030726_0121,test,llama32v,sem_medidor,,sem_medidor,,
PSP_EXTRATLEITIMPL_030726_0121_20000000001753004533_000.jpg,PSP_EXTRATLEITIMPL_030726_0121,test,llama32v,ilegivel,,ilegivel,,
PSP_EXTRATLEITIMPL_030726_0121_20000000001753006354_000.jpg,PSP_EXTRATLEITIMPL_030726_0121,test,llama32v,legivel,,legivel,99999,digitada_leiturista
PSP_EXTRATLEITIMPL_030726_0121_20000000001753014006_000.jpg,PSP_EXTRATLEITIMPL_030726_0121,test,llama32v,ilegivel,,ilegivel,,
PSP_EXTRATLEITIMPL_030726_0121_20000000001753015010_000.jpg,PSP_EXTRATLEITIMPL_030726_0121,test,llama32v,ilegivel,,ilegivel,,
PSP_EXTRATLEITIMPL_030726_0121_20000000001803003999_000.jpg,PSP_EXTRATLEITIMPL_030726_0121,test,llama32v,legivel,,legivel,106,digitada_leiturista
PSP_EXTRATLEITIMPL_030726_0121_20000000001803004862_000.jpg,PSP_EXTRATLEITIMPL_030726_0121,test,llama32v,legivel,,legivel,148499,digitada_leiturista
PSP_EXTRATLEITIMPL_030726_0121_20000000001803004870_000.jpg,PSP_EXTRATLEITIMPL_030726_0121,test,llama32v,legivel,,legivel,66681,digitada_leiturista
PSP_EXTRATLEITIMPL_030726_0121_20000000001803007771_000.jpg,PSP_EXTRATLEITIMPL_030726_0121,test,llama32v,ilegivel,,ilegivel,,
PSP_EXTRATLEITIMPL_030726_0121_20000000001803011696_000.jpg,PSP_EXTRATLEITIMPL_030726_0121,test,llama32v,legivel,,legivel,15023,digitada_leiturista
PSP_EXTRATLEITIMPL_030726_0121_20000000001803022362_000.jpg,PSP_EXTRATLEITIMPL_030726_0121,test,llama32v,legivel,,legivel,27597,digitada_leiturista
PSP_EXTRATLEITIMPL_030726_0121_20000000001803026210_000.jpg,PSP_EXTRATLEITIMPL_030726_0121,test,llama32v,ilegivel,,ilegivel,,
PSP_EXTRATLEITIMPL_030726_0121_20000000001853004557_000.jpg,PSP_EXTRATLEITIMPL_030726_0121,test,llama32v,ilegivel,,ilegivel,,
PSP_EXTRATLEITIMPL_030726_0121_20000000001853017003_000.jpg,PSP_EXTRATLEITIMPL_030726_0121,test,llama32v,sem_medidor,,sem_medidor,,
PSP_EXTRATLEITIMPL_030726_0121_20000000001853017011_000.jpg,PSP_EXTRATLEITIMPL_030726_0121,test,llama32v,legivel,,legivel,14622,digitada_leiturista
PSP_EXTRATLEITIMPL_030726_0121_20000000001902994817_000.jpg,PSP_EXTRATLEITIMPL_030726_0121,test,llama32v,legivel,,legivel,53627,digitada_leiturista
PSP_EXTRATLEITIMPL_030726_0121_20000000001903011317_000.jpg,PSP_EXTRATLEITIMPL_030726_0121,test,llama32v,legivel,,legivel,565625,digitada_leiturista
PSP_EXTRATLEITIMPL_030726_0121_20000000001903013216_000.jpg,PSP_EXTRATLEITIMPL_030726_0121,test,llama32v,ilegivel,,ilegivel,,
PSP_EXTRATLEITIMPL_030726_0121_20000000001953014167_000.jpg,PSP_EXTRATLEITIMPL_030726_0121,test,llama32v,ilegivel,,ilegivel,,
PSP_EXTRATLEITIMPL_030726_0121_20000000001953021010_000.jpg,PSP_EXTRATLEITIMPL_030726_0121,test,llama32v,ilegivel,,ilegivel,,
PSP_EXTRATLEITIMPL_030726_0121_20000000002003009654_000.jpg,PSP_EXTRATLEITIMPL_030726_0121,test,llama32v,ilegivel,,ilegivel,,
PSP_EXTRATLEITIMPL_030726_0121_20000000002003019305_000.jpg,PSP_EXTRATLEITIMPL_030726_0121,test,llama32v,legivel,,legivel,6133,digitada_leiturista
PSP_EXTRATLEITIMPL_030726_0121_20000000002102987864_000.jpg,PSP_EXTRATLEITIMPL_030726_0121,test,llama32v,legivel,,legivel,44162,digitada_leiturista
PSP_EXTRATLEITIMPL_030726_0121_20000000002152999144_000.jpg,PSP_EXTRATLEITIMPL_030726_0121,test,llama32v,legivel,,legivel,0,digitada_leiturista
PSP_EXTRATLEITIMPL_030726_0121_20000000002153000112_000.jpg,PSP_EXTRATLEITIMPL_030726_0121,test,llama32v,legivel,,legivel,7363,digitada_leiturista
PSP_EXTRATLEITIMPL_030726_0121_20000000002153005004_000.jpg,PSP_EXTRATLEITIMPL_030726_0121,test,llama32v,legivel,,legivel,19759,digitada_leiturista
PSP_EXTRATLEITIMPL_030726_0121_20000000002203009147_000.jpg,PSP_EXTRATLEITIMPL_030726_0121,test,llama32v,legivel,,legivel,2810,digitada_leiturista
PSP_EXTRATLEITIMPL_030726_0121_20000000002302995695_000.jpg,PSP_EXTRATLEITIMPL_030726_0121,test,llama32v,legivel,,legivel,950,digitada_leiturista
PSP_EXTRATLEITIMPL_030726_0121_20000000002303001601_000.jpg,PSP_EXTRATLEITIMPL_030726_0121,test,llama32v,legivel,,legivel,12133,digitada_leiturista
PSP_EXTRATLEITIMPL_030726_0121_20000000002303011287_000.jpg,PSP_EXTRATLEITIMPL_030726_0121,test,llama32v,sem_medidor,,sem_medidor,,
PSP_EXTRATLEITIMPL_030726_0121_20000000002303012273_000.jpg,PSP_EXTRATLEITIMPL_030726_0121,test,llama32v,legivel,,legivel,15533,digitada_leiturista
PSP_EXTRATLEITIMPL_030726_0121_20000000002352995617_000.jpg,PSP_EXTRATLEITIMPL_030726_0121,test,llama32v,sem_medidor,,sem_medidor,,
PSP_EXTRATLEITIMPL_030726_0121_20000000002352998579_000.jpg,PSP_EXTRATLEITIMPL_030726_0121,test,llama32v,legivel,,legivel,1,digitada_leiturista
PSP_EXTRATLEITIMPL_030726_0121_20000000002353007221_000.jpg,PSP_EXTRATLEITIMPL_030726_0121,test,llama32v,legivel,,legivel,30890,digitada_leiturista
PSP_EXTRATLEITIMPL_030726_0121_20000000002402994523_000.jpg,PSP_EXTRATLEITIMPL_030726_0121,test,llama32v,legivel,,legivel,44946,digitada_leiturista
PSP_EXTRATLEITIMPL_030726_0121_20000000002403001315_000.jpg,PSP_EXTRATLEITIMPL_030726_0121,test,llama32v,ilegivel,,ilegivel,,
PSP_EXTRATLEITIMPL_030726_0121_20000000002403007022_000.jpg,PSP_EXTRATLEITIMPL_030726_0121,test,llama32v,legivel,,legivel,4860,digitada_leiturista
PSP_EXTRATLEITIMPL_030726_0121_20000000002453003570_000.jpg,PSP_EXTRATLEITIMPL_030726_0121,test,llama32v,legivel,,legivel,3,digitada_leiturista
PSP_EXTRATLEITIMPL_030726_0121_20000000002453010528_000.jpg,PSP_EXTRATLEITIMPL_030726_0121,test,llama32v,legivel,,legivel,167,digitada_leiturista
PSP_EXTRATLEITIMPL_030726_0121_20000000002453024011_000.jpg,PSP_EXTRATLEITIMPL_030726_0121,test,llama32v,legivel,,legivel,46976,digitada_leiturista
PSP_EXTRATLEITIMPL_030726_0121_20000000002502997743_000.jpg,PSP_EXTRATLEITIMPL_030726_0121,test,llama32v,legivel,,legivel,108,digitada_leiturista
PSP_EXTRATLEITIMPL_030726_0121_20000000002552983992_000.jpg,PSP_EXTRATLEITIMPL_030726_0121,test,llama32v,sem_medidor,,sem_medidor,,
PSP_EXTRATLEITIMPL_030726_0121_20000000002552986712_000.jpg,PSP_EXTRATLEITIMPL_030726_0121,test,llama32v,legivel,,legivel,3950,digitada_leiturista
PSP_EXTRATLEITIMPL_030726_0121_20000000002553000495_000.jpg,PSP_EXTRATLEITIMPL_030726_0121,test,llama32v,legivel,,legivel,3708,digitada_leiturista
PSP_EXTRATLEITIMPL_030726_0121_20000000002602992983_000.jpg,PSP_EXTRATLEITIMPL_030726_0121,test,llama32v,legivel,,legivel,697,digitada_leiturista
PSP_EXTRATLEITIMPL_030726_0121_20000000002602996787_000.jpg,PSP_EXTRATLEITIMPL_030726_0121,test,llama32v,legivel,,legivel,42012,digitada_leiturista
PSP_EXTRATLEITIMPL_030726_0121_20000000002603013360_000.jpg,PSP_EXTRATLEITIMPL_030726_0121,test,llama32v,legivel,,legivel,29285,digitada_leiturista
PSP_EXTRATLEITIMPL_030726_0121_20000000002603014298_000.jpg,PSP_EXTRATLEITIMPL_030726_0121,test,llama32v,legivel,,legivel,121108,digitada_leiturista
PSP_EXTRATLEITIMPL_030726_0121_20000000002603018078_000.jpg,PSP_EXTRATLEITIMPL_030726_0121,test,llama32v,ilegivel,,ilegivel,,
PSP_EXTRATLEITIMPL_030726_0121_20000000002652994803_000.jpg,PSP_EXTRATLEITIMPL_030726_0121,test,llama32v,ilegivel,,ilegivel,,
PSP_EXTRATLEITIMPL_030726_0121_20000000002653005549_000.jpg,PSP_EXTRATLEITIMPL_030726_0121,test,llama32v,legivel,,legivel,10973,digitada_leiturista
PSP_EXTRATLEITIMPL_030726_0121_20000000002702989824_000.jpg,PSP_EXTRATLEITIMPL_030726_0121,test,llama32v,ilegivel,,ilegivel,,
PSP_EXTRATLEITIMPL_030726_0121_20000000002702997660_000.jpg,PSP_EXTRATLEITIMPL_030726_0121,test,llama32v,legivel,,legivel,251,digitada_leiturista
PSP_EXTRATLEITIMPL_030726_0121_20000000002702998700_000.jpg,PSP_EXTRATLEITIMPL_030726_0121,test,llama32v,legivel,,legivel,65696,digitada_leiturista
PSP_EXTRATLEITIMPL_030726_0121_20000000002703004548_000.jpg,PSP_EXTRATLEITIMPL_030726_0121,test,llama32v,ilegivel,,ilegivel,,
PSP_EXTRATLEITIMPL_030726_0121_20000000002752997633_000.jpg,PSP_EXTRATLEITIMPL_030726_0121,test,llama32v,legivel,,legivel,19094,digitada_leiturista
PSP_EXTRATLEITIMPL_030726_0121_20000000002803006528_000.jpg,PSP_EXTRATLEITIMPL_030726_0121,test,llama32v,ilegivel,,ilegivel,,
PSP_EXTRATLEITIMPL_030726_0121_20000000002803010402_000.jpg,PSP_EXTRATLEITIMPL_030726_0121,test,llama32v,ilegivel,,ilegivel,,
PSP_EXTRATLEITIMPL_030726_0121_20000000002803018148_000.jpg,PSP_EXTRATLEITIMPL_030726_0121,test,llama32v,legivel,,legivel,1224,digitada_leiturista
PSP_EXTRATLEITIMPL_030726_0121_20000000002852995613_000.jpg,PSP_EXTRATLEITIMPL_030726_0121,test,llama32v,ilegivel,,ilegivel,,
PSP_EXTRATLEITIMPL_030726_0121_20000000002853009022_000.jpg,PSP_EXTRATLEITIMPL_030726_0121,test,llama32v,ilegivel,,ilegivel,,
PSP_EXTRATLEITIMPL_030726_0121_20000000002853011131_000.jpg,PSP_EXTRATLEITIMPL_030726_0121,test,llama32v,legivel,,legivel,4,digitada_leiturista
PSP_EXTRATLEITIMPL_030726_0121_20000000002902996730_000.jpg,PSP_EXTRATLEITIMPL_030726_0121,test,llama32v,legivel,,legivel,3915,digitada_leiturista
PSP_EXTRATLEITIMPL_030726_0121_20000000002903008431_000.jpg,PSP_EXTRATLEITIMPL_030726_0121,test,llama32v,legivel,,legivel,27927,digitada_leiturista
PSP_EXTRATLEITIMPL_030726_0121_20000000002903010208_000.jpg,PSP_EXTRATLEITIMPL_030726_0121,test,llama32v,ilegivel,,ilegivel,,
PSP_EXTRATLEITIMPL_030726_0121_20000000002903015207_000.jpg,PSP_EXTRATLEITIMPL_030726_0121,test,llama32v,legivel,,legivel,0,digitada_leiturista
PSP_EXTRATLEITIMPL_030726_0121_20000000002903016168_000.jpg,PSP_EXTRATLEITIMPL_030726_0121,test,llama32v,legivel,,legivel,6859,digitada_leiturista
PSP_EXTRATLEITIMPL_030726_0121_20000000002952998707_000.jpg,PSP_EXTRATLEITIMPL_030726_0121,test,llama32v,legivel,,legivel,5747,digitada_leiturista
PSP_EXTRATLEITIMPL_030726_0121_20000000002953007481_000.jpg,PSP_EXTRATLEITIMPL_030726_0121,test,llama32v,legivel,,legivel,59462,digitada_leiturista
PSP_EXTRATLEITIMPL_030726_0121_20000000002953009342_000.jpg,PSP_EXTRATLEITIMPL_030726_0121,test,llama32v,legivel,,legivel,999999,digitada_leiturista
PSP_EXTRATLEITIMPL_030726_0121_20000000002953013188_000.jpg,PSP_EXTRATLEITIMPL_030726_0121,test,llama32v,legivel,,legivel,10823,digitada_leiturista
PSP_EXTRATLEITIMPL_030726_0121_20000000002953014191_000.jpg,PSP_EXTRATLEITIMPL_030726_0121,test,llama32v,legivel,,legivel,31663,digitada_leiturista
PSP_EXTRATLEITIMPL_030726_0121_20000000003003006335_000.jpg,PSP_EXTRATLEITIMPL_030726_0121,test,llama32v,ilegivel,,ilegivel,,
PSP_EXTRATLEITIMPL_030726_0121_20000000003003006356_000.jpg,PSP_EXTRATLEITIMPL_030726_0121,test,llama32v,ilegivel,,ilegivel,,
PSP_EXTRATLEITIMPL_030726_0121_20000000003052992783_000.jpg,PSP_EXTRATLEITIMPL_030726_0121,test,llama32v,ilegivel,,ilegivel,,
PSP_EXTRATLEITIMPL_030726_0121_20000000003052996673_000.jpg,PSP_EXTRATLEITIMPL_030726_0121,test,llama32v,ilegivel,,ilegivel,,
PSP_EXTRATLEITIMPL_030726_0121_20000000003103010553_000.jpg,PSP_EXTRATLEITIMPL_030726_0121,test,llama32v,ilegivel,,ilegivel,,
PSP_EXTRATLEITIMPL_030726_0121_20000000003103014364_000.jpg,PSP_EXTRATLEITIMPL_030726_0121,test,llama32v,ilegivel,,ilegivel,,
PSP_EXTRATLEITIMPL_030726_0121_20000000003103015233_000.jpg,PSP_EXTRATLEITIMPL_030726_0121,test,llama32v,legivel,,legivel,11053,digitada_leiturista
PSP_EXTRATLEITIMPL_030726_0121_20000000003103016405_000.jpg,PSP_EXTRATLEITIMPL_030726_0121,test,llama32v,ilegivel,,ilegivel,,
PSP_EXTRATLEITIMPL_030726_0121_20000000003103021195_000.jpg,PSP_EXTRATLEITIMPL_030726_0121,test,llama32v,legivel,,legivel,0,digitada_leiturista
PSP_EXTRATLEITIMPL_030726_0121_20000000003103024027_000.jpg,PSP_EXTRATLEITIMPL_030726_0121,test,llama32v,ilegivel,,ilegivel,,
PSP_EXTRATLEITIMPL_030726_0121_20000000003153009584_000.jpg,PSP_EXTRATLEITIMPL_030726_0121,test,llama32v,legivel,,legivel,34985,digitada_leiturista
PSP_EXTRATLEITIMPL_030726_0121_20000000003202999750_000.jpg,PSP_EXTRATLEITIMPL_030726_0121,test,llama32v,legivel,,legivel,2667,digitada_leiturista
PSP_EXTRATLEITIMPL_030726_0121_20000000003203000796_000.jpg,PSP_EXTRATLEITIMPL_030726_0121,test,llama32v,legivel,,legivel,13554,digitada_leiturista
PSP_EXTRATLEITIMPL_030726_0121_20000000003203009549_000.jpg,PSP_EXTRATLEITIMPL_030726_0121,test,llama32v,legivel,,legivel,4302,digitada_leiturista
PSP_EXTRATLEITIMPL_030726_0121_20000000003203010539_000.jpg,PSP_EXTRATLEITIMPL_030726_0121,test,llama32v,ilegivel,,ilegivel,,
PSP_EXTRATLEITIMPL_030726_0121_20000000003203017192_000.jpg,PSP_EXTRATLEITIMPL_030726_0121,test,llama32v,legivel,,legivel,68015,digitada_leiturista
PSP_EXTRATLEITIMPL_030726_0121_20000000003203017196_000.jpg,PSP_EXTRATLEITIMPL_030726_0121,test,llama32v,legivel,,legivel,5785,digitada_leiturista
PSP_EXTRATLEITIMPL_030726_0121_20000000003253017555_000.jpg,PSP_EXTRATLEITIMPL_030726_0121,test,llama32v,legivel,,legivel,44481,digitada_leiturista
PSP_EXTRATLEITIMPL_030726_0121_20000000003302994955_000.jpg,PSP_EXTRATLEITIMPL_030726_0121,test,llama32v,legivel,,legivel,14825,digitada_leiturista
PSP_EXTRATLEITIMPL_030726_0121_20000000003352988594_000.jpg,PSP_EXTRATLEITIMPL_030726_0121,test,llama32v,legivel,,legivel,16114,digitada_leiturista
PSP_EXTRATLEITIMPL_030726_0121_20000000003353001014_000.jpg,PSP_EXTRATLEITIMPL_030726_0121,test,llama32v,ilegivel,,ilegivel,,
PSP_EXTRATLEITIMPL_030726_0121_20000000003403011123_000.jpg,PSP_EXTRATLEITIMPL_030726_0121,test,llama32v,ilegivel,,ilegivel,,
PSP_EXTRATLEITIMPL_030726_0121_20000000003452979958_000.jpg,PSP_EXTRATLEITIMPL_030726_0121,test,llama32v,legivel,,legivel,6123,digitada_leiturista
PSP_EXTRATLEITIMPL_030726_0121_20000000003452986636_000.jpg,PSP_EXTRATLEITIMPL_030726_0121,test,llama32v,sem_medidor,,sem_medidor,,
PSP_EXTRATLEITIMPL_030726_0121_20000000003453009007_000.jpg,PSP_EXTRATLEITIMPL_030726_0121,test,llama32v,ilegivel,,ilegivel,,
PSP_EXTRATLEITIMPL_030726_0121_20000000003503004759_000.jpg,PSP_EXTRATLEITIMPL_030726_0121,test,llama32v,legivel,,legivel,30490,digitada_leiturista
PSP_EXTRATLEITIMPL_030726_0121_20000000003503024006_000.jpg,PSP_EXTRATLEITIMPL_030726_0121,test,llama32v,legivel,,legivel,114600,digitada_leiturista
PSP_EXTRATLEITIMPL_030726_0121_20000000003552995799_000.jpg,PSP_EXTRATLEITIMPL_030726_0121,test,llama32v,ilegivel,,ilegivel,,
PSP_EXTRATLEITIMPL_030726_0121_20000000003553011370_000.jpg,PSP_EXTRATLEITIMPL_030726_0121,test,llama32v,legivel,,legivel,45363,digitada_leiturista
PSP_EXTRATLEITIMPL_030726_0121_20000000003553016153_000.jpg,PSP_EXTRATLEITIMPL_030726_0121,test,llama32v,legivel,,legivel,5613,digitada_leiturista
PSP_EXTRATLEITIMPL_030726_0121_20000000003602997671_000.jpg,PSP_EXTRATLEITIMPL_030726_0121,test,llama32v,legivel,,legivel,15424,digitada_leiturista
PSP_EXTRATLEITIMPL_030726_0121_20000000003602999509_000.jpg,PSP_EXTRATLEITIMPL_030726_0121,test,llama32v,legivel,,legivel,20539,digitada_leiturista
PSP_EXTRATLEITIMPL_030726_0121_20000000003603004548_000.jpg,PSP_EXTRATLEITIMPL_030726_0121,test,llama32v,sem_medidor,,sem_medidor,,
PSP_EXTRATLEITIMPL_030726_0121_20000000003652999727_000.jpg,PSP_EXTRATLEITIMPL_030726_0121,test,llama32v,legivel,,legivel,15248,digitada_leiturista
PSP_EXTRATLEITIMPL_030726_0121_20000000003653007564_000.jpg,PSP_EXTRATLEITIMPL_030726_0121,test,llama32v,legivel,,legivel,21028,digitada_leiturista
PSP_EXTRATLEITIMPL_030726_0121_20000000003702989806_000.jpg,PSP_EXTRATLEITIMPL_030726_0121,test,llama32v,legivel,,legivel,117546,digitada_leiturista
PSP_EXTRATLEITIMPL_030726_0121_20000000003702990803_000.jpg,PSP_EXTRATLEITIMPL_030726_0121,test,llama32v,legivel,,legivel,30540,digitada_leiturista
PSP_EXTRATLEITIMPL_030726_0121_20000000003702990804_000.jpg,PSP_EXTRATLEITIMPL_030726_0121,test,llama32v,ilegivel,,ilegivel,,
PSP_EXTRATLEITIMPL_030726_0121_20000000003702992794_000.jpg,PSP_EXTRATLEITIMPL_030726_0121,test,llama32v,legivel,,legivel,53048,digitada_leiturista
PSP_EXTRATLEITIMPL_030726_0121_20000000003702997558_000.jpg,PSP_EXTRATLEITIMPL_030726_0121,test,llama32v,ilegivel,,ilegivel,,
PSP_EXTRATLEITIMPL_030726_0121_20000000003703001592_000.jpg,PSP_EXTRATLEITIMPL_030726_0121,test,llama32v,sem_medidor,,sem_medidor,,
PSP_EXTRATLEITIMPL_030726_0121_20000000003703001597_000.jpg,PSP_EXTRATLEITIMPL_030726_0121,test,llama32v,legivel,,legivel,533579,digitada_leiturista
PSP_EXTRATLEITIMPL_030726_0121_20000000003703004480_000.jpg,PSP_EXTRATLEITIMPL_030726_0121,test,llama32v,ilegivel,,ilegivel,,
PSP_EXTRATLEITIMPL_030726_0121_20000000003703006411_000.jpg,PSP_EXTRATLEITIMPL_030726_0121,test,llama32v,legivel,,legivel,7802,digitada_leiturista
PSP_EXTRATLEITIMPL_030726_0121_20000000003703013149_000.jpg,PSP_EXTRATLEITIMPL_030726_0121,test,llama32v,ilegivel,,ilegivel,,
PSP_EXTRATLEITIMPL_030726_0121_20000000003752994367_000.jpg,PSP_EXTRATLEITIMPL_030726_0121,test,llama32v,sem_medidor,,sem_medidor,,
PSP_EXTRATLEITIMPL_030726_0121_20000000003752997341_000.jpg,PSP_EXTRATLEITIMPL_030726_0121,test,llama32v,legivel,,legivel,8314,digitada_leiturista
PSP_EXTRATLEITIMPL_030726_0121_20000000003753001186_000.jpg,PSP_EXTRATLEITIMPL_030726_0121,test,llama32v,legivel,,legivel,40710,digitada_leiturista
PSP_EXTRATLEITIMPL_030726_0121_20000000003753002174_000.jpg,PSP_EXTRATLEITIMPL_030726_0121,test,llama32v,ilegivel,,ilegivel,,
PSP_EXTRATLEITIMPL_030726_0121_20000000003802989993_000.jpg,PSP_EXTRATLEITIMPL_030726_0121,test,llama32v,ilegivel,,ilegivel,,
PSP_EXTRATLEITIMPL_030726_0121_20000000003852989747_000.jpg,PSP_EXTRATLEITIMPL_030726_0121,test,llama32v,legivel,,legivel,48217,digitada_leiturista
PSP_EXTRATLEITIMPL_030726_0121_20000000003902999407_000.jpg,PSP_EXTRATLEITIMPL_030726_0121,test,llama32v,ilegivel,,ilegivel,,
PSP_EXTRATLEITIMPL_030726_0121_20000000003952977967_000.jpg,PSP_EXTRATLEITIMPL_030726_0121,test,llama32v,legivel,,legivel,13428,digitada_leiturista
PSP_EXTRATLEITIMPL_030726_0121_20000000003952997443_000.jpg,PSP_EXTRATLEITIMPL_030726_0121,test,llama32v,legivel,,legivel,7802,digitada_leiturista
PSP_EXTRATLEITIMPL_030726_0121_20000000004002990585_000.jpg,PSP_EXTRATLEITIMPL_030726_0121,test,llama32v,legivel,,legivel,223135,digitada_leiturista
PSP_EXTRATLEITIMPL_030726_0121_20000000004002992552_000.jpg,PSP_EXTRATLEITIMPL_030726_0121,test,llama32v,ilegivel,,ilegivel,,
PSP_EXTRATLEITIMPL_030726_0121_20000000004002999339_000.jpg,PSP_EXTRATLEITIMPL_030726_0121,test,llama32v,ilegivel,,ilegivel,,
PSP_EXTRATLEITIMPL_030726_0121_20000000004003006157_000.jpg,PSP_EXTRATLEITIMPL_030726_0121,test,llama32v,legivel,,legivel,3348,digitada_leiturista
PSP_EXTRATLEITIMPL_030726_0121_20000000004102982814_000.jpg,PSP_EXTRATLEITIMPL_030726_0121,test,llama32v,legivel,,legivel,28010,digitada_leiturista
PSP_EXTRATLEITIMPL_030726_0121_20000000004102995592_000.jpg,PSP_EXTRATLEITIMPL_030726_0121,test,llama32v,legivel,,legivel,897,digitada_leiturista
PSP_EXTRATLEITIMPL_030726_0121_20000000004103005197_000.jpg,PSP_EXTRATLEITIMPL_030726_0121,test,llama32v,legivel,,legivel,104004,digitada_leiturista
PSP_EXTRATLEITIMPL_030726_0121_20000000004103006165_000.jpg,PSP_EXTRATLEITIMPL_030726_0121,test,llama32v,legivel,,legivel,3803,digitada_leiturista
PSP_EXTRATLEITIMPL_030726_0121_20000000004152998738_000.jpg,PSP_EXTRATLEITIMPL_030726_0121,test,llama32v,sem_medidor,,sem_medidor,,
PSP_EXTRATLEITIMPL_030726_0121_20000000004203018231_001.jpg,PSP_EXTRATLEITIMPL_030726_0121,test,llama32v,legivel,,legivel,7365,digitada_leiturista
PSP_EXTRATLEITIMPL_030726_0121_20000000004203020194_000.jpg,PSP_EXTRATLEITIMPL_030726_0121,test,llama32v,legivel,,legivel,34559,digitada_leiturista
PSP_EXTRATLEITIMPL_030726_0121_20000000004253023256_000.jpg,PSP_EXTRATLEITIMPL_030726_0121,test,llama32v,legivel,,legivel,1022,digitada_leiturista
PSP_EXTRATLEITIMPL_030726_0121_20000000004253029014_000.jpg,PSP_EXTRATLEITIMPL_030726_0121,test,llama32v,legivel,,legivel,9371,digitada_leiturista
PSP_EXTRATLEITIMPL_030726_0121_20000000004302995755_000.jpg,PSP_EXTRATLEITIMPL_030726_0121,test,llama32v,legivel,,legivel,156287,digitada_leiturista
PSP_EXTRATLEITIMPL_030726_0121_20000000004303001483_000.jpg,PSP_EXTRATLEITIMPL_030726_0121,test,llama32v,legivel,,legivel,130016,digitada_leiturista
PSP_EXTRATLEITIMPL_030726_0121_20000000004353016220_000.jpg,PSP_EXTRATLEITIMPL_030726_0121,test,llama32v,legivel,,legivel,36195,digitada_leiturista
PSP_EXTRATLEITIMPL_030726_0121_20000000004353017340_000.jpg,PSP_EXTRATLEITIMPL_030726_0121,test,llama32v,legivel,,legivel,5123,digitada_leiturista
PSP_EXTRATLEITIMPL_030726_0121_20000000004353019081_000.jpg,PSP_EXTRATLEITIMPL_030726_0121,test,llama32v,legivel,,legivel,48665,digitada_leiturista
PSP_EXTRATLEITIMPL_030726_0121_20000000004353022131_000.jpg,PSP_EXTRATLEITIMPL_030726_0121,test,llama32v,legivel,,legivel,28467,digitada_leiturista
PSP_EXTRATLEITIMPL_030726_0121_20000000004402995627_000.jpg,PSP_EXTRATLEITIMPL_030726_0121,test,llama32v,sem_medidor,,sem_medidor,,
PSP_EXTRATLEITIMPL_030726_0121_20000000004403007257_000.jpg,PSP_EXTRATLEITIMPL_030726_0121,test,llama32v,ilegivel,,ilegivel,,
PSP_EXTRATLEITIMPL_030726_0121_20000000004453012749_000.jpg,PSP_EXTRATLEITIMPL_030726_0121,test,llama32v,legivel,,legivel,6248,digitada_leiturista
PSP_EXTRATLEITIMPL_030726_0121_20000000004453025437_000.jpg,PSP_EXTRATLEITIMPL_030726_0121,test,llama32v,ilegivel,,ilegivel,,
PSP_EXTRATLEITIMPL_030726_0121_20000000004453031158_000.jpg,PSP_EXTRATLEITIMPL_030726_0121,test,llama32v,ilegivel,,ilegivel,,
PSP_EXTRATLEITIMPL_030726_0121_20000000004502987836_001.jpg,PSP_EXTRATLEITIMPL_030726_0121,test,llama32v,legivel,,legivel,0,digitada_leiturista
PSP_EXTRATLEITIMPL_030726_0121_20000000004502993711_000.jpg,PSP_EXTRATLEITIMPL_030726_0121,test,llama32v,legivel,,legivel,73928,digitada_leiturista
PSP_EXTRATLEITIMPL_030726_0121_20000000004503010199_000.jpg,PSP_EXTRATLEITIMPL_030726_0121,test,llama32v,legivel,,legivel,3079,digitada_leiturista
PSP_EXTRATLEITIMPL_030726_0121_20000000004553011047_000.jpg,PSP_EXTRATLEITIMPL_030726_0121,test,llama32v,legivel,,legivel,3828,digitada_leiturista
PSP_EXTRATLEITIMPL_030726_0121_20000000004603029544_000.jpg,PSP_EXTRATLEITIMPL_030726_0121,test,llama32v,legivel,,legivel,129817,digitada_leiturista
PSP_EXTRATLEITIMPL_030726_0121_20000000004603040163_000.jpg,PSP_EXTRATLEITIMPL_030726_0121,test,llama32v,sem_medidor,,sem_medidor,,
PSP_EXTRATLEITIMPL_030726_0121_20000000004653005508_000.jpg,PSP_EXTRATLEITIMPL_030726_0121,test,llama32v,legivel,,legivel,18407,digitada_leiturista
PSP_EXTRATLEITIMPL_030726_0121_20000000004703013732_000.jpg,PSP_EXTRATLEITIMPL_030726_0121,test,llama32v,ilegivel,,ilegivel,,
PSP_EXTRATLEITIMPL_030726_0121_20000000004753011641_000.jpg,PSP_EXTRATLEITIMPL_030726_0121,test,llama32v,legivel,,legivel,48356,digitada_leiturista
PSP_EXTRATLEITIMPL_030726_0121_20000000004753014678_000.jpg,PSP_EXTRATLEITIMPL_030726_0121,test,llama32v,ilegivel,,ilegivel,,
PSP_EXTRATLEITIMPL_030726_0121_20000000004753017577_000.jpg,PSP_EXTRATLEITIMPL_030726_0121,test,llama32v,legivel,,legivel,83,digitada_leiturista
PSP_EXTRATLEITIMPL_030726_0121_20000000004753023340_000.jpg,PSP_EXTRATLEITIMPL_030726_0121,test,llama32v,sem_medidor,,sem_medidor,,
PSP_EXTRATLEITIMPL_030726_0121_20000000004803017386_000.jpg,PSP_EXTRATLEITIMPL_030726_0121,test,llama32v,legivel,,legivel,8886,digitada_leiturista
PSP_EXTRATLEITIMPL_030726_0121_20000000004853028464_000.jpg,PSP_EXTRATLEITIMPL_030726_0121,test,llama32v,legivel,,legivel,27857,digitada_leiturista
PSP_EXTRATLEITIMPL_030726_0121_20000000004853032142_000.jpg,PSP_EXTRATLEITIMPL_030726_0121,test,llama32v,legivel,,legivel,10530,digitada_leiturista
PSP_EXTRATLEITIMPL_030726_0121_20000000004902997742_000.jpg,PSP_EXTRATLEITIMPL_030726_0121,test,llama32v,legivel,,legivel,768,digitada_leiturista
PSP_EXTRATLEITIMPL_030726_0121_20000000004902998723_000.jpg,PSP_EXTRATLEITIMPL_030726_0121,test,llama32v,legivel,,legivel,11951,digitada_leiturista
PSP_EXTRATLEITIMPL_030726_0121_20000000004903008409_000.jpg,PSP_EXTRATLEITIMPL_030726_0121,test,llama32v,legivel,,legivel,38034,digitada_leiturista
PSP_EXTRATLEITIMPL_030726_0121_20000000004903009209_000.jpg,PSP_EXTRATLEITIMPL_030726_0121,test,llama32v,ilegivel,,ilegivel,,
PSP_EXTRATLEITIMPL_030726_0121_20000000004903012106_000.jpg,PSP_EXTRATLEITIMPL_030726_0121,test,llama32v,ilegivel,,ilegivel,,
PSP_EXTRATLEITIMPL_030726_0121_20000000004903013179_000.jpg,PSP_EXTRATLEITIMPL_030726_0121,test,llama32v,legivel,,legivel,183138,digitada_leiturista
PSP_EXTRATLEITIMPL_030726_0121_20000000004903016010_000.jpg,PSP_EXTRATLEITIMPL_030726_0121,test,llama32v,ilegivel,,ilegivel,,
PSP_EXTRATLEITIMPL_030726_0121_20000000004953008922_000.jpg,PSP_EXTRATLEITIMPL_030726_0121,test,llama32v,ilegivel,,ilegivel,,
PSP_EXTRATLEITIMPL_030726_0121_20000000004953025482_000.jpg,PSP_EXTRATLEITIMPL_030726_0121,test,llama32v,ilegivel,,ilegivel,,
PSP_EXTRATLEITIMPL_030726_0121_20000000005103031039_001.jpg,PSP_EXTRATLEITIMPL_030726_0121,test,llama32v,legivel,,legivel,4186,digitada_leiturista
PSP_EXTRATLEITIMPL_030726_0121_20000000005153012736_000.jpg,PSP_EXTRATLEITIMPL_030726_0121,test,llama32v,legivel,,legivel,358,digitada_leiturista
PSP_EXTRATLEITIMPL_030726_0121_20000000005153029153_000.jpg,PSP_EXTRATLEITIMPL_030726_0121,test,llama32v,ilegivel,,ilegivel,,
PSP_EXTRATLEITIMPL_030726_0121_20000000005302998744_000.jpg,PSP_EXTRATLEITIMPL_030726_0121,test,llama32v,legivel,,legivel,165676,digitada_leiturista
PSP_EXTRATLEITIMPL_030726_0121_20000000005302999756_000.jpg,PSP_EXTRATLEITIMPL_030726_0121,test,llama32v,legivel,,legivel,17568,digitada_leiturista
PSP_EXTRATLEITIMPL_030726_0121_20000000005303001787_000.jpg,PSP_EXTRATLEITIMPL_030726_0121,test,llama32v,legivel,,legivel,77500,digitada_leiturista
PSP_EXTRATLEITIMPL_030726_0121_20000000005303017219_000.jpg,PSP_EXTRATLEITIMPL_030726_0121,test,llama32v,legivel,,legivel,11133,digitada_leiturista
PSP_EXTRATLEITIMPL_030726_0121_20000000005352999798_000.jpg,PSP_EXTRATLEITIMPL_030726_0121,test,llama32v,ilegivel,,ilegivel,,
PSP_EXTRATLEITIMPL_030726_0121_20000000005353000718_000.jpg,PSP_EXTRATLEITIMPL_030726_0121,test,llama32v,ilegivel,,ilegivel,,
PSP_EXTRATLEITIMPL_030726_0121_20000000005353008525_000.jpg,PSP_EXTRATLEITIMPL_030726_0121,test,llama32v,legivel,,legivel,2748,digitada_leiturista
PSP_EXTRATLEITIMPL_030726_0121_20000000005353014283_000.jpg,PSP_EXTRATLEITIMPL_030726_0121,test,llama32v,sem_medidor,,sem_medidor,,
PSP_EXTRATLEITIMPL_030726_0121_20000000005403007507_000.jpg,PSP_EXTRATLEITIMPL_030726_0121,test,llama32v,legivel,,legivel,57987,digitada_leiturista
PSP_EXTRATLEITIMPL_030726_0121_20000000005452982821_000.jpg,PSP_EXTRATLEITIMPL_030726_0121,test,llama32v,sem_medidor,,sem_medidor,,
PSP_EXTRATLEITIMPL_030726_0121_20000000005452989695_000.jpg,PSP_EXTRATLEITIMPL_030726_0121,test,llama32v,ilegivel,,ilegivel,,
PSP_EXTRATLEITIMPL_030726_0121_20000000005453003257_000.jpg,PSP_EXTRATLEITIMPL_030726_0121,test,llama32v,ilegivel,,ilegivel,,
PSP_EXTRATLEITIMPL_030726_0121_20000000005502992791_000.jpg,PSP_EXTRATLEITIMPL_030726_0121,test,llama32v,legivel,,legivel,9788,digitada_leiturista
PSP_EXTRATLEITIMPL_030726_0121_20000000005502992799_002.jpg,PSP_EXTRATLEITIMPL_030726_0121,test,llama32v,ilegivel,,ilegivel,,
PSP_EXTRATLEITIMPL_030726_0121_20000000005502998656_000.jpg,PSP_EXTRATLEITIMPL_030726_0121,test,llama32v,ilegivel,,ilegivel,,
PSP_EXTRATLEITIMPL_030726_0121_20000000005552989537_000.jpg,PSP_EXTRATLEITIMPL_030726_0121,test,llama32v,ilegivel,,ilegivel,,
PSP_EXTRATLEITIMPL_030726_0121_20000000005553000349_000.jpg,PSP_EXTRATLEITIMPL_030726_0121,test,llama32v,ilegivel,,ilegivel,,
PSP_EXTRATLEITIMPL_030726_0121_20000000005602970686_000.jpg,PSP_EXTRATLEITIMPL_030726_0121,test,llama32v,legivel,,legivel,13156,digitada_leiturista
PSP_EXTRATLEITIMPL_030726_0121_20000000005653009003_000.jpg,PSP_EXTRATLEITIMPL_030726_0121,test,llama32v,ilegivel,,ilegivel,,
PSP_EXTRATLEITIMPL_030726_0121_20000000005752977785_000.jpg,PSP_EXTRATLEITIMPL_030726_0121,test,llama32v,legivel,,legivel,19817,digitada_leiturista
PSP_EXTRATLEITIMPL_030726_0121_20000000005752980807_000.jpg,PSP_EXTRATLEITIMPL_030726_0121,test,llama32v,legivel,,legivel,38138,digitada_leiturista
PSP_EXTRATLEITIMPL_030726_0121_20000000005752988569_000.jpg,PSP_EXTRATLEITIMPL_030726_0121,test,llama32v,legivel,,legivel,4060,digitada_leiturista
PSP_EXTRATLEITIMPL_030726_0121_20000000005752990582_000.jpg,PSP_EXTRATLEITIMPL_030726_0121,test,llama32v,ilegivel,,ilegivel,,
PSP_EXTRATLEITIMPL_030726_0121_20000000005852985855_000.jpg,PSP_EXTRATLEITIMPL_030726_0121,test,llama32v,legivel,,legivel,1123,digitada_leiturista
PSP_EXTRATLEITIMPL_030726_0121_20000000005853003418_000.jpg,PSP_EXTRATLEITIMPL_030726_0121,test,llama32v,legivel,,legivel,5145,digitada_leiturista
PSP_EXTRATLEITIMPL_030726_0121_20000000005853004332_000.jpg,PSP_EXTRATLEITIMPL_030726_0121,test,llama32v,ilegivel,,ilegivel,,
PSP_EXTRATLEITIMPL_030726_0121_20000000005902994643_000.jpg,PSP_EXTRATLEITIMPL_030726_0121,test,llama32v,ilegivel,,ilegivel,,
PSP_EXTRATLEITIMPL_030726_0121_20000000005903009176_000.jpg,PSP_EXTRATLEITIMPL_030726_0121,test,llama32v,legivel,,legivel,9892,digitada_leiturista
PSP_EXTRATLEITIMPL_030726_0121_20000000005903012128_000.jpg,PSP_EXTRATLEITIMPL_030726_0121,test,llama32v,sem_medidor,,sem_medidor,,
PSP_EXTRATLEITIMPL_030726_0121_20000000005952991607_000.jpg,PSP_EXTRATLEITIMPL_030726_0121,test,llama32v,legivel,,legivel,164,digitada_leiturista
PSP_EXTRATLEITIMPL_030726_0121_20000000006002997584_000.jpg,PSP_EXTRATLEITIMPL_030726_0121,test,llama32v,legivel,,legivel,6520,digitada_leiturista
PSP_EXTRATLEITIMPL_030726_0121_20000000006053000350_000.jpg,PSP_EXTRATLEITIMPL_030726_0121,test,llama32v,ilegivel,,ilegivel,,
PSP_EXTRATLEITIMPL_030726_0121_20000000006053001288_000.jpg,PSP_EXTRATLEITIMPL_030726_0121,test,llama32v,legivel,,legivel,479,digitada_leiturista
PSP_EXTRATLEITIMPL_030726_0121_20000000006053006156_000.jpg,PSP_EXTRATLEITIMPL_030726_0121,test,llama32v,ilegivel,,ilegivel,,
PSP_EXTRATLEITIMPL_030726_0121_20000000006103005345_000.jpg,PSP_EXTRATLEITIMPL_030726_0121,test,llama32v,legivel,,legivel,21431,digitada_leiturista
PSP_EXTRATLEITIMPL_030726_0121_20000000006152989844_000.jpg,PSP_EXTRATLEITIMPL_030726_0121,test,llama32v,legivel,,legivel,222,digitada_leiturista
PSP_EXTRATLEITIMPL_030726_0121_20000000006152990628_000.jpg,PSP_EXTRATLEITIMPL_030726_0121,test,llama32v,legivel,,legivel,1889,digitada_leiturista
PSP_EXTRATLEITIMPL_030726_0121_20000000006153004508_000.jpg,PSP_EXTRATLEITIMPL_030726_0121,test,llama32v,ilegivel,,ilegivel,,
PSP_EXTRATLEITIMPL_030726_0121_20000000006202988681_000.jpg,PSP_EXTRATLEITIMPL_030726_0121,test,llama32v,legivel,,legivel,5443,digitada_leiturista
PSP_EXTRATLEITIMPL_030726_0121_20000000006202990577_000.jpg,PSP_EXTRATLEITIMPL_030726_0121,test,llama32v,legivel,,legivel,6730,digitada_leiturista
PSP_EXTRATLEITIMPL_030726_0121_20000000006202991633_000.jpg,PSP_EXTRATLEITIMPL_030726_0121,test,llama32v,legivel,,legivel,81,digitada_leiturista
PSP_EXTRATLEITIMPL_030726_0121_20000000006252999668_001.jpg,PSP_EXTRATLEITIMPL_030726_0121,test,llama32v,legivel,,legivel,,
PSP_EXTRATLEITIMPL_030726_0121_20000000006252999671_000.jpg,PSP_EXTRATLEITIMPL_030726_0121,test,llama32v,ilegivel,,ilegivel,,
PSP_EXTRATLEITIMPL_030726_0121_20000000006253008529_000.jpg,PSP_EXTRATLEITIMPL_030726_0121,test,llama32v,sem_medidor,,sem_medidor,,
PSP_EXTRATLEITIMPL_030726_0121_20000000006253015110_000.jpg,PSP_EXTRATLEITIMPL_030726_0121,test,llama32v,legivel,,legivel,27714,digitada_leiturista
PSP_EXTRATLEITIMPL_030726_0121_20000000006303002539_000.jpg,PSP_EXTRATLEITIMPL_030726_0121,test,llama32v,sem_medidor,,sem_medidor,,
PSP_EXTRATLEITIMPL_030726_0121_20000000006303009222_000.jpg,PSP_EXTRATLEITIMPL_030726_0121,test,llama32v,ilegivel,,ilegivel,,
PSP_EXTRATLEITIMPL_030726_0121_20000000006352992714_000.jpg,PSP_EXTRATLEITIMPL_030726_0121,test,llama32v,legivel,,legivel,43,digitada_leiturista
PSP_EXTRATLEITIMPL_030726_0121_20000000006352992725_000.jpg,PSP_EXTRATLEITIMPL_030726_0121,test,llama32v,ilegivel,,ilegivel,,
PSP_EXTRATLEITIMPL_030726_0121_20000000006402981752_000.jpg,PSP_EXTRATLEITIMPL_030726_0121,test,llama32v,legivel,,legivel,141051,digitada_leiturista
PSP_EXTRATLEITIMPL_030726_0121_20000000006402996489_000.jpg,PSP_EXTRATLEITIMPL_030726_0121,test,llama32v,ilegivel,,ilegivel,,
PSP_EXTRATLEITIMPL_030726_0121_20000000006452992793_000.jpg,PSP_EXTRATLEITIMPL_030726_0121,test,llama32v,legivel,,legivel,11220,digitada_leiturista
PSP_EXTRATLEITIMPL_030726_0121_20000000006453003583_000.jpg,PSP_EXTRATLEITIMPL_030726_0121,test,llama32v,ilegivel,,ilegivel,,
PSP_EXTRATLEITIMPL_030726_0121_20000000006453009328_000.jpg,PSP_EXTRATLEITIMPL_030726_0121,test,llama32v,ilegivel,,ilegivel,,
PSP_EXTRATLEITIMPL_030726_0121_20000000006503003582_000.jpg,PSP_EXTRATLEITIMPL_030726_0121,test,llama32v,ilegivel,,ilegivel,,
PSP_EXTRATLEITIMPL_030726_0121_20000000006552994747_000.jpg,PSP_EXTRATLEITIMPL_030726_0121,test,llama32v,legivel,,legivel,30227,digitada_leiturista
PSP_EXTRATLEITIMPL_030726_0121_20000000006553001679_000.jpg,PSP_EXTRATLEITIMPL_030726_0121,test,llama32v,legivel,,legivel,115726,digitada_leiturista
PSP_EXTRATLEITIMPL_030726_0121_20000000006602993796_000.jpg,PSP_EXTRATLEITIMPL_030726_0121,test,llama32v,legivel,,legivel,29997,digitada_leiturista
PSP_EXTRATLEITIMPL_030726_0121_20000000006603010363_000.jpg,PSP_EXTRATLEITIMPL_030726_0121,test,llama32v,ilegivel,,ilegivel,,
PSP_EXTRATLEITIMPL_030726_0121_20000000006603017163_000.jpg,PSP_EXTRATLEITIMPL_030726_0121,test,llama32v,ilegivel,,ilegivel,,
PSP_EXTRATLEITIMPL_030726_0121_20000000006652999618_000.jpg,PSP_EXTRATLEITIMPL_030726_0121,test,llama32v,legivel,,legivel,10103,digitada_leiturista
PSP_EXTRATLEITIMPL_030726_0121_20000000006653016098_000.jpg,PSP_EXTRATLEITIMPL_030726_0121,test,llama32v,legivel,,legivel,1467,digitada_leiturista
PSP_EXTRATLEITIMPL_030726_0121_20000000006702997524_000.jpg,PSP_EXTRATLEITIMPL_030726_0121,test,llama32v,sem_medidor,,sem_medidor,,
PSP_EXTRATLEITIMPL_030726_0121_20000000006752987902_000.jpg,PSP_EXTRATLEITIMPL_030726_0121,test,llama32v,legivel,,legivel,12400,digitada_leiturista
PSP_EXTRATLEITIMPL_030726_0121_20000000006753001516_000.jpg,PSP_EXTRATLEITIMPL_030726_0121,test,llama32v,ilegivel,,ilegivel,,
PSP_EXTRATLEITIMPL_030726_0121_20000000006753001532_000.jpg,PSP_EXTRATLEITIMPL_030726_0121,test,llama32v,sem_medidor,,sem_medidor,,
PSP_EXTRATLEITIMPL_030726_0121_20000000006802996654_000.jpg,PSP_EXTRATLEITIMPL_030726_0121,test,llama32v,legivel,,legivel,677,digitada_leiturista
PSP_EXTRATLEITIMPL_030726_0121_20000000006803007312_000.jpg,PSP_EXTRATLEITIMPL_030726_0121,test,llama32v,ilegivel,,ilegivel,,
PSP_EXTRATLEITIMPL_030726_0121_20000000006803007321_000.jpg,PSP_EXTRATLEITIMPL_030726_0121,test,llama32v,sem_medidor,,sem_medidor,,
PSP_EXTRATLEITIMPL_030726_0121_20000000006853002677_000.jpg,PSP_EXTRATLEITIMPL_030726_0121,test,llama32v,legivel,,legivel,0,digitada_leiturista
PSP_EXTRATLEITIMPL_030726_0121_20000000006853014523_000.jpg,PSP_EXTRATLEITIMPL_030726_0121,test,llama32v,legivel,,legivel,41752,digitada_leiturista
PSP_EXTRATLEITIMPL_030726_0121_20000000006853017313_000.jpg,PSP_EXTRATLEITIMPL_030726_0121,test,llama32v,sem_medidor,,sem_medidor,,
PSP_EXTRATLEITIMPL_030726_0121_20000000006853021207_000.jpg,PSP_EXTRATLEITIMPL_030726_0121,test,llama32v,legivel,,legivel,4,digitada_leiturista
PSP_EXTRATLEITIMPL_030726_0121_20000000006902993493_000.jpg,PSP_EXTRATLEITIMPL_030726_0121,test,llama32v,legivel,,legivel,1764,digitada_leiturista
PSP_EXTRATLEITIMPL_030726_0121_20000000006903009001_000.jpg,PSP_EXTRATLEITIMPL_030726_0121,test,llama32v,legivel,,legivel,2700,digitada_leiturista
PSP_EXTRATLEITIMPL_030726_0121_20000000006952994634_000.jpg,PSP_EXTRATLEITIMPL_030726_0121,test,llama32v,legivel,,legivel,32265,digitada_leiturista
PSP_EXTRATLEITIMPL_030726_0121_20000000007003002576_000.jpg,PSP_EXTRATLEITIMPL_030726_0121,test,llama32v,legivel,,legivel,43300,digitada_leiturista
PSP_EXTRATLEITIMPL_030726_0121_20000000007003007416_000.jpg,PSP_EXTRATLEITIMPL_030726_0121,test,llama32v,ilegivel,,ilegivel,,
PSP_EXTRATLEITIMPL_030726_0121_20000000007053003543_000.jpg,PSP_EXTRATLEITIMPL_030726_0121,test,llama32v,legivel,,legivel,41939,digitada_leiturista
PSP_EXTRATLEITIMPL_030726_0121_20000000007102996520_000.jpg,PSP_EXTRATLEITIMPL_030726_0121,test,llama32v,legivel,,legivel,12670,digitada_leiturista
PSP_EXTRATLEITIMPL_030726_0121_20000000007102997504_000.jpg,PSP_EXTRATLEITIMPL_030726_0121,test,llama32v,legivel,,legivel,173250,digitada_leiturista
PSP_EXTRATLEITIMPL_030726_0121_20000000007103005128_000.jpg,PSP_EXTRATLEITIMPL_030726_0121,test,llama32v,legivel,,legivel,118656,digitada_leiturista
PSP_EXTRATLEITIMPL_030726_0121_20000000007152986955_000.jpg,PSP_EXTRATLEITIMPL_030726_0121,test,llama32v,ilegivel,,ilegivel,,
PSP_EXTRATLEITIMPL_030726_0121_20000000007152993720_000.jpg,PSP_EXTRATLEITIMPL_030726_0121,test,llama32v,ilegivel,,ilegivel,,
PSP_EXTRATLEITIMPL_030726_0121_20000000007153001573_000.jpg,PSP_EXTRATLEITIMPL_030726_0121,test,llama32v,legivel,,legivel,4719,digitada_leiturista
PSP_EXTRATLEITIMPL_030726_0121_20000000007153003515_000.jpg,PSP_EXTRATLEITIMPL_030726_0121,test,llama32v,legivel,,legivel,191724,digitada_leiturista
PSP_EXTRATLEITIMPL_030726_0121_20000000007153003531_000.jpg,PSP_EXTRATLEITIMPL_030726_0121,test,llama32v,ilegivel,,ilegivel,,
PSP_EXTRATLEITIMPL_030726_0121_20000000007203016058_000.jpg,PSP_EXTRATLEITIMPL_030726_0121,test,llama32v,legivel,,legivel,1663,digitada_leiturista
PSP_EXTRATLEITIMPL_030726_0121_20000000007252997539_000.jpg,PSP_EXTRATLEITIMPL_030726_0121,test,llama32v,legivel,,legivel,1229,digitada_leiturista
PSP_EXTRATLEITIMPL_030726_0121_20000000007253004548_000.jpg,PSP_EXTRATLEITIMPL_030726_0121,test,llama32v,legivel,,legivel,472,digitada_leiturista
PSP_EXTRATLEITIMPL_030726_0121_20000000007253017018_000.jpg,PSP_EXTRATLEITIMPL_030726_0121,test,llama32v,legivel,,legivel,86,digitada_leiturista
PSP_EXTRATLEITIMPL_030726_0121_20000000007302987698_000.jpg,PSP_EXTRATLEITIMPL_030726_0121,test,llama32v,sem_medidor,,sem_medidor,,
PSP_EXTRATLEITIMPL_030726_0121_20000000007302994538_000.jpg,PSP_EXTRATLEITIMPL_030726_0121,test,llama32v,legivel,,legivel,269,digitada_leiturista
PSP_EXTRATLEITIMPL_030726_0121_20000000007303000202_000.jpg,PSP_EXTRATLEITIMPL_030726_0121,test,llama32v,legivel,,legivel,30684,digitada_leiturista
PSP_EXTRATLEITIMPL_030726_0121_20000000007353003522_000.jpg,PSP_EXTRATLEITIMPL_030726_0121,test,llama32v,legivel,,legivel,28663,digitada_leiturista
PSP_EXTRATLEITIMPL_030726_0121_20000000007403000343_000.jpg,PSP_EXTRATLEITIMPL_030726_0121,test,llama32v,ilegivel,,ilegivel,,
PSP_EXTRATLEITIMPL_030726_0121_20000000007403006160_000.jpg,PSP_EXTRATLEITIMPL_030726_0121,test,llama32v,ilegivel,,ilegivel,,
PSP_EXTRATLEITIMPL_030726_0121_20000000007502981996_000.jpg,PSP_EXTRATLEITIMPL_030726_0121,test,llama32v,legivel,,legivel,85792,digitada_leiturista
PSP_EXTRATLEITIMPL_030726_0121_20000000007502995534_000.jpg,PSP_EXTRATLEITIMPL_030726_0121,test,llama32v,ilegivel,,ilegivel,,
PSP_EXTRATLEITIMPL_030726_0121_20000000007502997512_000.jpg,PSP_EXTRATLEITIMPL_030726_0121,test,llama32v,ilegivel,,ilegivel,,
PSP_EXTRATLEITIMPL_030726_0121_20000000007552980953_000.jpg,PSP_EXTRATLEITIMPL_030726_0121,test,llama32v,legivel,,legivel,68973,digitada_leiturista
PSP_EXTRATLEITIMPL_030726_0121_20000000007552980959_000.jpg,PSP_EXTRATLEITIMPL_030726_0121,test,llama32v,ilegivel,,ilegivel,,
PSP_EXTRATLEITIMPL_030726_0121_20000000007553003100_000.jpg,PSP_EXTRATLEITIMPL_030726_0121,test,llama32v,legivel,,legivel,18639,digitada_leiturista
PSP_EXTRATLEITIMPL_030726_0121_20000000007603000376_000.jpg,PSP_EXTRATLEITIMPL_030726_0121,test,llama32v,legivel,,legivel,2904,digitada_leiturista
PSP_EXTRATLEITIMPL_030726_0121_20000000007652992537_000.jpg,PSP_EXTRATLEITIMPL_030726_0121,test,llama32v,legivel,,legivel,3215,digitada_leiturista
PSP_EXTRATLEITIMPL_030726_0121_20000000007653004128_000.jpg,PSP_EXTRATLEITIMPL_030726_0121,test,llama32v,sem_medidor,,sem_medidor,,
PSP_EXTRATLEITIMPL_030726_0121_20000000007653005008_000.jpg,PSP_EXTRATLEITIMPL_030726_0121,test,llama32v,sem_medidor,,sem_medidor,,
PSP_EXTRATLEITIMPL_030726_0121_20000000007702992597_000.jpg,PSP_EXTRATLEITIMPL_030726_0121,test,llama32v,legivel,,legivel,1879,digitada_leiturista
PSP_EXTRATLEITIMPL_030726_0121_20000000007752989758_000.jpg,PSP_EXTRATLEITIMPL_030726_0121,test,llama32v,ilegivel,,ilegivel,,
PSP_EXTRATLEITIMPL_030726_0121_20000000007803002515_000.jpg,PSP_EXTRATLEITIMPL_030726_0121,test,llama32v,ilegivel,,ilegivel,,
PSP_EXTRATLEITIMPL_030726_0121_20000000007803007290_000.jpg,PSP_EXTRATLEITIMPL_030726_0121,test,llama32v,ilegivel,,ilegivel,,
PSP_EXTRATLEITIMPL_030726_0121_20000000007803013027_000.jpg,PSP_EXTRATLEITIMPL_030726_0121,test,llama32v,sem_medidor,,sem_medidor,,
PSP_EXTRATLEITIMPL_030726_0121_20000000007853007118_000.jpg,PSP_EXTRATLEITIMPL_030726_0121,test,llama32v,sem_medidor,,sem_medidor,,
PSP_EXTRATLEITIMPL_030726_0121_20000000007902989540_000.jpg,PSP_EXTRATLEITIMPL_030726_0121,test,llama32v,sem_medidor,,sem_medidor,,
PSP_EXTRATLEITIMPL_030726_0121_20000000007952985757_000.jpg,PSP_EXTRATLEITIMPL_030726_0121,test,llama32v,legivel,,legivel,6153,digitada_leiturista
PSP_EXTRATLEITIMPL_030726_0121_20000000007952993585_000.jpg,PSP_EXTRATLEITIMPL_030726_0121,test,llama32v,ilegivel,,ilegivel,,
PSP_EXTRATLEITIMPL_030726_0121_20000000007952996535_000.jpg,PSP_EXTRATLEITIMPL_030726_0121,test,llama32v,legivel,,legivel,146920,digitada_leiturista
PSP_EXTRATLEITIMPL_030726_0121_20000000007953008047_000.jpg,PSP_EXTRATLEITIMPL_030726_0121,test,llama32v,legivel,,legivel,8464,digitada_leiturista
PSP_EXTRATLEITIMPL_030726_0121_20000000008002990555_000.jpg,PSP_EXTRATLEITIMPL_030726_0121,test,llama32v,legivel,,legivel,16736,digitada_leiturista
PSP_EXTRATLEITIMPL_030726_0121_20000000008103007528_000.jpg,PSP_EXTRATLEITIMPL_030726_0121,test,llama32v,legivel,,legivel,8823,digitada_leiturista
PSP_EXTRATLEITIMPL_030726_0121_20000000008103014177_000.jpg,PSP_EXTRATLEITIMPL_030726_0121,test,llama32v,ilegivel,,ilegivel,,
PSP_EXTRATLEITIMPL_030726_0121_20000000008152984748_000.jpg,PSP_EXTRATLEITIMPL_030726_0121,test,llama32v,legivel,,legivel,12370,digitada_leiturista
PSP_EXTRATLEITIMPL_030726_0121_20000000008152984750_000.jpg,PSP_EXTRATLEITIMPL_030726_0121,test,llama32v,sem_medidor,,sem_medidor,,
PSP_EXTRATLEITIMPL_030726_0121_20000000008152994501_000.jpg,PSP_EXTRATLEITIMPL_030726_0121,test,llama32v,legivel,,legivel,233361,digitada_leiturista
PSP_EXTRATLEITIMPL_030726_0121_20000000008152995518_000.jpg,PSP_EXTRATLEITIMPL_030726_0121,test,llama32v,legivel,,legivel,4354,digitada_leiturista
PSP_EXTRATLEITIMPL_030726_0121_20000000008202984567_000.jpg,PSP_EXTRATLEITIMPL_030726_0121,test,llama32v,legivel,,legivel,646,digitada_leiturista
PSP_EXTRATLEITIMPL_030726_0121_20000000008202986597_000.jpg,PSP_EXTRATLEITIMPL_030726_0121,test,llama32v,ilegivel,,ilegivel,,
PSP_EXTRATLEITIMPL_030726_0121_20000000008202998388_000.jpg,PSP_EXTRATLEITIMPL_030726_0121,test,llama32v,legivel,,legivel,102354,digitada_leiturista
PSP_EXTRATLEITIMPL_030726_0121_20000000008203004152_000.jpg,PSP_EXTRATLEITIMPL_030726_0121,test,llama32v,legivel,,legivel,8140,digitada_leiturista
PSP_EXTRATLEITIMPL_030726_0121_20000000008303004095_000.jpg,PSP_EXTRATLEITIMPL_030726_0121,test,llama32v,sem_medidor,,sem_medidor,,
PSP_EXTRATLEITIMPL_030726_0121_20000000008352992648_000.jpg,PSP_EXTRATLEITIMPL_030726_0121,test,llama32v,legivel,,legivel,88198,digitada_leiturista
PSP_EXTRATLEITIMPL_030726_0121_20000000008353004553_000.jpg,PSP_EXTRATLEITIMPL_030726_0121,test,llama32v,legivel,,legivel,57316,digitada_leiturista
PSP_EXTRATLEITIMPL_030726_0121_20000000008353009356_000.jpg,PSP_EXTRATLEITIMPL_030726_0121,test,llama32v,ilegivel,,ilegivel,,
PSP_EXTRATLEITIMPL_030726_0121_20000000008353016153_000.jpg,PSP_EXTRATLEITIMPL_030726_0121,test,llama32v,ilegivel,,ilegivel,,
PSP_EXTRATLEITIMPL_030726_0121_20000000008402969954_000.jpg,PSP_EXTRATLEITIMPL_030726_0121,test,llama32v,ilegivel,,ilegivel,,
PSP_EXTRATLEITIMPL_030726_0121_20000000008402972739_000.jpg,PSP_EXTRATLEITIMPL_030726_0121,test,llama32v,legivel,,legivel,16957,digitada_leiturista
PSP_EXTRATLEITIMPL_030726_0121_20000000008402986527_000.jpg,PSP_EXTRATLEITIMPL_030726_0121,test,llama32v,ilegivel,,ilegivel,,
PSP_EXTRATLEITIMPL_030726_0121_20000000008402995130_000.jpg,PSP_EXTRATLEITIMPL_030726_0121,test,llama32v,ilegivel,,ilegivel,,
PSP_EXTRATLEITIMPL_030726_0121_20000000008452980697_000.jpg,PSP_EXTRATLEITIMPL_030726_0121,test,llama32v,ilegivel,,ilegivel,,
PSP_EXTRATLEITIMPL_030726_0121_20000000008502966897_000.jpg,PSP_EXTRATLEITIMPL_030726_0121,test,llama32v,ilegivel,,ilegivel,,
PSP_EXTRATLEITIMPL_030726_0121_20000000008502986322_000.jpg,PSP_EXTRATLEITIMPL_030726_0121,test,llama32v,legivel,,legivel,65834,digitada_leiturista
PSP_EXTRATLEITIMPL_030726_0121_20000000008502995019_000.jpg,PSP_EXTRATLEITIMPL_030726_0121,test,llama32v,legivel,,legivel,1,digitada_leiturista
PSP_EXTRATLEITIMPL_030726_0121_20000000008502996006_000.jpg,PSP_EXTRATLEITIMPL_030726_0121,test,llama32v,legivel,,legivel,2866,digitada_leiturista
PSP_EXTRATLEITIMPL_030726_0121_20000000008552979971_000.jpg,PSP_EXTRATLEITIMPL_030726_0121,test,llama32v,legivel,,legivel,66589,digitada_leiturista
PSP_EXTRATLEITIMPL_030726_0121_20000000008552994515_000.jpg,PSP_EXTRATLEITIMPL_030726_0121,test,llama32v,ilegivel,,ilegivel,,
PSP_EXTRATLEITIMPL_030726_0121_20000000008602988744_000.jpg,PSP_EXTRATLEITIMPL_030726_0121,test,llama32v,legivel,,legivel,99999,digitada_leiturista
PSP_EXTRATLEITIMPL_030726_0121_20000000008603002473_000.jpg,PSP_EXTRATLEITIMPL_030726_0121,test,llama32v,ilegivel,,ilegivel,,
PSP_EXTRATLEITIMPL_030726_0121_20000000008652985975_000.jpg,PSP_EXTRATLEITIMPL_030726_0121,test,llama32v,legivel,,legivel,1413,digitada_leiturista
PSP_EXTRATLEITIMPL_030726_0121_20000000008652994697_000.jpg,PSP_EXTRATLEITIMPL_030726_0121,test,llama32v,legivel,,legivel,6686,digitada_leiturista
PSP_EXTRATLEITIMPL_030726_0121_20000000008653003519_000.jpg,PSP_EXTRATLEITIMPL_030726_0121,test,llama32v,legivel,,legivel,36054,digitada_leiturista
PSP_EXTRATLEITIMPL_030726_0121_20000000008653003537_000.jpg,PSP_EXTRATLEITIMPL_030726_0121,test,llama32v,ilegivel,,ilegivel,,
PSP_EXTRATLEITIMPL_030726_0121_20000000008653004509_000.jpg,PSP_EXTRATLEITIMPL_030726_0121,test,llama32v,legivel,,legivel,27072,digitada_leiturista
PSP_EXTRATLEITIMPL_030726_0121_20000000008653007342_000.jpg,PSP_EXTRATLEITIMPL_030726_0121,test,llama32v,legivel,,legivel,3885,digitada_leiturista
PSP_EXTRATLEITIMPL_030726_0121_20000000008653007350_000.jpg,PSP_EXTRATLEITIMPL_030726_0121,test,llama32v,legivel,,legivel,164,digitada_leiturista
PSP_EXTRATLEITIMPL_030726_0121_20000000008703000541_000.jpg,PSP_EXTRATLEITIMPL_030726_0121,test,llama32v,legivel,,legivel,100883,digitada_leiturista
PSP_EXTRATLEITIMPL_030726_0121_20000000008703003488_000.jpg,PSP_EXTRATLEITIMPL_030726_0121,test,llama32v,sem_medidor,,sem_medidor,,
PSP_EXTRATLEITIMPL_030726_0121_20000000008752974978_000.jpg,PSP_EXTRATLEITIMPL_030726_0121,test,llama32v,legivel,,legivel,31620,digitada_leiturista
PSP_EXTRATLEITIMPL_030726_0121_20000000008802984633_000.jpg,PSP_EXTRATLEITIMPL_030726_0121,test,llama32v,ilegivel,,ilegivel,,
PSP_EXTRATLEITIMPL_030726_0121_20000000008802990600_000.jpg,PSP_EXTRATLEITIMPL_030726_0121,test,llama32v,legivel,,legivel,43983,digitada_leiturista
PSP_EXTRATLEITIMPL_030726_0121_20000000008802992521_000.jpg,PSP_EXTRATLEITIMPL_030726_0121,test,llama32v,legivel,,legivel,23380,digitada_leiturista
PSP_EXTRATLEITIMPL_030726_0121_20000000008803003202_000.jpg,PSP_EXTRATLEITIMPL_030726_0121,test,llama32v,ilegivel,,ilegivel,,
PSP_EXTRATLEITIMPL_030726_0121_20000000008852996497_000.jpg,PSP_EXTRATLEITIMPL_030726_0121,test,llama32v,legivel,,legivel,904,digitada_leiturista
PSP_EXTRATLEITIMPL_030726_0121_20000000008852998413_000.jpg,PSP_EXTRATLEITIMPL_030726_0121,test,llama32v,ilegivel,,ilegivel,,
PSP_EXTRATLEITIMPL_030726_0121_20000000008853005177_000.jpg,PSP_EXTRATLEITIMPL_030726_0121,test,llama32v,ilegivel,,ilegivel,,
PSP_EXTRATLEITIMPL_030726_0121_20000000008902992294_000.jpg,PSP_EXTRATLEITIMPL_030726_0121,test,llama32v,legivel,,legivel,6907,digitada_leiturista
PSP_EXTRATLEITIMPL_030726_0121_20000000008902996134_000.jpg,PSP_EXTRATLEITIMPL_030726_0121,test,llama32v,sem_medidor,,sem_medidor,,
PSP_EXTRATLEITIMPL_030726_0121_20000000008952976594_000.jpg,PSP_EXTRATLEITIMPL_030726_0121,test,llama32v,legivel,,legivel,19172,digitada_leiturista
PSP_EXTRATLEITIMPL_030726_0121_20000000008952989164_000.jpg,PSP_EXTRATLEITIMPL_030726_0121,test,llama32v,sem_medidor,,sem_medidor,,
PSP_EXTRATLEITIMPL_030726_0121_20000000008952990180_000.jpg,PSP_EXTRATLEITIMPL_030726_0121,test,llama32v,legivel,,legivel,20270,digitada_leiturista
PSP_EXTRATLEITIMPL_030726_0121_20000000009002984855_000.jpg,PSP_EXTRATLEITIMPL_030726_0121,test,llama32v,legivel,,legivel,73852,digitada_leiturista
PSP_EXTRATLEITIMPL_030726_0121_20000000009002984859_000.jpg,PSP_EXTRATLEITIMPL_030726_0121,test,llama32v,legivel,,legivel,16587,digitada_leiturista
PSP_EXTRATLEITIMPL_030726_0121_20000000009002984869_000.jpg,PSP_EXTRATLEITIMPL_030726_0121,test,llama32v,legivel,,legivel,357,digitada_leiturista
PSP_EXTRATLEITIMPL_030726_0121_20000000009002990526_001.jpg,PSP_EXTRATLEITIMPL_030726_0121,test,llama32v,legivel,,legivel,2373,digitada_leiturista
PSP_EXTRATLEITIMPL_030726_0121_20000000009003008174_000.jpg,PSP_EXTRATLEITIMPL_030726_0121,test,llama32v,legivel,,legivel,45434,digitada_leiturista
PSP_EXTRATLEITIMPL_030726_0121_20000000009052987505_000.jpg,PSP_EXTRATLEITIMPL_030726_0121,test,llama32v,legivel,,legivel,70339,digitada_leiturista
PSP_EXTRATLEITIMPL_030726_0121_20000000009102974767_000.jpg,PSP_EXTRATLEITIMPL_030726_0121,test,llama32v,legivel,,legivel,4451,digitada_leiturista
PSP_EXTRATLEITIMPL_030726_0121_20000000009102996209_000.jpg,PSP_EXTRATLEITIMPL_030726_0121,test,llama32v,legivel,,legivel,171793,digitada_leiturista
PSP_EXTRATLEITIMPL_030726_0121_20000000009152989642_000.jpg,PSP_EXTRATLEITIMPL_030726_0121,test,llama32v,sem_medidor,,sem_medidor,,
PSP_EXTRATLEITIMPL_030726_0121_20000000009202987657_000.jpg,PSP_EXTRATLEITIMPL_030726_0121,test,llama32v,legivel,,legivel,0,digitada_leiturista
PSP_EXTRATLEITIMPL_030726_0121_20000000009202990692_001.jpg,PSP_EXTRATLEITIMPL_030726_0121,test,llama32v,legivel,,legivel,,
PSP_EXTRATLEITIMPL_030726_0121_20000000009203001501_000.jpg,PSP_EXTRATLEITIMPL_030726_0121,test,llama32v,legivel,,legivel,25060,digitada_leiturista
PSP_EXTRATLEITIMPL_030726_0121_20000000009302992532_000.jpg,PSP_EXTRATLEITIMPL_030726_0121,test,llama32v,ilegivel,,ilegivel,,
PSP_EXTRATLEITIMPL_030726_0121_20000000009303002192_000.jpg,PSP_EXTRATLEITIMPL_030726_0121,test,llama32v,legivel,,legivel,27559,digitada_leiturista
PSP_EXTRATLEITIMPL_030726_0121_20000000009352986749_000.jpg,PSP_EXTRATLEITIMPL_030726_0121,test,llama32v,legivel,,legivel,30,digitada_leiturista
PSP_EXTRATLEITIMPL_030726_0121_20000000009352990542_000.jpg,PSP_EXTRATLEITIMPL_030726_0121,test,llama32v,legivel,,legivel,0,digitada_leiturista
PSP_EXTRATLEITIMPL_030726_0121_20000000009352998551_000.jpg,PSP_EXTRATLEITIMPL_030726_0121,test,llama32v,legivel,,legivel,55,digitada_leiturista
PSP_EXTRATLEITIMPL_030726_0121_20000000009352999466_000.jpg,PSP_EXTRATLEITIMPL_030726_0121,test,llama32v,legivel,,legivel,22912,digitada_leiturista
PSP_EXTRATLEITIMPL_030726_0121_20000000009353008205_000.jpg,PSP_EXTRATLEITIMPL_030726_0121,test,llama32v,ilegivel,,ilegivel,,
PSP_EXTRATLEITIMPL_030726_0121_20000000009353009136_000.jpg,PSP_EXTRATLEITIMPL_030726_0121,test,llama32v,legivel,,legivel,34352,digitada_leiturista
PSP_EXTRATLEITIMPL_030726_0121_20000000009452980701_000.jpg,PSP_EXTRATLEITIMPL_030726_0121,test,llama32v,ilegivel,,ilegivel,,
PSP_EXTRATLEITIMPL_030726_0121_20000000009452985479_000.jpg,PSP_EXTRATLEITIMPL_030726_0121,test,llama32v,ilegivel,,ilegivel,,
PSP_EXTRATLEITIMPL_030726_0121_20000000009453002024_000.jpg,PSP_EXTRATLEITIMPL_030726_0121,test,llama32v,legivel,,legivel,20022,digitada_leiturista
PSP_EXTRATLEITIMPL_030726_0121_20000000009503000427_000.jpg,PSP_EXTRATLEITIMPL_030726_0121,test,llama32v,legivel,,legivel,54564,digitada_leiturista
PSP_EXTRATLEITIMPL_030726_0121_20000000009552977587_000.jpg,PSP_EXTRATLEITIMPL_030726_0121,test,llama32v,legivel,,legivel,87275,digitada_leiturista
PSP_EXTRATLEITIMPL_030726_0121_20000000009552990487_000.jpg,PSP_EXTRATLEITIMPL_030726_0121,test,llama32v,legivel,,legivel,1557,digitada_leiturista
PSP_EXTRATLEITIMPL_030726_0121_20000000009552990490_000.jpg,PSP_EXTRATLEITIMPL_030726_0121,test,llama32v,legivel,,legivel,1993,digitada_leiturista
PSP_EXTRATLEITIMPL_030726_0121_20000000009552996316_000.jpg,PSP_EXTRATLEITIMPL_030726_0121,test,llama32v,legivel,,legivel,134797,digitada_leiturista
PSP_EXTRATLEITIMPL_030726_0121_20000000009553001087_000.jpg,PSP_EXTRATLEITIMPL_030726_0121,test,llama32v,ilegivel,,ilegivel,,
PSP_EXTRATLEITIMPL_030726_0121_20000000009603001354_000.jpg,PSP_EXTRATLEITIMPL_030726_0121,test,llama32v,legivel,,legivel,0,digitada_leiturista
PSP_EXTRATLEITIMPL_030726_0121_20000000009652975994_000.jpg,PSP_EXTRATLEITIMPL_030726_0121,test,llama32v,legivel,,legivel,78271,digitada_leiturista
PSP_EXTRATLEITIMPL_030726_0121_20000000009652980719_000.jpg,PSP_EXTRATLEITIMPL_030726_0121,test,llama32v,sem_medidor,,sem_medidor,,
PSP_EXTRATLEITIMPL_030726_0121_20000000009653004108_000.jpg,PSP_EXTRATLEITIMPL_030726_0121,test,llama32v,ilegivel,,ilegivel,,
PSP_EXTRATLEITIMPL_030726_0121_20000000009702977703_000.jpg,PSP_EXTRATLEITIMPL_030726_0121,test,llama32v,legivel,,legivel,899,digitada_leiturista
PSP_EXTRATLEITIMPL_030726_0121_20000000009752982738_000.jpg,PSP_EXTRATLEITIMPL_030726_0121,test,llama32v,ilegivel,,ilegivel,,
PSP_EXTRATLEITIMPL_030726_0121_20000000009752985616_000.jpg,PSP_EXTRATLEITIMPL_030726_0121,test,llama32v,legivel,,legivel,24367,digitada_leiturista
PSP_EXTRATLEITIMPL_030726_0121_20000000009802989495_000.jpg,PSP_EXTRATLEITIMPL_030726_0121,test,llama32v,ilegivel,,ilegivel,,
PSP_EXTRATLEITIMPL_030726_0121_20000000009802991434_000.jpg,PSP_EXTRATLEITIMPL_030726_0121,test,llama32v,legivel,,legivel,29,digitada_leiturista
PSP_EXTRATLEITIMPL_030726_0121_20000000009802992244_000.jpg,PSP_EXTRATLEITIMPL_030726_0121,test,llama32v,legivel,,legivel,5357,digitada_leiturista
PSP_EXTRATLEITIMPL_030726_0121_20000000009853007200_000.jpg,PSP_EXTRATLEITIMPL_030726_0121,test,llama32v,ilegivel,,ilegivel,,
PSP_EXTRATLEITIMPL_030726_0121_20000000009853016002_000.jpg,PSP_EXTRATLEITIMPL_030726_0121,test,llama32v,legivel,,legivel,399691,digitada_leiturista
PSP_EXTRATLEITIMPL_030726_0121_20000000009902980976_001.jpg,PSP_EXTRATLEITIMPL_030726_0121,test,llama32v,legivel,,legivel,77,digitada_leiturista
PSP_EXTRATLEITIMPL_030726_0121_20000000009902998490_000.jpg,PSP_EXTRATLEITIMPL_030726_0121,test,llama32v,sem_medidor,,sem_medidor,,
PSP_EXTRATLEITIMPL_030726_0121_20000000009952968763_000.jpg,PSP_EXTRATLEITIMPL_030726_0121,test,llama32v,legivel,,legivel,3640,digitada_leiturista
PSP_EXTRATLEITIMPL_030726_0121_20000000009952969851_000.jpg,PSP_EXTRATLEITIMPL_030726_0121,test,llama32v,legivel,,legivel,35213,digitada_leiturista
PSP_EXTRATLEITIMPL_030726_0121_20000000009952976582_000.jpg,PSP_EXTRATLEITIMPL_030726_0121,test,llama32v,legivel,,legivel,42532,digitada_leiturista
PSP_EXTRATLEITIMPL_030726_0121_20000000010053004531_000.jpg,PSP_EXTRATLEITIMPL_030726_0121,test,llama32v,legivel,,legivel,870,digitada_leiturista
PSP_EXTRATLEITIMPL_030726_0121_20000000010102991445_000.jpg,PSP_EXTRATLEITIMPL_030726_0121,test,llama32v,ilegivel,,ilegivel,,
PSP_EXTRATLEITIMPL_030726_0121_20000000010102994360_000.jpg,PSP_EXTRATLEITIMPL_030726_0121,test,llama32v,ilegivel,,ilegivel,,
PSP_EXTRATLEITIMPL_030726_0121_20000000010103001001_000.jpg,PSP_EXTRATLEITIMPL_030726_0121,test,llama32v,legivel,,legivel,8937,digitada_leiturista
PSP_EXTRATLEITIMPL_030726_0121_20000000010152974830_000.jpg,PSP_EXTRATLEITIMPL_030726_0121,test,llama32v,legivel,,legivel,38596,digitada_leiturista
PSP_EXTRATLEITIMPL_030726_0121_20000000010152997190_000.jpg,PSP_EXTRATLEITIMPL_030726_0121,test,llama32v,legivel,,legivel,23031,digitada_leiturista
PSP_EXTRATLEITIMPL_030726_0121_20000000010202998349_000.jpg,PSP_EXTRATLEITIMPL_030726_0121,test,llama32v,ilegivel,,ilegivel,,
PSP_EXTRATLEITIMPL_030726_0121_20000000010252978610_000.jpg,PSP_EXTRATLEITIMPL_030726_0121,test,llama32v,legivel,,legivel,83877,digitada_leiturista
PSP_EXTRATLEITIMPL_030726_0121_20000000010302983830_000.jpg,PSP_EXTRATLEITIMPL_030726_0121,test,llama32v,ilegivel,,ilegivel,,
PSP_EXTRATLEITIMPL_030726_0121_20000000010302993565_000.jpg,PSP_EXTRATLEITIMPL_030726_0121,test,llama32v,legivel,,legivel,32076,digitada_leiturista
PSP_EXTRATLEITIMPL_030726_0121_20000000010352998411_000.jpg,PSP_EXTRATLEITIMPL_030726_0121,test,llama32v,legivel,,legivel,42303,digitada_leiturista
PSP_EXTRATLEITIMPL_030726_0121_20000000010353001325_000.jpg,PSP_EXTRATLEITIMPL_030726_0121,test,llama32v,ilegivel,,ilegivel,,
PSP_EXTRATLEITIMPL_030726_0121_20000000010402975546_000.jpg,PSP_EXTRATLEITIMPL_030726_0121,test,llama32v,legivel,,legivel,22,digitada_leiturista
PSP_EXTRATLEITIMPL_030726_0121_20000000010402975558_000.jpg,PSP_EXTRATLEITIMPL_030726_0121,test,llama32v,legivel,,legivel,74,digitada_leiturista
PSP_EXTRATLEITIMPL_030726_0121_20000000010402984370_000.jpg,PSP_EXTRATLEITIMPL_030726_0121,test,llama32v,ilegivel,,ilegivel,,
PSP_EXTRATLEITIMPL_030726_0121_20000000010402987358_000.jpg,PSP_EXTRATLEITIMPL_030726_0121,test,llama32v,legivel,,legivel,81895,digitada_leiturista
PSP_EXTRATLEITIMPL_030726_0121_20000000010502985544_000.jpg,PSP_EXTRATLEITIMPL_030726_0121,test,llama32v,sem_medidor,,sem_medidor,,
PSP_EXTRATLEITIMPL_030726_0121_20000000010503001055_000.jpg,PSP_EXTRATLEITIMPL_030726_0121,test,llama32v,ilegivel,,ilegivel,,
PSP_EXTRATLEITIMPL_030726_0121_20000000010553001200_000.jpg,PSP_EXTRATLEITIMPL_030726_0121,test,llama32v,ilegivel,,ilegivel,,
PSP_EXTRATLEITIMPL_030726_0121_20000000010553005021_000.jpg,PSP_EXTRATLEITIMPL_030726_0121,test,llama32v,legivel,,legivel,40053,digitada_leiturista
PSP_EXTRATLEITIMPL_030726_0121_20000000010553005036_000.jpg,PSP_EXTRATLEITIMPL_030726_0121,test,llama32v,ilegivel,,ilegivel,,
PSP_EXTRATLEITIMPL_030726_0121_20000000010602978699_000.jpg,PSP_EXTRATLEITIMPL_030726_0121,test,llama32v,legivel,,legivel,51569,digitada_leiturista
PSP_EXTRATLEITIMPL_030726_0121_20000000010602978700_000.jpg,PSP_EXTRATLEITIMPL_030726_0121,test,llama32v,legivel,,legivel,6611,digitada_leiturista
PSP_EXTRATLEITIMPL_030726_0121_20000000010602992321_000.jpg,PSP_EXTRATLEITIMPL_030726_0121,test,llama32v,legivel,,legivel,258541,digitada_leiturista
PSP_EXTRATLEITIMPL_030726_0121_20000000010652978519_001.jpg,PSP_EXTRATLEITIMPL_030726_0121,test,llama32v,ilegivel,,ilegivel,,
PSP_EXTRATLEITIMPL_030726_0121_20000000010652997159_000.jpg,PSP_EXTRATLEITIMPL_030726_0121,test,llama32v,legivel,,legivel,36090,digitada_leiturista
PSP_EXTRATLEITIMPL_030726_0121_20000000010702998545_000.jpg,PSP_EXTRATLEITIMPL_030726_0121,test,llama32v,sem_medidor,,sem_medidor,,
PSP_EXTRATLEITIMPL_030726_0121_20000000010703005391_000.jpg,PSP_EXTRATLEITIMPL_030726_0121,test,llama32v,legivel,,legivel,477280,digitada_leiturista
PSP_EXTRATLEITIMPL_030726_0121_20000000010703010149_000.jpg,PSP_EXTRATLEITIMPL_030726_0121,test,llama32v,ilegivel,,ilegivel,,
PSP_EXTRATLEITIMPL_030726_0121_20000000010752985830_000.jpg,PSP_EXTRATLEITIMPL_030726_0121,test,llama32v,legivel,,legivel,158922,digitada_leiturista
PSP_EXTRATLEITIMPL_030726_0121_20000000010752989702_000.jpg,PSP_EXTRATLEITIMPL_030726_0121,test,llama32v,ilegivel,,ilegivel,,
PSP_EXTRATLEITIMPL_030726_0121_20000000010802994334_000.jpg,PSP_EXTRATLEITIMPL_030726_0121,test,llama32v,ilegivel,,ilegivel,,
PSP_EXTRATLEITIMPL_030726_0121_20000000010903011008_000.jpg,PSP_EXTRATLEITIMPL_030726_0121,test,llama32v,legivel,,legivel,2986,digitada_leiturista
PSP_EXTRATLEITIMPL_030726_0121_20000000010952996226_000.jpg,PSP_EXTRATLEITIMPL_030726_0121,test,llama32v,legivel,,legivel,9612,digitada_leiturista
PSP_EXTRATLEITIMPL_030726_0121_20000000011002985589_000.jpg,PSP_EXTRATLEITIMPL_030726_0121,test,llama32v,ilegivel,,ilegivel,,
PSP_EXTRATLEITIMPL_030726_0121_20000000011002998483_000.jpg,PSP_EXTRATLEITIMPL_030726_0121,test,llama32v,ilegivel,,ilegivel,,
PSP_EXTRATLEITIMPL_030726_0121_20000000011052979705_000.jpg,PSP_EXTRATLEITIMPL_030726_0121,test,llama32v,legivel,,legivel,41513,digitada_leiturista
PSP_EXTRATLEITIMPL_030726_0121_20000000011102996093_000.jpg,PSP_EXTRATLEITIMPL_030726_0121,test,llama32v,legivel,,legivel,5948,digitada_leiturista
PSP_EXTRATLEITIMPL_030726_0121_20000000011203003046_000.jpg,PSP_EXTRATLEITIMPL_030726_0121,test,llama32v,sem_medidor,,sem_medidor,,
PSP_EXTRATLEITIMPL_030726_0121_20000000011252975775_000.jpg,PSP_EXTRATLEITIMPL_030726_0121,test,llama32v,ilegivel,,ilegivel,,
PSP_EXTRATLEITIMPL_030726_0121_20000000011252989328_000.jpg,PSP_EXTRATLEITIMPL_030726_0121,test,llama32v,ilegivel,,ilegivel,,
PSP_EXTRATLEITIMPL_030726_0121_20000000011252991116_000.jpg,PSP_EXTRATLEITIMPL_030726_0121,test,llama32v,legivel,,legivel,9837,digitada_leiturista
PSP_EXTRATLEITIMPL_030726_0121_20000000011302983694_000.jpg,PSP_EXTRATLEITIMPL_030726_0121,test,llama32v,legivel,,legivel,4946,digitada_leiturista
PSP_EXTRATLEITIMPL_030726_0121_20000000011303005022_000.jpg,PSP_EXTRATLEITIMPL_030726_0121,test,llama32v,ilegivel,,ilegivel,,
PSP_EXTRATLEITIMPL_030726_0121_20000000011403005354_000.jpg,PSP_EXTRATLEITIMPL_030726_0121,test,llama32v,legivel,,legivel,11847,digitada_leiturista
PSP_EXTRATLEITIMPL_030726_0121_20000000011452973951_000.jpg,PSP_EXTRATLEITIMPL_030726_0121,test,llama32v,legivel,,legivel,25453,digitada_leiturista
PSP_EXTRATLEITIMPL_030726_0121_20000000011452975822_000.jpg,PSP_EXTRATLEITIMPL_030726_0121,test,llama32v,sem_medidor,,sem_medidor,,
PSP_EXTRATLEITIMPL_030726_0121_20000000011502998396_000.jpg,PSP_EXTRATLEITIMPL_030726_0121,test,llama32v,legivel,,legivel,284,digitada_leiturista
PSP_EXTRATLEITIMPL_030726_0121_20000000011502998410_000.jpg,PSP_EXTRATLEITIMPL_030726_0121,test,llama32v,legivel,,legivel,4373,digitada_leiturista
PSP_EXTRATLEITIMPL_030726_0121_20000000011502999497_000.jpg,PSP_EXTRATLEITIMPL_030726_0121,test,llama32v,legivel,,legivel,36615,digitada_leiturista
PSP_EXTRATLEITIMPL_030726_0121_20000000011552984699_000.jpg,PSP_EXTRATLEITIMPL_030726_0121,test,llama32v,ilegivel,,ilegivel,,
PSP_EXTRATLEITIMPL_030726_0121_20000000011552992548_000.jpg,PSP_EXTRATLEITIMPL_030726_0121,test,llama32v,ilegivel,,ilegivel,,
PSP_EXTRATLEITIMPL_030726_0121_20000000011552996415_000.jpg,PSP_EXTRATLEITIMPL_030726_0121,test,llama32v,sem_medidor,,sem_medidor,,
PSP_EXTRATLEITIMPL_030726_0121_20000000011552996420_000.jpg,PSP_EXTRATLEITIMPL_030726_0121,test,llama32v,legivel,,legivel,80641,digitada_leiturista
PSP_EXTRATLEITIMPL_030726_0121_20000000011553006006_000.jpg,PSP_EXTRATLEITIMPL_030726_0121,test,llama32v,ilegivel,,ilegivel,,
PSP_EXTRATLEITIMPL_030726_0121_20000000011602975646_000.jpg,PSP_EXTRATLEITIMPL_030726_0121,test,llama32v,legivel,,legivel,25908,digitada_leiturista
PSP_EXTRATLEITIMPL_030726_0121_20000000011652990592_000.jpg,PSP_EXTRATLEITIMPL_030726_0121,test,llama32v,legivel,,legivel,17604,digitada_leiturista
PSP_EXTRATLEITIMPL_030726_0121_20000000011652991610_000.jpg,PSP_EXTRATLEITIMPL_030726_0121,test,llama32v,legivel,,legivel,1842,digitada_leiturista
PSP_EXTRATLEITIMPL_030726_0121_20000000011653000403_000.jpg,PSP_EXTRATLEITIMPL_030726_0121,test,llama32v,ilegivel,,ilegivel,,
PSP_EXTRATLEITIMPL_030726_0121_20000000011653003233_000.jpg,PSP_EXTRATLEITIMPL_030726_0121,test,llama32v,legivel,,legivel,109737,digitada_leiturista
PSP_EXTRATLEITIMPL_030726_0121_20000000011702978654_000.jpg,PSP_EXTRATLEITIMPL_030726_0121,test,llama32v,legivel,,legivel,17494,digitada_leiturista
PSP_EXTRATLEITIMPL_030726_0121_20000000011702988520_000.jpg,PSP_EXTRATLEITIMPL_030726_0121,test,llama32v,legivel,,legivel,59902,digitada_leiturista
PSP_EXTRATLEITIMPL_030726_0121_20000000011702994327_000.jpg,PSP_EXTRATLEITIMPL_030726_0121,test,llama32v,legivel,,legivel,999999,digitada_leiturista
PSP_EXTRATLEITIMPL_030726_0121_20000000011752973963_000.jpg,PSP_EXTRATLEITIMPL_030726_0121,test,llama32v,ilegivel,,ilegivel,,
PSP_EXTRATLEITIMPL_030726_0121_20000000011752991498_001.jpg,PSP_EXTRATLEITIMPL_030726_0121,test,llama32v,legivel,,legivel,1385,digitada_leiturista
PSP_EXTRATLEITIMPL_030726_0121_20000000011852979764_000.jpg,PSP_EXTRATLEITIMPL_030726_0121,test,llama32v,ilegivel,,ilegivel,,
PSP_EXTRATLEITIMPL_030726_0121_20000000011852995386_000.jpg,PSP_EXTRATLEITIMPL_030726_0121,test,llama32v,legivel,,legivel,40757,digitada_leiturista
PSP_EXTRATLEITIMPL_030726_0121_20000000011853004005_001.jpg,PSP_EXTRATLEITIMPL_030726_0121,test,llama32v,legivel,,legivel,73826,digitada_leiturista
PSP_EXTRATLEITIMPL_030726_0121_20000000011902981637_000.jpg,PSP_EXTRATLEITIMPL_030726_0121,test,llama32v,legivel,,legivel,804390,digitada_leiturista
PSP_EXTRATLEITIMPL_030726_0121_20000000011902998169_000.jpg,PSP_EXTRATLEITIMPL_030726_0121,test,llama32v,legivel,,legivel,21145,digitada_leiturista
PSP_EXTRATLEITIMPL_030726_0121_20000000011952993375_000.jpg,PSP_EXTRATLEITIMPL_030726_0121,test,llama32v,ilegivel,,ilegivel,,
PSP_EXTRATLEITIMPL_030726_0121_20000000012002986653_000.jpg,PSP_EXTRATLEITIMPL_030726_0121,test,llama32v,legivel,,legivel,35181,digitada_leiturista
PSP_EXTRATLEITIMPL_030726_0121_20000000012002995401_000.jpg,PSP_EXTRATLEITIMPL_030726_0121,test,llama32v,legivel,,legivel,19009,digitada_leiturista
PSP_EXTRATLEITIMPL_030726_0121_20000000012102988596_000.jpg,PSP_EXTRATLEITIMPL_030726_0121,test,llama32v,legivel,,legivel,60474,digitada_leiturista
PSP_EXTRATLEITIMPL_030726_0121_20000000012103000255_000.jpg,PSP_EXTRATLEITIMPL_030726_0121,test,llama32v,ilegivel,,ilegivel,,
PSP_EXTRATLEITIMPL_030726_0121_20000000012103011026_000.jpg,PSP_EXTRATLEITIMPL_030726_0121,test,llama32v,legivel,,legivel,17910,digitada_leiturista
PSP_EXTRATLEITIMPL_030726_0121_20000000012202992503_000.jpg,PSP_EXTRATLEITIMPL_030726_0121,test,llama32v,legivel,,legivel,0,digitada_leiturista
PSP_EXTRATLEITIMPL_030726_0121_20000000012202992518_000.jpg,PSP_EXTRATLEITIMPL_030726_0121,test,llama32v,legivel,,legivel,8164,digitada_leiturista
PSP_EXTRATLEITIMPL_030726_0121_20000000012203002146_000.jpg,PSP_EXTRATLEITIMPL_030726_0121,test,llama32v,sem_medidor,,sem_medidor,,
PSP_EXTRATLEITIMPL_030726_0121_20000000012252975946_000.jpg,PSP_EXTRATLEITIMPL_030726_0121,test,llama32v,legivel,,legivel,93244,digitada_leiturista
PSP_EXTRATLEITIMPL_030726_0121_20000000012252979829_000.jpg,PSP_EXTRATLEITIMPL_030726_0121,test,llama32v,legivel,,legivel,3671,digitada_leiturista
PSP_EXTRATLEITIMPL_030726_0121_20000000012252980711_000.jpg,PSP_EXTRATLEITIMPL_030726_0121,test,llama32v,sem_medidor,,sem_medidor,,
PSP_EXTRATLEITIMPL_030726_0121_20000000012252992487_000.jpg,PSP_EXTRATLEITIMPL_030726_0121,test,llama32v,legivel,,legivel,61327,digitada_leiturista
PSP_EXTRATLEITIMPL_030726_0121_20000000012252993543_000.jpg,PSP_EXTRATLEITIMPL_030726_0121,test,llama32v,legivel,,legivel,12148,digitada_leiturista
PSP_EXTRATLEITIMPL_030726_0121_20000000012252996419_000.jpg,PSP_EXTRATLEITIMPL_030726_0121,test,llama32v,sem_medidor,,sem_medidor,,
PSP_EXTRATLEITIMPL_030726_0121_20000000012302988735_000.jpg,PSP_EXTRATLEITIMPL_030726_0121,test,llama32v,legivel,,legivel,43018,digitada_leiturista
PSP_EXTRATLEITIMPL_030726_0121_20000000012302992605_000.jpg,PSP_EXTRATLEITIMPL_030726_0121,test,llama32v,legivel,,legivel,57400,digitada_leiturista
PSP_EXTRATLEITIMPL_030726_0121_20000000012352971784_000.jpg,PSP_EXTRATLEITIMPL_030726_0121,test,llama32v,ilegivel,,ilegivel,,
PSP_EXTRATLEITIMPL_030726_0121_20000000012352976635_000.jpg,PSP_EXTRATLEITIMPL_030726_0121,test,llama32v,sem_medidor,,sem_medidor,,
PSP_EXTRATLEITIMPL_030726_0121_20000000012352981472_000.jpg,PSP_EXTRATLEITIMPL_030726_0121,test,llama32v,ilegivel,,ilegivel,,
PSP_EXTRATLEITIMPL_030726_0121_20000000012402974789_000.jpg,PSP_EXTRATLEITIMPL_030726_0121,test,llama32v,ilegivel,,ilegivel,,
PSP_EXTRATLEITIMPL_030726_0121_20000000012402974811_000.jpg,PSP_EXTRATLEITIMPL_030726_0121,test,llama32v,legivel,,legivel,471,digitada_leiturista
PSP_EXTRATLEITIMPL_030726_0121_20000000012402976787_000.jpg,PSP_EXTRATLEITIMPL_030726_0121,test,llama32v,ilegivel,,ilegivel,,
PSP_EXTRATLEITIMPL_030726_0121_20000000012402996115_000.jpg,PSP_EXTRATLEITIMPL_030726_0121,test,llama32v,legivel,,legivel,10068,digitada_leiturista
PSP_EXTRATLEITIMPL_030726_0121_20000000012402998039_000.jpg,PSP_EXTRATLEITIMPL_030726_0121,test,llama32v,legivel,,legivel,57623,digitada_leiturista
PSP_EXTRATLEITIMPL_030726_0121_20000000012452971850_000.jpg,PSP_EXTRATLEITIMPL_030726_0121,test,llama32v,ilegivel,,ilegivel,,
PSP_EXTRATLEITIMPL_030726_0121_20000000012452973717_000.jpg,PSP_EXTRATLEITIMPL_030726_0121,test,llama32v,sem_medidor,,sem_medidor,,
PSP_EXTRATLEITIMPL_030726_0121_20000000012503005337_000.jpg,PSP_EXTRATLEITIMPL_030726_0121,test,llama32v,sem_medidor,,sem_medidor,,
PSP_EXTRATLEITIMPL_030726_0121_20000000012552976989_000.jpg,PSP_EXTRATLEITIMPL_030726_0121,test,llama32v,legivel,,legivel,20512,digitada_leiturista
PSP_EXTRATLEITIMPL_030726_0121_20000000012552976995_000.jpg,PSP_EXTRATLEITIMPL_030726_0121,test,llama32v,legivel,,legivel,5431,digitada_leiturista
PSP_EXTRATLEITIMPL_030726_0121_20000000012552994356_000.jpg,PSP_EXTRATLEITIMPL_030726_0121,test,llama32v,ilegivel,,ilegivel,,
PSP_EXTRATLEITIMPL_030726_0121_20000000012602985757_000.jpg,PSP_EXTRATLEITIMPL_030726_0121,test,llama32v,ilegivel,,ilegivel,,
PSP_EXTRATLEITIMPL_030726_0121_20000000012602987715_000.jpg,PSP_EXTRATLEITIMPL_030726_0121,test,llama32v,ilegivel,,ilegivel,,
PSP_EXTRATLEITIMPL_030726_0121_20000000012602991596_000.jpg,PSP_EXTRATLEITIMPL_030726_0121,test,llama32v,legivel,,legivel,2427,digitada_leiturista
PSP_EXTRATLEITIMPL_030726_0121_20000000012602997524_000.jpg,PSP_EXTRATLEITIMPL_030726_0121,test,llama32v,sem_medidor,,sem_medidor,,
PSP_EXTRATLEITIMPL_030726_0121_20000000012603002222_000.jpg,PSP_EXTRATLEITIMPL_030726_0121,test,llama32v,sem_medidor,,sem_medidor,,
PSP_EXTRATLEITIMPL_030726_0121_20000000012652993525_000.jpg,PSP_EXTRATLEITIMPL_030726_0121,test,llama32v,ilegivel,,ilegivel,,
PSP_EXTRATLEITIMPL_030726_0121_20000000012652999323_000.jpg,PSP_EXTRATLEITIMPL_030726_0121,test,llama32v,sem_medidor,,sem_medidor,,
PSP_EXTRATLEITIMPL_030726_0121_20000000012652999338_000.jpg,PSP_EXTRATLEITIMPL_030726_0121,test,llama32v,sem_medidor,,sem_medidor,,
PSP_EXTRATLEITIMPL_030726_0121_20000000012653005117_000.jpg,PSP_EXTRATLEITIMPL_030726_0121,test,llama32v,ilegivel,,ilegivel,,
PSP_EXTRATLEITIMPL_030726_0121_20000000012702978924_000.jpg,PSP_EXTRATLEITIMPL_030726_0121,test,llama32v,sem_medidor,,sem_medidor,,
PSP_EXTRATLEITIMPL_030726_0121_20000000012702993509_000.jpg,PSP_EXTRATLEITIMPL_030726_0121,test,llama32v,sem_medidor,,sem_medidor,,
PSP_EXTRATLEITIMPL_030726_0121_20000000012703002182_000.jpg,PSP_EXTRATLEITIMPL_030726_0121,test,llama32v,ilegivel,,ilegivel,,
PSP_EXTRATLEITIMPL_030726_0121_20000000012752974780_001.jpg,PSP_EXTRATLEITIMPL_030726_0121,test,llama32v,legivel,,legivel,9302,digitada_leiturista
PSP_EXTRATLEITIMPL_030726_0121_20000000012752975724_000.jpg,PSP_EXTRATLEITIMPL_030726_0121,test,llama32v,ilegivel,,ilegivel,,
PSP_EXTRATLEITIMPL_030726_0121_20000000012752984550_000.jpg,PSP_EXTRATLEITIMPL_030726_0121,test,llama32v,legivel,,legivel,25503,digitada_leiturista
PSP_EXTRATLEITIMPL_030726_0121_20000000012752988479_000.jpg,PSP_EXTRATLEITIMPL_030726_0121,test,llama32v,ilegivel,,ilegivel,,
PSP_EXTRATLEITIMPL_030726_0121_20000000012752991387_000.jpg,PSP_EXTRATLEITIMPL_030726_0121,test,llama32v,legivel,,legivel,172909,digitada_leiturista
PSP_EXTRATLEITIMPL_030726_0121_20000000012803005148_000.jpg,PSP_EXTRATLEITIMPL_030726_0121,test,llama32v,ilegivel,,ilegivel,,
PSP_EXTRATLEITIMPL_030726_0121_20000000012852983677_000.jpg,PSP_EXTRATLEITIMPL_030726_0121,test,llama32v,legivel,,legivel,64571,digitada_leiturista
PSP_EXTRATLEITIMPL_030726_0121_20000000012852992558_000.jpg,PSP_EXTRATLEITIMPL_030726_0121,test,llama32v,ilegivel,,ilegivel,,
PSP_EXTRATLEITIMPL_030726_0121_20000000012852997277_000.jpg,PSP_EXTRATLEITIMPL_030726_0121,test,llama32v,legivel,,legivel,28244,digitada_leiturista
PSP_EXTRATLEITIMPL_030726_0121_20000000012852998298_000.jpg,PSP_EXTRATLEITIMPL_030726_0121,test,llama32v,ilegivel,,ilegivel,,
PSP_EXTRATLEITIMPL_030726_0121_20000000012952973700_000.jpg,PSP_EXTRATLEITIMPL_030726_0121,test,llama32v,sem_medidor,,sem_medidor,,
PSP_EXTRATLEITIMPL_030726_0121_20000000012952985352_000.jpg,PSP_EXTRATLEITIMPL_030726_0121,test,llama32v,legivel,,legivel,978947,digitada_leiturista
PSP_EXTRATLEITIMPL_030726_0121_20000000013002979363_000.jpg,PSP_EXTRATLEITIMPL_030726_0121,test,llama32v,ilegivel,,ilegivel,,
PSP_EXTRATLEITIMPL_030726_0121_20000000013052972995_001.jpg,PSP_EXTRATLEITIMPL_030726_0121,test,llama32v,ilegivel,,ilegivel,,
PSP_EXTRATLEITIMPL_030726_0121_20000000013052980740_000.jpg,PSP_EXTRATLEITIMPL_030726_0121,test,llama32v,ilegivel,,ilegivel,,
PSP_EXTRATLEITIMPL_030726_0121_20000000013052996127_000.jpg,PSP_EXTRATLEITIMPL_030726_0121,test,llama32v,legivel,,legivel,4330,digitada_leiturista
PSP_EXTRATLEITIMPL_030726_0121_20000000013052998170_000.jpg,PSP_EXTRATLEITIMPL_030726_0121,test,llama32v,legivel,,legivel,25767,digitada_leiturista
PSP_EXTRATLEITIMPL_030726_0121_20000000013052999163_000.jpg,PSP_EXTRATLEITIMPL_030726_0121,test,llama32v,legivel,,legivel,99999,digitada_leiturista
PSP_EXTRATLEITIMPL_030726_0121_20000000013103010092_000.jpg,PSP_EXTRATLEITIMPL_030726_0121,test,llama32v,legivel,,legivel,320319,digitada_leiturista
PSP_EXTRATLEITIMPL_030726_0121_20000000013252968968_000.jpg,PSP_EXTRATLEITIMPL_030726_0121,test,llama32v,sem_medidor,,sem_medidor,,
PSP_EXTRATLEITIMPL_030726_0121_20000000013252997011_000.jpg,PSP_EXTRATLEITIMPL_030726_0121,test,llama32v,legivel,,legivel,32119,digitada_leiturista
PSP_EXTRATLEITIMPL_030726_0121_20000000013302986553_000.jpg,PSP_EXTRATLEITIMPL_030726_0121,test,llama32v,legivel,,legivel,20837,digitada_leiturista
PSP_EXTRATLEITIMPL_030726_0121_20000000013302986556_000.jpg,PSP_EXTRATLEITIMPL_030726_0121,test,llama32v,legivel,,legivel,20557,digitada_leiturista
PSP_EXTRATLEITIMPL_030726_0121_20000000013352977773_000.jpg,PSP_EXTRATLEITIMPL_030726_0121,test,llama32v,ilegivel,,ilegivel,,
PSP_EXTRATLEITIMPL_030726_0121_20000000013352985606_000.jpg,PSP_EXTRATLEITIMPL_030726_0121,test,llama32v,ilegivel,,ilegivel,,
PSP_EXTRATLEITIMPL_030726_0121_20000000013352998155_000.jpg,PSP_EXTRATLEITIMPL_030726_0121,test,llama32v,legivel,,legivel,11657,digitada_leiturista
PSP_EXTRATLEITIMPL_030726_0121_20000000013403001655_000.jpg,PSP_EXTRATLEITIMPL_030726_0121,test,llama32v,ilegivel,,ilegivel,,
PSP_EXTRATLEITIMPL_030726_0121_20000000013403007472_002.jpg,PSP_EXTRATLEITIMPL_030726_0121,test,llama32v,legivel,,legivel,172712,digitada_leiturista
PSP_EXTRATLEITIMPL_030726_0121_20000000013403008468_000.jpg,PSP_EXTRATLEITIMPL_030726_0121,test,llama32v,ilegivel,,ilegivel,,
PSP_EXTRATLEITIMPL_030726_0121_20000000013452980945_000.jpg,PSP_EXTRATLEITIMPL_030726_0121,test,llama32v,legivel,,legivel,634,digitada_leiturista
PSP_EXTRATLEITIMPL_030726_0121_20000000013452984880_000.jpg,PSP_EXTRATLEITIMPL_030726_0121,test,llama32v,legivel,,legivel,9574,digitada_leiturista
PSP_EXTRATLEITIMPL_030726_0121_20000000013452993595_000.jpg,PSP_EXTRATLEITIMPL_030726_0121,test,llama32v,legivel,,legivel,10650,digitada_leiturista
PSP_EXTRATLEITIMPL_030726_0121_20000000013452998517_000.jpg,PSP_EXTRATLEITIMPL_030726_0121,test,llama32v,legivel,,legivel,140,digitada_leiturista
PSP_EXTRATLEITIMPL_030726_0121_20000000013502982629_000.jpg,PSP_EXTRATLEITIMPL_030726_0121,test,llama32v,legivel,,legivel,15960,digitada_leiturista
PSP_EXTRATLEITIMPL_030726_0121_20000000013502984647_000.jpg,PSP_EXTRATLEITIMPL_030726_0121,test,llama32v,sem_medidor,,sem_medidor,,
PSP_EXTRATLEITIMPL_030726_0121_20000000013502986475_000.jpg,PSP_EXTRATLEITIMPL_030726_0121,test,llama32v,ilegivel,,ilegivel,,
PSP_EXTRATLEITIMPL_030726_0121_20000000013502994457_000.jpg,PSP_EXTRATLEITIMPL_030726_0121,test,llama32v,legivel,,legivel,180060,digitada_leiturista
PSP_EXTRATLEITIMPL_030726_0121_20000000013502995414_000.jpg,PSP_EXTRATLEITIMPL_030726_0121,test,llama32v,ilegivel,,ilegivel,,
PSP_EXTRATLEITIMPL_030726_0121_20000000013553001013_000.jpg,PSP_EXTRATLEITIMPL_030726_0121,test,llama32v,ilegivel,,ilegivel,,
PSP_EXTRATLEITIMPL_030726_0121_20000000013602983548_000.jpg,PSP_EXTRATLEITIMPL_030726_0121,test,llama32v,legivel,,legivel,20274,digitada_leiturista
PSP_EXTRATLEITIMPL_030726_0121_20000000013602987575_000.jpg,PSP_EXTRATLEITIMPL_030726_0121,test,llama32v,legivel,,legivel,69014,digitada_leiturista
PSP_EXTRATLEITIMPL_030726_0121_20000000013602993391_000.jpg,PSP_EXTRATLEITIMPL_030726_0121,test,llama32v,ilegivel,,ilegivel,,
PSP_EXTRATLEITIMPL_030726_0121_20000000013652982743_000.jpg,PSP_EXTRATLEITIMPL_030726_0121,test,llama32v,ilegivel,,ilegivel,,
PSP_EXTRATLEITIMPL_030726_0121_20000000013652987704_000.jpg,PSP_EXTRATLEITIMPL_030726_0121,test,llama32v,legivel,,legivel,37352,digitada_leiturista
PSP_EXTRATLEITIMPL_030726_0121_20000000013652992541_000.jpg,PSP_EXTRATLEITIMPL_030726_0121,test,llama32v,legivel,,legivel,49,digitada_leiturista
PSP_EXTRATLEITIMPL_030726_0121_20000000013652999239_000.jpg,PSP_EXTRATLEITIMPL_030726_0121,test,llama32v,legivel,,legivel,21,digitada_leiturista
PSP_EXTRATLEITIMPL_030726_0121_20000000013703001119_000.jpg,PSP_EXTRATLEITIMPL_030726_0121,test,llama32v,ilegivel,,ilegivel,,
PSP_EXTRATLEITIMPL_030726_0121_20000000013752974956_000.jpg,PSP_EXTRATLEITIMPL_030726_0121,test,llama32v,ilegivel,,ilegivel,,
PSP_EXTRATLEITIMPL_030726_0121_20000000013753001122_000.jpg,PSP_EXTRATLEITIMPL_030726_0121,test,llama32v,legivel,,legivel,7253,digitada_leiturista
PSP_EXTRATLEITIMPL_030726_0121_20000000013802990590_000.jpg,PSP_EXTRATLEITIMPL_030726_0121,test,llama32v,legivel,,legivel,,
PSP_EXTRATLEITIMPL_030726_0121_20000000013802997278_000.jpg,PSP_EXTRATLEITIMPL_030726_0121,test,llama32v,sem_medidor,,sem_medidor,,
PSP_EXTRATLEITIMPL_030726_0121_20000000013853006096_000.jpg,PSP_EXTRATLEITIMPL_030726_0121,test,llama32v,legivel,,legivel,878,digitada_leiturista
PSP_EXTRATLEITIMPL_030726_0121_20000000013902978910_000.jpg,PSP_EXTRATLEITIMPL_030726_0121,test,llama32v,ilegivel,,ilegivel,,
PSP_EXTRATLEITIMPL_030726_0121_20000000013902991547_000.jpg,PSP_EXTRATLEITIMPL_030726_0121,test,llama32v,ilegivel,,ilegivel,,
PSP_EXTRATLEITIMPL_030726_0121_20000000013902994541_000.jpg,PSP_EXTRATLEITIMPL_030726_0121,test,llama32v,ilegivel,,ilegivel,,
PSP_EXTRATLEITIMPL_030726_0121_20000000013902997478_000.jpg,PSP_EXTRATLEITIMPL_030726_0121,test,llama32v,legivel,,legivel,23421,digitada_leiturista
PSP_EXTRATLEITIMPL_030726_0121_20000000013952971977_000.jpg,PSP_EXTRATLEITIMPL_030726_0121,test,llama32v,legivel,,legivel,29166,digitada_leiturista
PSP_EXTRATLEITIMPL_030726_0121_20000000013952987502_000.jpg,PSP_EXTRATLEITIMPL_030726_0121,test,llama32v,legivel,,legivel,10498,digitada_leiturista
PSP_EXTRATLEITIMPL_030726_0121_20000000013952990328_000.jpg,PSP_EXTRATLEITIMPL_030726_0121,test,llama32v,legivel,,legivel,142678,digitada_leiturista
PSP_EXTRATLEITIMPL_030726_0121_20000000013952993235_000.jpg,PSP_EXTRATLEITIMPL_030726_0121,test,llama32v,legivel,,legivel,12162,digitada_leiturista
PSP_EXTRATLEITIMPL_030726_0121_20000000013952995166_000.jpg,PSP_EXTRATLEITIMPL_030726_0121,test,llama32v,ilegivel,,ilegivel,,
PSP_EXTRATLEITIMPL_030726_0121_20000000013952998007_000.jpg,PSP_EXTRATLEITIMPL_030726_0121,test,llama32v,ilegivel,,ilegivel,,
PSP_EXTRATLEITIMPL_030726_0121_20000000014052992645_000.jpg,PSP_EXTRATLEITIMPL_030726_0121,test,llama32v,legivel,,legivel,87705,digitada_leiturista
PSP_EXTRATLEITIMPL_030726_0121_20000000014102984441_000.jpg,PSP_EXTRATLEITIMPL_030726_0121,test,llama32v,legivel,,legivel,54591,digitada_leiturista
PSP_EXTRATLEITIMPL_030726_0121_20000000014152986516_000.jpg,PSP_EXTRATLEITIMPL_030726_0121,test,llama32v,legivel,,legivel,667,digitada_leiturista
PSP_EXTRATLEITIMPL_030726_0121_20000000014152988273_000.jpg,PSP_EXTRATLEITIMPL_030726_0121,test,llama32v,sem_medidor,,sem_medidor,,
PSP_EXTRATLEITIMPL_030726_0121_20000000014202971791_000.jpg,PSP_EXTRATLEITIMPL_030726_0121,test,llama32v,ilegivel,,ilegivel,,
PSP_EXTRATLEITIMPL_030726_0121_20000000014202995019_000.jpg,PSP_EXTRATLEITIMPL_030726_0121,test,llama32v,legivel,,legivel,9075,digitada_leiturista
PSP_EXTRATLEITIMPL_030726_0121_20000000014302979743_000.jpg,PSP_EXTRATLEITIMPL_030726_0121,test,llama32v,legivel,,legivel,12575,digitada_leiturista
PSP_EXTRATLEITIMPL_030726_0121_20000000014302995358_000.jpg,PSP_EXTRATLEITIMPL_030726_0121,test,llama32v,legivel,,legivel,15410,digitada_leiturista
PSP_EXTRATLEITIMPL_030726_0121_20000000014302999192_000.jpg,PSP_EXTRATLEITIMPL_030726_0121,test,llama32v,legivel,,legivel,52474,digitada_leiturista
PSP_EXTRATLEITIMPL_030726_0121_20000000014303001143_000.jpg,PSP_EXTRATLEITIMPL_030726_0121,test,llama32v,legivel,,legivel,9369,digitada_leiturista
PSP_EXTRATLEITIMPL_030726_0121_20000000014352972401_000.jpg,PSP_EXTRATLEITIMPL_030726_0121,test,llama32v,ilegivel,,ilegivel,,
PSP_EXTRATLEITIMPL_030726_0121_20000000014352984152_000.jpg,PSP_EXTRATLEITIMPL_030726_0121,test,llama32v,ilegivel,,ilegivel,,
PSP_EXTRATLEITIMPL_030726_0121_20000000014452993082_000.jpg,PSP_EXTRATLEITIMPL_030726_0121,test,llama32v,legivel,,legivel,32294,digitada_leiturista
PSP_EXTRATLEITIMPL_030726_0121_20000000014452999003_000.jpg,PSP_EXTRATLEITIMPL_030726_0121,test,llama32v,legivel,,legivel,284214,digitada_leiturista
PSP_EXTRATLEITIMPL_030726_0121_20000000014502975809_000.jpg,PSP_EXTRATLEITIMPL_030726_0121,test,llama32v,sem_medidor,,sem_medidor,,
PSP_EXTRATLEITIMPL_030726_0121_20000000014502987501_000.jpg,PSP_EXTRATLEITIMPL_030726_0121,test,llama32v,legivel,,legivel,3542,digitada_leiturista
PSP_EXTRATLEITIMPL_030726_0121_20000000014502993388_000.jpg,PSP_EXTRATLEITIMPL_030726_0121,test,llama32v,ilegivel,,ilegivel,,
PSP_EXTRATLEITIMPL_030726_0121_20000000014503003004_000.jpg,PSP_EXTRATLEITIMPL_030726_0121,test,llama32v,legivel,,legivel,21214,digitada_leiturista
PSP_EXTRATLEITIMPL_030726_0121_20000000014602995654_000.jpg,PSP_EXTRATLEITIMPL_030726_0121,test,llama32v,legivel,,legivel,14842,digitada_leiturista
PSP_EXTRATLEITIMPL_030726_0121_20000000014602998546_000.jpg,PSP_EXTRATLEITIMPL_030726_0121,test,llama32v,legivel,,legivel,87124,digitada_leiturista
PSP_EXTRATLEITIMPL_030726_0121_20000000014603008287_000.jpg,PSP_EXTRATLEITIMPL_030726_0121,test,llama32v,sem_medidor,,sem_medidor,,
PSP_EXTRATLEITIMPL_030726_0121_20000000014603013136_000.jpg,PSP_EXTRATLEITIMPL_030726_0121,test,llama32v,legivel,,legivel,5888,digitada_leiturista
PSP_EXTRATLEITIMPL_030726_0121_20000000014652974954_000.jpg,PSP_EXTRATLEITIMPL_030726_0121,test,llama32v,legivel,,legivel,2179,digitada_leiturista
PSP_EXTRATLEITIMPL_030726_0121_20000000014652979810_000.jpg,PSP_EXTRATLEITIMPL_030726_0121,test,llama32v,legivel,,legivel,3270,digitada_leiturista
PSP_EXTRATLEITIMPL_030726_0121_20000000014652979833_000.jpg,PSP_EXTRATLEITIMPL_030726_0121,test,llama32v,legivel,,legivel,4966,digitada_leiturista
PSP_EXTRATLEITIMPL_030726_0121_20000000014652987543_000.jpg,PSP_EXTRATLEITIMPL_030726_0121,test,llama32v,legivel,,legivel,536,digitada_leiturista
PSP_EXTRATLEITIMPL_030726_0121_20000000014652999244_000.jpg,PSP_EXTRATLEITIMPL_030726_0121,test,llama32v,ilegivel,,ilegivel,,
PSP_EXTRATLEITIMPL_030726_0121_20000000014653004086_000.jpg,PSP_EXTRATLEITIMPL_030726_0121,test,llama32v,legivel,,legivel,18054,digitada_leiturista
PSP_EXTRATLEITIMPL_030726_0121_20000000014702995249_000.jpg,PSP_EXTRATLEITIMPL_030726_0121,test,llama32v,legivel,,legivel,151718,digitada_leiturista
PSP_EXTRATLEITIMPL_030726_0121_20000000014702997231_000.jpg,PSP_EXTRATLEITIMPL_030726_0121,test,llama32v,legivel,,legivel,23562,digitada_leiturista
PSP_EXTRATLEITIMPL_030726_0121_20000000014702998246_000.jpg,PSP_EXTRATLEITIMPL_030726_0121,test,llama32v,legivel,,legivel,51737,digitada_leiturista
PSP_EXTRATLEITIMPL_030726_0121_20000000014752979585_000.jpg,PSP_EXTRATLEITIMPL_030726_0121,test,llama32v,legivel,,legivel,73960,digitada_leiturista
PSP_EXTRATLEITIMPL_030726_0121_20000000014752992380_000.jpg,PSP_EXTRATLEITIMPL_030726_0121,test,llama32v,legivel,,legivel,14,digitada_leiturista
PSP_EXTRATLEITIMPL_030726_0121_20000000014802989781_000.jpg,PSP_EXTRATLEITIMPL_030726_0121,test,llama32v,ilegivel,,ilegivel,,
PSP_EXTRATLEITIMPL_030726_0121_20000000014803008060_000.jpg,PSP_EXTRATLEITIMPL_030726_0121,test,llama32v,sem_medidor,,sem_medidor,,
PSP_EXTRATLEITIMPL_030726_0121_20000000014852970994_000.jpg,PSP_EXTRATLEITIMPL_030726_0121,test,llama32v,legivel,,legivel,159,digitada_leiturista
PSP_EXTRATLEITIMPL_030726_0121_20000000014852980690_000.jpg,PSP_EXTRATLEITIMPL_030726_0121,test,llama32v,ilegivel,,ilegivel,,
PSP_EXTRATLEITIMPL_030726_0121_20000000014902980728_000.jpg,PSP_EXTRATLEITIMPL_030726_0121,test,llama32v,legivel,,legivel,45997,digitada_leiturista
PSP_EXTRATLEITIMPL_030726_0121_20000000014902982701_000.jpg,PSP_EXTRATLEITIMPL_030726_0121,test,llama32v,ilegivel,,ilegivel,,
PSP_EXTRATLEITIMPL_030726_0121_20000000014902983693_000.jpg,PSP_EXTRATLEITIMPL_030726_0121,test,llama32v,legivel,,legivel,45811,digitada_leiturista
PSP_EXTRATLEITIMPL_030726_0121_20000000014902997267_000.jpg,PSP_EXTRATLEITIMPL_030726_0121,test,llama32v,legivel,,legivel,260,digitada_leiturista
PSP_EXTRATLEITIMPL_030726_0121_20000000014952984490_000.jpg,PSP_EXTRATLEITIMPL_030726_0121,test,llama32v,legivel,,legivel,1546,digitada_leiturista
PSP_EXTRATLEITIMPL_030726_0121_20000000015002978670_000.jpg,PSP_EXTRATLEITIMPL_030726_0121,test,llama32v,legivel,,legivel,138,digitada_leiturista
PSP_EXTRATLEITIMPL_030726_0121_20000000015002982564_000.jpg,PSP_EXTRATLEITIMPL_030726_0121,test,llama32v,ilegivel,,ilegivel,,
PSP_EXTRATLEITIMPL_030726_0121_20000000015002983457_000.jpg,PSP_EXTRATLEITIMPL_030726_0121,test,llama32v,sem_medidor,,sem_medidor,,
PSP_EXTRATLEITIMPL_030726_0121_20000000015002996005_000.jpg,PSP_EXTRATLEITIMPL_030726_0121,test,llama32v,legivel,,legivel,11205,digitada_leiturista
PSP_EXTRATLEITIMPL_030726_0121_20000000015052969791_000.jpg,PSP_EXTRATLEITIMPL_030726_0121,test,llama32v,legivel,,legivel,89997,digitada_leiturista
PSP_EXTRATLEITIMPL_030726_0121_20000000015152986837_000.jpg,PSP_EXTRATLEITIMPL_030726_0121,test,llama32v,ilegivel,,ilegivel,,
PSP_EXTRATLEITIMPL_030726_0121_20000000015153011150_000.jpg,PSP_EXTRATLEITIMPL_030726_0121,test,llama32v,legivel,,legivel,51474,digitada_leiturista
PSP_EXTRATLEITIMPL_030726_0121_20000000015203002364_000.jpg,PSP_EXTRATLEITIMPL_030726_0121,test,llama32v,ilegivel,,ilegivel,,
PSP_EXTRATLEITIMPL_030726_0121_20000000015252990830_000.jpg,PSP_EXTRATLEITIMPL_030726_0121,test,llama32v,legivel,,legivel,6586,digitada_leiturista
PSP_EXTRATLEITIMPL_030726_0121_20000000015252994605_000.jpg,PSP_EXTRATLEITIMPL_030726_0121,test,llama32v,ilegivel,,ilegivel,,
PSP_EXTRATLEITIMPL_030726_0121_20000000015253008351_000.jpg,PSP_EXTRATLEITIMPL_030726_0121,test,llama32v,legivel,,legivel,58019,digitada_leiturista
PSP_EXTRATLEITIMPL_030726_0121_20000000015303001656_000.jpg,PSP_EXTRATLEITIMPL_030726_0121,test,llama32v,sem_medidor,,sem_medidor,,
PSP_EXTRATLEITIMPL_030726_0121_20000000015303016202_000.jpg,PSP_EXTRATLEITIMPL_030726_0121,test,llama32v,sem_medidor,,sem_medidor,,
PSP_EXTRATLEITIMPL_030726_0121_20000000015303017294_000.jpg,PSP_EXTRATLEITIMPL_030726_0121,test,llama32v,sem_medidor,,sem_medidor,,
PSP_EXTRATLEITIMPL_030726_0121_20000000015303018353_000.jpg,PSP_EXTRATLEITIMPL_030726_0121,test,llama32v,ilegivel,,ilegivel,,
PSP_EXTRATLEITIMPL_030726_0121_20000000015353008199_000.jpg,PSP_EXTRATLEITIMPL_030726_0121,test,llama32v,legivel,,legivel,245346,digitada_leiturista
PSP_EXTRATLEITIMPL_030726_0121_20000000015402978659_000.jpg,PSP_EXTRATLEITIMPL_030726_0121,test,llama32v,ilegivel,,ilegivel,,
PSP_EXTRATLEITIMPL_030726_0121_20000000015402988364_000.jpg,PSP_EXTRATLEITIMPL_030726_0121,test,llama32v,legivel,,legivel,7337,digitada_leiturista
PSP_EXTRATLEITIMPL_030726_0121_20000000015402989440_000.jpg,PSP_EXTRATLEITIMPL_030726_0121,test,llama32v,legivel,,legivel,143402,digitada_leiturista
PSP_EXTRATLEITIMPL_030726_0121_20000000015402994072_000.jpg,PSP_EXTRATLEITIMPL_030726_0121,test,llama32v,legivel,,legivel,358668,digitada_leiturista
PSP_EXTRATLEITIMPL_030726_0121_20000000015452976812_000.jpg,PSP_EXTRATLEITIMPL_030726_0121,test,llama32v,ilegivel,,ilegivel,,
PSP_EXTRATLEITIMPL_030726_0121_20000000015452991360_000.jpg,PSP_EXTRATLEITIMPL_030726_0121,test,llama32v,ilegivel,,ilegivel,,
PSP_EXTRATLEITIMPL_030726_0121_20000000015452992383_000.jpg,PSP_EXTRATLEITIMPL_030726_0121,test,llama32v,ilegivel,,ilegivel,,
PSP_EXTRATLEITIMPL_030726_0121_20000000015502985573_000.jpg,PSP_EXTRATLEITIMPL_030726_0121,test,llama32v,legivel,,legivel,3185,digitada_leiturista
PSP_EXTRATLEITIMPL_030726_0121_20000000015502992315_000.jpg,PSP_EXTRATLEITIMPL_030726_0121,test,llama32v,ilegivel,,ilegivel,,
PSP_EXTRATLEITIMPL_030726_0121_20000000015552993014_000.jpg,PSP_EXTRATLEITIMPL_030726_0121,test,llama32v,legivel,,legivel,79536,digitada_leiturista
PSP_EXTRATLEITIMPL_030726_0121_20000000015602996517_000.jpg,PSP_EXTRATLEITIMPL_030726_0121,test,llama32v,ilegivel,,ilegivel,,
PSP_EXTRATLEITIMPL_030726_0121_20000000015652997038_000.jpg,PSP_EXTRATLEITIMPL_030726_0121,test,llama32v,legivel,,legivel,132941,digitada_leiturista
PSP_EXTRATLEITIMPL_030726_0121_20000000015652999136_000.jpg,PSP_EXTRATLEITIMPL_030726_0121,test,llama32v,legivel,,legivel,74239,digitada_leiturista
PSP_EXTRATLEITIMPL_030726_0121_20000000015702981464_000.jpg,PSP_EXTRATLEITIMPL_030726_0121,test,llama32v,legivel,,legivel,2501,digitada_leiturista
PSP_EXTRATLEITIMPL_030726_0121_20000000015702988467_000.jpg,PSP_EXTRATLEITIMPL_030726_0121,test,llama32v,ilegivel,,ilegivel,,
PSP_EXTRATLEITIMPL_030726_0121_20000000015702990298_000.jpg,PSP_EXTRATLEITIMPL_030726_0121,test,llama32v,ilegivel,,ilegivel,,
PSP_EXTRATLEITIMPL_030726_0121_20000000015752976764_000.jpg,PSP_EXTRATLEITIMPL_030726_0121,test,llama32v,legivel,,legivel,3157,digitada_leiturista
PSP_EXTRATLEITIMPL_030726_0121_20000000015752990322_000.jpg,PSP_EXTRATLEITIMPL_030726_0121,test,llama32v,legivel,,legivel,46083,digitada_leiturista
PSP_EXTRATLEITIMPL_030726_0121_20000000015802990012_000.jpg,PSP_EXTRATLEITIMPL_030726_0121,test,llama32v,legivel,,legivel,660,digitada_leiturista
PSP_EXTRATLEITIMPL_030726_0121_20000000015852974821_000.jpg,PSP_EXTRATLEITIMPL_030726_0121,test,llama32v,ilegivel,,ilegivel,,
PSP_EXTRATLEITIMPL_030726_0121_20000000015852979596_000.jpg,PSP_EXTRATLEITIMPL_030726_0121,test,llama32v,legivel,,legivel,3854,digitada_leiturista
PSP_EXTRATLEITIMPL_030726_0121_20000000015852986567_000.jpg,PSP_EXTRATLEITIMPL_030726_0121,test,llama32v,legivel,,legivel,128116,digitada_leiturista
PSP_EXTRATLEITIMPL_030726_0121_20000000015852987573_000.jpg,PSP_EXTRATLEITIMPL_030726_0121,test,llama32v,legivel,,legivel,7531,digitada_leiturista
PSP_EXTRATLEITIMPL_030726_0121_20000000015852988398_000.jpg,PSP_EXTRATLEITIMPL_030726_0121,test,llama32v,legivel,,legivel,5558,digitada_leiturista
PSP_EXTRATLEITIMPL_030726_0121_20000000015903001431_000.jpg,PSP_EXTRATLEITIMPL_030726_0121,test,llama32v,sem_medidor,,sem_medidor,,
PSP_EXTRATLEITIMPL_030726_0121_20000000015952985568_000.jpg,PSP_EXTRATLEITIMPL_030726_0121,test,llama32v,sem_medidor,,sem_medidor,,
PSP_EXTRATLEITIMPL_030726_0121_20000000015952988435_000.jpg,PSP_EXTRATLEITIMPL_030726_0121,test,llama32v,legivel,,legivel,,
PSP_EXTRATLEITIMPL_030726_0121_20000000015952996154_000.jpg,PSP_EXTRATLEITIMPL_030726_0121,test,llama32v,ilegivel,,ilegivel,,
PSP_EXTRATLEITIMPL_030726_0121_20000000015952997094_000.jpg,PSP_EXTRATLEITIMPL_030726_0121,test,llama32v,sem_medidor,,sem_medidor,,
PSP_EXTRATLEITIMPL_030726_0121_20000000015952997095_000.jpg,PSP_EXTRATLEITIMPL_030726_0121,test,llama32v,legivel,,legivel,46606,digitada_leiturista
PSP_EXTRATLEITIMPL_030726_0121_20000000016002977682_000.jpg,PSP_EXTRATLEITIMPL_030726_0121,test,llama32v,ilegivel,,ilegivel,,
PSP_EXTRATLEITIMPL_030726_0121_20000000016002990371_000.jpg,PSP_EXTRATLEITIMPL_030726_0121,test,llama32v,ilegivel,,ilegivel,,
PSP_EXTRATLEITIMPL_030726_0121_20000000016002998011_000.jpg,PSP_EXTRATLEITIMPL_030726_0121,test,llama32v,ilegivel,,ilegivel,,
PSP_EXTRATLEITIMPL_030726_0121_20000000016052990653_000.jpg,PSP_EXTRATLEITIMPL_030726_0121,test,llama32v,ilegivel,,ilegivel,,
PSP_EXTRATLEITIMPL_030726_0121_20000000016053007029_000.jpg,PSP_EXTRATLEITIMPL_030726_0121,test,llama32v,legivel,,legivel,75099,digitada_leiturista
PSP_EXTRATLEITIMPL_030726_0121_20000000016102967708_000.jpg,PSP_EXTRATLEITIMPL_030726_0121,test,llama32v,legivel,,legivel,61585,digitada_leiturista
PSP_EXTRATLEITIMPL_030726_0121_20000000016102969653_000.jpg,PSP_EXTRATLEITIMPL_030726_0121,test,llama32v,sem_medidor,,sem_medidor,,
PSP_EXTRATLEITIMPL_030726_0121_20000000016102984265_000.jpg,PSP_EXTRATLEITIMPL_030726_0121,test,llama32v,ilegivel,,ilegivel,,
PSP_EXTRATLEITIMPL_030726_0121_20000000016152991465_000.jpg,PSP_EXTRATLEITIMPL_030726_0121,test,llama32v,legivel,,legivel,3863,digitada_leiturista
PSP_EXTRATLEITIMPL_030726_0121_20000000016152992400_000.jpg,PSP_EXTRATLEITIMPL_030726_0121,test,llama32v,ilegivel,,ilegivel,,
PSP_EXTRATLEITIMPL_030726_0121_20000000016152994315_000.jpg,PSP_EXTRATLEITIMPL_030726_0121,test,llama32v,legivel,,legivel,35,digitada_leiturista
PSP_EXTRATLEITIMPL_030726_0121_20000000016153000020_000.jpg,PSP_EXTRATLEITIMPL_030726_0121,test,llama32v,legivel,,legivel,47049,digitada_leiturista
PSP_EXTRATLEITIMPL_030726_0121_20000000016202970949_000.jpg,PSP_EXTRATLEITIMPL_030726_0121,test,llama32v,ilegivel,,ilegivel,,
PSP_EXTRATLEITIMPL_030726_0121_20000000016202976712_000.jpg,PSP_EXTRATLEITIMPL_030726_0121,test,llama32v,legivel,,legivel,59721,digitada_leiturista
PSP_EXTRATLEITIMPL_030726_0121_20000000016202996192_000.jpg,PSP_EXTRATLEITIMPL_030726_0121,test,llama32v,legivel,,legivel,64507,digitada_leiturista
PSP_EXTRATLEITIMPL_030726_0121_20000000016252992481_000.jpg,PSP_EXTRATLEITIMPL_030726_0121,test,llama32v,legivel,,legivel,1260,digitada_leiturista
PSP_EXTRATLEITIMPL_030726_0121_20000000016252995157_000.jpg,PSP_EXTRATLEITIMPL_030726_0121,test,llama32v,legivel,,legivel,8377,digitada_leiturista
PSP_EXTRATLEITIMPL_030726_0121_20000000016302977973_000.jpg,PSP_EXTRATLEITIMPL_030726_0121,test,llama32v,legivel,,legivel,55801,digitada_leiturista
PSP_EXTRATLEITIMPL_030726_0121_20000000016303002189_000.jpg,PSP_EXTRATLEITIMPL_030726_0121,test,llama32v,legivel,,legivel,60357,digitada_leiturista
PSP_EXTRATLEITIMPL_030726_0121_20000000016352984586_000.jpg,PSP_EXTRATLEITIMPL_030726_0121,test,llama32v,legivel,,legivel,16758,digitada_leiturista
PSP_EXTRATLEITIMPL_030726_0121_20000000016352989570_000.jpg,PSP_EXTRATLEITIMPL_030726_0121,test,llama32v,ilegivel,,ilegivel,,
PSP_EXTRATLEITIMPL_030726_0121_20000000016353006004_000.jpg,PSP_EXTRATLEITIMPL_030726_0121,test,llama32v,legivel,,legivel,12381,digitada_leiturista
PSP_EXTRATLEITIMPL_030726_0121_20000000016402995153_000.jpg,PSP_EXTRATLEITIMPL_030726_0121,test,llama32v,legivel,,legivel,2983,digitada_leiturista
PSP_EXTRATLEITIMPL_030726_0121_20000000016502987444_000.jpg,PSP_EXTRATLEITIMPL_030726_0121,test,llama32v,ilegivel,,ilegivel,,
PSP_EXTRATLEITIMPL_030726_0121_20000000016502992235_000.jpg,PSP_EXTRATLEITIMPL_030726_0121,test,llama32v,ilegivel,,ilegivel,,
PSP_EXTRATLEITIMPL_030726_0121_20000000016552992579_000.jpg,PSP_EXTRATLEITIMPL_030726_0121,test,llama32v,legivel,,legivel,5630,digitada_leiturista
PSP_EXTRATLEITIMPL_030726_0121_20000000016552994534_000.jpg,PSP_EXTRATLEITIMPL_030726_0121,test,llama32v,legivel,,legivel,30790,digitada_leiturista
PSP_EXTRATLEITIMPL_030726_0121_20000000016603002980_000.jpg,PSP_EXTRATLEITIMPL_030726_0121,test,llama32v,legivel,,legivel,2039,digitada_leiturista
PSP_EXTRATLEITIMPL_030726_0121_20000000016603016595_000.jpg,PSP_EXTRATLEITIMPL_030726_0121,test,llama32v,legivel,,legivel,28761,digitada_leiturista
PSP_EXTRATLEITIMPL_030726_0121_20000000016603017537_000.jpg,PSP_EXTRATLEITIMPL_030726_0121,test,llama32v,legivel,,legivel,29,digitada_leiturista
PSP_EXTRATLEITIMPL_030726_0121_20000000016603026085_000.jpg,PSP_EXTRATLEITIMPL_030726_0121,test,llama32v,legivel,,legivel,101039,digitada_leiturista
PSP_EXTRATLEITIMPL_030726_0121_20000000016653013377_000.jpg,PSP_EXTRATLEITIMPL_030726_0121,test,llama32v,sem_medidor,,sem_medidor,,
PSP_EXTRATLEITIMPL_030726_0121_20000000016703002996_000.jpg,PSP_EXTRATLEITIMPL_030726_0121,test,llama32v,legivel,,legivel,13962,digitada_leiturista
PSP_EXTRATLEITIMPL_030726_0121_20000000016703005863_000.jpg,PSP_EXTRATLEITIMPL_030726_0121,test,llama32v,ilegivel,,ilegivel,,
PSP_EXTRATLEITIMPL_030726_0121_20000000016703011789_000.jpg,PSP_EXTRATLEITIMPL_030726_0121,test,llama32v,ilegivel,,ilegivel,,
PSP_EXTRATLEITIMPL_030726_0121_20000000016703014568_000.jpg,PSP_EXTRATLEITIMPL_030726_0121,test,llama32v,sem_medidor,,sem_medidor,,
PSP_EXTRATLEITIMPL_030726_0121_20000000016703016579_000.jpg,PSP_EXTRATLEITIMPL_030726_0121,test,llama32v,legivel,,legivel,39399,digitada_leiturista
PSP_EXTRATLEITIMPL_030726_0121_20000000016753000610_000.jpg,PSP_EXTRATLEITIMPL_030726_0121,test,llama32v,legivel,,legivel,1121,digitada_leiturista
PSP_EXTRATLEITIMPL_030726_0121_20000000016803009528_000.jpg,PSP_EXTRATLEITIMPL_030726_0121,test,llama32v,legivel,,legivel,55564,digitada_leiturista
PSP_EXTRATLEITIMPL_030726_0121_20000000016852999680_000.jpg,PSP_EXTRATLEITIMPL_030726_0121,test,llama32v,legivel,,legivel,26512,digitada_leiturista
PSP_EXTRATLEITIMPL_030726_0121_20000000016853004777_000.jpg,PSP_EXTRATLEITIMPL_030726_0121,test,llama32v,legivel,,legivel,71,digitada_leiturista
PSP_EXTRATLEITIMPL_030726_0121_20000000016853012507_000.jpg,PSP_EXTRATLEITIMPL_030726_0121,test,llama32v,legivel,,legivel,301497,digitada_leiturista
PSP_EXTRATLEITIMPL_030726_0121_20000000016902997959_000.jpg,PSP_EXTRATLEITIMPL_030726_0121,test,llama32v,legivel,,legivel,66022,digitada_leiturista
PSP_EXTRATLEITIMPL_030726_0121_20000000016952991972_000.jpg,PSP_EXTRATLEITIMPL_030726_0121,test,llama32v,legivel,,legivel,5652,digitada_leiturista
PSP_EXTRATLEITIMPL_030726_0121_20000000016953017183_000.jpg,PSP_EXTRATLEITIMPL_030726_0121,test,llama32v,legivel,,legivel,14131,digitada_leiturista
PSP_EXTRATLEITIMPL_030726_0121_20000000017003015577_000.jpg,PSP_EXTRATLEITIMPL_030726_0121,test,llama32v,ilegivel,,ilegivel,,
PSP_EXTRATLEITIMPL_030726_0121_20000000017003022368_000.jpg,PSP_EXTRATLEITIMPL_030726_0121,test,llama32v,legivel,,legivel,4876,digitada_leiturista
PSP_EXTRATLEITIMPL_030726_0121_20000000017003027073_001.jpg,PSP_EXTRATLEITIMPL_030726_0121,test,llama32v,legivel,,legivel,598,digitada_leiturista
PSP_EXTRATLEITIMPL_030726_0121_20000000017053002576_000.jpg,PSP_EXTRATLEITIMPL_030726_0121,test,llama32v,ilegivel,,ilegivel,,
PSP_EXTRATLEITIMPL_030726_0121_20000000017053018200_000.jpg,PSP_EXTRATLEITIMPL_030726_0121,test,llama32v,legivel,,legivel,28228,digitada_leiturista
PSP_EXTRATLEITIMPL_030726_0121_20000000017153016513_000.jpg,PSP_EXTRATLEITIMPL_030726_0121,test,llama32v,sem_medidor,,sem_medidor,,
PSP_EXTRATLEITIMPL_030726_0121_20000000017153024181_000.jpg,PSP_EXTRATLEITIMPL_030726_0121,test,llama32v,ilegivel,,ilegivel,,
PSP_EXTRATLEITIMPL_030726_0121_20000000017202995704_000.jpg,PSP_EXTRATLEITIMPL_030726_0121,test,llama32v,legivel,,legivel,34302,digitada_leiturista
PSP_EXTRATLEITIMPL_030726_0121_20000000017203003327_000.jpg,PSP_EXTRATLEITIMPL_030726_0121,test,llama32v,legivel,,legivel,52977,digitada_leiturista
PSP_EXTRATLEITIMPL_030726_0121_20000000017253003699_000.jpg,PSP_EXTRATLEITIMPL_030726_0121,test,llama32v,legivel,,legivel,266,digitada_leiturista
PSP_EXTRATLEITIMPL_030726_0121_20000000017253004755_000.jpg,PSP_EXTRATLEITIMPL_030726_0121,test,llama32v,legivel,,legivel,968,digitada_leiturista
PSP_EXTRATLEITIMPL_030726_0121_20000000017253018059_000.jpg,PSP_EXTRATLEITIMPL_030726_0121,test,llama32v,legivel,,legivel,71,digitada_leiturista
PSP_EXTRATLEITIMPL_030726_0121_20000000017303016503_000.jpg,PSP_EXTRATLEITIMPL_030726_0121,test,llama32v,legivel,,legivel,30492,digitada_leiturista
PSP_EXTRATLEITIMPL_030726_0121_20000000017303019376_000.jpg,PSP_EXTRATLEITIMPL_030726_0121,test,llama32v,legivel,,legivel,124030,digitada_leiturista
PSP_EXTRATLEITIMPL_030726_0121_20000000017353019570_000.jpg,PSP_EXTRATLEITIMPL_030726_0121,test,llama32v,sem_medidor,,sem_medidor,,
PSP_EXTRATLEITIMPL_030726_0121_20000000017402999899_000.jpg,PSP_EXTRATLEITIMPL_030726_0121,test,llama32v,ilegivel,,ilegivel,,
PSP_EXTRATLEITIMPL_030726_0121_20000000017403009469_000.jpg,PSP_EXTRATLEITIMPL_030726_0121,test,llama32v,legivel,,legivel,12204,digitada_leiturista
PSP_EXTRATLEITIMPL_030726_0121_20000000017403015473_000.jpg,PSP_EXTRATLEITIMPL_030726_0121,test,llama32v,legivel,,legivel,48889,digitada_leiturista
PSP_EXTRATLEITIMPL_030726_0121_20000000017452995762_000.jpg,PSP_EXTRATLEITIMPL_030726_0121,test,llama32v,ilegivel,,ilegivel,,
PSP_EXTRATLEITIMPL_030726_0121_20000000017452996569_000.jpg,PSP_EXTRATLEITIMPL_030726_0121,test,llama32v,legivel,,legivel,1642,digitada_leiturista
PSP_EXTRATLEITIMPL_030726_0121_20000000017453004350_000.jpg,PSP_EXTRATLEITIMPL_030726_0121,test,llama32v,legivel,,legivel,78959,digitada_leiturista
PSP_EXTRATLEITIMPL_030726_0121_20000000017453014010_000.jpg,PSP_EXTRATLEITIMPL_030726_0121,test,llama32v,ilegivel,,ilegivel,,
PSP_EXTRATLEITIMPL_030726_0121_20000000017503006575_000.jpg,PSP_EXTRATLEITIMPL_030726_0121,test,llama32v,ilegivel,,ilegivel,,
PSP_EXTRATLEITIMPL_030726_0121_20000000017503008429_000.jpg,PSP_EXTRATLEITIMPL_030726_0121,test,llama32v,legivel,,legivel,58349,digitada_leiturista
PSP_EXTRATLEITIMPL_030726_0121_20000000017503008430_000.jpg,PSP_EXTRATLEITIMPL_030726_0121,test,llama32v,ilegivel,,ilegivel,,
PSP_EXTRATLEITIMPL_030726_0121_20000000017553000835_001.jpg,PSP_EXTRATLEITIMPL_030726_0121,test,llama32v,ilegivel,,ilegivel,,
PSP_EXTRATLEITIMPL_030726_0121_20000000017553015503_000.jpg,PSP_EXTRATLEITIMPL_030726_0121,test,llama32v,ilegivel,,ilegivel,,
PSP_EXTRATLEITIMPL_030726_0121_20000000017553022201_000.jpg,PSP_EXTRATLEITIMPL_030726_0121,test,llama32v,legivel,,legivel,14741,digitada_leiturista
PSP_EXTRATLEITIMPL_030726_0121_20000000017602998359_000.jpg,PSP_EXTRATLEITIMPL_030726_0121,test,llama32v,legivel,,legivel,48888,digitada_leiturista
PSP_EXTRATLEITIMPL_030726_0121_20000000017602998370_000.jpg,PSP_EXTRATLEITIMPL_030726_0121,test,llama32v,ilegivel,,ilegivel,,
PSP_EXTRATLEITIMPL_030726_0121_20000000017603007012_000.jpg,PSP_EXTRATLEITIMPL_030726_0121,test,llama32v,legivel,,legivel,8410,digitada_leiturista
PSP_EXTRATLEITIMPL_030726_0121_20000000017652995946_000.jpg,PSP_EXTRATLEITIMPL_030726_0121,test,llama32v,legivel,,legivel,16343,digitada_leiturista
PSP_EXTRATLEITIMPL_030726_0121_20000000017653004751_000.jpg,PSP_EXTRATLEITIMPL_030726_0121,test,llama32v,ilegivel,,ilegivel,,
PSP_EXTRATLEITIMPL_030726_0121_20000000017653004772_000.jpg,PSP_EXTRATLEITIMPL_030726_0121,test,llama32v,legivel,,legivel,2879,digitada_leiturista
PSP_EXTRATLEITIMPL_030726_0121_20000000017653006580_000.jpg,PSP_EXTRATLEITIMPL_030726_0121,test,llama32v,ilegivel,,ilegivel,,
PSP_EXTRATLEITIMPL_030726_0121_20000000017753004644_000.jpg,PSP_EXTRATLEITIMPL_030726_0121,test,llama32v,ilegivel,,ilegivel,,
PSP_EXTRATLEITIMPL_030726_0121_20000000017753009508_000.jpg,PSP_EXTRATLEITIMPL_030726_0121,test,llama32v,ilegivel,,ilegivel,,
PSP_EXTRATLEITIMPL_030726_0121_20000000017753011459_000.jpg,PSP_EXTRATLEITIMPL_030726_0121,test,llama32v,legivel,,legivel,9903,digitada_leiturista
PSP_EXTRATLEITIMPL_030726_0121_20000000017802999653_000.jpg,PSP_EXTRATLEITIMPL_030726_0121,test,llama32v,legivel,,legivel,6707,digitada_leiturista
PSP_EXTRATLEITIMPL_030726_0121_20000000017803013418_000.jpg,PSP_EXTRATLEITIMPL_030726_0121,test,llama32v,ilegivel,,ilegivel,,
PSP_EXTRATLEITIMPL_030726_0121_20000000017803014378_000.jpg,PSP_EXTRATLEITIMPL_030726_0121,test,llama32v,legivel,,legivel,18486,digitada_leiturista
PSP_EXTRATLEITIMPL_030726_0121_20000000017803020048_000.jpg,PSP_EXTRATLEITIMPL_030726_0121,test,llama32v,sem_medidor,,sem_medidor,,
PSP_EXTRATLEITIMPL_030726_0121_20000000017803021172_000.jpg,PSP_EXTRATLEITIMPL_030726_0121,test,llama32v,ilegivel,,ilegivel,,
PSP_EXTRATLEITIMPL_030726_0121_20000000017803021184_000.jpg,PSP_EXTRATLEITIMPL_030726_0121,test,llama32v,legivel,,legivel,69911,digitada_leiturista
PSP_EXTRATLEITIMPL_030726_0121_20000000017803025011_000.jpg,PSP_EXTRATLEITIMPL_030726_0121,test,llama32v,legivel,,legivel,1714,digitada_leiturista
PSP_EXTRATLEITIMPL_030726_0121_20000000017852998750_000.jpg,PSP_EXTRATLEITIMPL_030726_0121,test,llama32v,ilegivel,,ilegivel,,
PSP_EXTRATLEITIMPL_030726_0121_20000000017853010443_000.jpg,PSP_EXTRATLEITIMPL_030726_0121,test,llama32v,sem_medidor,,sem_medidor,,
PSP_EXTRATLEITIMPL_030726_0121_20000000017853012446_000.jpg,PSP_EXTRATLEITIMPL_030726_0121,test,llama32v,legivel,,legivel,36104,digitada_leiturista
PSP_EXTRATLEITIMPL_030726_0121_20000000017902986908_000.jpg,PSP_EXTRATLEITIMPL_030726_0121,test,llama32v,legivel,,legivel,3620,digitada_leiturista
PSP_EXTRATLEITIMPL_030726_0121_20000000017952988588_000.jpg,PSP_EXTRATLEITIMPL_030726_0121,test,llama32v,legivel,,legivel,99999,digitada_leiturista
PSP_EXTRATLEITIMPL_030726_0121_20000000017953003039_000.jpg,PSP_EXTRATLEITIMPL_030726_0121,test,llama32v,legivel,,legivel,7,digitada_leiturista
PSP_EXTRATLEITIMPL_030726_0121_20000000018003001767_000.jpg,PSP_EXTRATLEITIMPL_030726_0121,test,llama32v,legivel,,legivel,32921,digitada_leiturista
PSP_EXTRATLEITIMPL_030726_0121_20000000018003019086_000.jpg,PSP_EXTRATLEITIMPL_030726_0121,test,llama32v,legivel,,legivel,1632,digitada_leiturista
PSP_EXTRATLEITIMPL_030726_0121_20000000018003025012_000.jpg,PSP_EXTRATLEITIMPL_030726_0121,test,llama32v,legivel,,legivel,48180,digitada_leiturista
PSP_EXTRATLEITIMPL_030726_0121_20000000018052980715_000.jpg,PSP_EXTRATLEITIMPL_030726_0121,test,llama32v,legivel,,legivel,146,digitada_leiturista
PSP_EXTRATLEITIMPL_030726_0121_20000000018052985699_000.jpg,PSP_EXTRATLEITIMPL_030726_0121,test,llama32v,ilegivel,,ilegivel,,
PSP_EXTRATLEITIMPL_030726_0121_20000000018052988444_000.jpg,PSP_EXTRATLEITIMPL_030726_0121,test,llama32v,legivel,,legivel,17353,digitada_leiturista
PSP_EXTRATLEITIMPL_030726_0121_20000000018052992469_000.jpg,PSP_EXTRATLEITIMPL_030726_0121,test,llama32v,legivel,,legivel,5038,digitada_leiturista
PSP_EXTRATLEITIMPL_030726_0121_20000000018103010312_000.jpg,PSP_EXTRATLEITIMPL_030726_0121,test,llama32v,legivel,,legivel,8023,digitada_leiturista
PSP_EXTRATLEITIMPL_030726_0121_20000000018103014066_000.jpg,PSP_EXTRATLEITIMPL_030726_0121,test,llama32v,legivel,,legivel,3366,digitada_leiturista
PSP_EXTRATLEITIMPL_030726_0121_20000000018103016192_000.jpg,PSP_EXTRATLEITIMPL_030726_0121,test,llama32v,ilegivel,,ilegivel,,
PSP_EXTRATLEITIMPL_030726_0121_20000000018152984783_000.jpg,PSP_EXTRATLEITIMPL_030726_0121,test,llama32v,legivel,,legivel,99084,digitada_leiturista
PSP_EXTRATLEITIMPL_030726_0121_20000000018202981963_000.jpg,PSP_EXTRATLEITIMPL_030726_0121,test,llama32v,legivel,,legivel,51890,digitada_leiturista
PSP_EXTRATLEITIMPL_030726_0121_20000000018202994681_000.jpg,PSP_EXTRATLEITIMPL_030726_0121,test,llama32v,ilegivel,,ilegivel,,
PSP_EXTRATLEITIMPL_030726_0121_20000000018203010154_003.jpg,PSP_EXTRATLEITIMPL_030726_0121,test,llama32v,ilegivel,,ilegivel,,
PSP_EXTRATLEITIMPL_030726_0121_20000000018303008214_001.jpg,PSP_EXTRATLEITIMPL_030726_0121,test,llama32v,legivel,,legivel,0,digitada_leiturista
PSP_EXTRATLEITIMPL_030726_0121_20000000018303012008_000.jpg,PSP_EXTRATLEITIMPL_030726_0121,test,llama32v,ilegivel,,ilegivel,,
PSP_EXTRATLEITIMPL_030726_0121_20000000018352985864_000.jpg,PSP_EXTRATLEITIMPL_030726_0121,test,llama32v,ilegivel,,ilegivel,,
PSP_EXTRATLEITIMPL_030726_0121_20000000018352999542_000.jpg,PSP_EXTRATLEITIMPL_030726_0121,test,llama32v,legivel,,legivel,42959,digitada_leiturista
PSP_EXTRATLEITIMPL_030726_0121_20000000018353007075_000.jpg,PSP_EXTRATLEITIMPL_030726_0121,test,llama32v,legivel,,legivel,435,digitada_leiturista
PSP_EXTRATLEITIMPL_030726_0121_20000000018353008079_000.jpg,PSP_EXTRATLEITIMPL_030726_0121,test,llama32v,legivel,,legivel,147,digitada_leiturista
PSP_EXTRATLEITIMPL_030726_0121_20000000018402986834_000.jpg,PSP_EXTRATLEITIMPL_030726_0121,test,llama32v,legivel,,legivel,22342,digitada_leiturista
PSP_EXTRATLEITIMPL_030726_0121_20000000018402990714_000.jpg,PSP_EXTRATLEITIMPL_030726_0121,test,llama32v,ilegivel,,ilegivel,,
PSP_EXTRATLEITIMPL_030726_0121_20000000018402992729_000.jpg,PSP_EXTRATLEITIMPL_030726_0121,test,llama32v,legivel,,legivel,5886,digitada_leiturista
PSP_EXTRATLEITIMPL_030726_0121_20000000018403004418_000.jpg,PSP_EXTRATLEITIMPL_030726_0121,test,llama32v,legivel,,legivel,0,digitada_leiturista
PSP_EXTRATLEITIMPL_030726_0121_20000000018452990731_000.jpg,PSP_EXTRATLEITIMPL_030726_0121,test,llama32v,sem_medidor,,sem_medidor,,
PSP_EXTRATLEITIMPL_030726_0121_20000000018452994641_000.jpg,PSP_EXTRATLEITIMPL_030726_0121,test,llama32v,legivel,,legivel,19264,digitada_leiturista
PSP_EXTRATLEITIMPL_030726_0121_20000000018452999572_001.jpg,PSP_EXTRATLEITIMPL_030726_0121,test,llama32v,ilegivel,,ilegivel,,
PSP_EXTRATLEITIMPL_030726_0121_20000000018453002547_001.jpg,PSP_EXTRATLEITIMPL_030726_0121,test,llama32v,legivel,,legivel,,
PSP_EXTRATLEITIMPL_030726_0121_20000000018453006274_000.jpg,PSP_EXTRATLEITIMPL_030726_0121,test,llama32v,legivel,,legivel,78352,digitada_leiturista
PSP_EXTRATLEITIMPL_030726_0121_20000000018453010155_000.jpg,PSP_EXTRATLEITIMPL_030726_0121,test,llama32v,ilegivel,,ilegivel,,
PSP_EXTRATLEITIMPL_030726_0121_20000000018502994496_000.jpg,PSP_EXTRATLEITIMPL_030726_0121,test,llama32v,legivel,,legivel,4572,digitada_leiturista
PSP_EXTRATLEITIMPL_030726_0121_20000000018553006465_000.jpg,PSP_EXTRATLEITIMPL_030726_0121,test,llama32v,ilegivel,,ilegivel,,
PSP_EXTRATLEITIMPL_030726_0121_20000000018653000834_000.jpg,PSP_EXTRATLEITIMPL_030726_0121,test,llama32v,legivel,,legivel,24108,digitada_leiturista
PSP_EXTRATLEITIMPL_030726_0121_20000000018653009666_000.jpg,PSP_EXTRATLEITIMPL_030726_0121,test,llama32v,legivel,,legivel,11693,digitada_leiturista
PSP_EXTRATLEITIMPL_030726_0121_20000000018752999474_000.jpg,PSP_EXTRATLEITIMPL_030726_0121,test,llama32v,ilegivel,,ilegivel,,
PSP_EXTRATLEITIMPL_030726_0121_20000000018753000512_000.jpg,PSP_EXTRATLEITIMPL_030726_0121,test,llama32v,ilegivel,,ilegivel,,
PSP_EXTRATLEITIMPL_030726_0121_20000000018753010179_000.jpg,PSP_EXTRATLEITIMPL_030726_0121,test,llama32v,legivel,,legivel,15846,digitada_leiturista
PSP_EXTRATLEITIMPL_030726_0121_20000000018753012005_000.jpg,PSP_EXTRATLEITIMPL_030726_0121,test,llama32v,legivel,,legivel,12946,digitada_leiturista
PSP_EXTRATLEITIMPL_030726_0121_20000000018802976973_000.jpg,PSP_EXTRATLEITIMPL_030726_0121,test,llama32v,legivel,,legivel,5544,digitada_leiturista
PSP_EXTRATLEITIMPL_030726_0121_20000000018802982643_000.jpg,PSP_EXTRATLEITIMPL_030726_0121,test,llama32v,sem_medidor,,sem_medidor,,
PSP_EXTRATLEITIMPL_030726_0121_20000000018852988696_000.jpg,PSP_EXTRATLEITIMPL_030726_0121,test,llama32v,legivel,,legivel,15991,digitada_leiturista
PSP_EXTRATLEITIMPL_030726_0121_20000000018852998673_000.jpg,PSP_EXTRATLEITIMPL_030726_0121,test,llama32v,legivel,,legivel,136375,digitada_leiturista
PSP_EXTRATLEITIMPL_030726_0121_20000000018853000598_000.jpg,PSP_EXTRATLEITIMPL_030726_0121,test,llama32v,legivel,,legivel,35758,digitada_leiturista
PSP_EXTRATLEITIMPL_030726_0121_20000000018853001528_000.jpg,PSP_EXTRATLEITIMPL_030726_0121,test,llama32v,legivel,,legivel,16966,digitada_leiturista
PSP_EXTRATLEITIMPL_030726_0121_20000000018853012119_000.jpg,PSP_EXTRATLEITIMPL_030726_0121,test,llama32v,legivel,,legivel,11709,digitada_leiturista
PSP_EXTRATLEITIMPL_030726_0121_20000000018902986965_000.jpg,PSP_EXTRATLEITIMPL_030726_0121,test,llama32v,legivel,,legivel,322755,digitada_leiturista
PSP_EXTRATLEITIMPL_030726_0121_20000000018903012249_000.jpg,PSP_EXTRATLEITIMPL_030726_0121,test,llama32v,ilegivel,,ilegivel,,
PSP_EXTRATLEITIMPL_030726_0121_20000000018903012269_000.jpg,PSP_EXTRATLEITIMPL_030726_0121,test,llama32v,ilegivel,,ilegivel,,
PSP_EXTRATLEITIMPL_030726_0121_20000000018903013187_000.jpg,PSP_EXTRATLEITIMPL_030726_0121,test,llama32v,legivel,,legivel,51894,digitada_leiturista
PSP_EXTRATLEITIMPL_030726_0121_20000000018952997627_000.jpg,PSP_EXTRATLEITIMPL_030726_0121,test,llama32v,ilegivel,,ilegivel,,
PSP_EXTRATLEITIMPL_030726_0121_20000000018953010169_000.jpg,PSP_EXTRATLEITIMPL_030726_0121,test,llama32v,legivel,,legivel,8928,digitada_leiturista
PSP_EXTRATLEITIMPL_030726_0121_20000000019002981841_000.jpg,PSP_EXTRATLEITIMPL_030726_0121,test,llama32v,ilegivel,,ilegivel,,
PSP_EXTRATLEITIMPL_030726_0121_20000000019002985735_000.jpg,PSP_EXTRATLEITIMPL_030726_0121,test,llama32v,ilegivel,,ilegivel,,
PSP_EXTRATLEITIMPL_030726_0121_20000000019002999343_000.jpg,PSP_EXTRATLEITIMPL_030726_0121,test,llama32v,ilegivel,,ilegivel,,
PSP_EXTRATLEITIMPL_030726_0121_20000000019052983845_000.jpg,PSP_EXTRATLEITIMPL_030726_0121,test,llama32v,legivel,,legivel,34,digitada_leiturista
PSP_EXTRATLEITIMPL_030726_0121_20000000019052986756_000.jpg,PSP_EXTRATLEITIMPL_030726_0121,test,llama32v,legivel,,legivel,157130,digitada_leiturista
PSP_EXTRATLEITIMPL_030726_0121_20000000019053002369_000.jpg,PSP_EXTRATLEITIMPL_030726_0121,test,llama32v,legivel,,legivel,17470,digitada_leiturista
PSP_EXTRATLEITIMPL_030726_0121_20000000019053003293_000.jpg,PSP_EXTRATLEITIMPL_030726_0121,test,llama32v,ilegivel,,ilegivel,,
PSP_EXTRATLEITIMPL_030726_0121_20000000019103004429_000.jpg,PSP_EXTRATLEITIMPL_030726_0121,test,llama32v,legivel,,legivel,34469,digitada_leiturista
PSP_EXTRATLEITIMPL_030726_0121_20000000019103004433_001.jpg,PSP_EXTRATLEITIMPL_030726_0121,test,llama32v,ilegivel,,ilegivel,,
PSP_EXTRATLEITIMPL_030726_0121_20000000019103006285_000.jpg,PSP_EXTRATLEITIMPL_030726_0121,test,llama32v,legivel,,legivel,14182,digitada_leiturista
PSP_EXTRATLEITIMPL_030726_0121_20000000019152994678_000.jpg,PSP_EXTRATLEITIMPL_030726_0121,test,llama32v,legivel,,legivel,3399,digitada_leiturista
PSP_EXTRATLEITIMPL_030726_0121_20000000019153005501_000.jpg,PSP_EXTRATLEITIMPL_030726_0121,test,llama32v,legivel,,legivel,57132,digitada_leiturista
PSP_EXTRATLEITIMPL_030726_0121_20000000019153013162_000.jpg,PSP_EXTRATLEITIMPL_030726_0121,test,llama32v,legivel,,legivel,9887,digitada_leiturista
PSP_EXTRATLEITIMPL_030726_0121_20000000019153014113_000.jpg,PSP_EXTRATLEITIMPL_030726_0121,test,llama32v,ilegivel,,ilegivel,,
PSP_EXTRATLEITIMPL_030726_0121_20000000019202987816_000.jpg,PSP_EXTRATLEITIMPL_030726_0121,test,llama32v,ilegivel,,ilegivel,,
PSP_EXTRATLEITIMPL_030726_0121_20000000019203014008_000.jpg,PSP_EXTRATLEITIMPL_030726_0121,test,llama32v,legivel,,legivel,33147,digitada_leiturista
PSP_EXTRATLEITIMPL_030726_0121_20000000019252992767_000.jpg,PSP_EXTRATLEITIMPL_030726_0121,test,llama32v,legivel,,legivel,99999,digitada_leiturista
PSP_EXTRATLEITIMPL_030726_0121_20000000019253012170_000.jpg,PSP_EXTRATLEITIMPL_030726_0121,test,llama32v,ilegivel,,ilegivel,,
PSP_EXTRATLEITIMPL_030726_0121_20000000019302994659_000.jpg,PSP_EXTRATLEITIMPL_030726_0121,test,llama32v,legivel,,legivel,884,digitada_leiturista
PSP_EXTRATLEITIMPL_030726_0121_20000000019303003560_000.jpg,PSP_EXTRATLEITIMPL_030726_0121,test,llama32v,ilegivel,,ilegivel,,
PSP_EXTRATLEITIMPL_030726_0121_20000000019303005493_000.jpg,PSP_EXTRATLEITIMPL_030726_0121,test,llama32v,ilegivel,,ilegivel,,
PSP_EXTRATLEITIMPL_030726_0121_20000000019303010301_000.jpg,PSP_EXTRATLEITIMPL_030726_0121,test,llama32v,sem_medidor,,sem_medidor,,
PSP_EXTRATLEITIMPL_030726_0121_20000000019353015425_000.jpg,PSP_EXTRATLEITIMPL_030726_0121,test,llama32v,ilegivel,,ilegivel,,
PSP_EXTRATLEITIMPL_030726_0121_20000000019353016228_000.jpg,PSP_EXTRATLEITIMPL_030726_0121,test,llama32v,legivel,,legivel,15173,digitada_leiturista
PSP_EXTRATLEITIMPL_030726_0121_20000000019403010334_000.jpg,PSP_EXTRATLEITIMPL_030726_0121,test,llama32v,legivel,,legivel,18775,digitada_leiturista
PSP_EXTRATLEITIMPL_030726_0121_20000000019403010335_000.jpg,PSP_EXTRATLEITIMPL_030726_0121,test,llama32v,legivel,,legivel,99999,digitada_leiturista
PSP_EXTRATLEITIMPL_030726_0121_20000000019452988928_000.jpg,PSP_EXTRATLEITIMPL_030726_0121,test,llama32v,legivel,,legivel,12,digitada_leiturista
PSP_EXTRATLEITIMPL_030726_0121_20000000019452991771_000.jpg,PSP_EXTRATLEITIMPL_030726_0121,test,llama32v,legivel,,legivel,13360,digitada_leiturista
PSP_EXTRATLEITIMPL_030726_0121_20000000019452996722_000.jpg,PSP_EXTRATLEITIMPL_030726_0121,test,llama32v,legivel,,legivel,22108,digitada_leiturista
PSP_EXTRATLEITIMPL_030726_0121_20000000019503009156_000.jpg,PSP_EXTRATLEITIMPL_030726_0121,test,llama32v,legivel,,legivel,13186,digitada_leiturista
PSP_EXTRATLEITIMPL_030726_0121_20000000019503010022_001.jpg,PSP_EXTRATLEITIMPL_030726_0121,test,llama32v,ilegivel,,ilegivel,,
PSP_EXTRATLEITIMPL_030726_0121_20000000019552998981_000.jpg,PSP_EXTRATLEITIMPL_030726_0121,test,llama32v,legivel,,legivel,15264,digitada_leiturista
PSP_EXTRATLEITIMPL_030726_0121_20000000019553002762_000.jpg,PSP_EXTRATLEITIMPL_030726_0121,test,llama32v,legivel,,legivel,1327,digitada_leiturista
PSP_EXTRATLEITIMPL_030726_0121_20000000019553005711_000.jpg,PSP_EXTRATLEITIMPL_030726_0121,test,llama32v,ilegivel,,ilegivel,,
PSP_EXTRATLEITIMPL_030726_0121_20000000019553016324_000.jpg,PSP_EXTRATLEITIMPL_030726_0121,test,llama32v,ilegivel,,ilegivel,,
PSP_EXTRATLEITIMPL_030726_0121_20000000019553020261_000.jpg,PSP_EXTRATLEITIMPL_030726_0121,test,llama32v,legivel,,legivel,8029,digitada_leiturista
PSP_EXTRATLEITIMPL_030726_0121_20000000019602987674_000.jpg,PSP_EXTRATLEITIMPL_030726_0121,test,llama32v,ilegivel,,ilegivel,,
PSP_EXTRATLEITIMPL_030726_0121_20000000019603007177_000.jpg,PSP_EXTRATLEITIMPL_030726_0121,test,llama32v,legivel,,legivel,54350,digitada_leiturista
PSP_EXTRATLEITIMPL_030726_0121_20000000019603010008_000.jpg,PSP_EXTRATLEITIMPL_030726_0121,test,llama32v,ilegivel,,ilegivel,,
PSP_EXTRATLEITIMPL_030726_0121_20000000019653005454_000.jpg,PSP_EXTRATLEITIMPL_030726_0121,test,llama32v,sem_medidor,,sem_medidor,,
PSP_EXTRATLEITIMPL_030726_0121_20000000019702986733_000.jpg,PSP_EXTRATLEITIMPL_030726_0121,test,llama32v,legivel,,legivel,1813,digitada_leiturista
PSP_EXTRATLEITIMPL_030726_0121_20000000019702988535_000.jpg,PSP_EXTRATLEITIMPL_030726_0121,test,llama32v,legivel,,legivel,134271,digitada_leiturista
PSP_EXTRATLEITIMPL_030726_0121_20000000019702993539_000.jpg,PSP_EXTRATLEITIMPL_030726_0121,test,llama32v,legivel,,legivel,40441,digitada_leiturista
PSP_EXTRATLEITIMPL_030726_0121_20000000019752989770_000.jpg,PSP_EXTRATLEITIMPL_030726_0121,test,llama32v,ilegivel,,ilegivel,,
PSP_EXTRATLEITIMPL_030726_0121_20000000019753012003_000.jpg,PSP_EXTRATLEITIMPL_030726_0121,test,llama32v,legivel,,legivel,64138,digitada_leiturista
PSP_EXTRATLEITIMPL_030726_0121_20000000019803003778_001.jpg,PSP_EXTRATLEITIMPL_030726_0121,test,llama32v,legivel,,legivel,,
PSP_EXTRATLEITIMPL_030726_0121_20000000019803014380_000.jpg,PSP_EXTRATLEITIMPL_030726_0121,test,llama32v,legivel,,legivel,13789,digitada_leiturista
PSP_EXTRATLEITIMPL_030726_0121_20000000019852989754_000.jpg,PSP_EXTRATLEITIMPL_030726_0121,test,llama32v,ilegivel,,ilegivel,,
PSP_EXTRATLEITIMPL_030726_0121_20000000019853003372_000.jpg,PSP_EXTRATLEITIMPL_030726_0121,test,llama32v,ilegivel,,ilegivel,,
PSP_EXTRATLEITIMPL_030726_0121_20000000019902998743_000.jpg,PSP_EXTRATLEITIMPL_030726_0121,test,llama32v,legivel,,legivel,77906,digitada_leiturista
PSP_EXTRATLEITIMPL_030726_0121_20000000019952988952_000.jpg,PSP_EXTRATLEITIMPL_030726_0121,test,llama32v,legivel,,legivel,2165,digitada_leiturista
PSP_EXTRATLEITIMPL_030726_0121_20000000019952995682_000.jpg,PSP_EXTRATLEITIMPL_030726_0121,test,llama32v,sem_medidor,,sem_medidor,,
PSP_EXTRATLEITIMPL_030726_0121_20000000019953004524_000.jpg,PSP_EXTRATLEITIMPL_030726_0121,test,llama32v,legivel,,legivel,23524,digitada_leiturista
PSP_EXTRATLEITIMPL_030726_0121_20000000019953006458_000.jpg,PSP_EXTRATLEITIMPL_030726_0121,test,llama32v,legivel,,legivel,6209,digitada_leiturista
PSP_EXTRATLEITIMPL_030726_0121_20000000019953008361_000.jpg,PSP_EXTRATLEITIMPL_030726_0121,test,llama32v,ilegivel,,ilegivel,,
PSP_EXTRATLEITIMPL_200526_0352_20000000000002971876_000.jpg,PSP_EXTRATLEITIMPL_200526_0352,train,llama32v,legivel,,legivel,21597,digitada_leiturista
PSP_EXTRATLEITIMPL_200526_0352_20000000000002985605_000.jpg,PSP_EXTRATLEITIMPL_200526_0352,train,llama32v,sem_medidor,,sem_medidor,,
PSP_EXTRATLEITIMPL_200526_0352_20000000000002986694_000.jpg,PSP_EXTRATLEITIMPL_200526_0352,train,llama32v,ilegivel,,ilegivel,,
PSP_EXTRATLEITIMPL_200526_0352_20000000000002993322_000.jpg,PSP_EXTRATLEITIMPL_200526_0352,train,llama32v,legivel,,legivel,94673,digitada_leiturista
PSP_EXTRATLEITIMPL_200526_0352_20000000000002995143_000.jpg,PSP_EXTRATLEITIMPL_200526_0352,train,llama32v,ilegivel,,ilegivel,,
PSP_EXTRATLEITIMPL_200526_0352_20000000000002995153_000.jpg,PSP_EXTRATLEITIMPL_200526_0352,train,llama32v,legivel,,legivel,8792,digitada_leiturista
PSP_EXTRATLEITIMPL_200526_0352_20000000000052970849_000.jpg,PSP_EXTRATLEITIMPL_200526_0352,train,llama32v,legivel,,legivel,198962,digitada_leiturista
PSP_EXTRATLEITIMPL_200526_0352_20000000000052975719_000.jpg,PSP_EXTRATLEITIMPL_200526_0352,train,llama32v,legivel,,legivel,2491,digitada_leiturista
PSP_EXTRATLEITIMPL_200526_0352_20000000000052983353_000.jpg,PSP_EXTRATLEITIMPL_200526_0352,train,llama32v,ilegivel,,ilegivel,,
PSP_EXTRATLEITIMPL_200526_0352_20000000000102951901_000.jpg,PSP_EXTRATLEITIMPL_200526_0352,train,llama32v,ilegivel,,ilegivel,,
PSP_EXTRATLEITIMPL_200526_0352_20000000000102952915_000.jpg,PSP_EXTRATLEITIMPL_200526_0352,train,llama32v,legivel,,legivel,9140,digitada_leiturista
PSP_EXTRATLEITIMPL_200526_0352_20000000000102959826_000.jpg,PSP_EXTRATLEITIMPL_200526_0352,train,llama32v,legivel,,legivel,244392,digitada_leiturista
PSP_EXTRATLEITIMPL_200526_0352_20000000000102961751_000.jpg,PSP_EXTRATLEITIMPL_200526_0352,train,llama32v,ilegivel,,ilegivel,,
PSP_EXTRATLEITIMPL_200526_0352_20000000000102962726_000.jpg,PSP_EXTRATLEITIMPL_200526_0352,train,llama32v,sem_medidor,,sem_medidor,,
PSP_EXTRATLEITIMPL_200526_0352_20000000000152968558_000.jpg,PSP_EXTRATLEITIMPL_200526_0352,train,llama32v,ilegivel,,ilegivel,,
PSP_EXTRATLEITIMPL_200526_0352_20000000000152971398_000.jpg,PSP_EXTRATLEITIMPL_200526_0352,train,llama32v,sem_medidor,,sem_medidor,,
PSP_EXTRATLEITIMPL_200526_0352_20000000000152973324_000.jpg,PSP_EXTRATLEITIMPL_200526_0352,train,llama32v,legivel,,legivel,3398,digitada_leiturista
PSP_EXTRATLEITIMPL_200526_0352_20000000000152975229_000.jpg,PSP_EXTRATLEITIMPL_200526_0352,train,llama32v,legivel,,legivel,9132,digitada_leiturista
PSP_EXTRATLEITIMPL_200526_0352_20000000000152976240_000.jpg,PSP_EXTRATLEITIMPL_200526_0352,train,llama32v,legivel,,legivel,23385,digitada_leiturista
PSP_EXTRATLEITIMPL_200526_0352_20000000000202942934_000.jpg,PSP_EXTRATLEITIMPL_200526_0352,train,llama32v,ilegivel,,ilegivel,,
PSP_EXTRATLEITIMPL_200526_0352_20000000000202955778_000.jpg,PSP_EXTRATLEITIMPL_200526_0352,train,llama32v,sem_medidor,,sem_medidor,,
PSP_EXTRATLEITIMPL_200526_0352_20000000000202955787_000.jpg,PSP_EXTRATLEITIMPL_200526_0352,train,llama32v,sem_medidor,,sem_medidor,,
PSP_EXTRATLEITIMPL_200526_0352_20000000000202969107_000.jpg,PSP_EXTRATLEITIMPL_200526_0352,train,llama32v,legivel,,legivel,13967,digitada_leiturista
PSP_EXTRATLEITIMPL_200526_0352_20000000000252972924_000.jpg,PSP_EXTRATLEITIMPL_200526_0352,train,llama32v,legivel,,legivel,541,digitada_leiturista
PSP_EXTRATLEITIMPL_200526_0352_20000000000252973849_000.jpg,PSP_EXTRATLEITIMPL_200526_0352,train,llama32v,legivel,,legivel,20344,digitada_leiturista
PSP_EXTRATLEITIMPL_200526_0352_20000000000252982699_000.jpg,PSP_EXTRATLEITIMPL_200526_0352,train,llama32v,ilegivel,,ilegivel,,
PSP_EXTRATLEITIMPL_200526_0352_20000000000252985504_000.jpg,PSP_EXTRATLEITIMPL_200526_0352,train,llama32v,legivel,,legivel,4612,digitada_leiturista
PSP_EXTRATLEITIMPL_200526_0352_20000000000252994049_000.jpg,PSP_EXTRATLEITIMPL_200526_0352,train,llama32v,legivel,,legivel,38123,digitada_leiturista
PSP_EXTRATLEITIMPL_200526_0352_20000000000302952886_000.jpg,PSP_EXTRATLEITIMPL_200526_0352,train,llama32v,sem_medidor,,sem_medidor,,
PSP_EXTRATLEITIMPL_200526_0352_20000000000302953822_000.jpg,PSP_EXTRATLEITIMPL_200526_0352,train,llama32v,legivel,,legivel,19948,digitada_leiturista
PSP_EXTRATLEITIMPL_200526_0352_20000000000302956777_000.jpg,PSP_EXTRATLEITIMPL_200526_0352,train,llama32v,legivel,,legivel,74434,digitada_leiturista
PSP_EXTRATLEITIMPL_200526_0352_20000000000302961701_000.jpg,PSP_EXTRATLEITIMPL_200526_0352,train,llama32v,ilegivel,,ilegivel,,
PSP_EXTRATLEITIMPL_200526_0352_20000000000302966579_000.jpg,PSP_EXTRATLEITIMPL_200526_0352,train,llama32v,legivel,,legivel,382,digitada_leiturista
PSP_EXTRATLEITIMPL_200526_0352_20000000000352965939_000.jpg,PSP_EXTRATLEITIMPL_200526_0352,train,llama32v,legivel,,legivel,215,digitada_leiturista
PSP_EXTRATLEITIMPL_200526_0352_20000000000352978606_000.jpg,PSP_EXTRATLEITIMPL_200526_0352,train,llama32v,legivel,,legivel,9889,digitada_leiturista
PSP_EXTRATLEITIMPL_200526_0352_20000000000352978610_000.jpg,PSP_EXTRATLEITIMPL_200526_0352,train,llama32v,legivel,,legivel,58053,digitada_leiturista
PSP_EXTRATLEITIMPL_200526_0352_20000000000402979523_000.jpg,PSP_EXTRATLEITIMPL_200526_0352,train,llama32v,sem_medidor,,sem_medidor,,
PSP_EXTRATLEITIMPL_200526_0352_20000000000402985222_000.jpg,PSP_EXTRATLEITIMPL_200526_0352,train,llama32v,legivel,,legivel,10809,digitada_leiturista
PSP_EXTRATLEITIMPL_200526_0352_20000000000452959796_000.jpg,PSP_EXTRATLEITIMPL_200526_0352,train,llama32v,legivel,,legivel,2161,digitada_leiturista
PSP_EXTRATLEITIMPL_200526_0352_20000000000452960731_000.jpg,PSP_EXTRATLEITIMPL_200526_0352,train,llama32v,ilegivel,,ilegivel,,
PSP_EXTRATLEITIMPL_200526_0352_20000000000452969216_000.jpg,PSP_EXTRATLEITIMPL_200526_0352,train,llama32v,legivel,,legivel,210522,digitada_leiturista
PSP_EXTRATLEITIMPL_200526_0352_20000000000502960685_000.jpg,PSP_EXTRATLEITIMPL_200526_0352,train,llama32v,legivel,,legivel,94665,digitada_leiturista
PSP_EXTRATLEITIMPL_200526_0352_20000000000502967310_000.jpg,PSP_EXTRATLEITIMPL_200526_0352,train,llama32v,ilegivel,,ilegivel,,
PSP_EXTRATLEITIMPL_200526_0352_20000000000552942980_000.jpg,PSP_EXTRATLEITIMPL_200526_0352,train,llama32v,legivel,,legivel,4018,digitada_leiturista
PSP_EXTRATLEITIMPL_200526_0352_20000000000552971129_000.jpg,PSP_EXTRATLEITIMPL_200526_0352,train,llama32v,ilegivel,,ilegivel,,
PSP_EXTRATLEITIMPL_200526_0352_20000000000552972140_000.jpg,PSP_EXTRATLEITIMPL_200526_0352,train,llama32v,legivel,,legivel,3830,digitada_leiturista
PSP_EXTRATLEITIMPL_200526_0352_20000000000552973031_000.jpg,PSP_EXTRATLEITIMPL_200526_0352,train,llama32v,legivel,,legivel,10096,digitada_leiturista
PSP_EXTRATLEITIMPL_200526_0352_20000000000552973042_000.jpg,PSP_EXTRATLEITIMPL_200526_0352,train,llama32v,ilegivel,,ilegivel,,
PSP_EXTRATLEITIMPL_200526_0352_20000000000602968326_000.jpg,PSP_EXTRATLEITIMPL_200526_0352,train,llama32v,legivel,,legivel,5245,digitada_leiturista
PSP_EXTRATLEITIMPL_200526_0352_20000000000602969369_000.jpg,PSP_EXTRATLEITIMPL_200526_0352,train,llama32v,ilegivel,,ilegivel,,
PSP_EXTRATLEITIMPL_200526_0352_20000000000602969376_000.jpg,PSP_EXTRATLEITIMPL_200526_0352,train,llama32v,ilegivel,,ilegivel,,
PSP_EXTRATLEITIMPL_200526_0352_20000000000602973064_000.jpg,PSP_EXTRATLEITIMPL_200526_0352,train,llama32v,sem_medidor,,sem_medidor,,
PSP_EXTRATLEITIMPL_200526_0352_20000000000602973078_000.jpg,PSP_EXTRATLEITIMPL_200526_0352,train,llama32v,ilegivel,,ilegivel,,
PSP_EXTRATLEITIMPL_200526_0352_20000000000652953882_000.jpg,PSP_EXTRATLEITIMPL_200526_0352,train,llama32v,legivel,,legivel,14216,digitada_leiturista
PSP_EXTRATLEITIMPL_200526_0352_20000000000652969468_000.jpg,PSP_EXTRATLEITIMPL_200526_0352,train,llama32v,legivel,,legivel,11052,digitada_leiturista
PSP_EXTRATLEITIMPL_200526_0352_20000000000652970431_000.jpg,PSP_EXTRATLEITIMPL_200526_0352,train,llama32v,ilegivel,,ilegivel,,
PSP_EXTRATLEITIMPL_200526_0352_20000000000702943869_000.jpg,PSP_EXTRATLEITIMPL_200526_0352,train,llama32v,legivel,,legivel,34007,digitada_leiturista
PSP_EXTRATLEITIMPL_200526_0352_20000000000702943882_000.jpg,PSP_EXTRATLEITIMPL_200526_0352,train,llama32v,legivel,,legivel,8786,digitada_leiturista
PSP_EXTRATLEITIMPL_200526_0352_20000000000702945808_000.jpg,PSP_EXTRATLEITIMPL_200526_0352,train,llama32v,sem_medidor,,sem_medidor,,
PSP_EXTRATLEITIMPL_200526_0352_20000000000702963330_000.jpg,PSP_EXTRATLEITIMPL_200526_0352,train,llama32v,sem_medidor,,sem_medidor,,
PSP_EXTRATLEITIMPL_200526_0352_20000000000702965240_000.jpg,PSP_EXTRATLEITIMPL_200526_0352,train,llama32v,legivel,,legivel,7395,digitada_leiturista
PSP_EXTRATLEITIMPL_200526_0352_20000000000752949865_001.jpg,PSP_EXTRATLEITIMPL_200526_0352,train,llama32v,legivel,,legivel,28058,digitada_leiturista
PSP_EXTRATLEITIMPL_200526_0352_20000000000752970405_000.jpg,PSP_EXTRATLEITIMPL_200526_0352,train,llama32v,legivel,,legivel,10527,digitada_leiturista
PSP_EXTRATLEITIMPL_200526_0352_20000000000802949845_000.jpg,PSP_EXTRATLEITIMPL_200526_0352,train,llama32v,legivel,,legivel,55082,digitada_leiturista
PSP_EXTRATLEITIMPL_200526_0352_20000000000802956889_000.jpg,PSP_EXTRATLEITIMPL_200526_0352,train,llama32v,ilegivel,,ilegivel,,
PSP_EXTRATLEITIMPL_200526_0352_20000000000802961701_000.jpg,PSP_EXTRATLEITIMPL_200526_0352,train,llama32v,legivel,,legivel,28221,digitada_leiturista
PSP_EXTRATLEITIMPL_200526_0352_20000000000802966541_000.jpg,PSP_EXTRATLEITIMPL_200526_0352,train,llama32v,legivel,,legivel,46207,digitada_leiturista
PSP_EXTRATLEITIMPL_200526_0352_20000000000802971392_000.jpg,PSP_EXTRATLEITIMPL_200526_0352,train,llama32v,legivel,,legivel,5765,digitada_leiturista
PSP_EXTRATLEITIMPL_200526_0352_20000000000802973255_000.jpg,PSP_EXTRATLEITIMPL_200526_0352,train,llama32v,ilegivel,,ilegivel,,
PSP_EXTRATLEITIMPL_200526_0352_20000000000852958816_000.jpg,PSP_EXTRATLEITIMPL_200526_0352,train,llama32v,legivel,,legivel,4465,digitada_leiturista
PSP_EXTRATLEITIMPL_200526_0352_20000000000852964650_000.jpg,PSP_EXTRATLEITIMPL_200526_0352,train,llama32v,legivel,,legivel,242741,digitada_leiturista
PSP_EXTRATLEITIMPL_200526_0352_20000000000852972381_000.jpg,PSP_EXTRATLEITIMPL_200526_0352,train,llama32v,legivel,,legivel,29780,digitada_leiturista
PSP_EXTRATLEITIMPL_200526_0352_20000000000902950990_000.jpg,PSP_EXTRATLEITIMPL_200526_0352,train,llama32v,legivel,,legivel,21162,digitada_leiturista
PSP_EXTRATLEITIMPL_200526_0352_20000000000952945893_000.jpg,PSP_EXTRATLEITIMPL_200526_0352,train,llama32v,ilegivel,,ilegivel,,
PSP_EXTRATLEITIMPL_200526_0352_20000000000952956847_000.jpg,PSP_EXTRATLEITIMPL_200526_0352,train,llama32v,legivel,,legivel,159,digitada_leiturista
PSP_EXTRATLEITIMPL_200526_0352_20000000001002952859_000.jpg,PSP_EXTRATLEITIMPL_200526_0352,train,llama32v,ilegivel,,ilegivel,,
PSP_EXTRATLEITIMPL_200526_0352_20000000001002953855_000.jpg,PSP_EXTRATLEITIMPL_200526_0352,train,llama32v,legivel,,legivel,5675,digitada_leiturista
PSP_EXTRATLEITIMPL_200526_0352_20000000001002958778_000.jpg,PSP_EXTRATLEITIMPL_200526_0352,train,llama32v,ilegivel,,ilegivel,,
PSP_EXTRATLEITIMPL_200526_0352_20000000001002970249_000.jpg,PSP_EXTRATLEITIMPL_200526_0352,train,llama32v,sem_medidor,,sem_medidor,,
PSP_EXTRATLEITIMPL_200526_0352_20000000001102951935_000.jpg,PSP_EXTRATLEITIMPL_200526_0352,train,llama32v,legivel,,legivel,99999,digitada_leiturista
PSP_EXTRATLEITIMPL_200526_0352_20000000001102970506_000.jpg,PSP_EXTRATLEITIMPL_200526_0352,train,llama32v,legivel,,legivel,21886,digitada_leiturista
PSP_EXTRATLEITIMPL_200526_0352_20000000001152966707_000.jpg,PSP_EXTRATLEITIMPL_200526_0352,train,llama32v,legivel,,legivel,974,digitada_leiturista
PSP_EXTRATLEITIMPL_200526_0352_20000000001202972759_000.jpg,PSP_EXTRATLEITIMPL_200526_0352,train,llama32v,sem_medidor,,sem_medidor,,
PSP_EXTRATLEITIMPL_200526_0352_20000000001202978382_000.jpg,PSP_EXTRATLEITIMPL_200526_0352,train,llama32v,legivel,,legivel,29510,digitada_leiturista
PSP_EXTRATLEITIMPL_200526_0352_20000000001202980340_000.jpg,PSP_EXTRATLEITIMPL_200526_0352,train,llama32v,legivel,,legivel,2951,digitada_leiturista
PSP_EXTRATLEITIMPL_200526_0352_20000000001252979598_000.jpg,PSP_EXTRATLEITIMPL_200526_0352,train,llama32v,ilegivel,,ilegivel,,
PSP_EXTRATLEITIMPL_200526_0352_20000000001302988353_000.jpg,PSP_EXTRATLEITIMPL_200526_0352,train,llama32v,ilegivel,,ilegivel,,
PSP_EXTRATLEITIMPL_200526_0352_20000000001402980632_000.jpg,PSP_EXTRATLEITIMPL_200526_0352,train,llama32v,legivel,,legivel,20,digitada_leiturista
PSP_EXTRATLEITIMPL_200526_0352_20000000001452980782_000.jpg,PSP_EXTRATLEITIMPL_200526_0352,train,llama32v,legivel,,legivel,3445,digitada_leiturista
PSP_EXTRATLEITIMPL_200526_0352_20000000001452983722_000.jpg,PSP_EXTRATLEITIMPL_200526_0352,train,llama32v,legivel,,legivel,20078,digitada_leiturista
PSP_EXTRATLEITIMPL_200526_0352_20000000001452984595_000.jpg,PSP_EXTRATLEITIMPL_200526_0352,train,llama32v,legivel,,legivel,14388,digitada_leiturista
PSP_EXTRATLEITIMPL_200526_0352_20000000001452988473_000.jpg,PSP_EXTRATLEITIMPL_200526_0352,train,llama32v,sem_medidor,,sem_medidor,,
PSP_EXTRATLEITIMPL_200526_0352_20000000001452995052_000.jpg,PSP_EXTRATLEITIMPL_200526_0352,train,llama32v,sem_medidor,,sem_medidor,,
PSP_EXTRATLEITIMPL_200526_0352_20000000001502967825_000.jpg,PSP_EXTRATLEITIMPL_200526_0352,train,llama32v,legivel,,legivel,89864,digitada_leiturista
PSP_EXTRATLEITIMPL_200526_0352_20000000001502975684_000.jpg,PSP_EXTRATLEITIMPL_200526_0352,train,llama32v,legivel,,legivel,4,digitada_leiturista
PSP_EXTRATLEITIMPL_200526_0352_20000000001552966939_000.jpg,PSP_EXTRATLEITIMPL_200526_0352,train,llama32v,ilegivel,,ilegivel,,
PSP_EXTRATLEITIMPL_200526_0352_20000000001602989357_000.jpg,PSP_EXTRATLEITIMPL_200526_0352,train,llama32v,ilegivel,,ilegivel,,
PSP_EXTRATLEITIMPL_200526_0352_20000000001602992227_000.jpg,PSP_EXTRATLEITIMPL_200526_0352,train,llama32v,ilegivel,,ilegivel,,
PSP_EXTRATLEITIMPL_200526_0352_20000000001652959989_000.jpg,PSP_EXTRATLEITIMPL_200526_0352,train,llama32v,ilegivel,,ilegivel,,
PSP_EXTRATLEITIMPL_200526_0352_20000000001652964998_000.jpg,PSP_EXTRATLEITIMPL_200526_0352,train,llama32v,ilegivel,,ilegivel,,
PSP_EXTRATLEITIMPL_200526_0352_20000000001652975766_000.jpg,PSP_EXTRATLEITIMPL_200526_0352,train,llama32v,legivel,,legivel,44314,digitada_leiturista
PSP_EXTRATLEITIMPL_200526_0352_20000000001702972577_000.jpg,PSP_EXTRATLEITIMPL_200526_0352,train,llama32v,ilegivel,,ilegivel,,
PSP_EXTRATLEITIMPL_200526_0352_20000000001702972583_000.jpg,PSP_EXTRATLEITIMPL_200526_0352,train,llama32v,ilegivel,,ilegivel,,
PSP_EXTRATLEITIMPL_200526_0352_20000000001702974537_000.jpg,PSP_EXTRATLEITIMPL_200526_0352,train,llama32v,legivel,,legivel,9124,digitada_leiturista
PSP_EXTRATLEITIMPL_200526_0352_20000000001752969887_001.jpg,PSP_EXTRATLEITIMPL_200526_0352,train,llama32v,ilegivel,,ilegivel,,
PSP_EXTRATLEITIMPL_200526_0352_20000000001752978695_000.jpg,PSP_EXTRATLEITIMPL_200526_0352,train,llama32v,ilegivel,,ilegivel,,
PSP_EXTRATLEITIMPL_200526_0352_20000000001752985343_000.jpg,PSP_EXTRATLEITIMPL_200526_0352,train,llama32v,ilegivel,,ilegivel,,
PSP_EXTRATLEITIMPL_200526_0352_20000000001802981911_000.jpg,PSP_EXTRATLEITIMPL_200526_0352,train,llama32v,legivel,,legivel,17203,digitada_leiturista
PSP_EXTRATLEITIMPL_200526_0352_20000000001802996502_000.jpg,PSP_EXTRATLEITIMPL_200526_0352,train,llama32v,ilegivel,,ilegivel,,
PSP_EXTRATLEITIMPL_200526_0352_20000000001803005060_000.jpg,PSP_EXTRATLEITIMPL_200526_0352,train,llama32v,legivel,,legivel,2167,digitada_leiturista
PSP_EXTRATLEITIMPL_200526_0352_20000000001803006047_000.jpg,PSP_EXTRATLEITIMPL_200526_0352,train,llama32v,ilegivel,,ilegivel,,
PSP_EXTRATLEITIMPL_200526_0352_20000000001852977707_000.jpg,PSP_EXTRATLEITIMPL_200526_0352,train,llama32v,legivel,,legivel,842,digitada_leiturista
PSP_EXTRATLEITIMPL_200526_0352_20000000001852978717_000.jpg,PSP_EXTRATLEITIMPL_200526_0352,train,llama32v,ilegivel,,ilegivel,,
PSP_EXTRATLEITIMPL_200526_0352_20000000001852981644_000.jpg,PSP_EXTRATLEITIMPL_200526_0352,train,llama32v,legivel,,legivel,6,digitada_leiturista
PSP_EXTRATLEITIMPL_200526_0352_20000000001902983565_000.jpg,PSP_EXTRATLEITIMPL_200526_0352,train,llama32v,legivel,,legivel,37604,digitada_leiturista
PSP_EXTRATLEITIMPL_200526_0352_20000000001902988320_000.jpg,PSP_EXTRATLEITIMPL_200526_0352,train,llama32v,legivel,,legivel,5550,digitada_leiturista
PSP_EXTRATLEITIMPL_200526_0352_20000000001952968967_000.jpg,PSP_EXTRATLEITIMPL_200526_0352,train,llama32v,ilegivel,,ilegivel,,
PSP_EXTRATLEITIMPL_200526_0352_20000000001952980754_000.jpg,PSP_EXTRATLEITIMPL_200526_0352,train,llama32v,legivel,,legivel,54390,digitada_leiturista
PSP_EXTRATLEITIMPL_200526_0352_20000000001952991314_000.jpg,PSP_EXTRATLEITIMPL_200526_0352,train,llama32v,legivel,,legivel,15729,digitada_leiturista
PSP_EXTRATLEITIMPL_200526_0352_20000000002003000126_000.jpg,PSP_EXTRATLEITIMPL_200526_0352,train,llama32v,legivel,,legivel,44248,digitada_leiturista
PSP_EXTRATLEITIMPL_200526_0352_20000000002052980939_000.jpg,PSP_EXTRATLEITIMPL_200526_0352,train,llama32v,legivel,,legivel,10907,digitada_leiturista
PSP_EXTRATLEITIMPL_200526_0352_20000000002053002018_004.jpg,PSP_EXTRATLEITIMPL_200526_0352,train,llama32v,legivel,,legivel,,
PSP_EXTRATLEITIMPL_200526_0352_20000000002102973788_000.jpg,PSP_EXTRATLEITIMPL_200526_0352,train,llama32v,legivel,,legivel,25626,digitada_leiturista
PSP_EXTRATLEITIMPL_200526_0352_20000000002102979535_000.jpg,PSP_EXTRATLEITIMPL_200526_0352,train,llama32v,legivel,,legivel,89400,digitada_leiturista
PSP_EXTRATLEITIMPL_200526_0352_20000000002202960920_000.jpg,PSP_EXTRATLEITIMPL_200526_0352,train,llama32v,legivel,,legivel,24358,digitada_leiturista
PSP_EXTRATLEITIMPL_200526_0352_20000000002202967828_000.jpg,PSP_EXTRATLEITIMPL_200526_0352,train,llama32v,legivel,,legivel,7748,digitada_leiturista
PSP_EXTRATLEITIMPL_200526_0352_20000000002202972621_000.jpg,PSP_EXTRATLEITIMPL_200526_0352,train,llama32v,ilegivel,,ilegivel,,
PSP_EXTRATLEITIMPL_200526_0352_20000000002202977479_000.jpg,PSP_EXTRATLEITIMPL_200526_0352,train,llama32v,legivel,,legivel,13767,digitada_leiturista
PSP_EXTRATLEITIMPL_200526_0352_20000000002202977481_000.jpg,PSP_EXTRATLEITIMPL_200526_0352,train,llama32v,legivel,,legivel,1,digitada_leiturista
PSP_EXTRATLEITIMPL_200526_0352_20000000002252963976_000.jpg,PSP_EXTRATLEITIMPL_200526_0352,train,llama32v,legivel,,legivel,120,digitada_leiturista
PSP_EXTRATLEITIMPL_200526_0352_20000000002252983578_000.jpg,PSP_EXTRATLEITIMPL_200526_0352,train,llama32v,legivel,,legivel,7084,digitada_leiturista
PSP_EXTRATLEITIMPL_200526_0352_20000000002252990189_000.jpg,PSP_EXTRATLEITIMPL_200526_0352,train,llama32v,legivel,,legivel,34995,digitada_leiturista
PSP_EXTRATLEITIMPL_200526_0352_20000000002302964891_000.jpg,PSP_EXTRATLEITIMPL_200526_0352,train,llama32v,legivel,,legivel,44267,digitada_leiturista
PSP_EXTRATLEITIMPL_200526_0352_20000000002302990174_000.jpg,PSP_EXTRATLEITIMPL_200526_0352,train,llama32v,legivel,,legivel,19628,digitada_leiturista
PSP_EXTRATLEITIMPL_200526_0352_20000000002352962946_000.jpg,PSP_EXTRATLEITIMPL_200526_0352,train,llama32v,legivel,,legivel,30108,digitada_leiturista
PSP_EXTRATLEITIMPL_200526_0352_20000000002352983246_000.jpg,PSP_EXTRATLEITIMPL_200526_0352,train,llama32v,legivel,,legivel,30122,digitada_leiturista
PSP_EXTRATLEITIMPL_200526_0352_20000000002402974550_000.jpg,PSP_EXTRATLEITIMPL_200526_0352,train,llama32v,legivel,,legivel,2168,digitada_leiturista
PSP_EXTRATLEITIMPL_200526_0352_20000000002402981025_000.jpg,PSP_EXTRATLEITIMPL_200526_0352,train,llama32v,ilegivel,,ilegivel,,
PSP_EXTRATLEITIMPL_200526_0352_20000000002452967993_000.jpg,PSP_EXTRATLEITIMPL_200526_0352,train,llama32v,ilegivel,,ilegivel,,
PSP_EXTRATLEITIMPL_200526_0352_20000000002452991401_000.jpg,PSP_EXTRATLEITIMPL_200526_0352,train,llama32v,legivel,,legivel,13243,digitada_leiturista
PSP_EXTRATLEITIMPL_200526_0352_20000000002452996131_000.jpg,PSP_EXTRATLEITIMPL_200526_0352,train,llama32v,legivel,,legivel,1615,digitada_leiturista
PSP_EXTRATLEITIMPL_200526_0352_20000000002502986643_000.jpg,PSP_EXTRATLEITIMPL_200526_0352,train,llama32v,legivel,,legivel,7122,digitada_leiturista
PSP_EXTRATLEITIMPL_200526_0352_20000000002552975616_000.jpg,PSP_EXTRATLEITIMPL_200526_0352,train,llama32v,ilegivel,,ilegivel,,
PSP_EXTRATLEITIMPL_200526_0352_20000000002552976586_000.jpg,PSP_EXTRATLEITIMPL_200526_0352,train,llama32v,ilegivel,,ilegivel,,
PSP_EXTRATLEITIMPL_200526_0352_20000000002602965968_000.jpg,PSP_EXTRATLEITIMPL_200526_0352,train,llama32v,ilegivel,,ilegivel,,
PSP_EXTRATLEITIMPL_200526_0352_20000000002602971878_000.jpg,PSP_EXTRATLEITIMPL_200526_0352,train,llama32v,legivel,,legivel,1609,digitada_leiturista
PSP_EXTRATLEITIMPL_200526_0352_20000000002602982764_000.jpg,PSP_EXTRATLEITIMPL_200526_0352,train,llama32v,legivel,,legivel,398625,digitada_leiturista
PSP_EXTRATLEITIMPL_200526_0352_20000000002602985598_000.jpg,PSP_EXTRATLEITIMPL_200526_0352,train,llama32v,ilegivel,,ilegivel,,
PSP_EXTRATLEITIMPL_200526_0352_20000000002652975863_000.jpg,PSP_EXTRATLEITIMPL_200526_0352,train,llama32v,legivel,,legivel,289,digitada_leiturista
PSP_EXTRATLEITIMPL_200526_0352_20000000002652991230_000.jpg,PSP_EXTRATLEITIMPL_200526_0352,train,llama32v,legivel,,legivel,40671,digitada_leiturista
PSP_EXTRATLEITIMPL_200526_0352_20000000002702982560_000.jpg,PSP_EXTRATLEITIMPL_200526_0352,train,llama32v,ilegivel,,ilegivel,,
PSP_EXTRATLEITIMPL_200526_0352_20000000002752977775_000.jpg,PSP_EXTRATLEITIMPL_200526_0352,train,llama32v,ilegivel,,ilegivel,,
PSP_EXTRATLEITIMPL_200526_0352_20000000002752990265_000.jpg,PSP_EXTRATLEITIMPL_200526_0352,train,llama32v,legivel,,legivel,49200,digitada_leiturista
PSP_EXTRATLEITIMPL_200526_0352_20000000002852963978_000.jpg,PSP_EXTRATLEITIMPL_200526_0352,train,llama32v,legivel,,legivel,1444,digitada_leiturista
PSP_EXTRATLEITIMPL_200526_0352_20000000002852963996_000.jpg,PSP_EXTRATLEITIMPL_200526_0352,train,llama32v,legivel,,legivel,4601,digitada_leiturista
PSP_EXTRATLEITIMPL_200526_0352_20000000002852974769_000.jpg,PSP_EXTRATLEITIMPL_200526_0352,train,llama32v,ilegivel,,ilegivel,,
PSP_EXTRATLEITIMPL_200526_0352_20000000002852987036_000.jpg,PSP_EXTRATLEITIMPL_200526_0352,train,llama32v,legivel,,legivel,173647,digitada_leiturista
PSP_EXTRATLEITIMPL_200526_0352_20000000002852990007_000.jpg,PSP_EXTRATLEITIMPL_200526_0352,train,llama32v,legivel,,legivel,64173,digitada_leiturista
PSP_EXTRATLEITIMPL_200526_0352_20000000002902974884_000.jpg,PSP_EXTRATLEITIMPL_200526_0352,train,llama32v,legivel,,legivel,38489,digitada_leiturista
PSP_EXTRATLEITIMPL_200526_0352_20000000002902974886_000.jpg,PSP_EXTRATLEITIMPL_200526_0352,train,llama32v,ilegivel,,ilegivel,,
PSP_EXTRATLEITIMPL_200526_0352_20000000002902980632_000.jpg,PSP_EXTRATLEITIMPL_200526_0352,train,llama32v,legivel,,legivel,28680,digitada_leiturista
PSP_EXTRATLEITIMPL_200526_0352_20000000002952969937_000.jpg,PSP_EXTRATLEITIMPL_200526_0352,train,llama32v,legivel,,legivel,15850,digitada_leiturista
PSP_EXTRATLEITIMPL_200526_0352_20000000002952972885_000.jpg,PSP_EXTRATLEITIMPL_200526_0352,train,llama32v,legivel,,legivel,31924,digitada_leiturista
PSP_EXTRATLEITIMPL_200526_0352_20000000002952977734_000.jpg,PSP_EXTRATLEITIMPL_200526_0352,train,llama32v,legivel,,legivel,9899,digitada_leiturista
PSP_EXTRATLEITIMPL_200526_0352_20000000003002971896_000.jpg,PSP_EXTRATLEITIMPL_200526_0352,train,llama32v,legivel,,legivel,13972,digitada_leiturista
PSP_EXTRATLEITIMPL_200526_0352_20000000003002971910_000.jpg,PSP_EXTRATLEITIMPL_200526_0352,train,llama32v,legivel,,legivel,4213,digitada_leiturista
PSP_EXTRATLEITIMPL_200526_0352_20000000003002988084_000.jpg,PSP_EXTRATLEITIMPL_200526_0352,train,llama32v,legivel,,legivel,11561,digitada_leiturista
PSP_EXTRATLEITIMPL_200526_0352_20000000003002988085_000.jpg,PSP_EXTRATLEITIMPL_200526_0352,train,llama32v,legivel,,legivel,13301,digitada_leiturista
PSP_EXTRATLEITIMPL_200526_0352_20000000003052981630_000.jpg,PSP_EXTRATLEITIMPL_200526_0352,train,llama32v,legivel,,legivel,8184,digitada_leiturista
PSP_EXTRATLEITIMPL_200526_0352_20000000003102978964_000.jpg,PSP_EXTRATLEITIMPL_200526_0352,train,llama32v,legivel,,legivel,26916,digitada_leiturista
PSP_EXTRATLEITIMPL_200526_0352_20000000003102984790_000.jpg,PSP_EXTRATLEITIMPL_200526_0352,train,llama32v,ilegivel,,ilegivel,,
PSP_EXTRATLEITIMPL_200526_0352_20000000003103001021_000.jpg,PSP_EXTRATLEITIMPL_200526_0352,train,llama32v,legivel,,legivel,3447,digitada_leiturista
PSP_EXTRATLEITIMPL_200526_0352_20000000003152985575_000.jpg,PSP_EXTRATLEITIMPL_200526_0352,train,llama32v,legivel,,legivel,1769,digitada_leiturista
PSP_EXTRATLEITIMPL_200526_0352_20000000003152996126_000.jpg,PSP_EXTRATLEITIMPL_200526_0352,train,llama32v,legivel,,legivel,60995,digitada_leiturista
PSP_EXTRATLEITIMPL_200526_0352_20000000003202973964_000.jpg,PSP_EXTRATLEITIMPL_200526_0352,train,llama32v,legivel,,legivel,7985,digitada_leiturista
PSP_EXTRATLEITIMPL_200526_0352_20000000003202992247_000.jpg,PSP_EXTRATLEITIMPL_200526_0352,train,llama32v,legivel,,legivel,75313,digitada_leiturista
PSP_EXTRATLEITIMPL_200526_0352_20000000003252980971_000.jpg,PSP_EXTRATLEITIMPL_200526_0352,train,llama32v,ilegivel,,ilegivel,,
PSP_EXTRATLEITIMPL_200526_0352_20000000003252981994_000.jpg,PSP_EXTRATLEITIMPL_200526_0352,train,llama32v,legivel,,legivel,8582,digitada_leiturista
PSP_EXTRATLEITIMPL_200526_0352_20000000003252995580_000.jpg,PSP_EXTRATLEITIMPL_200526_0352,train,llama32v,legivel,,legivel,3094,digitada_leiturista
PSP_EXTRATLEITIMPL_200526_0352_20000000003302987615_000.jpg,PSP_EXTRATLEITIMPL_200526_0352,train,llama32v,legivel,,legivel,60058,digitada_leiturista
PSP_EXTRATLEITIMPL_200526_0352_20000000003352950950_000.jpg,PSP_EXTRATLEITIMPL_200526_0352,train,llama32v,ilegivel,,ilegivel,,
PSP_EXTRATLEITIMPL_200526_0352_20000000003352972256_000.jpg,PSP_EXTRATLEITIMPL_200526_0352,train,llama32v,legivel,,legivel,10832,digitada_leiturista
PSP_EXTRATLEITIMPL_200526_0352_20000000003402957978_000.jpg,PSP_EXTRATLEITIMPL_200526_0352,train,llama32v,legivel,,legivel,59794,digitada_leiturista
PSP_EXTRATLEITIMPL_200526_0352_20000000003402968852_000.jpg,PSP_EXTRATLEITIMPL_200526_0352,train,llama32v,legivel,,legivel,4902,digitada_leiturista
PSP_EXTRATLEITIMPL_200526_0352_20000000003452973662_000.jpg,PSP_EXTRATLEITIMPL_200526_0352,train,llama32v,legivel,,legivel,14251,digitada_leiturista
PSP_EXTRATLEITIMPL_200526_0352_20000000003502968970_000.jpg,PSP_EXTRATLEITIMPL_200526_0352,train,llama32v,ilegivel,,ilegivel,,
PSP_EXTRATLEITIMPL_200526_0352_20000000003502983864_000.jpg,PSP_EXTRATLEITIMPL_200526_0352,train,llama32v,ilegivel,,ilegivel,,
PSP_EXTRATLEITIMPL_200526_0352_20000000003502987608_000.jpg,PSP_EXTRATLEITIMPL_200526_0352,train,llama32v,ilegivel,,ilegivel,,
PSP_EXTRATLEITIMPL_200526_0352_20000000003502988698_000.jpg,PSP_EXTRATLEITIMPL_200526_0352,train,llama32v,ilegivel,,ilegivel,,
PSP_EXTRATLEITIMPL_200526_0352_20000000003502998154_000.jpg,PSP_EXTRATLEITIMPL_200526_0352,train,llama32v,legivel,,legivel,783,digitada_leiturista
PSP_EXTRATLEITIMPL_200526_0352_20000000003552966970_000.jpg,PSP_EXTRATLEITIMPL_200526_0352,train,llama32v,legivel,,legivel,99999,digitada_leiturista
PSP_EXTRATLEITIMPL_200526_0352_20000000003552992079_000.jpg,PSP_EXTRATLEITIMPL_200526_0352,train,llama32v,legivel,,legivel,99999,digitada_leiturista
PSP_EXTRATLEITIMPL_200526_0352_20000000003602973868_000.jpg,PSP_EXTRATLEITIMPL_200526_0352,train,llama32v,legivel,,legivel,12972,digitada_leiturista
PSP_EXTRATLEITIMPL_200526_0352_20000000003602979688_001.jpg,PSP_EXTRATLEITIMPL_200526_0352,train,llama32v,legivel,,legivel,23966,digitada_leiturista
PSP_EXTRATLEITIMPL_200526_0352_20000000003602979698_000.jpg,PSP_EXTRATLEITIMPL_200526_0352,train,llama32v,legivel,,legivel,10639,digitada_leiturista
PSP_EXTRATLEITIMPL_200526_0352_20000000003602983436_000.jpg,PSP_EXTRATLEITIMPL_200526_0352,train,llama32v,ilegivel,,ilegivel,,
PSP_EXTRATLEITIMPL_200526_0352_20000000003652968990_000.jpg,PSP_EXTRATLEITIMPL_200526_0352,train,llama32v,legivel,,legivel,11985,digitada_leiturista
PSP_EXTRATLEITIMPL_200526_0352_20000000003652969995_000.jpg,PSP_EXTRATLEITIMPL_200526_0352,train,llama32v,legivel,,legivel,29,digitada_leiturista
PSP_EXTRATLEITIMPL_200526_0352_20000000003652972863_000.jpg,PSP_EXTRATLEITIMPL_200526_0352,train,llama32v,ilegivel,,ilegivel,,
PSP_EXTRATLEITIMPL_200526_0352_20000000003652989410_000.jpg,PSP_EXTRATLEITIMPL_200526_0352,train,llama32v,ilegivel,,ilegivel,,
PSP_EXTRATLEITIMPL_200526_0352_20000000003652991339_000.jpg,PSP_EXTRATLEITIMPL_200526_0352,train,llama32v,ilegivel,,ilegivel,,
PSP_EXTRATLEITIMPL_200526_0352_20000000003702976749_000.jpg,PSP_EXTRATLEITIMPL_200526_0352,train,llama32v,ilegivel,,ilegivel,,
PSP_EXTRATLEITIMPL_200526_0352_20000000003752951987_000.jpg,PSP_EXTRATLEITIMPL_200526_0352,train,llama32v,legivel,,legivel,8429,digitada_leiturista
PSP_EXTRATLEITIMPL_200526_0352_20000000003752963805_000.jpg,PSP_EXTRATLEITIMPL_200526_0352,train,llama32v,sem_medidor,,sem_medidor,,
PSP_EXTRATLEITIMPL_200526_0352_20000000003752966746_000.jpg,PSP_EXTRATLEITIMPL_200526_0352,train,llama32v,legivel,,legivel,48433,digitada_leiturista
PSP_EXTRATLEITIMPL_200526_0352_20000000003752968647_000.jpg,PSP_EXTRATLEITIMPL_200526_0352,train,llama32v,sem_medidor,,sem_medidor,,
PSP_EXTRATLEITIMPL_200526_0352_20000000003752969582_000.jpg,PSP_EXTRATLEITIMPL_200526_0352,train,llama32v,legivel,,legivel,91168,digitada_leiturista
PSP_EXTRATLEITIMPL_200526_0352_20000000003752970572_000.jpg,PSP_EXTRATLEITIMPL_200526_0352,train,llama32v,legivel,,legivel,8233,digitada_leiturista
PSP_EXTRATLEITIMPL_200526_0352_20000000003802966972_000.jpg,PSP_EXTRATLEITIMPL_200526_0352,train,llama32v,legivel,,legivel,17219,digitada_leiturista
PSP_EXTRATLEITIMPL_200526_0352_20000000003802980735_000.jpg,PSP_EXTRATLEITIMPL_200526_0352,train,llama32v,legivel,,legivel,9454,digitada_leiturista
PSP_EXTRATLEITIMPL_200526_0352_20000000003852957989_000.jpg,PSP_EXTRATLEITIMPL_200526_0352,train,llama32v,legivel,,legivel,134880,digitada_leiturista
PSP_EXTRATLEITIMPL_200526_0352_20000000003852972745_000.jpg,PSP_EXTRATLEITIMPL_200526_0352,train,llama32v,ilegivel,,ilegivel,,
PSP_EXTRATLEITIMPL_200526_0352_20000000003852985125_000.jpg,PSP_EXTRATLEITIMPL_200526_0352,train,llama32v,legivel,,legivel,11166,digitada_leiturista
PSP_EXTRATLEITIMPL_200526_0352_20000000003902964846_000.jpg,PSP_EXTRATLEITIMPL_200526_0352,train,llama32v,legivel,,legivel,767,digitada_leiturista
PSP_EXTRATLEITIMPL_200526_0352_20000000003902967901_000.jpg,PSP_EXTRATLEITIMPL_200526_0352,train,llama32v,ilegivel,,ilegivel,,
PSP_EXTRATLEITIMPL_200526_0352_20000000003952954915_000.jpg,PSP_EXTRATLEITIMPL_200526_0352,train,llama32v,ilegivel,,ilegivel,,
PSP_EXTRATLEITIMPL_200526_0352_20000000003952956948_000.jpg,PSP_EXTRATLEITIMPL_200526_0352,train,llama32v,legivel,,legivel,1046,digitada_leiturista
PSP_EXTRATLEITIMPL_200526_0352_20000000003952974412_000.jpg,PSP_EXTRATLEITIMPL_200526_0352,train,llama32v,legivel,,legivel,46,digitada_leiturista
PSP_EXTRATLEITIMPL_200526_0352_20000000004002961839_000.jpg,PSP_EXTRATLEITIMPL_200526_0352,train,llama32v,legivel,,legivel,17471,digitada_leiturista
PSP_EXTRATLEITIMPL_200526_0352_20000000004002973599_000.jpg,PSP_EXTRATLEITIMPL_200526_0352,train,llama32v,legivel,,legivel,49981,digitada_leiturista
PSP_EXTRATLEITIMPL_200526_0352_20000000004002978347_000.jpg,PSP_EXTRATLEITIMPL_200526_0352,train,llama32v,legivel,,legivel,18460,digitada_leiturista
PSP_EXTRATLEITIMPL_200526_0352_20000000004102974581_000.jpg,PSP_EXTRATLEITIMPL_200526_0352,train,llama32v,legivel,,legivel,29251,digitada_leiturista
PSP_EXTRATLEITIMPL_200526_0352_20000000004202980909_000.jpg,PSP_EXTRATLEITIMPL_200526_0352,train,llama32v,legivel,,legivel,130962,digitada_leiturista
PSP_EXTRATLEITIMPL_200526_0352_20000000004202996213_000.jpg,PSP_EXTRATLEITIMPL_200526_0352,train,llama32v,legivel,,legivel,5748,digitada_leiturista
PSP_EXTRATLEITIMPL_200526_0352_20000000004253004029_000.jpg,PSP_EXTRATLEITIMPL_200526_0352,train,llama32v,legivel,,legivel,30047,digitada_leiturista
PSP_EXTRATLEITIMPL_200526_0352_20000000004352987593_000.jpg,PSP_EXTRATLEITIMPL_200526_0352,train,llama32v,legivel,,legivel,2100,digitada_leiturista
PSP_EXTRATLEITIMPL_200526_0352_20000000004352990518_000.jpg,PSP_EXTRATLEITIMPL_200526_0352,train,llama32v,legivel,,legivel,6609,digitada_leiturista
PSP_EXTRATLEITIMPL_200526_0352_20000000004352993374_000.jpg,PSP_EXTRATLEITIMPL_200526_0352,train,llama32v,legivel,,legivel,105896,digitada_leiturista
PSP_EXTRATLEITIMPL_200526_0352_20000000004352994246_000.jpg,PSP_EXTRATLEITIMPL_200526_0352,train,llama32v,legivel,,legivel,1837,digitada_leiturista
PSP_EXTRATLEITIMPL_200526_0352_20000000004402965967_000.jpg,PSP_EXTRATLEITIMPL_200526_0352,train,llama32v,legivel,,legivel,33825,digitada_leiturista
PSP_EXTRATLEITIMPL_200526_0352_20000000004402967895_000.jpg,PSP_EXTRATLEITIMPL_200526_0352,train,llama32v,legivel,,legivel,3478,digitada_leiturista
PSP_EXTRATLEITIMPL_200526_0352_20000000004502977626_000.jpg,PSP_EXTRATLEITIMPL_200526_0352,train,llama32v,ilegivel,,ilegivel,,
PSP_EXTRATLEITIMPL_200526_0352_20000000004552978564_000.jpg,PSP_EXTRATLEITIMPL_200526_0352,train,llama32v,ilegivel,,ilegivel,,
PSP_EXTRATLEITIMPL_200526_0352_20000000004552992042_000.jpg,PSP_EXTRATLEITIMPL_200526_0352,train,llama32v,legivel,,legivel,1,digitada_leiturista
PSP_EXTRATLEITIMPL_200526_0352_20000000004602994967_000.jpg,PSP_EXTRATLEITIMPL_200526_0352,train,llama32v,legivel,,legivel,65337,digitada_leiturista
PSP_EXTRATLEITIMPL_200526_0352_20000000004652979862_000.jpg,PSP_EXTRATLEITIMPL_200526_0352,train,llama32v,ilegivel,,ilegivel,,
PSP_EXTRATLEITIMPL_200526_0352_20000000004652984659_000.jpg,PSP_EXTRATLEITIMPL_200526_0352,train,llama32v,legivel,,legivel,113205,digitada_leiturista
PSP_EXTRATLEITIMPL_200526_0352_20000000004702984959_000.jpg,PSP_EXTRATLEITIMPL_200526_0352,train,llama32v,ilegivel,,ilegivel,,
PSP_EXTRATLEITIMPL_200526_0352_20000000004703008121_000.jpg,PSP_EXTRATLEITIMPL_200526_0352,train,llama32v,legivel,,legivel,8712,digitada_leiturista
PSP_EXTRATLEITIMPL_200526_0352_20000000004752978995_000.jpg,PSP_EXTRATLEITIMPL_200526_0352,train,llama32v,ilegivel,,ilegivel,,
PSP_EXTRATLEITIMPL_200526_0352_20000000004752993665_000.jpg,PSP_EXTRATLEITIMPL_200526_0352,train,llama32v,ilegivel,,ilegivel,,
PSP_EXTRATLEITIMPL_200526_0352_20000000004752995521_000.jpg,PSP_EXTRATLEITIMPL_200526_0352,train,llama32v,ilegivel,,ilegivel,,
PSP_EXTRATLEITIMPL_200526_0352_20000000004752999337_000.jpg,PSP_EXTRATLEITIMPL_200526_0352,train,llama32v,legivel,,legivel,3885,digitada_leiturista
PSP_EXTRATLEITIMPL_200526_0352_20000000004753001261_000.jpg,PSP_EXTRATLEITIMPL_200526_0352,train,llama32v,legivel,,legivel,3422,digitada_leiturista
PSP_EXTRATLEITIMPL_200526_0352_20000000004753002130_000.jpg,PSP_EXTRATLEITIMPL_200526_0352,train,llama32v,legivel,,legivel,59122,digitada_leiturista
PSP_EXTRATLEITIMPL_200526_0352_20000000004753003107_000.jpg,PSP_EXTRATLEITIMPL_200526_0352,train,llama32v,ilegivel,,ilegivel,,
PSP_EXTRATLEITIMPL_200526_0352_20000000004753006000_000.jpg,PSP_EXTRATLEITIMPL_200526_0352,train,llama32v,ilegivel,,ilegivel,,
PSP_EXTRATLEITIMPL_200526_0352_20000000004802996278_000.jpg,PSP_EXTRATLEITIMPL_200526_0352,train,llama32v,ilegivel,,ilegivel,,
PSP_EXTRATLEITIMPL_200526_0352_20000000004802997236_000.jpg,PSP_EXTRATLEITIMPL_200526_0352,train,llama32v,legivel,,legivel,5912,digitada_leiturista
PSP_EXTRATLEITIMPL_200526_0352_20000000004803002074_000.jpg,PSP_EXTRATLEITIMPL_200526_0352,train,llama32v,legivel,,legivel,17709,digitada_leiturista
PSP_EXTRATLEITIMPL_200526_0352_20000000004852981992_000.jpg,PSP_EXTRATLEITIMPL_200526_0352,train,llama32v,legivel,,legivel,3734,digitada_leiturista
PSP_EXTRATLEITIMPL_200526_0352_20000000004852988965_000.jpg,PSP_EXTRATLEITIMPL_200526_0352,train,llama32v,ilegivel,,ilegivel,,
PSP_EXTRATLEITIMPL_200526_0352_20000000004853007356_000.jpg,PSP_EXTRATLEITIMPL_200526_0352,train,llama32v,sem_medidor,,sem_medidor,,
PSP_EXTRATLEITIMPL_200526_0352_20000000004853008231_000.jpg,PSP_EXTRATLEITIMPL_200526_0352,train,llama32v,legivel,,legivel,96442,digitada_leiturista
PSP_EXTRATLEITIMPL_200526_0352_20000000004902972922_000.jpg,PSP_EXTRATLEITIMPL_200526_0352,train,llama32v,legivel,,legivel,5431,digitada_leiturista
PSP_EXTRATLEITIMPL_200526_0352_20000000004902975780_000.jpg,PSP_EXTRATLEITIMPL_200526_0352,train,llama32v,legivel,,legivel,2727,digitada_leiturista
PSP_EXTRATLEITIMPL_200526_0352_20000000004902989122_000.jpg,PSP_EXTRATLEITIMPL_200526_0352,train,llama32v,ilegivel,,ilegivel,,
PSP_EXTRATLEITIMPL_200526_0352_20000000005002970991_000.jpg,PSP_EXTRATLEITIMPL_200526_0352,train,llama32v,legivel,,legivel,38630,digitada_leiturista
PSP_EXTRATLEITIMPL_200526_0352_20000000005002971923_000.jpg,PSP_EXTRATLEITIMPL_200526_0352,train,llama32v,ilegivel,,ilegivel,,
PSP_EXTRATLEITIMPL_200526_0352_20000000005002984881_000.jpg,PSP_EXTRATLEITIMPL_200526_0352,train,llama32v,legivel,,legivel,15592,digitada_leiturista
PSP_EXTRATLEITIMPL_200526_0352_20000000005002990640_000.jpg,PSP_EXTRATLEITIMPL_200526_0352,train,llama32v,legivel,,legivel,5705,digitada_leiturista
PSP_EXTRATLEITIMPL_200526_0352_20000000005002992586_000.jpg,PSP_EXTRATLEITIMPL_200526_0352,train,llama32v,ilegivel,,ilegivel,,
PSP_EXTRATLEITIMPL_200526_0352_20000000005003004002_000.jpg,PSP_EXTRATLEITIMPL_200526_0352,train,llama32v,legivel,,legivel,48028,digitada_leiturista
PSP_EXTRATLEITIMPL_200526_0352_20000000005052976984_000.jpg,PSP_EXTRATLEITIMPL_200526_0352,train,llama32v,legivel,,legivel,80461,digitada_leiturista
PSP_EXTRATLEITIMPL_200526_0352_20000000005052996505_000.jpg,PSP_EXTRATLEITIMPL_200526_0352,train,llama32v,legivel,,legivel,5031,digitada_leiturista
PSP_EXTRATLEITIMPL_200526_0352_20000000005053006020_000.jpg,PSP_EXTRATLEITIMPL_200526_0352,train,llama32v,ilegivel,,ilegivel,,
PSP_EXTRATLEITIMPL_200526_0352_20000000005053008022_000.jpg,PSP_EXTRATLEITIMPL_200526_0352,train,llama32v,legivel,,legivel,1152,digitada_leiturista
PSP_EXTRATLEITIMPL_200526_0352_20000000005103002343_000.jpg,PSP_EXTRATLEITIMPL_200526_0352,train,llama32v,legivel,,legivel,11495,digitada_leiturista
PSP_EXTRATLEITIMPL_200526_0352_20000000005103008091_000.jpg,PSP_EXTRATLEITIMPL_200526_0352,train,llama32v,ilegivel,,ilegivel,,
PSP_EXTRATLEITIMPL_200526_0352_20000000005152993711_000.jpg,PSP_EXTRATLEITIMPL_200526_0352,train,llama32v,legivel,,legivel,6473,digitada_leiturista
PSP_EXTRATLEITIMPL_200526_0352_20000000005202974955_000.jpg,PSP_EXTRATLEITIMPL_200526_0352,train,llama32v,ilegivel,,ilegivel,,
PSP_EXTRATLEITIMPL_200526_0352_20000000005202986750_000.jpg,PSP_EXTRATLEITIMPL_200526_0352,train,llama32v,legivel,,legivel,4523,digitada_leiturista
PSP_EXTRATLEITIMPL_200526_0352_20000000005202992577_000.jpg,PSP_EXTRATLEITIMPL_200526_0352,train,llama32v,legivel,,legivel,21514,digitada_leiturista
PSP_EXTRATLEITIMPL_200526_0352_20000000005203001039_000.jpg,PSP_EXTRATLEITIMPL_200526_0352,train,llama32v,legivel,,legivel,6068,digitada_leiturista
PSP_EXTRATLEITIMPL_200526_0352_20000000005302974996_000.jpg,PSP_EXTRATLEITIMPL_200526_0352,train,llama32v,legivel,,legivel,1160,digitada_leiturista
PSP_EXTRATLEITIMPL_200526_0352_20000000005302990527_000.jpg,PSP_EXTRATLEITIMPL_200526_0352,train,llama32v,legivel,,legivel,9568,digitada_leiturista
PSP_EXTRATLEITIMPL_200526_0352_20000000005402974901_000.jpg,PSP_EXTRATLEITIMPL_200526_0352,train,llama32v,legivel,,legivel,646,digitada_leiturista
PSP_EXTRATLEITIMPL_200526_0352_20000000005402976943_000.jpg,PSP_EXTRATLEITIMPL_200526_0352,train,llama32v,legivel,,legivel,6868,digitada_leiturista
PSP_EXTRATLEITIMPL_200526_0352_20000000005402987657_000.jpg,PSP_EXTRATLEITIMPL_200526_0352,train,llama32v,sem_medidor,,sem_medidor,,
PSP_EXTRATLEITIMPL_200526_0352_20000000005402988640_000.jpg,PSP_EXTRATLEITIMPL_200526_0352,train,llama32v,legivel,,legivel,8438,digitada_leiturista
PSP_EXTRATLEITIMPL_200526_0352_20000000005402990475_000.jpg,PSP_EXTRATLEITIMPL_200526_0352,train,llama32v,legivel,,legivel,1704,digitada_leiturista
PSP_EXTRATLEITIMPL_200526_0352_20000000005452956991_000.jpg,PSP_EXTRATLEITIMPL_200526_0352,train,llama32v,sem_medidor,,sem_medidor,,
PSP_EXTRATLEITIMPL_200526_0352_20000000005452979306_000.jpg,PSP_EXTRATLEITIMPL_200526_0352,train,llama32v,ilegivel,,ilegivel,,
PSP_EXTRATLEITIMPL_200526_0352_20000000005502992051_000.jpg,PSP_EXTRATLEITIMPL_200526_0352,train,llama32v,ilegivel,,ilegivel,,
PSP_EXTRATLEITIMPL_200526_0352_20000000005552969778_000.jpg,PSP_EXTRATLEITIMPL_200526_0352,train,llama32v,legivel,,legivel,3945,digitada_leiturista
PSP_EXTRATLEITIMPL_200526_0352_20000000005552978376_000.jpg,PSP_EXTRATLEITIMPL_200526_0352,train,llama32v,sem_medidor,,sem_medidor,,
PSP_EXTRATLEITIMPL_200526_0352_20000000005552981132_000.jpg,PSP_EXTRATLEITIMPL_200526_0352,train,llama32v,ilegivel,,ilegivel,,
PSP_EXTRATLEITIMPL_200526_0352_20000000005602962340_000.jpg,PSP_EXTRATLEITIMPL_200526_0352,train,llama32v,legivel,,legivel,8,digitada_leiturista
PSP_EXTRATLEITIMPL_200526_0352_20000000005702966957_000.jpg,PSP_EXTRATLEITIMPL_200526_0352,train,llama32v,sem_medidor,,sem_medidor,,
PSP_EXTRATLEITIMPL_200526_0352_20000000005752971493_000.jpg,PSP_EXTRATLEITIMPL_200526_0352,train,llama32v,ilegivel,,ilegivel,,
PSP_EXTRATLEITIMPL_200526_0352_20000000005752980021_001.jpg,PSP_EXTRATLEITIMPL_200526_0352,train,llama32v,ilegivel,,ilegivel,,
PSP_EXTRATLEITIMPL_200526_0352_20000000005752981016_000.jpg,PSP_EXTRATLEITIMPL_200526_0352,train,llama32v,legivel,,legivel,16344,digitada_leiturista
PSP_EXTRATLEITIMPL_200526_0352_20000000005802958981_000.jpg,PSP_EXTRATLEITIMPL_200526_0352,train,llama32v,sem_medidor,,sem_medidor,,
PSP_EXTRATLEITIMPL_200526_0352_20000000005802978458_000.jpg,PSP_EXTRATLEITIMPL_200526_0352,train,llama32v,legivel,,legivel,12306,digitada_leiturista
PSP_EXTRATLEITIMPL_200526_0352_20000000005802981346_001.jpg,PSP_EXTRATLEITIMPL_200526_0352,train,llama32v,legivel,,legivel,9520,digitada_leiturista
PSP_EXTRATLEITIMPL_200526_0352_20000000005802986008_001.jpg,PSP_EXTRATLEITIMPL_200526_0352,train,llama32v,legivel,,legivel,313,digitada_leiturista
PSP_EXTRATLEITIMPL_200526_0352_20000000005852962945_000.jpg,PSP_EXTRATLEITIMPL_200526_0352,train,llama32v,legivel,,legivel,4974,digitada_leiturista
PSP_EXTRATLEITIMPL_200526_0352_20000000005852972753_000.jpg,PSP_EXTRATLEITIMPL_200526_0352,train,llama32v,legivel,,legivel,15387,digitada_leiturista
PSP_EXTRATLEITIMPL_200526_0352_20000000005852981326_000.jpg,PSP_EXTRATLEITIMPL_200526_0352,train,llama32v,ilegivel,,ilegivel,,
PSP_EXTRATLEITIMPL_200526_0352_20000000005902981438_000.jpg,PSP_EXTRATLEITIMPL_200526_0352,train,llama32v,legivel,,legivel,5235,digitada_leiturista
PSP_EXTRATLEITIMPL_200526_0352_20000000005952957961_000.jpg,PSP_EXTRATLEITIMPL_200526_0352,train,llama32v,legivel,,legivel,17217,digitada_leiturista
PSP_EXTRATLEITIMPL_200526_0352_20000000005952984126_000.jpg,PSP_EXTRATLEITIMPL_200526_0352,train,llama32v,ilegivel,,ilegivel,,
PSP_EXTRATLEITIMPL_200526_0352_20000000006002970838_000.jpg,PSP_EXTRATLEITIMPL_200526_0352,train,llama32v,legivel,,legivel,75086,digitada_leiturista
PSP_EXTRATLEITIMPL_200526_0352_20000000006002982356_000.jpg,PSP_EXTRATLEITIMPL_200526_0352,train,llama32v,legivel,,legivel,2872,digitada_leiturista
PSP_EXTRATLEITIMPL_200526_0352_20000000006052970705_000.jpg,PSP_EXTRATLEITIMPL_200526_0352,train,llama32v,legivel,,legivel,19583,digitada_leiturista
PSP_EXTRATLEITIMPL_200526_0352_20000000006052980190_000.jpg,PSP_EXTRATLEITIMPL_200526_0352,train,llama32v,legivel,,legivel,31379,digitada_leiturista
PSP_EXTRATLEITIMPL_200526_0352_20000000006052980196_000.jpg,PSP_EXTRATLEITIMPL_200526_0352,train,llama32v,legivel,,legivel,35718,digitada_leiturista
PSP_EXTRATLEITIMPL_200526_0352_20000000006102977620_000.jpg,PSP_EXTRATLEITIMPL_200526_0352,train,llama32v,legivel,,legivel,52424,digitada_leiturista
PSP_EXTRATLEITIMPL_200526_0352_20000000006102987125_000.jpg,PSP_EXTRATLEITIMPL_200526_0352,train,llama32v,ilegivel,,ilegivel,,
PSP_EXTRATLEITIMPL_200526_0352_20000000006152975763_000.jpg,PSP_EXTRATLEITIMPL_200526_0352,train,llama32v,ilegivel,,ilegivel,,
PSP_EXTRATLEITIMPL_200526_0352_20000000006202976549_000.jpg,PSP_EXTRATLEITIMPL_200526_0352,train,llama32v,ilegivel,,ilegivel,,
PSP_EXTRATLEITIMPL_200526_0352_20000000006252964967_000.jpg,PSP_EXTRATLEITIMPL_200526_0352,train,llama32v,legivel,,legivel,3253,digitada_leiturista
PSP_EXTRATLEITIMPL_200526_0352_20000000006252979820_000.jpg,PSP_EXTRATLEITIMPL_200526_0352,train,llama32v,legivel,,legivel,30378,digitada_leiturista
PSP_EXTRATLEITIMPL_200526_0352_20000000006252992164_000.jpg,PSP_EXTRATLEITIMPL_200526_0352,train,llama32v,ilegivel,,ilegivel,,
PSP_EXTRATLEITIMPL_200526_0352_20000000006302961987_000.jpg,PSP_EXTRATLEITIMPL_200526_0352,train,llama32v,legivel,,legivel,10151,digitada_leiturista
PSP_EXTRATLEITIMPL_200526_0352_20000000006352959942_000.jpg,PSP_EXTRATLEITIMPL_200526_0352,train,llama32v,legivel,,legivel,18844,digitada_leiturista
PSP_EXTRATLEITIMPL_200526_0352_20000000006352968870_000.jpg,PSP_EXTRATLEITIMPL_200526_0352,train,llama32v,legivel,,legivel,2338,digitada_leiturista
PSP_EXTRATLEITIMPL_200526_0352_20000000006352977701_000.jpg,PSP_EXTRATLEITIMPL_200526_0352,train,llama32v,legivel,,legivel,55163,digitada_leiturista
PSP_EXTRATLEITIMPL_200526_0352_20000000006402956909_000.jpg,PSP_EXTRATLEITIMPL_200526_0352,train,llama32v,ilegivel,,ilegivel,,
PSP_EXTRATLEITIMPL_200526_0352_20000000006402965852_000.jpg,PSP_EXTRATLEITIMPL_200526_0352,train,llama32v,ilegivel,,ilegivel,,
PSP_EXTRATLEITIMPL_200526_0352_20000000006402966810_000.jpg,PSP_EXTRATLEITIMPL_200526_0352,train,llama32v,ilegivel,,ilegivel,,
PSP_EXTRATLEITIMPL_200526_0352_20000000006452965896_000.jpg,PSP_EXTRATLEITIMPL_200526_0352,train,llama32v,legivel,,legivel,7632,digitada_leiturista
PSP_EXTRATLEITIMPL_200526_0352_20000000006452972854_000.jpg,PSP_EXTRATLEITIMPL_200526_0352,train,llama32v,legivel,,legivel,9451,digitada_leiturista
PSP_EXTRATLEITIMPL_200526_0352_20000000006452975834_004.jpg,PSP_EXTRATLEITIMPL_200526_0352,train,llama32v,ilegivel,,ilegivel,,
PSP_EXTRATLEITIMPL_200526_0352_20000000006452984498_000.jpg,PSP_EXTRATLEITIMPL_200526_0352,train,llama32v,legivel,,legivel,,
PSP_EXTRATLEITIMPL_200526_0352_20000000006502981793_000.jpg,PSP_EXTRATLEITIMPL_200526_0352,train,llama32v,legivel,,legivel,15742,digitada_leiturista
PSP_EXTRATLEITIMPL_200526_0352_20000000006552962985_000.jpg,PSP_EXTRATLEITIMPL_200526_0352,train,llama32v,ilegivel,,ilegivel,,
PSP_EXTRATLEITIMPL_200526_0352_20000000006602977823_000.jpg,PSP_EXTRATLEITIMPL_200526_0352,train,llama32v,legivel,,legivel,1533,digitada_leiturista
PSP_EXTRATLEITIMPL_200526_0352_20000000006602984536_000.jpg,PSP_EXTRATLEITIMPL_200526_0352,train,llama32v,legivel,,legivel,27667,digitada_leiturista
PSP_EXTRATLEITIMPL_200526_0352_20000000006652977740_000.jpg,PSP_EXTRATLEITIMPL_200526_0352,train,llama32v,legivel,,legivel,15755,digitada_leiturista
PSP_EXTRATLEITIMPL_200526_0352_20000000006652990217_000.jpg,PSP_EXTRATLEITIMPL_200526_0352,train,llama32v,legivel,,legivel,14900,digitada_leiturista
PSP_EXTRATLEITIMPL_200526_0352_20000000006702968892_000.jpg,PSP_EXTRATLEITIMPL_200526_0352,train,llama32v,legivel,,legivel,2950,digitada_leiturista
PSP_EXTRATLEITIMPL_200526_0352_20000000006702983485_000.jpg,PSP_EXTRATLEITIMPL_200526_0352,train,llama32v,legivel,,legivel,64299,digitada_leiturista
PSP_EXTRATLEITIMPL_200526_0352_20000000006752979643_000.jpg,PSP_EXTRATLEITIMPL_200526_0352,train,llama32v,ilegivel,,ilegivel,,
PSP_EXTRATLEITIMPL_200526_0352_20000000006752982366_000.jpg,PSP_EXTRATLEITIMPL_200526_0352,train,llama32v,legivel,,legivel,12836,digitada_leiturista
PSP_EXTRATLEITIMPL_200526_0352_20000000006752982372_000.jpg,PSP_EXTRATLEITIMPL_200526_0352,train,llama32v,ilegivel,,ilegivel,,
PSP_EXTRATLEITIMPL_200526_0352_20000000006752988007_000.jpg,PSP_EXTRATLEITIMPL_200526_0352,train,llama32v,ilegivel,,ilegivel,,
PSP_EXTRATLEITIMPL_200526_0352_20000000006802965919_000.jpg,PSP_EXTRATLEITIMPL_200526_0352,train,llama32v,sem_medidor,,sem_medidor,,
PSP_EXTRATLEITIMPL_200526_0352_20000000006802984424_000.jpg,PSP_EXTRATLEITIMPL_200526_0352,train,llama32v,legivel,,legivel,145509,digitada_leiturista
PSP_EXTRATLEITIMPL_200526_0352_20000000006802984444_000.jpg,PSP_EXTRATLEITIMPL_200526_0352,train,llama32v,ilegivel,,ilegivel,,
PSP_EXTRATLEITIMPL_200526_0352_20000000006852973942_000.jpg,PSP_EXTRATLEITIMPL_200526_0352,train,llama32v,ilegivel,,ilegivel,,
PSP_EXTRATLEITIMPL_200526_0352_20000000006852989680_000.jpg,PSP_EXTRATLEITIMPL_200526_0352,train,llama32v,ilegivel,,ilegivel,,
PSP_EXTRATLEITIMPL_200526_0352_20000000006902967866_000.jpg,PSP_EXTRATLEITIMPL_200526_0352,train,llama32v,legivel,,legivel,300,digitada_leiturista
PSP_EXTRATLEITIMPL_200526_0352_20000000006902975561_000.jpg,PSP_EXTRATLEITIMPL_200526_0352,train,llama32v,legivel,,legivel,16482,digitada_leiturista
PSP_EXTRATLEITIMPL_200526_0352_20000000006952965922_000.jpg,PSP_EXTRATLEITIMPL_200526_0352,train,llama32v,ilegivel,,ilegivel,,
PSP_EXTRATLEITIMPL_200526_0352_20000000007002976879_001.jpg,PSP_EXTRATLEITIMPL_200526_0352,train,llama32v,legivel,,legivel,814571,digitada_leiturista
PSP_EXTRATLEITIMPL_200526_0352_20000000007052960941_000.jpg,PSP_EXTRATLEITIMPL_200526_0352,train,llama32v,ilegivel,,ilegivel,,
PSP_EXTRATLEITIMPL_200526_0352_20000000007052983568_000.jpg,PSP_EXTRATLEITIMPL_200526_0352,train,llama32v,ilegivel,,ilegivel,,
PSP_EXTRATLEITIMPL_200526_0352_20000000007102956923_000.jpg,PSP_EXTRATLEITIMPL_200526_0352,train,llama32v,legivel,,legivel,9132,digitada_leiturista
PSP_EXTRATLEITIMPL_200526_0352_20000000007102966869_001.jpg,PSP_EXTRATLEITIMPL_200526_0352,train,llama32v,legivel,,legivel,4622,digitada_leiturista
PSP_EXTRATLEITIMPL_200526_0352_20000000007152970825_000.jpg,PSP_EXTRATLEITIMPL_200526_0352,train,llama32v,legivel,,legivel,7194,digitada_leiturista
PSP_EXTRATLEITIMPL_200526_0352_20000000007152981634_000.jpg,PSP_EXTRATLEITIMPL_200526_0352,train,llama32v,legivel,,legivel,0,digitada_leiturista
PSP_EXTRATLEITIMPL_200526_0352_20000000007152985383_000.jpg,PSP_EXTRATLEITIMPL_200526_0352,train,llama32v,ilegivel,,ilegivel,,
PSP_EXTRATLEITIMPL_200526_0352_20000000007202967862_000.jpg,PSP_EXTRATLEITIMPL_200526_0352,train,llama32v,legivel,,legivel,3244,digitada_leiturista
PSP_EXTRATLEITIMPL_200526_0352_20000000007202974870_000.jpg,PSP_EXTRATLEITIMPL_200526_0352,train,llama32v,ilegivel,,ilegivel,,
PSP_EXTRATLEITIMPL_200526_0352_20000000007202980599_000.jpg,PSP_EXTRATLEITIMPL_200526_0352,train,llama32v,legivel,,legivel,16098,digitada_leiturista
PSP_EXTRATLEITIMPL_200526_0352_20000000007202990149_000.jpg,PSP_EXTRATLEITIMPL_200526_0352,train,llama32v,legivel,,legivel,85,digitada_leiturista
PSP_EXTRATLEITIMPL_200526_0352_20000000007202991026_000.jpg,PSP_EXTRATLEITIMPL_200526_0352,train,llama32v,legivel,,legivel,29404,digitada_leiturista
PSP_EXTRATLEITIMPL_200526_0352_20000000007252972845_000.jpg,PSP_EXTRATLEITIMPL_200526_0352,train,llama32v,ilegivel,,ilegivel,,
PSP_EXTRATLEITIMPL_200526_0352_20000000007302957962_000.jpg,PSP_EXTRATLEITIMPL_200526_0352,train,llama32v,legivel,,legivel,4474,digitada_leiturista
PSP_EXTRATLEITIMPL_200526_0352_20000000007352970860_000.jpg,PSP_EXTRATLEITIMPL_200526_0352,train,llama32v,legivel,,legivel,9690,digitada_leiturista
PSP_EXTRATLEITIMPL_200526_0352_20000000007352972821_000.jpg,PSP_EXTRATLEITIMPL_200526_0352,train,llama32v,ilegivel,,ilegivel,,
PSP_EXTRATLEITIMPL_200526_0352_20000000007402957921_000.jpg,PSP_EXTRATLEITIMPL_200526_0352,train,llama32v,ilegivel,,ilegivel,,
PSP_EXTRATLEITIMPL_200526_0352_20000000007452970734_000.jpg,PSP_EXTRATLEITIMPL_200526_0352,train,llama32v,legivel,,legivel,47777,digitada_leiturista
PSP_EXTRATLEITIMPL_200526_0352_20000000007502959871_000.jpg,PSP_EXTRATLEITIMPL_200526_0352,train,llama32v,legivel,,legivel,59707,digitada_leiturista
PSP_EXTRATLEITIMPL_200526_0352_20000000007502974494_000.jpg,PSP_EXTRATLEITIMPL_200526_0352,train,llama32v,legivel,,legivel,9273,digitada_leiturista
PSP_EXTRATLEITIMPL_200526_0352_20000000007552952948_000.jpg,PSP_EXTRATLEITIMPL_200526_0352,train,llama32v,ilegivel,,ilegivel,,
PSP_EXTRATLEITIMPL_200526_0352_20000000007552972609_000.jpg,PSP_EXTRATLEITIMPL_200526_0352,train,llama32v,ilegivel,,ilegivel,,
PSP_EXTRATLEITIMPL_200526_0352_20000000007602968769_000.jpg,PSP_EXTRATLEITIMPL_200526_0352,train,llama32v,legivel,,legivel,45379,digitada_leiturista
PSP_EXTRATLEITIMPL_200526_0352_20000000007652950942_000.jpg,PSP_EXTRATLEITIMPL_200526_0352,train,llama32v,legivel,,legivel,1907,digitada_leiturista
PSP_EXTRATLEITIMPL_200526_0352_20000000007652980026_000.jpg,PSP_EXTRATLEITIMPL_200526_0352,train,llama32v,ilegivel,,ilegivel,,
PSP_EXTRATLEITIMPL_200526_0352_20000000007702973817_000.jpg,PSP_EXTRATLEITIMPL_200526_0352,train,llama32v,legivel,,legivel,18778,digitada_leiturista
PSP_EXTRATLEITIMPL_200526_0352_20000000007702989037_000.jpg,PSP_EXTRATLEITIMPL_200526_0352,train,llama32v,legivel,,legivel,8679,digitada_leiturista
PSP_EXTRATLEITIMPL_200526_0352_20000000007802964906_000.jpg,PSP_EXTRATLEITIMPL_200526_0352,train,llama32v,legivel,,legivel,413,digitada_leiturista
PSP_EXTRATLEITIMPL_200526_0352_20000000007802967861_000.jpg,PSP_EXTRATLEITIMPL_200526_0352,train,llama32v,legivel,,legivel,28606,digitada_leiturista
PSP_EXTRATLEITIMPL_200526_0352_20000000007852962923_000.jpg,PSP_EXTRATLEITIMPL_200526_0352,train,llama32v,legivel,,legivel,1765,digitada_leiturista
PSP_EXTRATLEITIMPL_200526_0352_20000000007852980488_000.jpg,PSP_EXTRATLEITIMPL_200526_0352,train,llama32v,legivel,,legivel,14536,digitada_leiturista
PSP_EXTRATLEITIMPL_200526_0352_20000000007852985224_000.jpg,PSP_EXTRATLEITIMPL_200526_0352,train,llama32v,legivel,,legivel,813,digitada_leiturista
PSP_EXTRATLEITIMPL_200526_0352_20000000007902955936_000.jpg,PSP_EXTRATLEITIMPL_200526_0352,train,llama32v,sem_medidor,,sem_medidor,,
PSP_EXTRATLEITIMPL_200526_0352_20000000007902968867_000.jpg,PSP_EXTRATLEITIMPL_200526_0352,train,llama32v,legivel,,legivel,45,digitada_leiturista
PSP_EXTRATLEITIMPL_200526_0352_20000000007902972700_000.jpg,PSP_EXTRATLEITIMPL_200526_0352,train,llama32v,legivel,,legivel,42295,digitada_leiturista
PSP_EXTRATLEITIMPL_200526_0352_20000000007902973675_000.jpg,PSP_EXTRATLEITIMPL_200526_0352,train,llama32v,legivel,,legivel,9355,digitada_leiturista
PSP_EXTRATLEITIMPL_200526_0352_20000000007952965911_000.jpg,PSP_EXTRATLEITIMPL_200526_0352,train,llama32v,legivel,,legivel,136578,digitada_leiturista
PSP_EXTRATLEITIMPL_200526_0352_20000000007952984006_000.jpg,PSP_EXTRATLEITIMPL_200526_0352,train,llama32v,legivel,,legivel,36754,digitada_leiturista
PSP_EXTRATLEITIMPL_200526_0352_20000000008002948970_000.jpg,PSP_EXTRATLEITIMPL_200526_0352,train,llama32v,sem_medidor,,sem_medidor,,
PSP_EXTRATLEITIMPL_200526_0352_20000000008052949949_000.jpg,PSP_EXTRATLEITIMPL_200526_0352,train,llama32v,legivel,,legivel,14365,digitada_leiturista
PSP_EXTRATLEITIMPL_200526_0352_20000000008052962708_000.jpg,PSP_EXTRATLEITIMPL_200526_0352,train,llama32v,legivel,,legivel,49040,digitada_leiturista
PSP_EXTRATLEITIMPL_200526_0352_20000000008052973353_000.jpg,PSP_EXTRATLEITIMPL_200526_0352,train,llama32v,legivel,,legivel,21705,digitada_leiturista
PSP_EXTRATLEITIMPL_200526_0352_20000000008102966909_000.jpg,PSP_EXTRATLEITIMPL_200526_0352,train,llama32v,ilegivel,,ilegivel,,
PSP_EXTRATLEITIMPL_200526_0352_20000000008102979756_000.jpg,PSP_EXTRATLEITIMPL_200526_0352,train,llama32v,legivel,,legivel,765,digitada_leiturista
PSP_EXTRATLEITIMPL_200526_0352_20000000008152953932_000.jpg,PSP_EXTRATLEITIMPL_200526_0352,train,llama32v,sem_medidor,,sem_medidor,,
PSP_EXTRATLEITIMPL_200526_0352_20000000008152980143_000.jpg,PSP_EXTRATLEITIMPL_200526_0352,train,llama32v,legivel,,legivel,0,digitada_leiturista
PSP_EXTRATLEITIMPL_200526_0352_20000000008252945970_000.jpg,PSP_EXTRATLEITIMPL_200526_0352,train,llama32v,legivel,,legivel,25750,digitada_leiturista
PSP_EXTRATLEITIMPL_200526_0352_20000000008252955868_000.jpg,PSP_EXTRATLEITIMPL_200526_0352,train,llama32v,ilegivel,,ilegivel,,
PSP_EXTRATLEITIMPL_200526_0352_20000000008302958944_000.jpg,PSP_EXTRATLEITIMPL_200526_0352,train,llama32v,ilegivel,,ilegivel,,
PSP_EXTRATLEITIMPL_200526_0352_20000000008352984542_000.jpg,PSP_EXTRATLEITIMPL_200526_0352,train,llama32v,ilegivel,,ilegivel,,
PSP_EXTRATLEITIMPL_200526_0352_20000000008402941938_000.jpg,PSP_EXTRATLEITIMPL_200526_0352,train,llama32v,ilegivel,,ilegivel,,
PSP_EXTRATLEITIMPL_200526_0352_20000000008402948888_000.jpg,PSP_EXTRATLEITIMPL_200526_0352,train,llama32v,legivel,,legivel,1081,digitada_leiturista
PSP_EXTRATLEITIMPL_200526_0352_20000000008452944993_000.jpg,PSP_EXTRATLEITIMPL_200526_0352,train,llama32v,legivel,,legivel,17221,digitada_leiturista
PSP_EXTRATLEITIMPL_200526_0352_20000000008452963675_000.jpg,PSP_EXTRATLEITIMPL_200526_0352,train,llama32v,ilegivel,,ilegivel,,
PSP_EXTRATLEITIMPL_200526_0352_20000000008452971288_000.jpg,PSP_EXTRATLEITIMPL_200526_0352,train,llama32v,legivel,,legivel,84470,digitada_leiturista
PSP_EXTRATLEITIMPL_200526_0352_20000000008502947898_000.jpg,PSP_EXTRATLEITIMPL_200526_0352,train,llama32v,legivel,,legivel,25127,digitada_leiturista
PSP_EXTRATLEITIMPL_200526_0352_20000000008552967756_000.jpg,PSP_EXTRATLEITIMPL_200526_0352,train,llama32v,ilegivel,,ilegivel,,
PSP_EXTRATLEITIMPL_200526_0352_20000000008552970639_000.jpg,PSP_EXTRATLEITIMPL_200526_0352,train,llama32v,sem_medidor,,sem_medidor,,
PSP_EXTRATLEITIMPL_200526_0352_20000000008602957896_000.jpg,PSP_EXTRATLEITIMPL_200526_0352,train,llama32v,legivel,,legivel,16240,digitada_leiturista
PSP_EXTRATLEITIMPL_200526_0352_20000000008602960908_000.jpg,PSP_EXTRATLEITIMPL_200526_0352,train,llama32v,legivel,,legivel,164919,digitada_leiturista
PSP_EXTRATLEITIMPL_200526_0352_20000000008652979639_000.jpg,PSP_EXTRATLEITIMPL_200526_0352,train,llama32v,legivel,,legivel,4659,digitada_leiturista
PSP_EXTRATLEITIMPL_200526_0352_20000000008702967900_000.jpg,PSP_EXTRATLEITIMPL_200526_0352,train,llama32v,legivel,,legivel,15315,digitada_leiturista
PSP_EXTRATLEITIMPL_200526_0352_20000000008702981514_000.jpg,PSP_EXTRATLEITIMPL_200526_0352,train,llama32v,legivel,,legivel,17839,digitada_leiturista
PSP_EXTRATLEITIMPL_200526_0352_20000000008702982522_000.jpg,PSP_EXTRATLEITIMPL_200526_0352,train,llama32v,sem_medidor,,sem_medidor,,
PSP_EXTRATLEITIMPL_200526_0352_20000000008802971555_000.jpg,PSP_EXTRATLEITIMPL_200526_0352,train,llama32v,legivel,,legivel,73258,digitada_leiturista
PSP_EXTRATLEITIMPL_200526_0352_20000000008802980093_000.jpg,PSP_EXTRATLEITIMPL_200526_0352,train,llama32v,legivel,,legivel,20157,digitada_leiturista
PSP_EXTRATLEITIMPL_200526_0352_20000000008852974506_000.jpg,PSP_EXTRATLEITIMPL_200526_0352,train,llama32v,ilegivel,,ilegivel,,
PSP_EXTRATLEITIMPL_200526_0352_20000000008852975522_000.jpg,PSP_EXTRATLEITIMPL_200526_0352,train,llama32v,sem_medidor,,sem_medidor,,
PSP_EXTRATLEITIMPL_200526_0352_20000000008902961770_000.jpg,PSP_EXTRATLEITIMPL_200526_0352,train,llama32v,legivel,,legivel,2893,digitada_leiturista
PSP_EXTRATLEITIMPL_200526_0352_20000000008902963693_000.jpg,PSP_EXTRATLEITIMPL_200526_0352,train,llama32v,legivel,,legivel,18969,digitada_leiturista
PSP_EXTRATLEITIMPL_200526_0352_20000000008902974135_000.jpg,PSP_EXTRATLEITIMPL_200526_0352,train,llama32v,legivel,,legivel,88449,digitada_leiturista
PSP_EXTRATLEITIMPL_200526_0352_20000000008952961478_000.jpg,PSP_EXTRATLEITIMPL_200526_0352,train,llama32v,legivel,,legivel,40822,digitada_leiturista
PSP_EXTRATLEITIMPL_200526_0352_20000000008952966239_000.jpg,PSP_EXTRATLEITIMPL_200526_0352,train,llama32v,legivel,,legivel,29856,digitada_leiturista
PSP_EXTRATLEITIMPL_200526_0352_20000000009002956908_000.jpg,PSP_EXTRATLEITIMPL_200526_0352,train,llama32v,legivel,,legivel,11805,digitada_leiturista
PSP_EXTRATLEITIMPL_200526_0352_20000000009052945986_000.jpg,PSP_EXTRATLEITIMPL_200526_0352,train,llama32v,legivel,,legivel,13575,digitada_leiturista
PSP_EXTRATLEITIMPL_200526_0352_20000000009052962726_000.jpg,PSP_EXTRATLEITIMPL_200526_0352,train,llama32v,ilegivel,,ilegivel,,
PSP_EXTRATLEITIMPL_200526_0352_20000000009052973098_000.jpg,PSP_EXTRATLEITIMPL_200526_0352,train,llama32v,legivel,,legivel,37843,digitada_leiturista
PSP_EXTRATLEITIMPL_200526_0352_20000000009152971744_000.jpg,PSP_EXTRATLEITIMPL_200526_0352,train,llama32v,legivel,,legivel,263253,digitada_leiturista
PSP_EXTRATLEITIMPL_200526_0352_20000000009152973740_000.jpg,PSP_EXTRATLEITIMPL_200526_0352,train,llama32v,ilegivel,,ilegivel,,
PSP_EXTRATLEITIMPL_200526_0352_20000000009152975633_000.jpg,PSP_EXTRATLEITIMPL_200526_0352,train,llama32v,legivel,,legivel,20108,digitada_leiturista
PSP_EXTRATLEITIMPL_200526_0352_20000000009152983187_000.jpg,PSP_EXTRATLEITIMPL_200526_0352,train,llama32v,legivel,,legivel,10004,digitada_leiturista
PSP_EXTRATLEITIMPL_200526_0352_20000000009202979450_000.jpg,PSP_EXTRATLEITIMPL_200526_0352,train,llama32v,legivel,,legivel,25945,digitada_leiturista
PSP_EXTRATLEITIMPL_200526_0352_20000000009252966695_000.jpg,PSP_EXTRATLEITIMPL_200526_0352,train,llama32v,ilegivel,,ilegivel,,
PSP_EXTRATLEITIMPL_200526_0352_20000000009252975299_000.jpg,PSP_EXTRATLEITIMPL_200526_0352,train,llama32v,ilegivel,,ilegivel,,
PSP_EXTRATLEITIMPL_200526_0352_20000000009302949991_000.jpg,PSP_EXTRATLEITIMPL_200526_0352,train,llama32v,ilegivel,,ilegivel,,
PSP_EXTRATLEITIMPL_200526_0352_20000000009302953928_000.jpg,PSP_EXTRATLEITIMPL_200526_0352,train,llama32v,legivel,,legivel,1745,digitada_leiturista
PSP_EXTRATLEITIMPL_200526_0352_20000000009302959854_000.jpg,PSP_EXTRATLEITIMPL_200526_0352,train,llama32v,ilegivel,,ilegivel,,
PSP_EXTRATLEITIMPL_200526_0352_20000000009302963852_000.jpg,PSP_EXTRATLEITIMPL_200526_0352,train,llama32v,legivel,,legivel,3447,digitada_leiturista
PSP_EXTRATLEITIMPL_200526_0352_20000000009302974380_000.jpg,PSP_EXTRATLEITIMPL_200526_0352,train,llama32v,legivel,,legivel,281211,digitada_leiturista
PSP_EXTRATLEITIMPL_200526_0352_20000000009402945908_000.jpg,PSP_EXTRATLEITIMPL_200526_0352,train,llama32v,ilegivel,,ilegivel,,
PSP_EXTRATLEITIMPL_200526_0352_20000000009402952829_000.jpg,PSP_EXTRATLEITIMPL_200526_0352,train,llama32v,legivel,,legivel,407,digitada_leiturista
PSP_EXTRATLEITIMPL_200526_0352_20000000009402961581_000.jpg,PSP_EXTRATLEITIMPL_200526_0352,train,llama32v,legivel,,legivel,66308,digitada_leiturista
PSP_EXTRATLEITIMPL_200526_0352_20000000009502967765_000.jpg,PSP_EXTRATLEITIMPL_200526_0352,train,llama32v,ilegivel,,ilegivel,,
PSP_EXTRATLEITIMPL_200526_0352_20000000009502969741_000.jpg,PSP_EXTRATLEITIMPL_200526_0352,train,llama32v,ilegivel,,ilegivel,,
PSP_EXTRATLEITIMPL_200526_0352_20000000009502972605_000.jpg,PSP_EXTRATLEITIMPL_200526_0352,train,llama32v,legivel,,legivel,238,digitada_leiturista
PSP_EXTRATLEITIMPL_200526_0352_20000000009552950895_000.jpg,PSP_EXTRATLEITIMPL_200526_0352,train,llama32v,legivel,,legivel,3160,digitada_leiturista
PSP_EXTRATLEITIMPL_200526_0352_20000000009552965646_000.jpg,PSP_EXTRATLEITIMPL_200526_0352,train,llama32v,legivel,,legivel,23431,digitada_leiturista
PSP_EXTRATLEITIMPL_200526_0352_20000000009552972347_000.jpg,PSP_EXTRATLEITIMPL_200526_0352,train,llama32v,ilegivel,,ilegivel,,
PSP_EXTRATLEITIMPL_200526_0352_20000000009602969774_000.jpg,PSP_EXTRATLEITIMPL_200526_0352,train,llama32v,ilegivel,,ilegivel,,
PSP_EXTRATLEITIMPL_200526_0352_20000000009602970755_000.jpg,PSP_EXTRATLEITIMPL_200526_0352,train,llama32v,legivel,,legivel,89627,digitada_leiturista
PSP_EXTRATLEITIMPL_200526_0352_20000000009602972720_000.jpg,PSP_EXTRATLEITIMPL_200526_0352,train,llama32v,legivel,,legivel,36873,digitada_leiturista
PSP_EXTRATLEITIMPL_200526_0352_20000000009652950966_000.jpg,PSP_EXTRATLEITIMPL_200526_0352,train,llama32v,legivel,,legivel,7896,digitada_leiturista
PSP_EXTRATLEITIMPL_200526_0352_20000000009652951982_000.jpg,PSP_EXTRATLEITIMPL_200526_0352,train,llama32v,legivel,,legivel,11258,digitada_leiturista
PSP_EXTRATLEITIMPL_200526_0352_20000000009702959743_000.jpg,PSP_EXTRATLEITIMPL_200526_0352,train,llama32v,legivel,,legivel,76022,digitada_leiturista
PSP_EXTRATLEITIMPL_200526_0352_20000000009752979239_000.jpg,PSP_EXTRATLEITIMPL_200526_0352,train,llama32v,legivel,,legivel,29146,digitada_leiturista
PSP_EXTRATLEITIMPL_200526_0352_20000000009752980133_000.jpg,PSP_EXTRATLEITIMPL_200526_0352,train,llama32v,legivel,,legivel,1422,digitada_leiturista
PSP_EXTRATLEITIMPL_200526_0352_20000000009802954809_000.jpg,PSP_EXTRATLEITIMPL_200526_0352,train,llama32v,legivel,,legivel,33359,digitada_leiturista
PSP_EXTRATLEITIMPL_200526_0352_20000000009852965827_000.jpg,PSP_EXTRATLEITIMPL_200526_0352,train,llama32v,ilegivel,,ilegivel,,
PSP_EXTRATLEITIMPL_200526_0352_20000000009852968819_000.jpg,PSP_EXTRATLEITIMPL_200526_0352,train,llama32v,ilegivel,,ilegivel,,
PSP_EXTRATLEITIMPL_200526_0352_20000000009852975801_000.jpg,PSP_EXTRATLEITIMPL_200526_0352,train,llama32v,legivel,,legivel,2246,digitada_leiturista
PSP_EXTRATLEITIMPL_200526_0352_20000000009852975805_000.jpg,PSP_EXTRATLEITIMPL_200526_0352,train,llama32v,ilegivel,,ilegivel,,
PSP_EXTRATLEITIMPL_200526_0352_20000000009852979542_000.jpg,PSP_EXTRATLEITIMPL_200526_0352,train,llama32v,legivel,,legivel,345685,digitada_leiturista
PSP_EXTRATLEITIMPL_200526_0352_20000000009902952972_000.jpg,PSP_EXTRATLEITIMPL_200526_0352,train,llama32v,legivel,,legivel,96,digitada_leiturista
PSP_EXTRATLEITIMPL_200526_0352_20000000009902970767_000.jpg,PSP_EXTRATLEITIMPL_200526_0352,train,llama32v,legivel,,legivel,3598,digitada_leiturista
PSP_EXTRATLEITIMPL_200526_0352_20000000009952949858_000.jpg,PSP_EXTRATLEITIMPL_200526_0352,train,llama32v,legivel,,legivel,4214,digitada_leiturista
PSP_EXTRATLEITIMPL_200526_0352_20000000009952965275_000.jpg,PSP_EXTRATLEITIMPL_200526_0352,train,llama32v,legivel,,legivel,9130,digitada_leiturista
PSP_EXTRATLEITIMPL_200526_0352_20000000010052986373_000.jpg,PSP_EXTRATLEITIMPL_200526_0352,train,llama32v,legivel,,legivel,26021,digitada_leiturista
PSP_EXTRATLEITIMPL_200526_0352_20000000010052986382_000.jpg,PSP_EXTRATLEITIMPL_200526_0352,train,llama32v,legivel,,legivel,41169,digitada_leiturista
PSP_EXTRATLEITIMPL_200526_0352_20000000010102961755_000.jpg,PSP_EXTRATLEITIMPL_200526_0352,train,llama32v,ilegivel,,ilegivel,,
PSP_EXTRATLEITIMPL_200526_0352_20000000010102963708_000.jpg,PSP_EXTRATLEITIMPL_200526_0352,train,llama32v,ilegivel,,ilegivel,,
PSP_EXTRATLEITIMPL_200526_0352_20000000010152959845_000.jpg,PSP_EXTRATLEITIMPL_200526_0352,train,llama32v,legivel,,legivel,107629,digitada_leiturista
PSP_EXTRATLEITIMPL_200526_0352_20000000010152965612_000.jpg,PSP_EXTRATLEITIMPL_200526_0352,train,llama32v,legivel,,legivel,26531,digitada_leiturista
PSP_EXTRATLEITIMPL_200526_0352_20000000010152972246_000.jpg,PSP_EXTRATLEITIMPL_200526_0352,train,llama32v,legivel,,legivel,31250,digitada_leiturista
PSP_EXTRATLEITIMPL_200526_0352_20000000010202962833_000.jpg,PSP_EXTRATLEITIMPL_200526_0352,train,llama32v,ilegivel,,ilegivel,,
PSP_EXTRATLEITIMPL_200526_0352_20000000010252963417_000.jpg,PSP_EXTRATLEITIMPL_200526_0352,train,llama32v,legivel,,legivel,12467,digitada_leiturista
PSP_EXTRATLEITIMPL_200526_0352_20000000010302957964_000.jpg,PSP_EXTRATLEITIMPL_200526_0352,train,llama32v,legivel,,legivel,36443,digitada_leiturista
PSP_EXTRATLEITIMPL_200526_0352_20000000010302970751_000.jpg,PSP_EXTRATLEITIMPL_200526_0352,train,llama32v,legivel,,legivel,32318,digitada_leiturista
PSP_EXTRATLEITIMPL_200526_0352_20000000010302971701_000.jpg,PSP_EXTRATLEITIMPL_200526_0352,train,llama32v,legivel,,legivel,15087,digitada_leiturista
PSP_EXTRATLEITIMPL_200526_0352_20000000010352951993_000.jpg,PSP_EXTRATLEITIMPL_200526_0352,train,llama32v,ilegivel,,ilegivel,,
PSP_EXTRATLEITIMPL_200526_0352_20000000010352961835_000.jpg,PSP_EXTRATLEITIMPL_200526_0352,train,llama32v,legivel,,legivel,,
PSP_EXTRATLEITIMPL_200526_0352_20000000010402940991_000.jpg,PSP_EXTRATLEITIMPL_200526_0352,train,llama32v,ilegivel,,ilegivel,,
PSP_EXTRATLEITIMPL_200526_0352_20000000010402940999_000.jpg,PSP_EXTRATLEITIMPL_200526_0352,train,llama32v,sem_medidor,,sem_medidor,,
PSP_EXTRATLEITIMPL_200526_0352_20000000010402952855_000.jpg,PSP_EXTRATLEITIMPL_200526_0352,train,llama32v,ilegivel,,ilegivel,,
PSP_EXTRATLEITIMPL_200526_0352_20000000010502971571_001.jpg,PSP_EXTRATLEITIMPL_200526_0352,train,llama32v,legivel,,legivel,12239,digitada_leiturista
PSP_EXTRATLEITIMPL_200526_0352_20000000010502978149_000.jpg,PSP_EXTRATLEITIMPL_200526_0352,train,llama32v,legivel,,legivel,63334,digitada_leiturista
PSP_EXTRATLEITIMPL_200526_0352_20000000010552969672_000.jpg,PSP_EXTRATLEITIMPL_200526_0352,train,llama32v,ilegivel,,ilegivel,,
PSP_EXTRATLEITIMPL_200526_0352_20000000010602952817_000.jpg,PSP_EXTRATLEITIMPL_200526_0352,train,llama32v,sem_medidor,,sem_medidor,,
PSP_EXTRATLEITIMPL_200526_0352_20000000010602961730_000.jpg,PSP_EXTRATLEITIMPL_200526_0352,train,llama32v,legivel,,legivel,6282,digitada_leiturista
PSP_EXTRATLEITIMPL_200526_0352_20000000010602962722_000.jpg,PSP_EXTRATLEITIMPL_200526_0352,train,llama32v,legivel,,legivel,251,digitada_leiturista
PSP_EXTRATLEITIMPL_200526_0352_20000000010652947901_000.jpg,PSP_EXTRATLEITIMPL_200526_0352,train,llama32v,sem_medidor,,sem_medidor,,
PSP_EXTRATLEITIMPL_200526_0352_20000000010652972134_000.jpg,PSP_EXTRATLEITIMPL_200526_0352,train,llama32v,legivel,,legivel,33332,digitada_leiturista
PSP_EXTRATLEITIMPL_200526_0352_20000000010652972140_000.jpg,PSP_EXTRATLEITIMPL_200526_0352,train,llama32v,legivel,,legivel,18648,digitada_leiturista
PSP_EXTRATLEITIMPL_200526_0352_20000000010702957977_000.jpg,PSP_EXTRATLEITIMPL_200526_0352,train,llama32v,ilegivel,,ilegivel,,
PSP_EXTRATLEITIMPL_200526_0352_20000000010702968834_000.jpg,PSP_EXTRATLEITIMPL_200526_0352,train,llama32v,ilegivel,,ilegivel,,
PSP_EXTRATLEITIMPL_200526_0352_20000000010752960857_000.jpg,PSP_EXTRATLEITIMPL_200526_0352,train,llama32v,legivel,,legivel,2195,digitada_leiturista
PSP_EXTRATLEITIMPL_200526_0352_20000000010802951902_000.jpg,PSP_EXTRATLEITIMPL_200526_0352,train,llama32v,legivel,,legivel,670,digitada_leiturista
PSP_EXTRATLEITIMPL_200526_0352_20000000010802970392_000.jpg,PSP_EXTRATLEITIMPL_200526_0352,train,llama32v,legivel,,legivel,16560,digitada_leiturista
PSP_EXTRATLEITIMPL_200526_0352_20000000010802971342_000.jpg,PSP_EXTRATLEITIMPL_200526_0352,train,llama32v,legivel,,legivel,3439,digitada_leiturista
PSP_EXTRATLEITIMPL_200526_0352_20000000010802975019_000.jpg,PSP_EXTRATLEITIMPL_200526_0352,train,llama32v,legivel,,legivel,27707,digitada_leiturista
PSP_EXTRATLEITIMPL_200526_0352_20000000010852950967_000.jpg,PSP_EXTRATLEITIMPL_200526_0352,train,llama32v,ilegivel,,ilegivel,,
PSP_EXTRATLEITIMPL_200526_0352_20000000010852965591_000.jpg,PSP_EXTRATLEITIMPL_200526_0352,train,llama32v,legivel,,legivel,,
PSP_EXTRATLEITIMPL_200526_0352_20000000010902980325_000.jpg,PSP_EXTRATLEITIMPL_200526_0352,train,llama32v,legivel,,legivel,7791,digitada_leiturista
PSP_EXTRATLEITIMPL_200526_0352_20000000010952948973_000.jpg,PSP_EXTRATLEITIMPL_200526_0352,train,llama32v,legivel,,legivel,11497,digitada_leiturista
PSP_EXTRATLEITIMPL_200526_0352_20000000011002975546_000.jpg,PSP_EXTRATLEITIMPL_200526_0352,train,llama32v,legivel,,legivel,26911,digitada_leiturista
PSP_EXTRATLEITIMPL_200526_0352_20000000011002979389_000.jpg,PSP_EXTRATLEITIMPL_200526_0352,train,llama32v,ilegivel,,ilegivel,,
PSP_EXTRATLEITIMPL_200526_0352_20000000011052962771_000.jpg,PSP_EXTRATLEITIMPL_200526_0352,train,llama32v,sem_medidor,,sem_medidor,,
PSP_EXTRATLEITIMPL_200526_0352_20000000011052967639_000.jpg,PSP_EXTRATLEITIMPL_200526_0352,train,llama32v,ilegivel,,ilegivel,,
PSP_EXTRATLEITIMPL_200526_0352_20000000011102947934_000.jpg,PSP_EXTRATLEITIMPL_200526_0352,train,llama32v,legivel,,legivel,10214,digitada_leiturista
PSP_EXTRATLEITIMPL_200526_0352_20000000011152977091_000.jpg,PSP_EXTRATLEITIMPL_200526_0352,train,llama32v,legivel,,legivel,508,digitada_leiturista
PSP_EXTRATLEITIMPL_200526_0352_20000000011202981131_000.jpg,PSP_EXTRATLEITIMPL_200526_0352,train,llama32v,legivel,,legivel,10488,digitada_leiturista
PSP_EXTRATLEITIMPL_200526_0352_20000000011252958688_000.jpg,PSP_EXTRATLEITIMPL_200526_0352,train,llama32v,legivel,,legivel,11002,digitada_leiturista
PSP_EXTRATLEITIMPL_200526_0352_20000000011352949840_000.jpg,PSP_EXTRATLEITIMPL_200526_0352,train,llama32v,legivel,,legivel,59129,digitada_leiturista
PSP_EXTRATLEITIMPL_200526_0352_20000000011352955630_001.jpg,PSP_EXTRATLEITIMPL_200526_0352,train,llama32v,legivel,,legivel,,
PSP_EXTRATLEITIMPL_200526_0352_20000000011402964936_000.jpg,PSP_EXTRATLEITIMPL_200526_0352,train,llama32v,legivel,,legivel,94265,digitada_leiturista
PSP_EXTRATLEITIMPL_200526_0352_20000000011402979605_000.jpg,PSP_EXTRATLEITIMPL_200526_0352,train,llama32v,ilegivel,,ilegivel,,
PSP_EXTRATLEITIMPL_200526_0352_20000000011502970723_000.jpg,PSP_EXTRATLEITIMPL_200526_0352,train,llama32v,legivel,,legivel,2258,digitada_leiturista
PSP_EXTRATLEITIMPL_200526_0352_20000000011502974624_000.jpg,PSP_EXTRATLEITIMPL_200526_0352,train,llama32v,legivel,,legivel,18005,digitada_leiturista
PSP_EXTRATLEITIMPL_200526_0352_20000000011502976489_000.jpg,PSP_EXTRATLEITIMPL_200526_0352,train,llama32v,legivel,,legivel,15907,digitada_leiturista
PSP_EXTRATLEITIMPL_200526_0352_20000000011502977433_000.jpg,PSP_EXTRATLEITIMPL_200526_0352,train,llama32v,legivel,,legivel,9058,digitada_leiturista
PSP_EXTRATLEITIMPL_200526_0352_20000000011552968757_000.jpg,PSP_EXTRATLEITIMPL_200526_0352,train,llama32v,ilegivel,,ilegivel,,
PSP_EXTRATLEITIMPL_200526_0352_20000000011552977283_000.jpg,PSP_EXTRATLEITIMPL_200526_0352,train,llama32v,legivel,,legivel,58474,digitada_leiturista
PSP_EXTRATLEITIMPL_200526_0352_20000000011602940967_000.jpg,PSP_EXTRATLEITIMPL_200526_0352,train,llama32v,legivel,,legivel,5,digitada_leiturista
PSP_EXTRATLEITIMPL_200526_0352_20000000011602940979_000.jpg,PSP_EXTRATLEITIMPL_200526_0352,train,llama32v,legivel,,legivel,5904,digitada_leiturista
PSP_EXTRATLEITIMPL_200526_0352_20000000011602943948_000.jpg,PSP_EXTRATLEITIMPL_200526_0352,train,llama32v,legivel,,legivel,86384,digitada_leiturista
PSP_EXTRATLEITIMPL_200526_0352_20000000011602962571_000.jpg,PSP_EXTRATLEITIMPL_200526_0352,train,llama32v,ilegivel,,ilegivel,,
PSP_EXTRATLEITIMPL_200526_0352_20000000011652955929_000.jpg,PSP_EXTRATLEITIMPL_200526_0352,train,llama32v,ilegivel,,ilegivel,,
PSP_EXTRATLEITIMPL_200526_0352_20000000011652957983_000.jpg,PSP_EXTRATLEITIMPL_200526_0352,train,llama32v,legivel,,legivel,5796,digitada_leiturista
PSP_EXTRATLEITIMPL_200526_0352_20000000011652982117_000.jpg,PSP_EXTRATLEITIMPL_200526_0352,train,llama32v,ilegivel,,ilegivel,,
PSP_EXTRATLEITIMPL_200526_0352_20000000011702949987_000.jpg,PSP_EXTRATLEITIMPL_200526_0352,train,llama32v,ilegivel,,ilegivel,,
PSP_EXTRATLEITIMPL_200526_0352_20000000011702960869_000.jpg,PSP_EXTRATLEITIMPL_200526_0352,train,llama32v,legivel,,legivel,6665,digitada_leiturista
PSP_EXTRATLEITIMPL_200526_0352_20000000011702969436_000.jpg,PSP_EXTRATLEITIMPL_200526_0352,train,llama32v,legivel,,legivel,11715,digitada_leiturista
PSP_EXTRATLEITIMPL_200526_0352_20000000011802958999_000.jpg,PSP_EXTRATLEITIMPL_200526_0352,train,llama32v,legivel,,legivel,40262,digitada_leiturista
PSP_EXTRATLEITIMPL_200526_0352_20000000011802959956_000.jpg,PSP_EXTRATLEITIMPL_200526_0352,train,llama32v,legivel,,legivel,47335,digitada_leiturista
PSP_EXTRATLEITIMPL_200526_0352_20000000011802964883_000.jpg,PSP_EXTRATLEITIMPL_200526_0352,train,llama32v,legivel,,legivel,30046,digitada_leiturista
PSP_EXTRATLEITIMPL_200526_0352_20000000011852957881_000.jpg,PSP_EXTRATLEITIMPL_200526_0352,train,llama32v,legivel,,legivel,16993,digitada_leiturista
PSP_EXTRATLEITIMPL_200526_0352_20000000011852962869_000.jpg,PSP_EXTRATLEITIMPL_200526_0352,train,llama32v,ilegivel,,ilegivel,,
PSP_EXTRATLEITIMPL_200526_0352_20000000011852965729_000.jpg,PSP_EXTRATLEITIMPL_200526_0352,train,llama32v,ilegivel,,ilegivel,,
PSP_EXTRATLEITIMPL_200526_0352_20000000011852977143_000.jpg,PSP_EXTRATLEITIMPL_200526_0352,train,llama32v,legivel,,legivel,11371,digitada_leiturista
PSP_EXTRATLEITIMPL_200526_0352_20000000011902972284_000.jpg,PSP_EXTRATLEITIMPL_200526_0352,train,llama32v,legivel,,legivel,11753,digitada_leiturista
PSP_EXTRATLEITIMPL_200526_0352_20000000011952945968_000.jpg,PSP_EXTRATLEITIMPL_200526_0352,train,llama32v,legivel,,legivel,25477,digitada_leiturista
PSP_EXTRATLEITIMPL_200526_0352_20000000011952948908_000.jpg,PSP_EXTRATLEITIMPL_200526_0352,train,llama32v,ilegivel,,ilegivel,,
PSP_EXTRATLEITIMPL_200526_0352_20000000012002952969_000.jpg,PSP_EXTRATLEITIMPL_200526_0352,train,llama32v,legivel,,legivel,47284,digitada_leiturista
PSP_EXTRATLEITIMPL_200526_0352_20000000012002977172_000.jpg,PSP_EXTRATLEITIMPL_200526_0352,train,llama32v,legivel,,legivel,324928,digitada_leiturista
PSP_EXTRATLEITIMPL_200526_0352_20000000012052961857_000.jpg,PSP_EXTRATLEITIMPL_200526_0352,train,llama32v,legivel,,legivel,82468,digitada_leiturista
PSP_EXTRATLEITIMPL_200526_0352_20000000012052971752_000.jpg,PSP_EXTRATLEITIMPL_200526_0352,train,llama32v,legivel,,legivel,44490,digitada_leiturista
PSP_EXTRATLEITIMPL_200526_0352_20000000012052982194_000.jpg,PSP_EXTRATLEITIMPL_200526_0352,train,llama32v,legivel,,legivel,19367,digitada_leiturista
PSP_EXTRATLEITIMPL_200526_0352_20000000012102960838_000.jpg,PSP_EXTRATLEITIMPL_200526_0352,train,llama32v,legivel,,legivel,23742,digitada_leiturista
PSP_EXTRATLEITIMPL_200526_0352_20000000012152953868_000.jpg,PSP_EXTRATLEITIMPL_200526_0352,train,llama32v,sem_medidor,,sem_medidor,,
PSP_EXTRATLEITIMPL_200526_0352_20000000012152962648_000.jpg,PSP_EXTRATLEITIMPL_200526_0352,train,llama32v,legivel,,legivel,7962,digitada_leiturista
PSP_EXTRATLEITIMPL_200526_0352_20000000012152963608_000.jpg,PSP_EXTRATLEITIMPL_200526_0352,train,llama32v,legivel,,legivel,134740,digitada_leiturista
PSP_EXTRATLEITIMPL_200526_0352_20000000012202958859_000.jpg,PSP_EXTRATLEITIMPL_200526_0352,train,llama32v,legivel,,legivel,5613,digitada_leiturista
PSP_EXTRATLEITIMPL_200526_0352_20000000012252962846_000.jpg,PSP_EXTRATLEITIMPL_200526_0352,train,llama32v,ilegivel,,ilegivel,,
PSP_EXTRATLEITIMPL_200526_0352_20000000012302965916_000.jpg,PSP_EXTRATLEITIMPL_200526_0352,train,llama32v,legivel,,legivel,81165,digitada_leiturista
PSP_EXTRATLEITIMPL_200526_0352_20000000012302973781_000.jpg,PSP_EXTRATLEITIMPL_200526_0352,train,llama32v,legivel,,legivel,95,digitada_leiturista
PSP_EXTRATLEITIMPL_200526_0352_20000000012302974786_000.jpg,PSP_EXTRATLEITIMPL_200526_0352,train,llama32v,legivel,,legivel,23606,digitada_leiturista
PSP_EXTRATLEITIMPL_200526_0352_20000000012352950887_000.jpg,PSP_EXTRATLEITIMPL_200526_0352,train,llama32v,sem_medidor,,sem_medidor,,
PSP_EXTRATLEITIMPL_200526_0352_20000000012352954793_000.jpg,PSP_EXTRATLEITIMPL_200526_0352,train,llama32v,legivel,,legivel,956,digitada_leiturista
PSP_EXTRATLEITIMPL_200526_0352_20000000012402952890_000.jpg,PSP_EXTRATLEITIMPL_200526_0352,train,llama32v,legivel,,legivel,9096,digitada_leiturista
PSP_EXTRATLEITIMPL_200526_0352_20000000012402961742_000.jpg,PSP_EXTRATLEITIMPL_200526_0352,train,llama32v,legivel,,legivel,2327,digitada_leiturista
PSP_EXTRATLEITIMPL_200526_0352_20000000012402963717_000.jpg,PSP_EXTRATLEITIMPL_200526_0352,train,llama32v,ilegivel,,ilegivel,,
PSP_EXTRATLEITIMPL_200526_0352_20000000012402964743_000.jpg,PSP_EXTRATLEITIMPL_200526_0352,train,llama32v,legivel,,legivel,360,digitada_leiturista
PSP_EXTRATLEITIMPL_200526_0352_20000000012502974693_000.jpg,PSP_EXTRATLEITIMPL_200526_0352,train,llama32v,sem_medidor,,sem_medidor,,
PSP_EXTRATLEITIMPL_200526_0352_20000000012552953873_000.jpg,PSP_EXTRATLEITIMPL_200526_0352,train,llama32v,legivel,,legivel,29901,digitada_leiturista
PSP_EXTRATLEITIMPL_200526_0352_20000000012552963751_000.jpg,PSP_EXTRATLEITIMPL_200526_0352,train,llama32v,legivel,,legivel,2401,digitada_leiturista
PSP_EXTRATLEITIMPL_200526_0352_20000000012552964702_000.jpg,PSP_EXTRATLEITIMPL_200526_0352,train,llama32v,legivel,,legivel,89,digitada_leiturista
PSP_EXTRATLEITIMPL_200526_0352_20000000012652973541_000.jpg,PSP_EXTRATLEITIMPL_200526_0352,train,llama32v,legivel,,legivel,6690,digitada_leiturista
PSP_EXTRATLEITIMPL_200526_0352_20000000012652977350_000.jpg,PSP_EXTRATLEITIMPL_200526_0352,train,llama32v,legivel,,legivel,2381,digitada_leiturista
PSP_EXTRATLEITIMPL_200526_0352_20000000012652978256_000.jpg,PSP_EXTRATLEITIMPL_200526_0352,train,llama32v,legivel,,legivel,0,digitada_leiturista
PSP_EXTRATLEITIMPL_200526_0352_20000000012702961829_000.jpg,PSP_EXTRATLEITIMPL_200526_0352,train,llama32v,ilegivel,,ilegivel,,
PSP_EXTRATLEITIMPL_200526_0352_20000000012702963798_000.jpg,PSP_EXTRATLEITIMPL_200526_0352,train,llama32v,legivel,,legivel,17745,digitada_leiturista
PSP_EXTRATLEITIMPL_200526_0352_20000000012702966711_000.jpg,PSP_EXTRATLEITIMPL_200526_0352,train,llama32v,ilegivel,,ilegivel,,
PSP_EXTRATLEITIMPL_200526_0352_20000000012702980141_000.jpg,PSP_EXTRATLEITIMPL_200526_0352,train,llama32v,legivel,,legivel,48361,digitada_leiturista
PSP_EXTRATLEITIMPL_200526_0352_20000000012752944922_000.jpg,PSP_EXTRATLEITIMPL_200526_0352,train,llama32v,ilegivel,,ilegivel,,
PSP_EXTRATLEITIMPL_200526_0352_20000000012752971262_000.jpg,PSP_EXTRATLEITIMPL_200526_0352,train,llama32v,legivel,,legivel,4890,digitada_leiturista
PSP_EXTRATLEITIMPL_200526_0352_20000000012802972595_000.jpg,PSP_EXTRATLEITIMPL_200526_0352,train,llama32v,ilegivel,,ilegivel,,
PSP_EXTRATLEITIMPL_200526_0352_20000000012852949962_000.jpg,PSP_EXTRATLEITIMPL_200526_0352,train,llama32v,legivel,,legivel,8762,digitada_leiturista
PSP_EXTRATLEITIMPL_200526_0352_20000000012852953852_000.jpg,PSP_EXTRATLEITIMPL_200526_0352,train,llama32v,legivel,,legivel,21090,digitada_leiturista
PSP_EXTRATLEITIMPL_200526_0352_20000000012852961863_000.jpg,PSP_EXTRATLEITIMPL_200526_0352,train,llama32v,legivel,,legivel,,
PSP_EXTRATLEITIMPL_200526_0352_20000000012902956888_000.jpg,PSP_EXTRATLEITIMPL_200526_0352,train,llama32v,legivel,,legivel,12606,digitada_leiturista
PSP_EXTRATLEITIMPL_200526_0352_20000000012902960846_000.jpg,PSP_EXTRATLEITIMPL_200526_0352,train,llama32v,ilegivel,,ilegivel,,
PSP_EXTRATLEITIMPL_200526_0352_20000000012902964741_000.jpg,PSP_EXTRATLEITIMPL_200526_0352,train,llama32v,ilegivel,,ilegivel,,
PSP_EXTRATLEITIMPL_200526_0352_20000000012902968588_000.jpg,PSP_EXTRATLEITIMPL_200526_0352,train,llama32v,sem_medidor,,sem_medidor,,
PSP_EXTRATLEITIMPL_200526_0352_20000000012902972392_000.jpg,PSP_EXTRATLEITIMPL_200526_0352,train,llama32v,legivel,,legivel,2681,digitada_leiturista
PSP_EXTRATLEITIMPL_200526_0352_20000000012952954731_000.jpg,PSP_EXTRATLEITIMPL_200526_0352,train,llama32v,legivel,,legivel,322,digitada_leiturista
PSP_EXTRATLEITIMPL_200526_0352_20000000013002939880_000.jpg,PSP_EXTRATLEITIMPL_200526_0352,train,llama32v,legivel,,legivel,10848,digitada_leiturista
PSP_EXTRATLEITIMPL_200526_0352_20000000013002959375_000.jpg,PSP_EXTRATLEITIMPL_200526_0352,train,llama32v,legivel,,legivel,25774,digitada_leiturista
PSP_EXTRATLEITIMPL_200526_0352_20000000013052955847_000.jpg,PSP_EXTRATLEITIMPL_200526_0352,train,llama32v,legivel,,legivel,38321,digitada_leiturista
PSP_EXTRATLEITIMPL_200526_0352_20000000013052970509_000.jpg,PSP_EXTRATLEITIMPL_200526_0352,train,llama32v,ilegivel,,ilegivel,,
PSP_EXTRATLEITIMPL_200526_0352_20000000013102967812_000.jpg,PSP_EXTRATLEITIMPL_200526_0352,train,llama32v,sem_medidor,,sem_medidor,,
PSP_EXTRATLEITIMPL_200526_0352_20000000013102972726_000.jpg,PSP_EXTRATLEITIMPL_200526_0352,train,llama32v,legivel,,legivel,18093,digitada_leiturista
PSP_EXTRATLEITIMPL_200526_0352_20000000013102979438_000.jpg,PSP_EXTRATLEITIMPL_200526_0352,train,llama32v,ilegivel,,ilegivel,,
PSP_EXTRATLEITIMPL_200526_0352_20000000013152965803_000.jpg,PSP_EXTRATLEITIMPL_200526_0352,train,llama32v,legivel,,legivel,5044,digitada_leiturista
PSP_EXTRATLEITIMPL_200526_0352_20000000013152969632_000.jpg,PSP_EXTRATLEITIMPL_200526_0352,train,llama32v,legivel,,legivel,7625,digitada_leiturista
PSP_EXTRATLEITIMPL_200526_0352_20000000013202950937_000.jpg,PSP_EXTRATLEITIMPL_200526_0352,train,llama32v,legivel,,legivel,14408,digitada_leiturista
PSP_EXTRATLEITIMPL_200526_0352_20000000013202967673_000.jpg,PSP_EXTRATLEITIMPL_200526_0352,train,llama32v,ilegivel,,ilegivel,,
PSP_EXTRATLEITIMPL_200526_0352_20000000013252947960_000.jpg,PSP_EXTRATLEITIMPL_200526_0352,train,llama32v,legivel,,legivel,16208,digitada_leiturista
PSP_EXTRATLEITIMPL_200526_0352_20000000013302954928_000.jpg,PSP_EXTRATLEITIMPL_200526_0352,train,llama32v,legivel,,legivel,4279,digitada_leiturista
PSP_EXTRATLEITIMPL_200526_0352_20000000013302955920_000.jpg,PSP_EXTRATLEITIMPL_200526_0352,train,llama32v,ilegivel,,ilegivel,,
PSP_EXTRATLEITIMPL_200526_0352_20000000013302958911_000.jpg,PSP_EXTRATLEITIMPL_200526_0352,train,llama32v,ilegivel,,ilegivel,,
PSP_EXTRATLEITIMPL_200526_0352_20000000013352960789_000.jpg,PSP_EXTRATLEITIMPL_200526_0352,train,llama32v,sem_medidor,,sem_medidor,,
PSP_EXTRATLEITIMPL_200526_0352_20000000013352976012_000.jpg,PSP_EXTRATLEITIMPL_200526_0352,train,llama32v,ilegivel,,ilegivel,,
PSP_EXTRATLEITIMPL_200526_0352_20000000013402972860_000.jpg,PSP_EXTRATLEITIMPL_200526_0352,train,llama32v,legivel,,legivel,16047,digitada_leiturista
PSP_EXTRATLEITIMPL_200526_0352_20000000013452972721_000.jpg,PSP_EXTRATLEITIMPL_200526_0352,train,llama32v,legivel,,legivel,923351,digitada_leiturista
PSP_EXTRATLEITIMPL_200526_0352_20000000013502966755_000.jpg,PSP_EXTRATLEITIMPL_200526_0352,train,llama32v,sem_medidor,,sem_medidor,,
PSP_EXTRATLEITIMPL_200526_0352_20000000013502977135_000.jpg,PSP_EXTRATLEITIMPL_200526_0352,train,llama32v,legivel,,legivel,349237,digitada_leiturista
PSP_EXTRATLEITIMPL_200526_0352_20000000013552962684_000.jpg,PSP_EXTRATLEITIMPL_200526_0352,train,llama32v,legivel,,legivel,316,digitada_leiturista
PSP_EXTRATLEITIMPL_200526_0352_20000000013552962704_000.jpg,PSP_EXTRATLEITIMPL_200526_0352,train,llama32v,ilegivel,,ilegivel,,
PSP_EXTRATLEITIMPL_200526_0352_20000000013552966570_000.jpg,PSP_EXTRATLEITIMPL_200526_0352,train,llama32v,ilegivel,,ilegivel,,
PSP_EXTRATLEITIMPL_200526_0352_20000000013602964772_000.jpg,PSP_EXTRATLEITIMPL_200526_0352,train,llama32v,legivel,,legivel,8738,digitada_leiturista
PSP_EXTRATLEITIMPL_200526_0352_20000000013602969550_000.jpg,PSP_EXTRATLEITIMPL_200526_0352,train,llama32v,legivel,,legivel,14170,digitada_leiturista
PSP_EXTRATLEITIMPL_200526_0352_20000000013652965803_000.jpg,PSP_EXTRATLEITIMPL_200526_0352,train,llama32v,ilegivel,,ilegivel,,
PSP_EXTRATLEITIMPL_200526_0352_20000000013702977103_000.jpg,PSP_EXTRATLEITIMPL_200526_0352,train,llama32v,legivel,,legivel,37966,digitada_leiturista
PSP_EXTRATLEITIMPL_200526_0352_20000000013852965869_000.jpg,PSP_EXTRATLEITIMPL_200526_0352,train,llama32v,legivel,,legivel,19018,digitada_leiturista
PSP_EXTRATLEITIMPL_200526_0352_20000000013852971742_000.jpg,PSP_EXTRATLEITIMPL_200526_0352,train,llama32v,legivel,,legivel,44611,digitada_leiturista
PSP_EXTRATLEITIMPL_200526_0352_20000000013852979329_000.jpg,PSP_EXTRATLEITIMPL_200526_0352,train,llama32v,ilegivel,,ilegivel,,
PSP_EXTRATLEITIMPL_200526_0352_20000000013902956953_000.jpg,PSP_EXTRATLEITIMPL_200526_0352,train,llama32v,ilegivel,,ilegivel,,
PSP_EXTRATLEITIMPL_200526_0352_20000000013902961896_000.jpg,PSP_EXTRATLEITIMPL_200526_0352,train,llama32v,ilegivel,,ilegivel,,
PSP_EXTRATLEITIMPL_200526_0352_20000000013952946909_000.jpg,PSP_EXTRATLEITIMPL_200526_0352,train,llama32v,legivel,,legivel,134713,digitada_leiturista
PSP_EXTRATLEITIMPL_200526_0352_20000000013952950917_000.jpg,PSP_EXTRATLEITIMPL_200526_0352,train,llama32v,legivel,,legivel,856,digitada_leiturista
PSP_EXTRATLEITIMPL_200526_0352_20000000013952959720_000.jpg,PSP_EXTRATLEITIMPL_200526_0352,train,llama32v,legivel,,legivel,29621,digitada_leiturista
PSP_EXTRATLEITIMPL_200526_0352_20000000013952971242_000.jpg,PSP_EXTRATLEITIMPL_200526_0352,train,llama32v,legivel,,legivel,28221,digitada_leiturista
PSP_EXTRATLEITIMPL_200526_0352_20000000013952971250_000.jpg,PSP_EXTRATLEITIMPL_200526_0352,train,llama32v,legivel,,legivel,18565,digitada_leiturista
PSP_EXTRATLEITIMPL_200526_0352_20000000014002958804_000.jpg,PSP_EXTRATLEITIMPL_200526_0352,train,llama32v,legivel,,legivel,35984,digitada_leiturista
PSP_EXTRATLEITIMPL_200526_0352_20000000014002970248_000.jpg,PSP_EXTRATLEITIMPL_200526_0352,train,llama32v,ilegivel,,ilegivel,,
PSP_EXTRATLEITIMPL_200526_0352_20000000014002972123_000.jpg,PSP_EXTRATLEITIMPL_200526_0352,train,llama32v,legivel,,legivel,27764,digitada_leiturista
PSP_EXTRATLEITIMPL_200526_0352_20000000014052977527_000.jpg,PSP_EXTRATLEITIMPL_200526_0352,train,llama32v,legivel,,legivel,67785,digitada_leiturista
PSP_EXTRATLEITIMPL_200526_0352_20000000014052982215_000.jpg,PSP_EXTRATLEITIMPL_200526_0352,train,llama32v,legivel,,legivel,3608,digitada_leiturista
PSP_EXTRATLEITIMPL_200526_0352_20000000014102942888_000.jpg,PSP_EXTRATLEITIMPL_200526_0352,train,llama32v,legivel,,legivel,113240,digitada_leiturista
PSP_EXTRATLEITIMPL_200526_0352_20000000014152948978_000.jpg,PSP_EXTRATLEITIMPL_200526_0352,train,llama32v,legivel,,legivel,8493,digitada_leiturista
PSP_EXTRATLEITIMPL_200526_0352_20000000014152954900_000.jpg,PSP_EXTRATLEITIMPL_200526_0352,train,llama32v,ilegivel,,ilegivel,,
PSP_EXTRATLEITIMPL_200526_0352_20000000014152963557_000.jpg,PSP_EXTRATLEITIMPL_200526_0352,train,llama32v,legivel,,legivel,7438,digitada_leiturista
PSP_EXTRATLEITIMPL_200526_0352_20000000014152968322_000.jpg,PSP_EXTRATLEITIMPL_200526_0352,train,llama32v,legivel,,legivel,103496,digitada_leiturista
PSP_EXTRATLEITIMPL_200526_0352_20000000014152970157_000.jpg,PSP_EXTRATLEITIMPL_200526_0352,train,llama32v,legivel,,legivel,36058,digitada_leiturista
PSP_EXTRATLEITIMPL_200526_0352_20000000014202948862_000.jpg,PSP_EXTRATLEITIMPL_200526_0352,train,llama32v,ilegivel,,ilegivel,,
PSP_EXTRATLEITIMPL_200526_0352_20000000014202958693_000.jpg,PSP_EXTRATLEITIMPL_200526_0352,train,llama32v,ilegivel,,ilegivel,,
PSP_EXTRATLEITIMPL_200526_0352_20000000014252959720_000.jpg,PSP_EXTRATLEITIMPL_200526_0352,train,llama32v,legivel,,legivel,16727,digitada_leiturista
PSP_EXTRATLEITIMPL_200526_0352_20000000014302954859_000.jpg,PSP_EXTRATLEITIMPL_200526_0352,train,llama32v,legivel,,legivel,24899,digitada_leiturista
PSP_EXTRATLEITIMPL_200526_0352_20000000014352933896_000.jpg,PSP_EXTRATLEITIMPL_200526_0352,train,llama32v,ilegivel,,ilegivel,,
PSP_EXTRATLEITIMPL_200526_0352_20000000014402949895_000.jpg,PSP_EXTRATLEITIMPL_200526_0352,train,llama32v,sem_medidor,,sem_medidor,,
PSP_EXTRATLEITIMPL_200526_0352_20000000014452963576_000.jpg,PSP_EXTRATLEITIMPL_200526_0352,train,llama32v,ilegivel,,ilegivel,,
PSP_EXTRATLEITIMPL_200526_0352_20000000014452970261_000.jpg,PSP_EXTRATLEITIMPL_200526_0352,train,llama32v,legivel,,legivel,5087,digitada_leiturista
PSP_EXTRATLEITIMPL_200526_0352_20000000014502951859_000.jpg,PSP_EXTRATLEITIMPL_200526_0352,train,llama32v,sem_medidor,,sem_medidor,,
PSP_EXTRATLEITIMPL_200526_0352_20000000014502961772_000.jpg,PSP_EXTRATLEITIMPL_200526_0352,train,llama32v,legivel,,legivel,0,digitada_leiturista
PSP_EXTRATLEITIMPL_200526_0352_20000000014552952916_000.jpg,PSP_EXTRATLEITIMPL_200526_0352,train,llama32v,legivel,,legivel,12095,digitada_leiturista
PSP_EXTRATLEITIMPL_200526_0352_20000000014552973454_000.jpg,PSP_EXTRATLEITIMPL_200526_0352,train,llama32v,ilegivel,,ilegivel,,
PSP_EXTRATLEITIMPL_200526_0352_20000000014602977692_003.jpg,PSP_EXTRATLEITIMPL_200526_0352,train,llama32v,legivel,,legivel,949,digitada_leiturista
PSP_EXTRATLEITIMPL_200526_0352_20000000014602978652_000.jpg,PSP_EXTRATLEITIMPL_200526_0352,train,llama32v,legivel,,legivel,34861,digitada_leiturista
PSP_EXTRATLEITIMPL_200526_0352_20000000014602986256_000.jpg,PSP_EXTRATLEITIMPL_200526_0352,train,llama32v,legivel,,legivel,14835,digitada_leiturista
PSP_EXTRATLEITIMPL_200526_0352_20000000014602989021_000.jpg,PSP_EXTRATLEITIMPL_200526_0352,train,llama32v,legivel,,legivel,173,digitada_leiturista
PSP_EXTRATLEITIMPL_200526_0352_20000000014652952929_000.jpg,PSP_EXTRATLEITIMPL_200526_0352,train,llama32v,ilegivel,,ilegivel,,
PSP_EXTRATLEITIMPL_200526_0352_20000000014652973492_000.jpg,PSP_EXTRATLEITIMPL_200526_0352,train,llama32v,legivel,,legivel,38376,digitada_leiturista
PSP_EXTRATLEITIMPL_200526_0352_20000000014752953818_000.jpg,PSP_EXTRATLEITIMPL_200526_0352,train,llama32v,ilegivel,,ilegivel,,
PSP_EXTRATLEITIMPL_200526_0352_20000000014752965586_000.jpg,PSP_EXTRATLEITIMPL_200526_0352,train,llama32v,ilegivel,,ilegivel,,
PSP_EXTRATLEITIMPL_200526_0352_20000000014752971238_000.jpg,PSP_EXTRATLEITIMPL_200526_0352,train,llama32v,legivel,,legivel,28594,digitada_leiturista
PSP_EXTRATLEITIMPL_200526_0352_20000000014802957924_000.jpg,PSP_EXTRATLEITIMPL_200526_0352,train,llama32v,legivel,,legivel,179505,digitada_leiturista
PSP_EXTRATLEITIMPL_200526_0352_20000000014802962849_000.jpg,PSP_EXTRATLEITIMPL_200526_0352,train,llama32v,ilegivel,,ilegivel,,
PSP_EXTRATLEITIMPL_200526_0352_20000000014802972730_000.jpg,PSP_EXTRATLEITIMPL_200526_0352,train,llama32v,sem_medidor,,sem_medidor,,
PSP_EXTRATLEITIMPL_200526_0352_20000000014802983332_000.jpg,PSP_EXTRATLEITIMPL_200526_0352,train,llama32v,sem_medidor,,sem_medidor,,
PSP_EXTRATLEITIMPL_200526_0352_20000000014852956769_000.jpg,PSP_EXTRATLEITIMPL_200526_0352,train,llama32v,legivel,,legivel,51489,digitada_leiturista
PSP_EXTRATLEITIMPL_200526_0352_20000000014852973131_000.jpg,PSP_EXTRATLEITIMPL_200526_0352,train,llama32v,ilegivel,,ilegivel,,
PSP_EXTRATLEITIMPL_200526_0352_20000000015002961583_001.jpg,PSP_EXTRATLEITIMPL_200526_0352,train,llama32v,legivel,,legivel,241,digitada_leiturista
PSP_EXTRATLEITIMPL_200526_0352_20000000015002968276_001.jpg,PSP_EXTRATLEITIMPL_200526_0352,train,llama32v,legivel,,legivel,,
PSP_EXTRATLEITIMPL_200526_0352_20000000015002970105_000.jpg,PSP_EXTRATLEITIMPL_200526_0352,train,llama32v,legivel,,legivel,45489,digitada_leiturista
PSP_EXTRATLEITIMPL_200526_0352_20000000015052952832_000.jpg,PSP_EXTRATLEITIMPL_200526_0352,train,llama32v,legivel,,legivel,22416,digitada_leiturista
PSP_EXTRATLEITIMPL_200526_0352_20000000015052954760_000.jpg,PSP_EXTRATLEITIMPL_200526_0352,train,llama32v,ilegivel,,ilegivel,,
PSP_EXTRATLEITIMPL_200526_0352_20000000015052956763_000.jpg,PSP_EXTRATLEITIMPL_200526_0352,train,llama32v,ilegivel,,ilegivel,,
PSP_EXTRATLEITIMPL_200526_0352_20000000015052957699_000.jpg,PSP_EXTRATLEITIMPL_200526_0352,train,llama32v,legivel,,legivel,131941,digitada_leiturista
PSP_EXTRATLEITIMPL_200526_0352_20000000015052968117_000.jpg,PSP_EXTRATLEITIMPL_200526_0352,train,llama32v,legivel,,legivel,42081,digitada_leiturista
PSP_EXTRATLEITIMPL_200526_0352_20000000015102961821_000.jpg,PSP_EXTRATLEITIMPL_200526_0352,train,llama32v,ilegivel,,ilegivel,,
PSP_EXTRATLEITIMPL_200526_0352_20000000015102970765_000.jpg,PSP_EXTRATLEITIMPL_200526_0352,train,llama32v,legivel,,legivel,2889,digitada_leiturista
PSP_EXTRATLEITIMPL_200526_0352_20000000015102975614_000.jpg,PSP_EXTRATLEITIMPL_200526_0352,train,llama32v,ilegivel,,ilegivel,,
PSP_EXTRATLEITIMPL_200526_0352_20000000015152972780_000.jpg,PSP_EXTRATLEITIMPL_200526_0352,train,llama32v,legivel,,legivel,10366,digitada_leiturista
PSP_EXTRATLEITIMPL_200526_0352_20000000015152979549_000.jpg,PSP_EXTRATLEITIMPL_200526_0352,train,llama32v,legivel,,legivel,90003,digitada_leiturista
PSP_EXTRATLEITIMPL_200526_0352_20000000015252977731_000.jpg,PSP_EXTRATLEITIMPL_200526_0352,train,llama32v,legivel,,legivel,6434,digitada_leiturista
PSP_EXTRATLEITIMPL_200526_0352_20000000015252980777_000.jpg,PSP_EXTRATLEITIMPL_200526_0352,train,llama32v,legivel,,legivel,22718,digitada_leiturista
PSP_EXTRATLEITIMPL_200526_0352_20000000015252981600_000.jpg,PSP_EXTRATLEITIMPL_200526_0352,train,llama32v,legivel,,legivel,65060,digitada_leiturista
PSP_EXTRATLEITIMPL_200526_0352_20000000015302977898_000.jpg,PSP_EXTRATLEITIMPL_200526_0352,train,llama32v,legivel,,legivel,21036,digitada_leiturista
PSP_EXTRATLEITIMPL_200526_0352_20000000015302978879_000.jpg,PSP_EXTRATLEITIMPL_200526_0352,train,llama32v,legivel,,legivel,2753,digitada_leiturista
PSP_EXTRATLEITIMPL_200526_0352_20000000015302980842_000.jpg,PSP_EXTRATLEITIMPL_200526_0352,train,llama32v,ilegivel,,ilegivel,,
PSP_EXTRATLEITIMPL_200526_0352_20000000015302983762_000.jpg,PSP_EXTRATLEITIMPL_200526_0352,train,llama32v,legivel,,legivel,6664,digitada_leiturista
PSP_EXTRATLEITIMPL_200526_0352_20000000015302991557_000.jpg,PSP_EXTRATLEITIMPL_200526_0352,train,llama32v,legivel,,legivel,14697,digitada_leiturista
PSP_EXTRATLEITIMPL_200526_0352_20000000015302992337_000.jpg,PSP_EXTRATLEITIMPL_200526_0352,train,llama32v,ilegivel,,ilegivel,,
PSP_EXTRATLEITIMPL_200526_0352_20000000015302993314_000.jpg,PSP_EXTRATLEITIMPL_200526_0352,train,llama32v,legivel,,legivel,12370,digitada_leiturista
PSP_EXTRATLEITIMPL_200526_0352_20000000015352974732_000.jpg,PSP_EXTRATLEITIMPL_200526_0352,train,llama32v,legivel,,legivel,35302,digitada_leiturista
PSP_EXTRATLEITIMPL_200526_0352_20000000015352980459_000.jpg,PSP_EXTRATLEITIMPL_200526_0352,train,llama32v,ilegivel,,ilegivel,,
PSP_EXTRATLEITIMPL_200526_0352_20000000015352982358_000.jpg,PSP_EXTRATLEITIMPL_200526_0352,train,llama32v,legivel,,legivel,1366,digitada_leiturista
PSP_EXTRATLEITIMPL_200526_0352_20000000015402955885_000.jpg,PSP_EXTRATLEITIMPL_200526_0352,train,llama32v,legivel,,legivel,82364,digitada_leiturista
PSP_EXTRATLEITIMPL_200526_0352_20000000015402958763_000.jpg,PSP_EXTRATLEITIMPL_200526_0352,train,llama32v,legivel,,legivel,720,digitada_leiturista
PSP_EXTRATLEITIMPL_200526_0352_20000000015402969319_000.jpg,PSP_EXTRATLEITIMPL_200526_0352,train,llama32v,ilegivel,,ilegivel,,
PSP_EXTRATLEITIMPL_200526_0352_20000000015402973004_000.jpg,PSP_EXTRATLEITIMPL_200526_0352,train,llama32v,legivel,,legivel,32457,digitada_leiturista
PSP_EXTRATLEITIMPL_200526_0352_20000000015452966627_000.jpg,PSP_EXTRATLEITIMPL_200526_0352,train,llama32v,legivel,,legivel,3288,digitada_leiturista
PSP_EXTRATLEITIMPL_200526_0352_20000000015502962745_000.jpg,PSP_EXTRATLEITIMPL_200526_0352,train,llama32v,ilegivel,,ilegivel,,
PSP_EXTRATLEITIMPL_200526_0352_20000000015552940925_000.jpg,PSP_EXTRATLEITIMPL_200526_0352,train,llama32v,ilegivel,,ilegivel,,
PSP_EXTRATLEITIMPL_200526_0352_20000000015552946804_000.jpg,PSP_EXTRATLEITIMPL_200526_0352,train,llama32v,legivel,,legivel,5438,digitada_leiturista
PSP_EXTRATLEITIMPL_200526_0352_20000000015552967119_000.jpg,PSP_EXTRATLEITIMPL_200526_0352,train,llama32v,legivel,,legivel,5615,digitada_leiturista
PSP_EXTRATLEITIMPL_200526_0352_20000000015602955924_000.jpg,PSP_EXTRATLEITIMPL_200526_0352,train,llama32v,legivel,,legivel,19067,digitada_leiturista
PSP_EXTRATLEITIMPL_200526_0352_20000000015602967869_001.jpg,PSP_EXTRATLEITIMPL_200526_0352,train,llama32v,legivel,,legivel,153261,digitada_leiturista
PSP_EXTRATLEITIMPL_200526_0352_20000000015602972667_000.jpg,PSP_EXTRATLEITIMPL_200526_0352,train,llama32v,legivel,,legivel,28840,digitada_leiturista
PSP_EXTRATLEITIMPL_200526_0352_20000000015602980375_000.jpg,PSP_EXTRATLEITIMPL_200526_0352,train,llama32v,legivel,,legivel,45985,digitada_leiturista
PSP_EXTRATLEITIMPL_200526_0352_20000000015652971257_000.jpg,PSP_EXTRATLEITIMPL_200526_0352,train,llama32v,legivel,,legivel,654,digitada_leiturista
PSP_EXTRATLEITIMPL_200526_0352_20000000015702954836_000.jpg,PSP_EXTRATLEITIMPL_200526_0352,train,llama32v,legivel,,legivel,6126,digitada_leiturista
PSP_EXTRATLEITIMPL_200526_0352_20000000015702954849_000.jpg,PSP_EXTRATLEITIMPL_200526_0352,train,llama32v,legivel,,legivel,6,digitada_leiturista
PSP_EXTRATLEITIMPL_200526_0352_20000000015752953874_000.jpg,PSP_EXTRATLEITIMPL_200526_0352,train,llama32v,legivel,,legivel,3957,digitada_leiturista
PSP_EXTRATLEITIMPL_200526_0352_20000000015752961720_000.jpg,PSP_EXTRATLEITIMPL_200526_0352,train,llama32v,legivel,,legivel,1724,digitada_leiturista
PSP_EXTRATLEITIMPL_200526_0352_20000000015752975144_000.jpg,PSP_EXTRATLEITIMPL_200526_0352,train,llama32v,legivel,,legivel,100,digitada_leiturista
PSP_EXTRATLEITIMPL_200526_0352_20000000015752976017_000.jpg,PSP_EXTRATLEITIMPL_200526_0352,train,llama32v,legivel,,legivel,34390,digitada_leiturista
PSP_EXTRATLEITIMPL_200526_0352_20000000015802961346_000.jpg,PSP_EXTRATLEITIMPL_200526_0352,train,llama32v,ilegivel,,ilegivel,,
PSP_EXTRATLEITIMPL_200526_0352_20000000015852963678_000.jpg,PSP_EXTRATLEITIMPL_200526_0352,train,llama32v,legivel,,legivel,12075,digitada_leiturista
PSP_EXTRATLEITIMPL_200526_0352_20000000015902961989_000.jpg,PSP_EXTRATLEITIMPL_200526_0352,train,llama32v,legivel,,legivel,11822,digitada_leiturista
PSP_EXTRATLEITIMPL_200526_0352_20000000015902970840_000.jpg,PSP_EXTRATLEITIMPL_200526_0352,train,llama32v,ilegivel,,ilegivel,,
PSP_EXTRATLEITIMPL_200526_0352_20000000015902984311_000.jpg,PSP_EXTRATLEITIMPL_200526_0352,train,llama32v,ilegivel,,ilegivel,,
PSP_EXTRATLEITIMPL_200526_0352_20000000015902985232_000.jpg,PSP_EXTRATLEITIMPL_200526_0352,train,llama32v,legivel,,legivel,1014,digitada_leiturista
PSP_EXTRATLEITIMPL_200526_0352_20000000015952951906_000.jpg,PSP_EXTRATLEITIMPL_200526_0352,train,llama32v,legivel,,legivel,14894,digitada_leiturista
PSP_EXTRATLEITIMPL_200526_0352_20000000015952965616_000.jpg,PSP_EXTRATLEITIMPL_200526_0352,train,llama32v,sem_medidor,,sem_medidor,,
PSP_EXTRATLEITIMPL_200526_0352_20000000015952971308_000.jpg,PSP_EXTRATLEITIMPL_200526_0352,train,llama32v,ilegivel,,ilegivel,,
PSP_EXTRATLEITIMPL_200526_0352_20000000016002947834_000.jpg,PSP_EXTRATLEITIMPL_200526_0352,train,llama32v,legivel,,legivel,92211,digitada_leiturista
PSP_EXTRATLEITIMPL_200526_0352_20000000016002968340_000.jpg,PSP_EXTRATLEITIMPL_200526_0352,train,llama32v,legivel,,legivel,37844,digitada_leiturista
PSP_EXTRATLEITIMPL_200526_0352_20000000016052955922_000.jpg,PSP_EXTRATLEITIMPL_200526_0352,train,llama32v,legivel,,legivel,34116,digitada_leiturista
PSP_EXTRATLEITIMPL_200526_0352_20000000016052980363_000.jpg,PSP_EXTRATLEITIMPL_200526_0352,train,llama32v,ilegivel,,ilegivel,,
PSP_EXTRATLEITIMPL_200526_0352_20000000016102959468_000.jpg,PSP_EXTRATLEITIMPL_200526_0352,train,llama32v,legivel,,legivel,1570,digitada_leiturista
PSP_EXTRATLEITIMPL_200526_0352_20000000016102963269_000.jpg,PSP_EXTRATLEITIMPL_200526_0352,train,llama32v,sem_medidor,,sem_medidor,,
PSP_EXTRATLEITIMPL_200526_0352_20000000016152946920_000.jpg,PSP_EXTRATLEITIMPL_200526_0352,train,llama32v,legivel,,legivel,14188,digitada_leiturista
PSP_EXTRATLEITIMPL_200526_0352_20000000016152947975_000.jpg,PSP_EXTRATLEITIMPL_200526_0352,train,llama32v,ilegivel,,ilegivel,,
PSP_EXTRATLEITIMPL_200526_0352_20000000016202944953_000.jpg,PSP_EXTRATLEITIMPL_200526_0352,train,llama32v,ilegivel,,ilegivel,,
PSP_EXTRATLEITIMPL_200526_0352_20000000016202955864_000.jpg,PSP_EXTRATLEITIMPL_200526_0352,train,llama32v,legivel,,legivel,105077,digitada_leiturista
PSP_EXTRATLEITIMPL_200526_0352_20000000016202958770_000.jpg,PSP_EXTRATLEITIMPL_200526_0352,train,llama32v,ilegivel,,ilegivel,,
PSP_EXTRATLEITIMPL_200526_0352_20000000016202961712_000.jpg,PSP_EXTRATLEITIMPL_200526_0352,train,llama32v,legivel,,legivel,38265,digitada_leiturista
PSP_EXTRATLEITIMPL_200526_0352_20000000016202972247_000.jpg,PSP_EXTRATLEITIMPL_200526_0352,train,llama32v,legivel,,legivel,10780,digitada_leiturista
PSP_EXTRATLEITIMPL_200526_0352_20000000016252952907_000.jpg,PSP_EXTRATLEITIMPL_200526_0352,train,llama32v,legivel,,legivel,173599,digitada_leiturista
PSP_EXTRATLEITIMPL_200526_0352_20000000016252964731_000.jpg,PSP_EXTRATLEITIMPL_200526_0352,train,llama32v,ilegivel,,ilegivel,,
PSP_EXTRATLEITIMPL_200526_0352_20000000016302971558_000.jpg,PSP_EXTRATLEITIMPL_200526_0352,train,llama32v,ilegivel,,ilegivel,,
PSP_EXTRATLEITIMPL_200526_0352_20000000016302975357_000.jpg,PSP_EXTRATLEITIMPL_200526_0352,train,llama32v,legivel,,legivel,29782,digitada_leiturista
PSP_EXTRATLEITIMPL_200526_0352_20000000016352967731_000.jpg,PSP_EXTRATLEITIMPL_200526_0352,train,llama32v,ilegivel,,ilegivel,,
PSP_EXTRATLEITIMPL_200526_0352_20000000016352969563_000.jpg,PSP_EXTRATLEITIMPL_200526_0352,train,llama32v,ilegivel,,ilegivel,,
PSP_EXTRATLEITIMPL_200526_0352_20000000016402947928_000.jpg,PSP_EXTRATLEITIMPL_200526_0352,train,llama32v,legivel,,legivel,124476,digitada_leiturista
PSP_EXTRATLEITIMPL_200526_0352_20000000016452968851_000.jpg,PSP_EXTRATLEITIMPL_200526_0352,train,llama32v,legivel,,legivel,4648,digitada_leiturista
PSP_EXTRATLEITIMPL_200526_0352_20000000016502941965_000.jpg,PSP_EXTRATLEITIMPL_200526_0352,train,llama32v,legivel,,legivel,15,digitada_leiturista
PSP_EXTRATLEITIMPL_200526_0352_20000000016502950880_000.jpg,PSP_EXTRATLEITIMPL_200526_0352,train,llama32v,legivel,,legivel,54,digitada_leiturista
PSP_EXTRATLEITIMPL_200526_0352_20000000016502957783_000.jpg,PSP_EXTRATLEITIMPL_200526_0352,train,llama32v,legivel,,legivel,91516,digitada_leiturista
PSP_EXTRATLEITIMPL_200526_0352_20000000016502965469_000.jpg,PSP_EXTRATLEITIMPL_200526_0352,train,llama32v,ilegivel,,ilegivel,,
PSP_EXTRATLEITIMPL_200526_0352_20000000016552957883_000.jpg,PSP_EXTRATLEITIMPL_200526_0352,train,llama32v,legivel,,legivel,99999,digitada_leiturista
PSP_EXTRATLEITIMPL_200526_0352_20000000016552962779_000.jpg,PSP_EXTRATLEITIMPL_200526_0352,train,llama32v,ilegivel,,ilegivel,,
PSP_EXTRATLEITIMPL_200526_0352_20000000016552962794_000.jpg,PSP_EXTRATLEITIMPL_200526_0352,train,llama32v,ilegivel,,ilegivel,,
PSP_EXTRATLEITIMPL_200526_0352_20000000016552969627_000.jpg,PSP_EXTRATLEITIMPL_200526_0352,train,llama32v,legivel,,legivel,69873,digitada_leiturista
PSP_EXTRATLEITIMPL_200526_0352_20000000016552978216_000.jpg,PSP_EXTRATLEITIMPL_200526_0352,train,llama32v,legivel,,legivel,11748,digitada_leiturista
PSP_EXTRATLEITIMPL_200526_0352_20000000016602978938_000.jpg,PSP_EXTRATLEITIMPL_200526_0352,train,llama32v,legivel,,legivel,25155,digitada_leiturista
PSP_EXTRATLEITIMPL_200526_0352_20000000016602988910_000.jpg,PSP_EXTRATLEITIMPL_200526_0352,train,llama32v,legivel,,legivel,28670,digitada_leiturista
PSP_EXTRATLEITIMPL_200526_0352_20000000016602990789_001.jpg,PSP_EXTRATLEITIMPL_200526_0352,train,llama32v,legivel,,legivel,4137,digitada_leiturista
PSP_EXTRATLEITIMPL_200526_0352_20000000016603001269_000.jpg,PSP_EXTRATLEITIMPL_200526_0352,train,llama32v,legivel,,legivel,41928,digitada_leiturista
PSP_EXTRATLEITIMPL_200526_0352_20000000016702989774_000.jpg,PSP_EXTRATLEITIMPL_200526_0352,train,llama32v,legivel,,legivel,105040,digitada_leiturista
PSP_EXTRATLEITIMPL_200526_0352_20000000016702998457_000.jpg,PSP_EXTRATLEITIMPL_200526_0352,train,llama32v,ilegivel,,ilegivel,,
PSP_EXTRATLEITIMPL_200526_0352_20000000016752971872_000.jpg,PSP_EXTRATLEITIMPL_200526_0352,train,llama32v,legivel,,legivel,76371,digitada_leiturista
PSP_EXTRATLEITIMPL_200526_0352_20000000016752983530_000.jpg,PSP_EXTRATLEITIMPL_200526_0352,train,llama32v,sem_medidor,,sem_medidor,,
PSP_EXTRATLEITIMPL_200526_0352_20000000016752990139_000.jpg,PSP_EXTRATLEITIMPL_200526_0352,train,llama32v,sem_medidor,,sem_medidor,,
PSP_EXTRATLEITIMPL_200526_0352_20000000016802974948_000.jpg,PSP_EXTRATLEITIMPL_200526_0352,train,llama32v,ilegivel,,ilegivel,,
PSP_EXTRATLEITIMPL_200526_0352_20000000016802982825_000.jpg,PSP_EXTRATLEITIMPL_200526_0352,train,llama32v,legivel,,legivel,999999,digitada_leiturista
PSP_EXTRATLEITIMPL_200526_0352_20000000016802983774_000.jpg,PSP_EXTRATLEITIMPL_200526_0352,train,llama32v,legivel,,legivel,6888,digitada_leiturista
PSP_EXTRATLEITIMPL_200526_0352_20000000016802985738_000.jpg,PSP_EXTRATLEITIMPL_200526_0352,train,llama32v,sem_medidor,,sem_medidor,,
PSP_EXTRATLEITIMPL_200526_0352_20000000016802994253_000.jpg,PSP_EXTRATLEITIMPL_200526_0352,train,llama32v,ilegivel,,ilegivel,,
PSP_EXTRATLEITIMPL_200526_0352_20000000016802994258_000.jpg,PSP_EXTRATLEITIMPL_200526_0352,train,llama32v,legivel,,legivel,530,digitada_leiturista
PSP_EXTRATLEITIMPL_200526_0352_20000000016802996133_000.jpg,PSP_EXTRATLEITIMPL_200526_0352,train,llama32v,legivel,,legivel,174268,digitada_leiturista
PSP_EXTRATLEITIMPL_200526_0352_20000000016852974939_000.jpg,PSP_EXTRATLEITIMPL_200526_0352,train,llama32v,legivel,,legivel,6525,digitada_leiturista
PSP_EXTRATLEITIMPL_200526_0352_20000000016902982930_000.jpg,PSP_EXTRATLEITIMPL_200526_0352,train,llama32v,ilegivel,,ilegivel,,
PSP_EXTRATLEITIMPL_200526_0352_20000000016903004020_000.jpg,PSP_EXTRATLEITIMPL_200526_0352,train,llama32v,ilegivel,,ilegivel,,
PSP_EXTRATLEITIMPL_200526_0352_20000000016952966973_000.jpg,PSP_EXTRATLEITIMPL_200526_0352,train,llama32v,ilegivel,,ilegivel,,
PSP_EXTRATLEITIMPL_200526_0352_20000000016952985542_000.jpg,PSP_EXTRATLEITIMPL_200526_0352,train,llama32v,ilegivel,,ilegivel,,
PSP_EXTRATLEITIMPL_200526_0352_20000000017002980977_000.jpg,PSP_EXTRATLEITIMPL_200526_0352,train,llama32v,legivel,,legivel,21246,digitada_leiturista
PSP_EXTRATLEITIMPL_200526_0352_20000000017002980980_000.jpg,PSP_EXTRATLEITIMPL_200526_0352,train,llama32v,legivel,,legivel,4134,digitada_leiturista
PSP_EXTRATLEITIMPL_200526_0352_20000000017002982964_000.jpg,PSP_EXTRATLEITIMPL_200526_0352,train,llama32v,legivel,,legivel,99999,digitada_leiturista
PSP_EXTRATLEITIMPL_200526_0352_20000000017002990929_000.jpg,PSP_EXTRATLEITIMPL_200526_0352,train,llama32v,ilegivel,,ilegivel,,
PSP_EXTRATLEITIMPL_200526_0352_20000000017052983729_000.jpg,PSP_EXTRATLEITIMPL_200526_0352,train,llama32v,legivel,,legivel,931,digitada_leiturista
PSP_EXTRATLEITIMPL_200526_0352_20000000017102988223_000.jpg,PSP_EXTRATLEITIMPL_200526_0352,train,llama32v,legivel,,legivel,1115,digitada_leiturista
PSP_EXTRATLEITIMPL_200526_0352_20000000017152970952_000.jpg,PSP_EXTRATLEITIMPL_200526_0352,train,llama32v,legivel,,legivel,26138,digitada_leiturista
PSP_EXTRATLEITIMPL_200526_0352_20000000017152992602_000.jpg,PSP_EXTRATLEITIMPL_200526_0352,train,llama32v,legivel,,legivel,1397,digitada_leiturista
PSP_EXTRATLEITIMPL_200526_0352_20000000017202986121_000.jpg,PSP_EXTRATLEITIMPL_200526_0352,train,llama32v,ilegivel,,ilegivel,,
PSP_EXTRATLEITIMPL_200526_0352_20000000017252986615_000.jpg,PSP_EXTRATLEITIMPL_200526_0352,train,llama32v,legivel,,legivel,41539,digitada_leiturista
PSP_EXTRATLEITIMPL_200526_0352_20000000017302981897_000.jpg,PSP_EXTRATLEITIMPL_200526_0352,train,llama32v,legivel,,legivel,148654,digitada_leiturista
PSP_EXTRATLEITIMPL_200526_0352_20000000017302984871_000.jpg,PSP_EXTRATLEITIMPL_200526_0352,train,llama32v,legivel,,legivel,12683,digitada_leiturista
PSP_EXTRATLEITIMPL_200526_0352_20000000017303001235_000.jpg,PSP_EXTRATLEITIMPL_200526_0352,train,llama32v,ilegivel,,ilegivel,,
PSP_EXTRATLEITIMPL_200526_0352_20000000017303003014_000.jpg,PSP_EXTRATLEITIMPL_200526_0352,train,llama32v,ilegivel,,ilegivel,,
PSP_EXTRATLEITIMPL_200526_0352_20000000017402989646_000.jpg,PSP_EXTRATLEITIMPL_200526_0352,train,llama32v,legivel,,legivel,15503,digitada_leiturista
PSP_EXTRATLEITIMPL_200526_0352_20000000017452971906_000.jpg,PSP_EXTRATLEITIMPL_200526_0352,train,llama32v,legivel,,legivel,46146,digitada_leiturista
PSP_EXTRATLEITIMPL_200526_0352_20000000017452989010_000.jpg,PSP_EXTRATLEITIMPL_200526_0352,train,llama32v,legivel,,legivel,26085,digitada_leiturista
PSP_EXTRATLEITIMPL_200526_0352_20000000017452990005_000.jpg,PSP_EXTRATLEITIMPL_200526_0352,train,llama32v,ilegivel,,ilegivel,,
PSP_EXTRATLEITIMPL_200526_0352_20000000017502971897_000.jpg,PSP_EXTRATLEITIMPL_200526_0352,train,llama32v,ilegivel,,ilegivel,,
PSP_EXTRATLEITIMPL_200526_0352_20000000017502979716_000.jpg,PSP_EXTRATLEITIMPL_200526_0352,train,llama32v,legivel,,legivel,62430,digitada_leiturista
PSP_EXTRATLEITIMPL_200526_0352_20000000017502988388_000.jpg,PSP_EXTRATLEITIMPL_200526_0352,train,llama32v,legivel,,legivel,4333,digitada_leiturista
PSP_EXTRATLEITIMPL_200526_0352_20000000017552977956_000.jpg,PSP_EXTRATLEITIMPL_200526_0352,train,llama32v,legivel,,legivel,35,digitada_leiturista
PSP_EXTRATLEITIMPL_200526_0352_20000000017552999173_000.jpg,PSP_EXTRATLEITIMPL_200526_0352,train,llama32v,ilegivel,,ilegivel,,
PSP_EXTRATLEITIMPL_200526_0352_20000000017553000114_000.jpg,PSP_EXTRATLEITIMPL_200526_0352,train,llama32v,legivel,,legivel,12782,digitada_leiturista
PSP_EXTRATLEITIMPL_200526_0352_20000000017652979913_000.jpg,PSP_EXTRATLEITIMPL_200526_0352,train,llama32v,ilegivel,,ilegivel,,
PSP_EXTRATLEITIMPL_200526_0352_20000000017652999071_000.jpg,PSP_EXTRATLEITIMPL_200526_0352,train,llama32v,legivel,,legivel,6822,digitada_leiturista
PSP_EXTRATLEITIMPL_200526_0352_20000000017702968997_000.jpg,PSP_EXTRATLEITIMPL_200526_0352,train,llama32v,ilegivel,,ilegivel,,
PSP_EXTRATLEITIMPL_200526_0352_20000000017702971954_000.jpg,PSP_EXTRATLEITIMPL_200526_0352,train,llama32v,legivel,,legivel,2014,digitada_leiturista
PSP_EXTRATLEITIMPL_200526_0352_20000000017752992187_000.jpg,PSP_EXTRATLEITIMPL_200526_0352,train,llama32v,ilegivel,,ilegivel,,
PSP_EXTRATLEITIMPL_200526_0352_20000000017802991502_000.jpg,PSP_EXTRATLEITIMPL_200526_0352,train,llama32v,ilegivel,,ilegivel,,
PSP_EXTRATLEITIMPL_200526_0352_20000000017802996208_000.jpg,PSP_EXTRATLEITIMPL_200526_0352,train,llama32v,legivel,,legivel,693445,digitada_leiturista
PSP_EXTRATLEITIMPL_200526_0352_20000000017852979840_000.jpg,PSP_EXTRATLEITIMPL_200526_0352,train,llama32v,ilegivel,,ilegivel,,
PSP_EXTRATLEITIMPL_200526_0352_20000000017852980903_000.jpg,PSP_EXTRATLEITIMPL_200526_0352,train,llama32v,legivel,,legivel,42865,digitada_leiturista
PSP_EXTRATLEITIMPL_200526_0352_20000000017852981774_000.jpg,PSP_EXTRATLEITIMPL_200526_0352,train,llama32v,sem_medidor,,sem_medidor,,
PSP_EXTRATLEITIMPL_200526_0352_20000000017852983762_000.jpg,PSP_EXTRATLEITIMPL_200526_0352,train,llama32v,legivel,,legivel,7446,digitada_leiturista
PSP_EXTRATLEITIMPL_200526_0352_20000000017852985612_000.jpg,PSP_EXTRATLEITIMPL_200526_0352,train,llama32v,legivel,,legivel,11593,digitada_leiturista
PSP_EXTRATLEITIMPL_200526_0352_20000000017852991372_000.jpg,PSP_EXTRATLEITIMPL_200526_0352,train,llama32v,legivel,,legivel,37594,digitada_leiturista
PSP_EXTRATLEITIMPL_200526_0352_20000000017902963921_000.jpg,PSP_EXTRATLEITIMPL_200526_0352,train,llama32v,legivel,,legivel,15876,digitada_leiturista
PSP_EXTRATLEITIMPL_200526_0352_20000000017902973851_000.jpg,PSP_EXTRATLEITIMPL_200526_0352,train,llama32v,legivel,,legivel,8661,digitada_leiturista
PSP_EXTRATLEITIMPL_200526_0352_20000000017902974749_000.jpg,PSP_EXTRATLEITIMPL_200526_0352,train,llama32v,sem_medidor,,sem_medidor,,
PSP_EXTRATLEITIMPL_200526_0352_20000000017902988055_000.jpg,PSP_EXTRATLEITIMPL_200526_0352,train,llama32v,legivel,,legivel,289,digitada_leiturista
PSP_EXTRATLEITIMPL_200526_0352_20000000017902989029_000.jpg,PSP_EXTRATLEITIMPL_200526_0352,train,llama32v,legivel,,legivel,5074,digitada_leiturista
PSP_EXTRATLEITIMPL_200526_0352_20000000017952955994_000.jpg,PSP_EXTRATLEITIMPL_200526_0352,train,llama32v,legivel,,legivel,78476,digitada_leiturista
PSP_EXTRATLEITIMPL_200526_0352_20000000017952975530_000.jpg,PSP_EXTRATLEITIMPL_200526_0352,train,llama32v,ilegivel,,ilegivel,,
PSP_EXTRATLEITIMPL_200526_0352_20000000017952980126_000.jpg,PSP_EXTRATLEITIMPL_200526_0352,train,llama32v,legivel,,legivel,9085,digitada_leiturista
PSP_EXTRATLEITIMPL_200526_0352_20000000018002972985_000.jpg,PSP_EXTRATLEITIMPL_200526_0352,train,llama32v,ilegivel,,ilegivel,,
PSP_EXTRATLEITIMPL_200526_0352_20000000018002977887_000.jpg,PSP_EXTRATLEITIMPL_200526_0352,train,llama32v,ilegivel,,ilegivel,,
PSP_EXTRATLEITIMPL_200526_0352_20000000018002977896_000.jpg,PSP_EXTRATLEITIMPL_200526_0352,train,llama32v,legivel,,legivel,984,digitada_leiturista
PSP_EXTRATLEITIMPL_200526_0352_20000000018002987638_000.jpg,PSP_EXTRATLEITIMPL_200526_0352,train,llama32v,legivel,,legivel,44975,digitada_leiturista
PSP_EXTRATLEITIMPL_200526_0352_20000000018002989528_000.jpg,PSP_EXTRATLEITIMPL_200526_0352,train,llama32v,legivel,,legivel,751,digitada_leiturista
PSP_EXTRATLEITIMPL_200526_0352_20000000018002991468_000.jpg,PSP_EXTRATLEITIMPL_200526_0352,train,llama32v,legivel,,legivel,1090,digitada_leiturista
PSP_EXTRATLEITIMPL_200526_0352_20000000018052964780_000.jpg,PSP_EXTRATLEITIMPL_200526_0352,train,llama32v,legivel,,legivel,253558,digitada_leiturista
PSP_EXTRATLEITIMPL_200526_0352_20000000018052965695_000.jpg,PSP_EXTRATLEITIMPL_200526_0352,train,llama32v,legivel,,legivel,81,digitada_leiturista
PSP_EXTRATLEITIMPL_200526_0352_20000000018252959966_000.jpg,PSP_EXTRATLEITIMPL_200526_0352,train,llama32v,ilegivel,,ilegivel,,
PSP_EXTRATLEITIMPL_200526_0352_20000000018252970733_000.jpg,PSP_EXTRATLEITIMPL_200526_0352,train,llama32v,ilegivel,,ilegivel,,
PSP_EXTRATLEITIMPL_200526_0352_20000000018252972707_000.jpg,PSP_EXTRATLEITIMPL_200526_0352,train,llama32v,legivel,,legivel,572,digitada_leiturista
PSP_EXTRATLEITIMPL_200526_0352_20000000018252982125_000.jpg,PSP_EXTRATLEITIMPL_200526_0352,train,llama32v,ilegivel,,ilegivel,,
PSP_EXTRATLEITIMPL_200526_0352_20000000018252982133_000.jpg,PSP_EXTRATLEITIMPL_200526_0352,train,llama32v,legivel,,legivel,11805,digitada_leiturista
PSP_EXTRATLEITIMPL_200526_0352_20000000018252983083_000.jpg,PSP_EXTRATLEITIMPL_200526_0352,train,llama32v,legivel,,legivel,57191,digitada_leiturista
PSP_EXTRATLEITIMPL_200526_0352_20000000018252985027_000.jpg,PSP_EXTRATLEITIMPL_200526_0352,train,llama32v,ilegivel,,ilegivel,,
PSP_EXTRATLEITIMPL_200526_0352_20000000018302968867_000.jpg,PSP_EXTRATLEITIMPL_200526_0352,train,llama32v,ilegivel,,ilegivel,,
PSP_EXTRATLEITIMPL_200526_0352_20000000018302978583_000.jpg,PSP_EXTRATLEITIMPL_200526_0352,train,llama32v,legivel,,legivel,99999,digitada_leiturista
PSP_EXTRATLEITIMPL_200526_0352_20000000018352970845_000.jpg,PSP_EXTRATLEITIMPL_200526_0352,train,llama32v,ilegivel,,ilegivel,,
PSP_EXTRATLEITIMPL_200526_0352_20000000018352971757_000.jpg,PSP_EXTRATLEITIMPL_200526_0352,train,llama32v,ilegivel,,ilegivel,,
PSP_EXTRATLEITIMPL_200526_0352_20000000018352977658_000.jpg,PSP_EXTRATLEITIMPL_200526_0352,train,llama32v,legivel,,legivel,266,digitada_leiturista
PSP_EXTRATLEITIMPL_200526_0352_20000000018402963955_000.jpg,PSP_EXTRATLEITIMPL_200526_0352,train,llama32v,legivel,,legivel,7021,digitada_leiturista
PSP_EXTRATLEITIMPL_200526_0352_20000000018402980361_000.jpg,PSP_EXTRATLEITIMPL_200526_0352,train,llama32v,legivel,,legivel,346,digitada_leiturista
PSP_EXTRATLEITIMPL_200526_0352_20000000018402982356_000.jpg,PSP_EXTRATLEITIMPL_200526_0352,train,llama32v,legivel,,legivel,1038,digitada_leiturista
PSP_EXTRATLEITIMPL_200526_0352_20000000018452973708_000.jpg,PSP_EXTRATLEITIMPL_200526_0352,train,llama32v,ilegivel,,ilegivel,,
PSP_EXTRATLEITIMPL_200526_0352_20000000018452987025_000.jpg,PSP_EXTRATLEITIMPL_200526_0352,train,llama32v,legivel,,legivel,43263,digitada_leiturista
PSP_EXTRATLEITIMPL_200526_0352_20000000018452987029_000.jpg,PSP_EXTRATLEITIMPL_200526_0352,train,llama32v,legivel,,legivel,39850,digitada_leiturista
PSP_EXTRATLEITIMPL_200526_0352_20000000018502962937_000.jpg,PSP_EXTRATLEITIMPL_200526_0352,train,llama32v,legivel,,legivel,172497,digitada_leiturista
PSP_EXTRATLEITIMPL_200526_0352_20000000018502965904_000.jpg,PSP_EXTRATLEITIMPL_200526_0352,train,llama32v,legivel,,legivel,54344,digitada_leiturista
PSP_EXTRATLEITIMPL_200526_0352_20000000018502985063_000.jpg,PSP_EXTRATLEITIMPL_200526_0352,train,llama32v,legivel,,legivel,3606,digitada_leiturista
PSP_EXTRATLEITIMPL_200526_0352_20000000018552967941_000.jpg,PSP_EXTRATLEITIMPL_200526_0352,train,llama32v,legivel,,legivel,43317,digitada_leiturista
PSP_EXTRATLEITIMPL_200526_0352_20000000018552972895_000.jpg,PSP_EXTRATLEITIMPL_200526_0352,train,llama32v,ilegivel,,ilegivel,,
PSP_EXTRATLEITIMPL_200526_0352_20000000018552973899_000.jpg,PSP_EXTRATLEITIMPL_200526_0352,train,llama32v,sem_medidor,,sem_medidor,,
PSP_EXTRATLEITIMPL_200526_0352_20000000018552985474_000.jpg,PSP_EXTRATLEITIMPL_200526_0352,train,llama32v,ilegivel,,ilegivel,,
PSP_EXTRATLEITIMPL_200526_0352_20000000018602970911_000.jpg,PSP_EXTRATLEITIMPL_200526_0352,train,llama32v,legivel,,legivel,76414,digitada_leiturista
PSP_EXTRATLEITIMPL_200526_0352_20000000018602981716_000.jpg,PSP_EXTRATLEITIMPL_200526_0352,train,llama32v,legivel,,legivel,9120,digitada_leiturista
PSP_EXTRATLEITIMPL_200526_0352_20000000018652975963_000.jpg,PSP_EXTRATLEITIMPL_200526_0352,train,llama32v,legivel,,legivel,10858,digitada_leiturista
PSP_EXTRATLEITIMPL_200526_0352_20000000018652975977_000.jpg,PSP_EXTRATLEITIMPL_200526_0352,train,llama32v,ilegivel,,ilegivel,,
PSP_EXTRATLEITIMPL_200526_0352_20000000018652993474_000.jpg,PSP_EXTRATLEITIMPL_200526_0352,train,llama32v,legivel,,legivel,7900,digitada_leiturista
PSP_EXTRATLEITIMPL_200526_0352_20000000018702975712_000.jpg,PSP_EXTRATLEITIMPL_200526_0352,train,llama32v,legivel,,legivel,2173,digitada_leiturista
PSP_EXTRATLEITIMPL_200526_0352_20000000018752969847_000.jpg,PSP_EXTRATLEITIMPL_200526_0352,train,llama32v,sem_medidor,,sem_medidor,,
PSP_EXTRATLEITIMPL_200526_0352_20000000018752972782_000.jpg,PSP_EXTRATLEITIMPL_200526_0352,train,llama32v,legivel,,legivel,7110,digitada_leiturista
PSP_EXTRATLEITIMPL_200526_0352_20000000018802952919_000.jpg,PSP_EXTRATLEITIMPL_200526_0352,train,llama32v,sem_medidor,,sem_medidor,,
PSP_EXTRATLEITIMPL_200526_0352_20000000018802952930_000.jpg,PSP_EXTRATLEITIMPL_200526_0352,train,llama32v,ilegivel,,ilegivel,,
PSP_EXTRATLEITIMPL_200526_0352_20000000018802971617_000.jpg,PSP_EXTRATLEITIMPL_200526_0352,train,llama32v,legivel,,legivel,13566,digitada_leiturista
PSP_EXTRATLEITIMPL_200526_0352_20000000018802979228_000.jpg,PSP_EXTRATLEITIMPL_200526_0352,train,llama32v,legivel,,legivel,10512,digitada_leiturista
PSP_EXTRATLEITIMPL_200526_0352_20000000018802980118_000.jpg,PSP_EXTRATLEITIMPL_200526_0352,train,llama32v,ilegivel,,ilegivel,,
PSP_EXTRATLEITIMPL_200526_0352_20000000018852964952_000.jpg,PSP_EXTRATLEITIMPL_200526_0352,train,llama32v,legivel,,legivel,148,digitada_leiturista
PSP_EXTRATLEITIMPL_200526_0352_20000000018902975834_000.jpg,PSP_EXTRATLEITIMPL_200526_0352,train,llama32v,ilegivel,,ilegivel,,
PSP_EXTRATLEITIMPL_200526_0352_20000000018902990129_000.jpg,PSP_EXTRATLEITIMPL_200526_0352,train,llama32v,legivel,,legivel,66059,digitada_leiturista
PSP_EXTRATLEITIMPL_200526_0352_20000000018952972866_000.jpg,PSP_EXTRATLEITIMPL_200526_0352,train,llama32v,sem_medidor,,sem_medidor,,
PSP_EXTRATLEITIMPL_200526_0352_20000000019002968724_000.jpg,PSP_EXTRATLEITIMPL_200526_0352,train,llama32v,legivel,,legivel,799833,digitada_leiturista
PSP_EXTRATLEITIMPL_200526_0352_20000000019002976382_000.jpg,PSP_EXTRATLEITIMPL_200526_0352,train,llama32v,legivel,,legivel,145,digitada_leiturista
PSP_EXTRATLEITIMPL_200526_0352_20000000019052959894_000.jpg,PSP_EXTRATLEITIMPL_200526_0352,train,llama32v,legivel,,legivel,13845,digitada_leiturista
PSP_EXTRATLEITIMPL_200526_0352_20000000019052974671_000.jpg,PSP_EXTRATLEITIMPL_200526_0352,train,llama32v,ilegivel,,ilegivel,,
PSP_EXTRATLEITIMPL_200526_0352_20000000019102980531_000.jpg,PSP_EXTRATLEITIMPL_200526_0352,train,llama32v,legivel,,legivel,156245,digitada_leiturista
PSP_EXTRATLEITIMPL_200526_0352_20000000019102986255_000.jpg,PSP_EXTRATLEITIMPL_200526_0352,train,llama32v,legivel,,legivel,0,digitada_leiturista
PSP_EXTRATLEITIMPL_200526_0352_20000000019102986263_000.jpg,PSP_EXTRATLEITIMPL_200526_0352,train,llama32v,sem_medidor,,sem_medidor,,
PSP_EXTRATLEITIMPL_200526_0352_20000000019152965921_000.jpg,PSP_EXTRATLEITIMPL_200526_0352,train,llama32v,legivel,,legivel,6,digitada_leiturista
PSP_EXTRATLEITIMPL_200526_0352_20000000019152966895_000.jpg,PSP_EXTRATLEITIMPL_200526_0352,train,llama32v,legivel,,legivel,6903,digitada_leiturista
PSP_EXTRATLEITIMPL_200526_0352_20000000019202976754_000.jpg,PSP_EXTRATLEITIMPL_200526_0352,train,llama32v,legivel,,legivel,11201,digitada_leiturista
PSP_EXTRATLEITIMPL_200526_0352_20000000019252989108_000.jpg,PSP_EXTRATLEITIMPL_200526_0352,train,llama32v,legivel,,legivel,5695,digitada_leiturista
PSP_EXTRATLEITIMPL_200526_0352_20000000019252989110_000.jpg,PSP_EXTRATLEITIMPL_200526_0352,train,llama32v,ilegivel,,ilegivel,,
PSP_EXTRATLEITIMPL_200526_0352_20000000019302967901_000.jpg,PSP_EXTRATLEITIMPL_200526_0352,train,llama32v,legivel,,legivel,7291,digitada_leiturista
PSP_EXTRATLEITIMPL_200526_0352_20000000019302982587_000.jpg,PSP_EXTRATLEITIMPL_200526_0352,train,llama32v,legivel,,legivel,2098,digitada_leiturista
PSP_EXTRATLEITIMPL_200526_0352_20000000019302982592_000.jpg,PSP_EXTRATLEITIMPL_200526_0352,train,llama32v,ilegivel,,ilegivel,,
PSP_EXTRATLEITIMPL_200526_0352_20000000019352972879_000.jpg,PSP_EXTRATLEITIMPL_200526_0352,train,llama32v,sem_medidor,,sem_medidor,,
PSP_EXTRATLEITIMPL_200526_0352_20000000019352988587_000.jpg,PSP_EXTRATLEITIMPL_200526_0352,train,llama32v,legivel,,legivel,7894,digitada_leiturista
PSP_EXTRATLEITIMPL_200526_0352_20000000019402983464_000.jpg,PSP_EXTRATLEITIMPL_200526_0352,train,llama32v,legivel,,legivel,147186,digitada_leiturista
PSP_EXTRATLEITIMPL_200526_0352_20000000019402990129_000.jpg,PSP_EXTRATLEITIMPL_200526_0352,train,llama32v,ilegivel,,ilegivel,,
PSP_EXTRATLEITIMPL_200526_0352_20000000019452961987_000.jpg,PSP_EXTRATLEITIMPL_200526_0352,train,llama32v,legivel,,legivel,6064,digitada_leiturista
PSP_EXTRATLEITIMPL_200526_0352_20000000019452976776_000.jpg,PSP_EXTRATLEITIMPL_200526_0352,train,llama32v,legivel,,legivel,16874,digitada_leiturista
PSP_EXTRATLEITIMPL_200526_0352_20000000019452976780_000.jpg,PSP_EXTRATLEITIMPL_200526_0352,train,llama32v,legivel,,legivel,21271,digitada_leiturista
PSP_EXTRATLEITIMPL_200526_0352_20000000019452986373_000.jpg,PSP_EXTRATLEITIMPL_200526_0352,train,llama32v,legivel,,legivel,3257,digitada_leiturista
PSP_EXTRATLEITIMPL_200526_0352_20000000019502964883_000.jpg,PSP_EXTRATLEITIMPL_200526_0352,train,llama32v,legivel,,legivel,38878,digitada_leiturista
PSP_EXTRATLEITIMPL_200526_0352_20000000019502974595_000.jpg,PSP_EXTRATLEITIMPL_200526_0352,train,llama32v,legivel,,legivel,5296,digitada_leiturista
PSP_EXTRATLEITIMPL_200526_0352_20000000019502982294_000.jpg,PSP_EXTRATLEITIMPL_200526_0352,train,llama32v,ilegivel,,ilegivel,,
PSP_EXTRATLEITIMPL_200526_0352_20000000019502982302_000.jpg,PSP_EXTRATLEITIMPL_200526_0352,train,llama32v,legivel,,legivel,3326,digitada_leiturista
PSP_EXTRATLEITIMPL_200526_0352_20000000019552976924_000.jpg,PSP_EXTRATLEITIMPL_200526_0352,train,llama32v,legivel,,legivel,32249,digitada_leiturista
PSP_EXTRATLEITIMPL_200526_0352_20000000019552985789_000.jpg,PSP_EXTRATLEITIMPL_200526_0352,train,llama32v,ilegivel,,ilegivel,,
PSP_EXTRATLEITIMPL_200526_0352_20000000019552986724_000.jpg,PSP_EXTRATLEITIMPL_200526_0352,train,llama32v,ilegivel,,ilegivel,,
PSP_EXTRATLEITIMPL_200526_0352_20000000019552987711_000.jpg,PSP_EXTRATLEITIMPL_200526_0352,train,llama32v,legivel,,legivel,15320,digitada_leiturista
PSP_EXTRATLEITIMPL_200526_0352_20000000019602974608_000.jpg,PSP_EXTRATLEITIMPL_200526_0352,train,llama32v,legivel,,legivel,23303,digitada_leiturista
PSP_EXTRATLEITIMPL_200526_0352_20000000019602984139_000.jpg,PSP_EXTRATLEITIMPL_200526_0352,train,llama32v,ilegivel,,ilegivel,,
PSP_EXTRATLEITIMPL_200526_0352_20000000019702964836_000.jpg,PSP_EXTRATLEITIMPL_200526_0352,train,llama32v,legivel,,legivel,13308,digitada_leiturista
PSP_EXTRATLEITIMPL_200526_0352_20000000019702979153_000.jpg,PSP_EXTRATLEITIMPL_200526_0352,train,llama32v,ilegivel,,ilegivel,,
PSP_EXTRATLEITIMPL_200526_0352_20000000019752965864_000.jpg,PSP_EXTRATLEITIMPL_200526_0352,train,llama32v,legivel,,legivel,20385,digitada_leiturista
PSP_EXTRATLEITIMPL_200526_0352_20000000019752982244_000.jpg,PSP_EXTRATLEITIMPL_200526_0352,train,llama32v,legivel,,legivel,3264,digitada_leiturista
PSP_EXTRATLEITIMPL_200526_0352_20000000019802989613_000.jpg,PSP_EXTRATLEITIMPL_200526_0352,train,llama32v,legivel,,legivel,10062,digitada_leiturista
PSP_EXTRATLEITIMPL_200526_0352_20000000019802996257_000.jpg,PSP_EXTRATLEITIMPL_200526_0352,train,llama32v,ilegivel,,ilegivel,,
PSP_EXTRATLEITIMPL_200526_0352_20000000019852963940_000.jpg,PSP_EXTRATLEITIMPL_200526_0352,train,llama32v,legivel,,legivel,62340,digitada_leiturista
PSP_EXTRATLEITIMPL_200526_0352_20000000019852972757_000.jpg,PSP_EXTRATLEITIMPL_200526_0352,train,llama32v,ilegivel,,ilegivel,,
PSP_EXTRATLEITIMPL_200526_0352_20000000019852975699_000.jpg,PSP_EXTRATLEITIMPL_200526_0352,train,llama32v,legivel,,legivel,8098,digitada_leiturista
PSP_EXTRATLEITIMPL_200526_0352_20000000019902972984_000.jpg,PSP_EXTRATLEITIMPL_200526_0352,train,llama32v,ilegivel,,ilegivel,,
PSP_EXTRATLEITIMPL_200526_0352_20000000019902988594_000.jpg,PSP_EXTRATLEITIMPL_200526_0352,train,llama32v,legivel,,legivel,30419,digitada_leiturista
PSP_EXTRATLEITIMPL_200526_0352_20000000019902989558_000.jpg,PSP_EXTRATLEITIMPL_200526_0352,train,llama32v,legivel,,legivel,1825,digitada_leiturista
PSP_EXTRATLEITIMPL_200526_0352_20000000019952983532_000.jpg,PSP_EXTRATLEITIMPL_200526_0352,train,llama32v,legivel,,legivel,4305,digitada_leiturista
PSP_EXTRATLEITIMPL_200526_0352_20000000019952986399_000.jpg,PSP_EXTRATLEITIMPL_200526_0352,train,llama32v,legivel,,legivel,5213,digitada_leiturista
PSP_EXTRATLEITIMPL_200526_0352_20000000019952987356_000.jpg,PSP_EXTRATLEITIMPL_200526_0352,train,llama32v,legivel,,legivel,13375,digitada_leiturista
PSP_EXTRATLEITIMPL_200526_0352_20000000019952987371_000.jpg,PSP_EXTRATLEITIMPL_200526_0352,train,llama32v,ilegivel,,ilegivel,,
PSP_EXTRATLEITIMPL_200526_0352_20000000019952990105_000.jpg,PSP_EXTRATLEITIMPL_200526_0352,train,llama32v,legivel,,legivel,13356,digitada_leiturista
PSP_EXTRATLEITIMPL_200526_0352_20000000019952991045_000.jpg,PSP_EXTRATLEITIMPL_200526_0352,train,llama32v,legivel,,legivel,4742,digitada_leiturista
PSP_EXTRATLEITIMPL_200526_0352_20000000019952992012_000.jpg,PSP_EXTRATLEITIMPL_200526_0352,train,llama32v,ilegivel,,ilegivel,,
PSP_EXTRATLEITIMPL_200526_0352_20000000019952992017_000.jpg,PSP_EXTRATLEITIMPL_200526_0352,train,llama32v,ilegivel,,ilegivel,,
PSP_EXTRATLEITIMPL_210526_0335_20000000000052968867_000.jpg,PSP_EXTRATLEITIMPL_210526_0335,train,llama32v,ilegivel,,ilegivel,,
PSP_EXTRATLEITIMPL_210526_0335_20000000000052970882_000.jpg,PSP_EXTRATLEITIMPL_210526_0335,train,llama32v,legivel,,legivel,2803,digitada_leiturista
PSP_EXTRATLEITIMPL_210526_0335_20000000000052977752_000.jpg,PSP_EXTRATLEITIMPL_210526_0335,train,llama32v,ilegivel,,ilegivel,,
PSP_EXTRATLEITIMPL_210526_0335_20000000000052984366_000.jpg,PSP_EXTRATLEITIMPL_210526_0335,train,llama32v,ilegivel,,ilegivel,,
PSP_EXTRATLEITIMPL_210526_0335_20000000000052984377_000.jpg,PSP_EXTRATLEITIMPL_210526_0335,train,llama32v,sem_medidor,,sem_medidor,,
PSP_EXTRATLEITIMPL_210526_0335_20000000000052988048_000.jpg,PSP_EXTRATLEITIMPL_210526_0335,train,llama32v,legivel,,legivel,99999,digitada_leiturista
PSP_EXTRATLEITIMPL_210526_0335_20000000000102946990_000.jpg,PSP_EXTRATLEITIMPL_210526_0335,train,llama32v,ilegivel,,ilegivel,,
PSP_EXTRATLEITIMPL_210526_0335_20000000000102953893_000.jpg,PSP_EXTRATLEITIMPL_210526_0335,train,llama32v,ilegivel,,ilegivel,,
PSP_EXTRATLEITIMPL_210526_0335_20000000000102953898_000.jpg,PSP_EXTRATLEITIMPL_210526_0335,train,llama32v,legivel,,legivel,8515,digitada_leiturista
PSP_EXTRATLEITIMPL_210526_0335_20000000000152953917_000.jpg,PSP_EXTRATLEITIMPL_210526_0335,train,llama32v,legivel,,legivel,9305,digitada_leiturista
PSP_EXTRATLEITIMPL_210526_0335_20000000000152962794_000.jpg,PSP_EXTRATLEITIMPL_210526_0335,train,llama32v,legivel,,legivel,3211,digitada_leiturista
PSP_EXTRATLEITIMPL_210526_0335_20000000000152963784_000.jpg,PSP_EXTRATLEITIMPL_210526_0335,train,llama32v,legivel,,legivel,108685,digitada_leiturista
PSP_EXTRATLEITIMPL_210526_0335_20000000000152967651_000.jpg,PSP_EXTRATLEITIMPL_210526_0335,train,llama32v,legivel,,legivel,27899,digitada_leiturista
PSP_EXTRATLEITIMPL_210526_0335_20000000000152967654_000.jpg,PSP_EXTRATLEITIMPL_210526_0335,train,llama32v,legivel,,legivel,63239,digitada_leiturista
PSP_EXTRATLEITIMPL_210526_0335_20000000000152970516_000.jpg,PSP_EXTRATLEITIMPL_210526_0335,train,llama32v,sem_medidor,,sem_medidor,,
PSP_EXTRATLEITIMPL_210526_0335_20000000000152980005_000.jpg,PSP_EXTRATLEITIMPL_210526_0335,train,llama32v,legivel,,legivel,31137,digitada_leiturista
PSP_EXTRATLEITIMPL_210526_0335_20000000000202968211_000.jpg,PSP_EXTRATLEITIMPL_210526_0335,train,llama32v,ilegivel,,ilegivel,,
PSP_EXTRATLEITIMPL_210526_0335_20000000000252971868_000.jpg,PSP_EXTRATLEITIMPL_210526_0335,train,llama32v,legivel,,legivel,64330,digitada_leiturista
PSP_EXTRATLEITIMPL_210526_0335_20000000000252972939_000.jpg,PSP_EXTRATLEITIMPL_210526_0335,train,llama32v,ilegivel,,ilegivel,,
PSP_EXTRATLEITIMPL_210526_0335_20000000000252986561_000.jpg,PSP_EXTRATLEITIMPL_210526_0335,train,llama32v,legivel,,legivel,34224,digitada_leiturista
PSP_EXTRATLEITIMPL_210526_0335_20000000000252987453_000.jpg,PSP_EXTRATLEITIMPL_210526_0335,train,llama32v,legivel,,legivel,17401,digitada_leiturista
PSP_EXTRATLEITIMPL_210526_0335_20000000000252989406_000.jpg,PSP_EXTRATLEITIMPL_210526_0335,train,llama32v,legivel,,legivel,19,digitada_leiturista
PSP_EXTRATLEITIMPL_210526_0335_20000000000252992175_000.jpg,PSP_EXTRATLEITIMPL_210526_0335,train,llama32v,ilegivel,,ilegivel,,
PSP_EXTRATLEITIMPL_210526_0335_20000000000302952925_000.jpg,PSP_EXTRATLEITIMPL_210526_0335,train,llama32v,legivel,,legivel,0,digitada_leiturista
PSP_EXTRATLEITIMPL_210526_0335_20000000000302964661_000.jpg,PSP_EXTRATLEITIMPL_210526_0335,train,llama32v,legivel,,legivel,19629,digitada_leiturista
PSP_EXTRATLEITIMPL_210526_0335_20000000000302970270_000.jpg,PSP_EXTRATLEITIMPL_210526_0335,train,llama32v,legivel,,legivel,15871,digitada_leiturista
PSP_EXTRATLEITIMPL_210526_0335_20000000000352965984_000.jpg,PSP_EXTRATLEITIMPL_210526_0335,train,llama32v,sem_medidor,,sem_medidor,,
PSP_EXTRATLEITIMPL_210526_0335_20000000000352975729_000.jpg,PSP_EXTRATLEITIMPL_210526_0335,train,llama32v,sem_medidor,,sem_medidor,,
PSP_EXTRATLEITIMPL_210526_0335_20000000000352986145_000.jpg,PSP_EXTRATLEITIMPL_210526_0335,train,llama32v,legivel,,legivel,64888,digitada_leiturista
PSP_EXTRATLEITIMPL_210526_0335_20000000000402976739_000.jpg,PSP_EXTRATLEITIMPL_210526_0335,train,llama32v,legivel,,legivel,35359,digitada_leiturista
PSP_EXTRATLEITIMPL_210526_0335_20000000000452941919_000.jpg,PSP_EXTRATLEITIMPL_210526_0335,train,llama32v,legivel,,legivel,34611,digitada_leiturista
PSP_EXTRATLEITIMPL_210526_0335_20000000000452946956_000.jpg,PSP_EXTRATLEITIMPL_210526_0335,train,llama32v,legivel,,legivel,1957,digitada_leiturista
PSP_EXTRATLEITIMPL_210526_0335_20000000000452966349_000.jpg,PSP_EXTRATLEITIMPL_210526_0335,train,llama32v,legivel,,legivel,6338,digitada_leiturista
PSP_EXTRATLEITIMPL_210526_0335_20000000000502951856_000.jpg,PSP_EXTRATLEITIMPL_210526_0335,train,llama32v,ilegivel,,ilegivel,,
PSP_EXTRATLEITIMPL_210526_0335_20000000000502953846_000.jpg,PSP_EXTRATLEITIMPL_210526_0335,train,llama32v,legivel,,legivel,8540,digitada_leiturista
PSP_EXTRATLEITIMPL_210526_0335_20000000000502969225_000.jpg,PSP_EXTRATLEITIMPL_210526_0335,train,llama32v,legivel,,legivel,99999,digitada_leiturista
PSP_EXTRATLEITIMPL_210526_0335_20000000000552951934_000.jpg,PSP_EXTRATLEITIMPL_210526_0335,train,llama32v,legivel,,legivel,3541,digitada_leiturista
PSP_EXTRATLEITIMPL_210526_0335_20000000000552957849_000.jpg,PSP_EXTRATLEITIMPL_210526_0335,train,llama32v,ilegivel,,ilegivel,,
PSP_EXTRATLEITIMPL_210526_0335_20000000000552963652_000.jpg,PSP_EXTRATLEITIMPL_210526_0335,train,llama32v,ilegivel,,ilegivel,,
PSP_EXTRATLEITIMPL_210526_0335_20000000000552963658_000.jpg,PSP_EXTRATLEITIMPL_210526_0335,train,llama32v,legivel,,legivel,5934,digitada_leiturista
PSP_EXTRATLEITIMPL_210526_0335_20000000000552967436_000.jpg,PSP_EXTRATLEITIMPL_210526_0335,train,llama32v,sem_medidor,,sem_medidor,,
PSP_EXTRATLEITIMPL_210526_0335_20000000000552972184_000.jpg,PSP_EXTRATLEITIMPL_210526_0335,train,llama32v,legivel,,legivel,1714,digitada_leiturista
PSP_EXTRATLEITIMPL_210526_0335_20000000000652955931_000.jpg,PSP_EXTRATLEITIMPL_210526_0335,train,llama32v,ilegivel,,ilegivel,,
PSP_EXTRATLEITIMPL_210526_0335_20000000000702955763_000.jpg,PSP_EXTRATLEITIMPL_210526_0335,train,llama32v,legivel,,legivel,3927,digitada_leiturista
PSP_EXTRATLEITIMPL_210526_0335_20000000000702958654_000.jpg,PSP_EXTRATLEITIMPL_210526_0335,train,llama32v,ilegivel,,ilegivel,,
PSP_EXTRATLEITIMPL_210526_0335_20000000000702962434_000.jpg,PSP_EXTRATLEITIMPL_210526_0335,train,llama32v,legivel,,legivel,18359,digitada_leiturista
PSP_EXTRATLEITIMPL_210526_0335_20000000000752975150_000.jpg,PSP_EXTRATLEITIMPL_210526_0335,train,llama32v,legivel,,legivel,3743,digitada_leiturista
PSP_EXTRATLEITIMPL_210526_0335_20000000000802944989_000.jpg,PSP_EXTRATLEITIMPL_210526_0335,train,llama32v,legivel,,legivel,10726,digitada_leiturista
PSP_EXTRATLEITIMPL_210526_0335_20000000000802953886_000.jpg,PSP_EXTRATLEITIMPL_210526_0335,train,llama32v,sem_medidor,,sem_medidor,,
PSP_EXTRATLEITIMPL_210526_0335_20000000000802956903_000.jpg,PSP_EXTRATLEITIMPL_210526_0335,train,llama32v,legivel,,legivel,3469,digitada_leiturista
PSP_EXTRATLEITIMPL_210526_0335_20000000000802957924_000.jpg,PSP_EXTRATLEITIMPL_210526_0335,train,llama32v,legivel,,legivel,130785,digitada_leiturista
PSP_EXTRATLEITIMPL_210526_0335_20000000000802965654_000.jpg,PSP_EXTRATLEITIMPL_210526_0335,train,llama32v,ilegivel,,ilegivel,,
PSP_EXTRATLEITIMPL_210526_0335_20000000000802967522_000.jpg,PSP_EXTRATLEITIMPL_210526_0335,train,llama32v,sem_medidor,,sem_medidor,,
PSP_EXTRATLEITIMPL_210526_0335_20000000000852946969_000.jpg,PSP_EXTRATLEITIMPL_210526_0335,train,llama32v,ilegivel,,ilegivel,,
PSP_EXTRATLEITIMPL_210526_0335_20000000000852957847_000.jpg,PSP_EXTRATLEITIMPL_210526_0335,train,llama32v,ilegivel,,ilegivel,,
PSP_EXTRATLEITIMPL_210526_0335_20000000000852961770_000.jpg,PSP_EXTRATLEITIMPL_210526_0335,train,llama32v,legivel,,legivel,835,digitada_leiturista
PSP_EXTRATLEITIMPL_210526_0335_20000000000852972400_000.jpg,PSP_EXTRATLEITIMPL_210526_0335,train,llama32v,legivel,,legivel,15305,digitada_leiturista
PSP_EXTRATLEITIMPL_210526_0335_20000000000902965905_000.jpg,PSP_EXTRATLEITIMPL_210526_0335,train,llama32v,sem_medidor,,sem_medidor,,
PSP_EXTRATLEITIMPL_210526_0335_20000000000902974506_000.jpg,PSP_EXTRATLEITIMPL_210526_0335,train,llama32v,legivel,,legivel,331407,digitada_leiturista
PSP_EXTRATLEITIMPL_210526_0335_20000000000952956875_000.jpg,PSP_EXTRATLEITIMPL_210526_0335,train,llama32v,legivel,,legivel,8632,digitada_leiturista
PSP_EXTRATLEITIMPL_210526_0335_20000000001002946926_000.jpg,PSP_EXTRATLEITIMPL_210526_0335,train,llama32v,ilegivel,,ilegivel,,
PSP_EXTRATLEITIMPL_210526_0335_20000000001002973036_000.jpg,PSP_EXTRATLEITIMPL_210526_0335,train,llama32v,ilegivel,,ilegivel,,
PSP_EXTRATLEITIMPL_210526_0335_20000000001052957895_000.jpg,PSP_EXTRATLEITIMPL_210526_0335,train,llama32v,legivel,,legivel,25140,digitada_leiturista
PSP_EXTRATLEITIMPL_210526_0335_20000000001052966812_000.jpg,PSP_EXTRATLEITIMPL_210526_0335,train,llama32v,ilegivel,,ilegivel,,
PSP_EXTRATLEITIMPL_210526_0335_20000000001052980173_000.jpg,PSP_EXTRATLEITIMPL_210526_0335,train,llama32v,legivel,,legivel,32139,digitada_leiturista
PSP_EXTRATLEITIMPL_210526_0335_20000000001102962800_000.jpg,PSP_EXTRATLEITIMPL_210526_0335,train,llama32v,sem_medidor,,sem_medidor,,
PSP_EXTRATLEITIMPL_210526_0335_20000000001102963756_000.jpg,PSP_EXTRATLEITIMPL_210526_0335,train,llama32v,legivel,,legivel,24605,digitada_leiturista
PSP_EXTRATLEITIMPL_210526_0335_20000000001152957866_000.jpg,PSP_EXTRATLEITIMPL_210526_0335,train,llama32v,legivel,,legivel,20226,digitada_leiturista
PSP_EXTRATLEITIMPL_210526_0335_20000000001252980604_000.jpg,PSP_EXTRATLEITIMPL_210526_0335,train,llama32v,ilegivel,,ilegivel,,
PSP_EXTRATLEITIMPL_210526_0335_20000000001352995040_000.jpg,PSP_EXTRATLEITIMPL_210526_0335,train,llama32v,legivel,,legivel,3707,digitada_leiturista
PSP_EXTRATLEITIMPL_210526_0335_20000000001402991111_000.jpg,PSP_EXTRATLEITIMPL_210526_0335,train,llama32v,ilegivel,,ilegivel,,
PSP_EXTRATLEITIMPL_210526_0335_20000000001452972878_000.jpg,PSP_EXTRATLEITIMPL_210526_0335,train,llama32v,ilegivel,,ilegivel,,
PSP_EXTRATLEITIMPL_210526_0335_20000000001452980813_000.jpg,PSP_EXTRATLEITIMPL_210526_0335,train,llama32v,legivel,,legivel,71397,digitada_leiturista
PSP_EXTRATLEITIMPL_210526_0335_20000000001502969867_000.jpg,PSP_EXTRATLEITIMPL_210526_0335,train,llama32v,legivel,,legivel,119124,digitada_leiturista
PSP_EXTRATLEITIMPL_210526_0335_20000000001602979763_000.jpg,PSP_EXTRATLEITIMPL_210526_0335,train,llama32v,ilegivel,,ilegivel,,
PSP_EXTRATLEITIMPL_210526_0335_20000000001602993220_000.jpg,PSP_EXTRATLEITIMPL_210526_0335,train,llama32v,ilegivel,,ilegivel,,
PSP_EXTRATLEITIMPL_210526_0335_20000000001652971960_000.jpg,PSP_EXTRATLEITIMPL_210526_0335,train,llama32v,legivel,,legivel,7673,digitada_leiturista
PSP_EXTRATLEITIMPL_210526_0335_20000000001652975803_000.jpg,PSP_EXTRATLEITIMPL_210526_0335,train,llama32v,legivel,,legivel,130795,digitada_leiturista
PSP_EXTRATLEITIMPL_210526_0335_20000000001752967971_000.jpg,PSP_EXTRATLEITIMPL_210526_0335,train,llama32v,ilegivel,,ilegivel,,
PSP_EXTRATLEITIMPL_210526_0335_20000000001752986305_000.jpg,PSP_EXTRATLEITIMPL_210526_0335,train,llama32v,legivel,,legivel,2712,digitada_leiturista
PSP_EXTRATLEITIMPL_210526_0335_20000000001802981948_000.jpg,PSP_EXTRATLEITIMPL_210526_0335,train,llama32v,legivel,,legivel,418,digitada_leiturista
PSP_EXTRATLEITIMPL_210526_0335_20000000001802982922_000.jpg,PSP_EXTRATLEITIMPL_210526_0335,train,llama32v,ilegivel,,ilegivel,,
PSP_EXTRATLEITIMPL_210526_0335_20000000001802995612_000.jpg,PSP_EXTRATLEITIMPL_210526_0335,train,llama32v,legivel,,legivel,972,digitada_leiturista
PSP_EXTRATLEITIMPL_210526_0335_20000000001803003194_000.jpg,PSP_EXTRATLEITIMPL_210526_0335,train,llama32v,legivel,,legivel,90020,digitada_leiturista
PSP_EXTRATLEITIMPL_210526_0335_20000000001852972861_000.jpg,PSP_EXTRATLEITIMPL_210526_0335,train,llama32v,sem_medidor,,sem_medidor,,
PSP_EXTRATLEITIMPL_210526_0335_20000000001852981693_000.jpg,PSP_EXTRATLEITIMPL_210526_0335,train,llama32v,legivel,,legivel,939,digitada_leiturista
PSP_EXTRATLEITIMPL_210526_0335_20000000001852982599_000.jpg,PSP_EXTRATLEITIMPL_210526_0335,train,llama32v,legivel,,legivel,31846,digitada_leiturista
PSP_EXTRATLEITIMPL_210526_0335_20000000001902988344_000.jpg,PSP_EXTRATLEITIMPL_210526_0335,train,llama32v,legivel,,legivel,1024,digitada_leiturista
PSP_EXTRATLEITIMPL_210526_0335_20000000001952982757_000.jpg,PSP_EXTRATLEITIMPL_210526_0335,train,llama32v,legivel,,legivel,477,digitada_leiturista
PSP_EXTRATLEITIMPL_210526_0335_20000000001952984666_000.jpg,PSP_EXTRATLEITIMPL_210526_0335,train,llama32v,ilegivel,,ilegivel,,
PSP_EXTRATLEITIMPL_210526_0335_20000000001952996056_000.jpg,PSP_EXTRATLEITIMPL_210526_0335,train,llama32v,ilegivel,,ilegivel,,
PSP_EXTRATLEITIMPL_210526_0335_20000000002052989782_000.jpg,PSP_EXTRATLEITIMPL_210526_0335,train,llama32v,legivel,,legivel,87977,digitada_leiturista
PSP_EXTRATLEITIMPL_210526_0335_20000000002052993514_000.jpg,PSP_EXTRATLEITIMPL_210526_0335,train,llama32v,legivel,,legivel,20989,digitada_leiturista
PSP_EXTRATLEITIMPL_210526_0335_20000000002102971831_000.jpg,PSP_EXTRATLEITIMPL_210526_0335,train,llama32v,ilegivel,,ilegivel,,
PSP_EXTRATLEITIMPL_210526_0335_20000000002152970501_000.jpg,PSP_EXTRATLEITIMPL_210526_0335,train,llama32v,legivel,,legivel,12574,digitada_leiturista
PSP_EXTRATLEITIMPL_210526_0335_20000000002202983144_000.jpg,PSP_EXTRATLEITIMPL_210526_0335,train,llama32v,legivel,,legivel,18910,digitada_leiturista
PSP_EXTRATLEITIMPL_210526_0335_20000000002302975916_000.jpg,PSP_EXTRATLEITIMPL_210526_0335,train,llama32v,legivel,,legivel,8315,digitada_leiturista
PSP_EXTRATLEITIMPL_210526_0335_20000000002302976738_000.jpg,PSP_EXTRATLEITIMPL_210526_0335,train,llama32v,ilegivel,,ilegivel,,
PSP_EXTRATLEITIMPL_210526_0335_20000000002302983643_000.jpg,PSP_EXTRATLEITIMPL_210526_0335,train,llama32v,legivel,,legivel,9104,digitada_leiturista
PSP_EXTRATLEITIMPL_210526_0335_20000000002352962983_000.jpg,PSP_EXTRATLEITIMPL_210526_0335,train,llama32v,legivel,,legivel,56051,digitada_leiturista
PSP_EXTRATLEITIMPL_210526_0335_20000000002352978548_000.jpg,PSP_EXTRATLEITIMPL_210526_0335,train,llama32v,legivel,,legivel,15143,digitada_leiturista
PSP_EXTRATLEITIMPL_210526_0335_20000000002352980486_000.jpg,PSP_EXTRATLEITIMPL_210526_0335,train,llama32v,ilegivel,,ilegivel,,
PSP_EXTRATLEITIMPL_210526_0335_20000000002402958919_000.jpg,PSP_EXTRATLEITIMPL_210526_0335,train,llama32v,legivel,,legivel,16547,digitada_leiturista
PSP_EXTRATLEITIMPL_210526_0335_20000000002402964868_000.jpg,PSP_EXTRATLEITIMPL_210526_0335,train,llama32v,legivel,,legivel,6740,digitada_leiturista
PSP_EXTRATLEITIMPL_210526_0335_20000000002402968721_000.jpg,PSP_EXTRATLEITIMPL_210526_0335,train,llama32v,sem_medidor,,sem_medidor,,
PSP_EXTRATLEITIMPL_210526_0335_20000000002402975538_000.jpg,PSP_EXTRATLEITIMPL_210526_0335,train,llama32v,legivel,,legivel,6314,digitada_leiturista
PSP_EXTRATLEITIMPL_210526_0335_20000000002452979895_000.jpg,PSP_EXTRATLEITIMPL_210526_0335,train,llama32v,legivel,,legivel,67203,digitada_leiturista
PSP_EXTRATLEITIMPL_210526_0335_20000000002452983783_000.jpg,PSP_EXTRATLEITIMPL_210526_0335,train,llama32v,legivel,,legivel,27964,digitada_leiturista
PSP_EXTRATLEITIMPL_210526_0335_20000000002452996173_000.jpg,PSP_EXTRATLEITIMPL_210526_0335,train,llama32v,legivel,,legivel,10081,digitada_leiturista
PSP_EXTRATLEITIMPL_210526_0335_20000000002452997021_000.jpg,PSP_EXTRATLEITIMPL_210526_0335,train,llama32v,legivel,,legivel,1354,digitada_leiturista
PSP_EXTRATLEITIMPL_210526_0335_20000000002502987581_000.jpg,PSP_EXTRATLEITIMPL_210526_0335,train,llama32v,legivel,,legivel,6308,digitada_leiturista
PSP_EXTRATLEITIMPL_210526_0335_20000000002502991355_000.jpg,PSP_EXTRATLEITIMPL_210526_0335,train,llama32v,legivel,,legivel,20770,digitada_leiturista
PSP_EXTRATLEITIMPL_210526_0335_20000000002552954946_000.jpg,PSP_EXTRATLEITIMPL_210526_0335,train,llama32v,legivel,,legivel,54339,digitada_leiturista
PSP_EXTRATLEITIMPL_210526_0335_20000000002552954948_000.jpg,PSP_EXTRATLEITIMPL_210526_0335,train,llama32v,legivel,,legivel,851,digitada_leiturista
PSP_EXTRATLEITIMPL_210526_0335_20000000002552983260_000.jpg,PSP_EXTRATLEITIMPL_210526_0335,train,llama32v,sem_medidor,,sem_medidor,,
PSP_EXTRATLEITIMPL_210526_0335_20000000002602976853_000.jpg,PSP_EXTRATLEITIMPL_210526_0335,train,llama32v,legivel,,legivel,16790,digitada_leiturista
PSP_EXTRATLEITIMPL_210526_0335_20000000002602977888_000.jpg,PSP_EXTRATLEITIMPL_210526_0335,train,llama32v,legivel,,legivel,1907,digitada_leiturista
PSP_EXTRATLEITIMPL_210526_0335_20000000002602983681_000.jpg,PSP_EXTRATLEITIMPL_210526_0335,train,llama32v,ilegivel,,ilegivel,,
PSP_EXTRATLEITIMPL_210526_0335_20000000002752963997_000.jpg,PSP_EXTRATLEITIMPL_210526_0335,train,llama32v,sem_medidor,,sem_medidor,,
PSP_EXTRATLEITIMPL_210526_0335_20000000002802981748_000.jpg,PSP_EXTRATLEITIMPL_210526_0335,train,llama32v,legivel,,legivel,30774,digitada_leiturista
PSP_EXTRATLEITIMPL_210526_0335_20000000002802984664_000.jpg,PSP_EXTRATLEITIMPL_210526_0335,train,llama32v,legivel,,legivel,1780,digitada_leiturista
PSP_EXTRATLEITIMPL_210526_0335_20000000002802992167_000.jpg,PSP_EXTRATLEITIMPL_210526_0335,train,llama32v,ilegivel,,ilegivel,,
PSP_EXTRATLEITIMPL_210526_0335_20000000002852970918_000.jpg,PSP_EXTRATLEITIMPL_210526_0335,train,llama32v,legivel,,legivel,5146,digitada_leiturista
PSP_EXTRATLEITIMPL_210526_0335_20000000002852971840_000.jpg,PSP_EXTRATLEITIMPL_210526_0335,train,llama32v,ilegivel,,ilegivel,,
PSP_EXTRATLEITIMPL_210526_0335_20000000002852986134_000.jpg,PSP_EXTRATLEITIMPL_210526_0335,train,llama32v,legivel,,legivel,16314,digitada_leiturista
PSP_EXTRATLEITIMPL_210526_0335_20000000002852987064_000.jpg,PSP_EXTRATLEITIMPL_210526_0335,train,llama32v,legivel,,legivel,3940,digitada_leiturista
PSP_EXTRATLEITIMPL_210526_0335_20000000002902978744_000.jpg,PSP_EXTRATLEITIMPL_210526_0335,train,llama32v,legivel,,legivel,245785,digitada_leiturista
PSP_EXTRATLEITIMPL_210526_0335_20000000002902982662_000.jpg,PSP_EXTRATLEITIMPL_210526_0335,train,llama32v,sem_medidor,,sem_medidor,,
PSP_EXTRATLEITIMPL_210526_0335_20000000002902991149_000.jpg,PSP_EXTRATLEITIMPL_210526_0335,train,llama32v,legivel,,legivel,30841,digitada_leiturista
PSP_EXTRATLEITIMPL_210526_0335_20000000002902992097_000.jpg,PSP_EXTRATLEITIMPL_210526_0335,train,llama32v,legivel,,legivel,7456,digitada_leiturista
PSP_EXTRATLEITIMPL_210526_0335_20000000003052968930_000.jpg,PSP_EXTRATLEITIMPL_210526_0335,train,llama32v,sem_medidor,,sem_medidor,,
PSP_EXTRATLEITIMPL_210526_0335_20000000003052971928_000.jpg,PSP_EXTRATLEITIMPL_210526_0335,train,llama32v,ilegivel,,ilegivel,,
PSP_EXTRATLEITIMPL_210526_0335_20000000003052977803_000.jpg,PSP_EXTRATLEITIMPL_210526_0335,train,llama32v,legivel,,legivel,0,digitada_leiturista
PSP_EXTRATLEITIMPL_210526_0335_20000000003102986722_000.jpg,PSP_EXTRATLEITIMPL_210526_0335,train,llama32v,ilegivel,,ilegivel,,
PSP_EXTRATLEITIMPL_210526_0335_20000000003103000071_000.jpg,PSP_EXTRATLEITIMPL_210526_0335,train,llama32v,legivel,,legivel,1594,digitada_leiturista
PSP_EXTRATLEITIMPL_210526_0335_20000000003152982847_000.jpg,PSP_EXTRATLEITIMPL_210526_0335,train,llama32v,legivel,,legivel,79,digitada_leiturista
PSP_EXTRATLEITIMPL_210526_0335_20000000003152988640_000.jpg,PSP_EXTRATLEITIMPL_210526_0335,train,llama32v,legivel,,legivel,132696,digitada_leiturista
PSP_EXTRATLEITIMPL_210526_0335_20000000003202986660_000.jpg,PSP_EXTRATLEITIMPL_210526_0335,train,llama32v,ilegivel,,ilegivel,,
PSP_EXTRATLEITIMPL_210526_0335_20000000003202988559_000.jpg,PSP_EXTRATLEITIMPL_210526_0335,train,llama32v,ilegivel,,ilegivel,,
PSP_EXTRATLEITIMPL_210526_0335_20000000003202990421_000.jpg,PSP_EXTRATLEITIMPL_210526_0335,train,llama32v,legivel,,legivel,99999,digitada_leiturista
PSP_EXTRATLEITIMPL_210526_0335_20000000003302991408_000.jpg,PSP_EXTRATLEITIMPL_210526_0335,train,llama32v,legivel,,legivel,585,digitada_leiturista
PSP_EXTRATLEITIMPL_210526_0335_20000000003402972877_000.jpg,PSP_EXTRATLEITIMPL_210526_0335,train,llama32v,legivel,,legivel,56475,digitada_leiturista
PSP_EXTRATLEITIMPL_210526_0335_20000000003402980628_000.jpg,PSP_EXTRATLEITIMPL_210526_0335,train,llama32v,ilegivel,,ilegivel,,
PSP_EXTRATLEITIMPL_210526_0335_20000000003402983376_000.jpg,PSP_EXTRATLEITIMPL_210526_0335,train,llama32v,legivel,,legivel,59666,digitada_leiturista
PSP_EXTRATLEITIMPL_210526_0335_20000000003402985266_000.jpg,PSP_EXTRATLEITIMPL_210526_0335,train,llama32v,ilegivel,,ilegivel,,
PSP_EXTRATLEITIMPL_210526_0335_20000000003502984794_000.jpg,PSP_EXTRATLEITIMPL_210526_0335,train,llama32v,legivel,,legivel,211733,digitada_leiturista
PSP_EXTRATLEITIMPL_210526_0335_20000000003502985798_000.jpg,PSP_EXTRATLEITIMPL_210526_0335,train,llama32v,legivel,,legivel,9657,digitada_leiturista
PSP_EXTRATLEITIMPL_210526_0335_20000000003502998172_000.jpg,PSP_EXTRATLEITIMPL_210526_0335,train,llama32v,ilegivel,,ilegivel,,
PSP_EXTRATLEITIMPL_210526_0335_20000000003552968982_000.jpg,PSP_EXTRATLEITIMPL_210526_0335,train,llama32v,ilegivel,,ilegivel,,
PSP_EXTRATLEITIMPL_210526_0335_20000000003552970961_000.jpg,PSP_EXTRATLEITIMPL_210526_0335,train,llama32v,ilegivel,,ilegivel,,
PSP_EXTRATLEITIMPL_210526_0335_20000000003552971928_000.jpg,PSP_EXTRATLEITIMPL_210526_0335,train,llama32v,ilegivel,,ilegivel,,
PSP_EXTRATLEITIMPL_210526_0335_20000000003552976892_000.jpg,PSP_EXTRATLEITIMPL_210526_0335,train,llama32v,ilegivel,,ilegivel,,
PSP_EXTRATLEITIMPL_210526_0335_20000000003552982655_000.jpg,PSP_EXTRATLEITIMPL_210526_0335,train,llama32v,legivel,,legivel,23225,digitada_leiturista
PSP_EXTRATLEITIMPL_210526_0335_20000000003552991199_000.jpg,PSP_EXTRATLEITIMPL_210526_0335,train,llama32v,legivel,,legivel,265762,digitada_leiturista
PSP_EXTRATLEITIMPL_210526_0335_20000000003652964984_000.jpg,PSP_EXTRATLEITIMPL_210526_0335,train,llama32v,legivel,,legivel,38205,digitada_leiturista
PSP_EXTRATLEITIMPL_210526_0335_20000000003702984355_000.jpg,PSP_EXTRATLEITIMPL_210526_0335,train,llama32v,legivel,,legivel,57260,digitada_leiturista
PSP_EXTRATLEITIMPL_210526_0335_20000000003702991039_000.jpg,PSP_EXTRATLEITIMPL_210526_0335,train,llama32v,legivel,,legivel,92091,digitada_leiturista
PSP_EXTRATLEITIMPL_210526_0335_20000000003702991055_000.jpg,PSP_EXTRATLEITIMPL_210526_0335,train,llama32v,legivel,,legivel,23235,digitada_leiturista
PSP_EXTRATLEITIMPL_210526_0335_20000000003752972515_000.jpg,PSP_EXTRATLEITIMPL_210526_0335,train,llama32v,legivel,,legivel,8087,digitada_leiturista
PSP_EXTRATLEITIMPL_210526_0335_20000000003802977777_000.jpg,PSP_EXTRATLEITIMPL_210526_0335,train,llama32v,legivel,,legivel,24178,digitada_leiturista
PSP_EXTRATLEITIMPL_210526_0335_20000000003852976587_000.jpg,PSP_EXTRATLEITIMPL_210526_0335,train,llama32v,sem_medidor,,sem_medidor,,
PSP_EXTRATLEITIMPL_210526_0335_20000000003852988019_000.jpg,PSP_EXTRATLEITIMPL_210526_0335,train,llama32v,legivel,,legivel,23494,digitada_leiturista
PSP_EXTRATLEITIMPL_210526_0335_20000000003902959925_000.jpg,PSP_EXTRATLEITIMPL_210526_0335,train,llama32v,legivel,,legivel,1693,digitada_leiturista
PSP_EXTRATLEITIMPL_210526_0335_20000000003902965867_000.jpg,PSP_EXTRATLEITIMPL_210526_0335,train,llama32v,legivel,,legivel,28256,digitada_leiturista
PSP_EXTRATLEITIMPL_210526_0335_20000000003952967793_000.jpg,PSP_EXTRATLEITIMPL_210526_0335,train,llama32v,ilegivel,,ilegivel,,
PSP_EXTRATLEITIMPL_210526_0335_20000000004002961879_000.jpg,PSP_EXTRATLEITIMPL_210526_0335,train,llama32v,legivel,,legivel,107411,digitada_leiturista
PSP_EXTRATLEITIMPL_210526_0335_20000000004002977465_000.jpg,PSP_EXTRATLEITIMPL_210526_0335,train,llama32v,legivel,,legivel,91676,digitada_leiturista
PSP_EXTRATLEITIMPL_210526_0335_20000000004052995438_000.jpg,PSP_EXTRATLEITIMPL_210526_0335,train,llama32v,ilegivel,,ilegivel,,
PSP_EXTRATLEITIMPL_210526_0335_20000000004052996416_000.jpg,PSP_EXTRATLEITIMPL_210526_0335,train,llama32v,ilegivel,,ilegivel,,
PSP_EXTRATLEITIMPL_210526_0335_20000000004102976527_000.jpg,PSP_EXTRATLEITIMPL_210526_0335,train,llama32v,ilegivel,,ilegivel,,
PSP_EXTRATLEITIMPL_210526_0335_20000000004102978368_000.jpg,PSP_EXTRATLEITIMPL_210526_0335,train,llama32v,legivel,,legivel,3582,digitada_leiturista
PSP_EXTRATLEITIMPL_210526_0335_20000000004152966992_000.jpg,PSP_EXTRATLEITIMPL_210526_0335,train,llama32v,legivel,,legivel,10905,digitada_leiturista
PSP_EXTRATLEITIMPL_210526_0335_20000000004152990278_000.jpg,PSP_EXTRATLEITIMPL_210526_0335,train,llama32v,sem_medidor,,sem_medidor,,
PSP_EXTRATLEITIMPL_210526_0335_20000000004152991245_000.jpg,PSP_EXTRATLEITIMPL_210526_0335,train,llama32v,ilegivel,,ilegivel,,
PSP_EXTRATLEITIMPL_210526_0335_20000000004202994391_000.jpg,PSP_EXTRATLEITIMPL_210526_0335,train,llama32v,legivel,,legivel,99999,digitada_leiturista
PSP_EXTRATLEITIMPL_210526_0335_20000000004202997163_000.jpg,PSP_EXTRATLEITIMPL_210526_0335,train,llama32v,sem_medidor,,sem_medidor,,
PSP_EXTRATLEITIMPL_210526_0335_20000000004202999046_000.jpg,PSP_EXTRATLEITIMPL_210526_0335,train,llama32v,legivel,,legivel,354074,digitada_leiturista
PSP_EXTRATLEITIMPL_210526_0335_20000000004202999053_000.jpg,PSP_EXTRATLEITIMPL_210526_0335,train,llama32v,legivel,,legivel,16580,digitada_leiturista
PSP_EXTRATLEITIMPL_210526_0335_20000000004302986384_000.jpg,PSP_EXTRATLEITIMPL_210526_0335,train,llama32v,sem_medidor,,sem_medidor,,
PSP_EXTRATLEITIMPL_210526_0335_20000000004402980542_000.jpg,PSP_EXTRATLEITIMPL_210526_0335,train,llama32v,legivel,,legivel,38267,digitada_leiturista
PSP_EXTRATLEITIMPL_210526_0335_20000000004502988162_000.jpg,PSP_EXTRATLEITIMPL_210526_0335,train,llama32v,ilegivel,,ilegivel,,
PSP_EXTRATLEITIMPL_210526_0335_20000000004552977707_000.jpg,PSP_EXTRATLEITIMPL_210526_0335,train,llama32v,legivel,,legivel,41625,digitada_leiturista
PSP_EXTRATLEITIMPL_210526_0335_20000000004552994014_000.jpg,PSP_EXTRATLEITIMPL_210526_0335,train,llama32v,legivel,,legivel,139405,digitada_leiturista
PSP_EXTRATLEITIMPL_210526_0335_20000000004603002810_000.jpg,PSP_EXTRATLEITIMPL_210526_0335,train,llama32v,legivel,,legivel,36923,digitada_leiturista
PSP_EXTRATLEITIMPL_210526_0335_20000000004652984673_000.jpg,PSP_EXTRATLEITIMPL_210526_0335,train,llama32v,legivel,,legivel,167,digitada_leiturista
PSP_EXTRATLEITIMPL_210526_0335_20000000004652998035_000.jpg,PSP_EXTRATLEITIMPL_210526_0335,train,llama32v,legivel,,legivel,8440,digitada_leiturista
PSP_EXTRATLEITIMPL_210526_0335_20000000004703001525_000.jpg,PSP_EXTRATLEITIMPL_210526_0335,train,llama32v,legivel,,legivel,55617,digitada_leiturista
PSP_EXTRATLEITIMPL_210526_0335_20000000004703005344_000.jpg,PSP_EXTRATLEITIMPL_210526_0335,train,llama32v,legivel,,legivel,5230,digitada_leiturista
PSP_EXTRATLEITIMPL_210526_0335_20000000004802985801_000.jpg,PSP_EXTRATLEITIMPL_210526_0335,train,llama32v,ilegivel,,ilegivel,,
PSP_EXTRATLEITIMPL_210526_0335_20000000004953004456_000.jpg,PSP_EXTRATLEITIMPL_210526_0335,train,llama32v,legivel,,legivel,39865,digitada_leiturista
PSP_EXTRATLEITIMPL_210526_0335_20000000005102992818_000.jpg,PSP_EXTRATLEITIMPL_210526_0335,train,llama32v,legivel,,legivel,94671,digitada_leiturista
PSP_EXTRATLEITIMPL_210526_0335_20000000005103008121_000.jpg,PSP_EXTRATLEITIMPL_210526_0335,train,llama32v,ilegivel,,ilegivel,,
PSP_EXTRATLEITIMPL_210526_0335_20000000005153008032_000.jpg,PSP_EXTRATLEITIMPL_210526_0335,train,llama32v,legivel,,legivel,70047,digitada_leiturista
PSP_EXTRATLEITIMPL_210526_0335_20000000005202974980_000.jpg,PSP_EXTRATLEITIMPL_210526_0335,train,llama32v,ilegivel,,ilegivel,,
PSP_EXTRATLEITIMPL_210526_0335_20000000005202985823_000.jpg,PSP_EXTRATLEITIMPL_210526_0335,train,llama32v,legivel,,legivel,27685,digitada_leiturista
PSP_EXTRATLEITIMPL_210526_0335_20000000005202999133_000.jpg,PSP_EXTRATLEITIMPL_210526_0335,train,llama32v,legivel,,legivel,15446,digitada_leiturista
PSP_EXTRATLEITIMPL_210526_0335_20000000005252984985_000.jpg,PSP_EXTRATLEITIMPL_210526_0335,train,llama32v,ilegivel,,ilegivel,,
PSP_EXTRATLEITIMPL_210526_0335_20000000005252999667_000.jpg,PSP_EXTRATLEITIMPL_210526_0335,train,llama32v,ilegivel,,ilegivel,,
PSP_EXTRATLEITIMPL_210526_0335_20000000005253003550_000.jpg,PSP_EXTRATLEITIMPL_210526_0335,train,llama32v,legivel,,legivel,98055,digitada_leiturista
PSP_EXTRATLEITIMPL_210526_0335_20000000005302985753_000.jpg,PSP_EXTRATLEITIMPL_210526_0335,train,llama32v,legivel,,legivel,83797,digitada_leiturista
PSP_EXTRATLEITIMPL_210526_0335_20000000005352991286_000.jpg,PSP_EXTRATLEITIMPL_210526_0335,train,llama32v,legivel,,legivel,27922,digitada_leiturista
PSP_EXTRATLEITIMPL_210526_0335_20000000005402988684_001.jpg,PSP_EXTRATLEITIMPL_210526_0335,train,llama32v,ilegivel,,ilegivel,,
PSP_EXTRATLEITIMPL_210526_0335_20000000005452980304_000.jpg,PSP_EXTRATLEITIMPL_210526_0335,train,llama32v,ilegivel,,ilegivel,,
PSP_EXTRATLEITIMPL_210526_0335_20000000005452982163_000.jpg,PSP_EXTRATLEITIMPL_210526_0335,train,llama32v,legivel,,legivel,24724,digitada_leiturista
PSP_EXTRATLEITIMPL_210526_0335_20000000005502971942_000.jpg,PSP_EXTRATLEITIMPL_210526_0335,train,llama32v,sem_medidor,,sem_medidor,,
PSP_EXTRATLEITIMPL_210526_0335_20000000005552959918_000.jpg,PSP_EXTRATLEITIMPL_210526_0335,train,llama32v,legivel,,legivel,19531,digitada_leiturista
PSP_EXTRATLEITIMPL_210526_0335_20000000005602936987_000.jpg,PSP_EXTRATLEITIMPL_210526_0335,train,llama32v,legivel,,legivel,51341,digitada_leiturista
PSP_EXTRATLEITIMPL_210526_0335_20000000005602950861_000.jpg,PSP_EXTRATLEITIMPL_210526_0335,train,llama32v,legivel,,legivel,20961,digitada_leiturista
PSP_EXTRATLEITIMPL_210526_0335_20000000005652973640_000.jpg,PSP_EXTRATLEITIMPL_210526_0335,train,llama32v,ilegivel,,ilegivel,,
PSP_EXTRATLEITIMPL_210526_0335_20000000005702962905_000.jpg,PSP_EXTRATLEITIMPL_210526_0335,train,llama32v,legivel,,legivel,45038,digitada_leiturista
PSP_EXTRATLEITIMPL_210526_0335_20000000005702971880_000.jpg,PSP_EXTRATLEITIMPL_210526_0335,train,llama32v,legivel,,legivel,10119,digitada_leiturista
PSP_EXTRATLEITIMPL_210526_0335_20000000005702973817_000.jpg,PSP_EXTRATLEITIMPL_210526_0335,train,llama32v,legivel,,legivel,31742,digitada_leiturista
PSP_EXTRATLEITIMPL_210526_0335_20000000005702975764_000.jpg,PSP_EXTRATLEITIMPL_210526_0335,train,llama32v,sem_medidor,,sem_medidor,,
PSP_EXTRATLEITIMPL_210526_0335_20000000005702986228_000.jpg,PSP_EXTRATLEITIMPL_210526_0335,train,llama32v,legivel,,legivel,1019,digitada_leiturista
PSP_EXTRATLEITIMPL_210526_0335_20000000005802984150_000.jpg,PSP_EXTRATLEITIMPL_210526_0335,train,llama32v,legivel,,legivel,1012,digitada_leiturista
PSP_EXTRATLEITIMPL_210526_0335_20000000005852980445_000.jpg,PSP_EXTRATLEITIMPL_210526_0335,train,llama32v,legivel,,legivel,66215,digitada_leiturista
PSP_EXTRATLEITIMPL_210526_0335_20000000005852985160_000.jpg,PSP_EXTRATLEITIMPL_210526_0335,train,llama32v,ilegivel,,ilegivel,,
PSP_EXTRATLEITIMPL_210526_0335_20000000005952977569_000.jpg,PSP_EXTRATLEITIMPL_210526_0335,train,llama32v,legivel,,legivel,162620,digitada_leiturista
PSP_EXTRATLEITIMPL_210526_0335_20000000005952983187_000.jpg,PSP_EXTRATLEITIMPL_210526_0335,train,llama32v,legivel,,legivel,15,digitada_leiturista
PSP_EXTRATLEITIMPL_210526_0335_20000000006052957970_000.jpg,PSP_EXTRATLEITIMPL_210526_0335,train,llama32v,ilegivel,,ilegivel,,
PSP_EXTRATLEITIMPL_210526_0335_20000000006102984384_000.jpg,PSP_EXTRATLEITIMPL_210526_0335,train,llama32v,ilegivel,,ilegivel,,
PSP_EXTRATLEITIMPL_210526_0335_20000000006202956932_000.jpg,PSP_EXTRATLEITIMPL_210526_0335,train,llama32v,legivel,,legivel,22177,digitada_leiturista
PSP_EXTRATLEITIMPL_210526_0335_20000000006202979382_000.jpg,PSP_EXTRATLEITIMPL_210526_0335,train,llama32v,legivel,,legivel,347519,digitada_leiturista
PSP_EXTRATLEITIMPL_210526_0335_20000000006252963986_000.jpg,PSP_EXTRATLEITIMPL_210526_0335,train,llama32v,legivel,,legivel,16351,digitada_leiturista
PSP_EXTRATLEITIMPL_210526_0335_20000000006352978737_000.jpg,PSP_EXTRATLEITIMPL_210526_0335,train,llama32v,legivel,,legivel,99999,digitada_leiturista
PSP_EXTRATLEITIMPL_210526_0335_20000000006352981572_000.jpg,PSP_EXTRATLEITIMPL_210526_0335,train,llama32v,legivel,,legivel,14509,digitada_leiturista
PSP_EXTRATLEITIMPL_210526_0335_20000000006352981577_000.jpg,PSP_EXTRATLEITIMPL_210526_0335,train,llama32v,sem_medidor,,sem_medidor,,
PSP_EXTRATLEITIMPL_210526_0335_20000000006352983599_000.jpg,PSP_EXTRATLEITIMPL_210526_0335,train,llama32v,ilegivel,,ilegivel,,
PSP_EXTRATLEITIMPL_210526_0335_20000000006352984415_000.jpg,PSP_EXTRATLEITIMPL_210526_0335,train,llama32v,legivel,,legivel,30933,digitada_leiturista
PSP_EXTRATLEITIMPL_210526_0335_20000000006402956942_000.jpg,PSP_EXTRATLEITIMPL_210526_0335,train,llama32v,legivel,,legivel,4706,digitada_leiturista
PSP_EXTRATLEITIMPL_210526_0335_20000000006402965902_000.jpg,PSP_EXTRATLEITIMPL_210526_0335,train,llama32v,legivel,,legivel,14498,digitada_leiturista
PSP_EXTRATLEITIMPL_210526_0335_20000000006402980146_000.jpg,PSP_EXTRATLEITIMPL_210526_0335,train,llama32v,legivel,,legivel,7923,digitada_leiturista
PSP_EXTRATLEITIMPL_210526_0335_20000000006402981001_000.jpg,PSP_EXTRATLEITIMPL_210526_0335,train,llama32v,ilegivel,,ilegivel,,
PSP_EXTRATLEITIMPL_210526_0335_20000000006502979895_000.jpg,PSP_EXTRATLEITIMPL_210526_0335,train,llama32v,sem_medidor,,sem_medidor,,
PSP_EXTRATLEITIMPL_210526_0335_20000000006502985846_000.jpg,PSP_EXTRATLEITIMPL_210526_0335,train,llama32v,legivel,,legivel,12619,digitada_leiturista
PSP_EXTRATLEITIMPL_210526_0335_20000000006502987647_000.jpg,PSP_EXTRATLEITIMPL_210526_0335,train,llama32v,legivel,,legivel,84998,digitada_leiturista
PSP_EXTRATLEITIMPL_210526_0335_20000000006502990558_000.jpg,PSP_EXTRATLEITIMPL_210526_0335,train,llama32v,legivel,,legivel,44479,digitada_leiturista
PSP_EXTRATLEITIMPL_210526_0335_20000000006552971951_000.jpg,PSP_EXTRATLEITIMPL_210526_0335,train,llama32v,ilegivel,,ilegivel,,
PSP_EXTRATLEITIMPL_210526_0335_20000000006652975820_000.jpg,PSP_EXTRATLEITIMPL_210526_0335,train,llama32v,ilegivel,,ilegivel,,
PSP_EXTRATLEITIMPL_210526_0335_20000000006752980525_000.jpg,PSP_EXTRATLEITIMPL_210526_0335,train,llama32v,legivel,,legivel,189544,digitada_leiturista
PSP_EXTRATLEITIMPL_210526_0335_20000000006752985242_000.jpg,PSP_EXTRATLEITIMPL_210526_0335,train,llama32v,legivel,,legivel,4022,digitada_leiturista
PSP_EXTRATLEITIMPL_210526_0335_20000000006802984460_000.jpg,PSP_EXTRATLEITIMPL_210526_0335,train,llama32v,legivel,,legivel,59306,digitada_leiturista
PSP_EXTRATLEITIMPL_210526_0335_20000000006852984858_000.jpg,PSP_EXTRATLEITIMPL_210526_0335,train,llama32v,legivel,,legivel,69620,digitada_leiturista
PSP_EXTRATLEITIMPL_210526_0335_20000000006852995443_000.jpg,PSP_EXTRATLEITIMPL_210526_0335,train,llama32v,legivel,,legivel,2625,digitada_leiturista
PSP_EXTRATLEITIMPL_210526_0335_20000000006853001071_000.jpg,PSP_EXTRATLEITIMPL_210526_0335,train,llama32v,legivel,,legivel,15619,digitada_leiturista
PSP_EXTRATLEITIMPL_210526_0335_20000000006952972866_000.jpg,PSP_EXTRATLEITIMPL_210526_0335,train,llama32v,ilegivel,,ilegivel,,
PSP_EXTRATLEITIMPL_210526_0335_20000000006952976731_000.jpg,PSP_EXTRATLEITIMPL_210526_0335,train,llama32v,legivel,,legivel,22086,digitada_leiturista
PSP_EXTRATLEITIMPL_210526_0335_20000000006952981585_000.jpg,PSP_EXTRATLEITIMPL_210526_0335,train,llama32v,legivel,,legivel,66586,digitada_leiturista
PSP_EXTRATLEITIMPL_210526_0335_20000000006952989144_000.jpg,PSP_EXTRATLEITIMPL_210526_0335,train,llama32v,sem_medidor,,sem_medidor,,
PSP_EXTRATLEITIMPL_210526_0335_20000000007002981667_000.jpg,PSP_EXTRATLEITIMPL_210526_0335,train,llama32v,legivel,,legivel,977,digitada_leiturista
PSP_EXTRATLEITIMPL_210526_0335_20000000007052974889_000.jpg,PSP_EXTRATLEITIMPL_210526_0335,train,llama32v,legivel,,legivel,6439,digitada_leiturista
PSP_EXTRATLEITIMPL_210526_0335_20000000007052995002_000.jpg,PSP_EXTRATLEITIMPL_210526_0335,train,llama32v,ilegivel,,ilegivel,,
PSP_EXTRATLEITIMPL_210526_0335_20000000007102963867_000.jpg,PSP_EXTRATLEITIMPL_210526_0335,train,llama32v,sem_medidor,,sem_medidor,,
PSP_EXTRATLEITIMPL_210526_0335_20000000007152976787_000.jpg,PSP_EXTRATLEITIMPL_210526_0335,train,llama32v,legivel,,legivel,7594,digitada_leiturista
PSP_EXTRATLEITIMPL_210526_0335_20000000007152991009_000.jpg,PSP_EXTRATLEITIMPL_210526_0335,train,llama32v,legivel,,legivel,1315,digitada_leiturista
PSP_EXTRATLEITIMPL_210526_0335_20000000007252979759_000.jpg,PSP_EXTRATLEITIMPL_210526_0335,train,llama32v,ilegivel,,ilegivel,,
PSP_EXTRATLEITIMPL_210526_0335_20000000007252989208_000.jpg,PSP_EXTRATLEITIMPL_210526_0335,train,llama32v,legivel,,legivel,20708,digitada_leiturista
PSP_EXTRATLEITIMPL_210526_0335_20000000007302972596_000.jpg,PSP_EXTRATLEITIMPL_210526_0335,train,llama32v,sem_medidor,,sem_medidor,,
PSP_EXTRATLEITIMPL_210526_0335_20000000007302980241_000.jpg,PSP_EXTRATLEITIMPL_210526_0335,train,llama32v,legivel,,legivel,45191,digitada_leiturista
PSP_EXTRATLEITIMPL_210526_0335_20000000007352962969_000.jpg,PSP_EXTRATLEITIMPL_210526_0335,train,llama32v,legivel,,legivel,51102,digitada_leiturista
PSP_EXTRATLEITIMPL_210526_0335_20000000007352973761_000.jpg,PSP_EXTRATLEITIMPL_210526_0335,train,llama32v,ilegivel,,ilegivel,,
PSP_EXTRATLEITIMPL_210526_0335_20000000007352987237_000.jpg,PSP_EXTRATLEITIMPL_210526_0335,train,llama32v,legivel,,legivel,8545,digitada_leiturista
PSP_EXTRATLEITIMPL_210526_0335_20000000007352990003_000.jpg,PSP_EXTRATLEITIMPL_210526_0335,train,llama32v,legivel,,legivel,14008,digitada_leiturista
PSP_EXTRATLEITIMPL_210526_0335_20000000007402960861_000.jpg,PSP_EXTRATLEITIMPL_210526_0335,train,llama32v,legivel,,legivel,1276,digitada_leiturista
PSP_EXTRATLEITIMPL_210526_0335_20000000007402965903_000.jpg,PSP_EXTRATLEITIMPL_210526_0335,train,llama32v,legivel,,legivel,129111,digitada_leiturista
PSP_EXTRATLEITIMPL_210526_0335_20000000007402969768_000.jpg,PSP_EXTRATLEITIMPL_210526_0335,train,llama32v,legivel,,legivel,1176,digitada_leiturista
PSP_EXTRATLEITIMPL_210526_0335_20000000007502967749_000.jpg,PSP_EXTRATLEITIMPL_210526_0335,train,llama32v,legivel,,legivel,12114,digitada_leiturista
PSP_EXTRATLEITIMPL_210526_0335_20000000007602971607_000.jpg,PSP_EXTRATLEITIMPL_210526_0335,train,llama32v,sem_medidor,,sem_medidor,,
PSP_EXTRATLEITIMPL_210526_0335_20000000007602975533_000.jpg,PSP_EXTRATLEITIMPL_210526_0335,train,llama32v,ilegivel,,ilegivel,,
PSP_EXTRATLEITIMPL_210526_0335_20000000007652965793_000.jpg,PSP_EXTRATLEITIMPL_210526_0335,train,llama32v,legivel,,legivel,2705,digitada_leiturista
PSP_EXTRATLEITIMPL_210526_0335_20000000007652967741_000.jpg,PSP_EXTRATLEITIMPL_210526_0335,train,llama32v,ilegivel,,ilegivel,,
PSP_EXTRATLEITIMPL_210526_0335_20000000007652969621_000.jpg,PSP_EXTRATLEITIMPL_210526_0335,train,llama32v,ilegivel,,ilegivel,,
PSP_EXTRATLEITIMPL_210526_0335_20000000007652971590_000.jpg,PSP_EXTRATLEITIMPL_210526_0335,train,llama32v,sem_medidor,,sem_medidor,,
PSP_EXTRATLEITIMPL_210526_0335_20000000007702977797_000.jpg,PSP_EXTRATLEITIMPL_210526_0335,train,llama32v,ilegivel,,ilegivel,,
PSP_EXTRATLEITIMPL_210526_0335_20000000007752966943_000.jpg,PSP_EXTRATLEITIMPL_210526_0335,train,llama32v,ilegivel,,ilegivel,,
PSP_EXTRATLEITIMPL_210526_0335_20000000007752987170_000.jpg,PSP_EXTRATLEITIMPL_210526_0335,train,llama32v,legivel,,legivel,4024,digitada_leiturista
PSP_EXTRATLEITIMPL_210526_0335_20000000007802961902_000.jpg,PSP_EXTRATLEITIMPL_210526_0335,train,llama32v,ilegivel,,ilegivel,,
PSP_EXTRATLEITIMPL_210526_0335_20000000007802976743_000.jpg,PSP_EXTRATLEITIMPL_210526_0335,train,llama32v,ilegivel,,ilegivel,,
PSP_EXTRATLEITIMPL_210526_0335_20000000007802983426_000.jpg,PSP_EXTRATLEITIMPL_210526_0335,train,llama32v,legivel,,legivel,7076,digitada_leiturista
PSP_EXTRATLEITIMPL_210526_0335_20000000007852977597_000.jpg,PSP_EXTRATLEITIMPL_210526_0335,train,llama32v,legivel,,legivel,23671,digitada_leiturista
PSP_EXTRATLEITIMPL_210526_0335_20000000007852977604_000.jpg,PSP_EXTRATLEITIMPL_210526_0335,train,llama32v,legivel,,legivel,3301,digitada_leiturista
PSP_EXTRATLEITIMPL_210526_0335_20000000007902971742_000.jpg,PSP_EXTRATLEITIMPL_210526_0335,train,llama32v,legivel,,legivel,56431,digitada_leiturista
PSP_EXTRATLEITIMPL_210526_0335_20000000007952954968_000.jpg,PSP_EXTRATLEITIMPL_210526_0335,train,llama32v,legivel,,legivel,26500,digitada_leiturista
PSP_EXTRATLEITIMPL_210526_0335_20000000007952977524_000.jpg,PSP_EXTRATLEITIMPL_210526_0335,train,llama32v,legivel,,legivel,23310,digitada_leiturista
PSP_EXTRATLEITIMPL_210526_0335_20000000007952984039_000.jpg,PSP_EXTRATLEITIMPL_210526_0335,train,llama32v,sem_medidor,,sem_medidor,,
PSP_EXTRATLEITIMPL_210526_0335_20000000008002974270_001.jpg,PSP_EXTRATLEITIMPL_210526_0335,train,llama32v,legivel,,legivel,13342,digitada_leiturista
PSP_EXTRATLEITIMPL_210526_0335_20000000008052964749_000.jpg,PSP_EXTRATLEITIMPL_210526_0335,train,llama32v,legivel,,legivel,23263,digitada_leiturista
PSP_EXTRATLEITIMPL_210526_0335_20000000008052971541_000.jpg,PSP_EXTRATLEITIMPL_210526_0335,train,llama32v,ilegivel,,ilegivel,,
PSP_EXTRATLEITIMPL_210526_0335_20000000008102989272_000.jpg,PSP_EXTRATLEITIMPL_210526_0335,train,llama32v,legivel,,legivel,32465,digitada_leiturista
PSP_EXTRATLEITIMPL_210526_0335_20000000008252945990_000.jpg,PSP_EXTRATLEITIMPL_210526_0335,train,llama32v,sem_medidor,,sem_medidor,,
PSP_EXTRATLEITIMPL_210526_0335_20000000008302970847_000.jpg,PSP_EXTRATLEITIMPL_210526_0335,train,llama32v,legivel,,legivel,2803,digitada_leiturista
PSP_EXTRATLEITIMPL_210526_0335_20000000008302978493_000.jpg,PSP_EXTRATLEITIMPL_210526_0335,train,llama32v,legivel,,legivel,572,digitada_leiturista
PSP_EXTRATLEITIMPL_210526_0335_20000000008352973933_000.jpg,PSP_EXTRATLEITIMPL_210526_0335,train,llama32v,legivel,,legivel,99230,digitada_leiturista
PSP_EXTRATLEITIMPL_210526_0335_20000000008352982658_000.jpg,PSP_EXTRATLEITIMPL_210526_0335,train,llama32v,ilegivel,,ilegivel,,
PSP_EXTRATLEITIMPL_210526_0335_20000000008402960738_000.jpg,PSP_EXTRATLEITIMPL_210526_0335,train,llama32v,ilegivel,,ilegivel,,
PSP_EXTRATLEITIMPL_210526_0335_20000000008452945957_000.jpg,PSP_EXTRATLEITIMPL_210526_0335,train,llama32v,ilegivel,,ilegivel,,
PSP_EXTRATLEITIMPL_210526_0335_20000000008452975026_000.jpg,PSP_EXTRATLEITIMPL_210526_0335,train,llama32v,ilegivel,,ilegivel,,
PSP_EXTRATLEITIMPL_210526_0335_20000000008502946906_000.jpg,PSP_EXTRATLEITIMPL_210526_0335,train,llama32v,legivel,,legivel,47462,digitada_leiturista
PSP_EXTRATLEITIMPL_210526_0335_20000000008502959671_000.jpg,PSP_EXTRATLEITIMPL_210526_0335,train,llama32v,legivel,,legivel,32680,digitada_leiturista
PSP_EXTRATLEITIMPL_210526_0335_20000000008502968272_000.jpg,PSP_EXTRATLEITIMPL_210526_0335,train,llama32v,legivel,,legivel,8484,digitada_leiturista
PSP_EXTRATLEITIMPL_210526_0335_20000000008552971702_000.jpg,PSP_EXTRATLEITIMPL_210526_0335,train,llama32v,ilegivel,,ilegivel,,
PSP_EXTRATLEITIMPL_210526_0335_20000000008552978373_000.jpg,PSP_EXTRATLEITIMPL_210526_0335,train,llama32v,legivel,,legivel,8202,digitada_leiturista
PSP_EXTRATLEITIMPL_210526_0335_20000000008602987180_000.jpg,PSP_EXTRATLEITIMPL_210526_0335,train,llama32v,legivel,,legivel,22075,digitada_leiturista
PSP_EXTRATLEITIMPL_210526_0335_20000000008652978788_000.jpg,PSP_EXTRATLEITIMPL_210526_0335,train,llama32v,legivel,,legivel,3808,digitada_leiturista
PSP_EXTRATLEITIMPL_210526_0335_20000000008652988213_000.jpg,PSP_EXTRATLEITIMPL_210526_0335,train,llama32v,legivel,,legivel,8463,digitada_leiturista
PSP_EXTRATLEITIMPL_210526_0335_20000000008652993006_000.jpg,PSP_EXTRATLEITIMPL_210526_0335,train,llama32v,legivel,,legivel,5880,digitada_leiturista
PSP_EXTRATLEITIMPL_210526_0335_20000000008702965861_000.jpg,PSP_EXTRATLEITIMPL_210526_0335,train,llama32v,ilegivel,,ilegivel,,
PSP_EXTRATLEITIMPL_210526_0335_20000000008702975768_000.jpg,PSP_EXTRATLEITIMPL_210526_0335,train,llama32v,sem_medidor,,sem_medidor,,
PSP_EXTRATLEITIMPL_210526_0335_20000000008752953941_000.jpg,PSP_EXTRATLEITIMPL_210526_0335,train,llama32v,ilegivel,,ilegivel,,
PSP_EXTRATLEITIMPL_210526_0335_20000000008752960840_000.jpg,PSP_EXTRATLEITIMPL_210526_0335,train,llama32v,legivel,,legivel,23546,digitada_leiturista
PSP_EXTRATLEITIMPL_210526_0335_20000000008752965762_000.jpg,PSP_EXTRATLEITIMPL_210526_0335,train,llama32v,legivel,,legivel,8962,digitada_leiturista
PSP_EXTRATLEITIMPL_210526_0335_20000000008752971539_000.jpg,PSP_EXTRATLEITIMPL_210526_0335,train,llama32v,ilegivel,,ilegivel,,
PSP_EXTRATLEITIMPL_210526_0335_20000000008752974287_000.jpg,PSP_EXTRATLEITIMPL_210526_0335,train,llama32v,legivel,,legivel,900,digitada_leiturista
PSP_EXTRATLEITIMPL_210526_0335_20000000008802974472_000.jpg,PSP_EXTRATLEITIMPL_210526_0335,train,llama32v,sem_medidor,,sem_medidor,,
PSP_EXTRATLEITIMPL_210526_0335_20000000008852953981_000.jpg,PSP_EXTRATLEITIMPL_210526_0335,train,llama32v,ilegivel,,ilegivel,,
PSP_EXTRATLEITIMPL_210526_0335_20000000008852982136_000.jpg,PSP_EXTRATLEITIMPL_210526_0335,train,llama32v,legivel,,legivel,12258,digitada_leiturista
PSP_EXTRATLEITIMPL_210526_0335_20000000008952944991_000.jpg,PSP_EXTRATLEITIMPL_210526_0335,train,llama32v,legivel,,legivel,513451,digitada_leiturista
PSP_EXTRATLEITIMPL_210526_0335_20000000009002956928_000.jpg,PSP_EXTRATLEITIMPL_210526_0335,train,llama32v,ilegivel,,ilegivel,,
PSP_EXTRATLEITIMPL_210526_0335_20000000009052952870_000.jpg,PSP_EXTRATLEITIMPL_210526_0335,train,llama32v,legivel,,legivel,27832,digitada_leiturista
PSP_EXTRATLEITIMPL_210526_0335_20000000009052958849_000.jpg,PSP_EXTRATLEITIMPL_210526_0335,train,llama32v,legivel,,legivel,2485,digitada_leiturista
PSP_EXTRATLEITIMPL_210526_0335_20000000009052966553_000.jpg,PSP_EXTRATLEITIMPL_210526_0335,train,llama32v,legivel,,legivel,210,digitada_leiturista
PSP_EXTRATLEITIMPL_210526_0335_20000000009102947992_000.jpg,PSP_EXTRATLEITIMPL_210526_0335,train,llama32v,sem_medidor,,sem_medidor,,
PSP_EXTRATLEITIMPL_210526_0335_20000000009102963744_000.jpg,PSP_EXTRATLEITIMPL_210526_0335,train,llama32v,ilegivel,,ilegivel,,
PSP_EXTRATLEITIMPL_210526_0335_20000000009202969880_000.jpg,PSP_EXTRATLEITIMPL_210526_0335,train,llama32v,legivel,,legivel,25973,digitada_leiturista
PSP_EXTRATLEITIMPL_210526_0335_20000000009202985176_000.jpg,PSP_EXTRATLEITIMPL_210526_0335,train,llama32v,legivel,,legivel,27887,digitada_leiturista
PSP_EXTRATLEITIMPL_210526_0335_20000000009252954933_000.jpg,PSP_EXTRATLEITIMPL_210526_0335,train,llama32v,ilegivel,,ilegivel,,
PSP_EXTRATLEITIMPL_210526_0335_20000000009252978147_000.jpg,PSP_EXTRATLEITIMPL_210526_0335,train,llama32v,legivel,,legivel,7542,digitada_leiturista
PSP_EXTRATLEITIMPL_210526_0335_20000000009302963871_000.jpg,PSP_EXTRATLEITIMPL_210526_0335,train,llama32v,legivel,,legivel,21,digitada_leiturista
PSP_EXTRATLEITIMPL_210526_0335_20000000009352969851_000.jpg,PSP_EXTRATLEITIMPL_210526_0335,train,llama32v,legivel,,legivel,642,digitada_leiturista
PSP_EXTRATLEITIMPL_210526_0335_20000000009402941925_000.jpg,PSP_EXTRATLEITIMPL_210526_0335,train,llama32v,ilegivel,,ilegivel,,
PSP_EXTRATLEITIMPL_210526_0335_20000000009402943910_000.jpg,PSP_EXTRATLEITIMPL_210526_0335,train,llama32v,legivel,,legivel,99999,digitada_leiturista
PSP_EXTRATLEITIMPL_210526_0335_20000000009452965635_000.jpg,PSP_EXTRATLEITIMPL_210526_0335,train,llama32v,legivel,,legivel,1394,digitada_leiturista
PSP_EXTRATLEITIMPL_210526_0335_20000000009502964852_000.jpg,PSP_EXTRATLEITIMPL_210526_0335,train,llama32v,legivel,,legivel,2610,digitada_leiturista
PSP_EXTRATLEITIMPL_210526_0335_20000000009552948968_000.jpg,PSP_EXTRATLEITIMPL_210526_0335,train,llama32v,sem_medidor,,sem_medidor,,
PSP_EXTRATLEITIMPL_210526_0335_20000000009602971818_000.jpg,PSP_EXTRATLEITIMPL_210526_0335,train,llama32v,legivel,,legivel,4545,digitada_leiturista
PSP_EXTRATLEITIMPL_210526_0335_20000000009602985018_000.jpg,PSP_EXTRATLEITIMPL_210526_0335,train,llama32v,legivel,,legivel,23917,digitada_leiturista
PSP_EXTRATLEITIMPL_210526_0335_20000000009702970155_000.jpg,PSP_EXTRATLEITIMPL_210526_0335,train,llama32v,ilegivel,,ilegivel,,
PSP_EXTRATLEITIMPL_210526_0335_20000000009802946924_000.jpg,PSP_EXTRATLEITIMPL_210526_0335,train,llama32v,legivel,,legivel,94928,digitada_leiturista
PSP_EXTRATLEITIMPL_210526_0335_20000000009802954843_000.jpg,PSP_EXTRATLEITIMPL_210526_0335,train,llama32v,ilegivel,,ilegivel,,
PSP_EXTRATLEITIMPL_210526_0335_20000000009802960801_000.jpg,PSP_EXTRATLEITIMPL_210526_0335,train,llama32v,legivel,,legivel,92197,digitada_leiturista
PSP_EXTRATLEITIMPL_210526_0335_20000000009852978697_000.jpg,PSP_EXTRATLEITIMPL_210526_0335,train,llama32v,ilegivel,,ilegivel,,
PSP_EXTRATLEITIMPL_210526_0335_20000000009852983567_000.jpg,PSP_EXTRATLEITIMPL_210526_0335,train,llama32v,ilegivel,,ilegivel,,
PSP_EXTRATLEITIMPL_210526_0335_20000000009902964820_000.jpg,PSP_EXTRATLEITIMPL_210526_0335,train,llama32v,legivel,,legivel,0,digitada_leiturista
PSP_EXTRATLEITIMPL_210526_0335_20000000009902979367_000.jpg,PSP_EXTRATLEITIMPL_210526_0335,train,llama32v,legivel,,legivel,6026,digitada_leiturista
PSP_EXTRATLEITIMPL_210526_0335_20000000009952961558_000.jpg,PSP_EXTRATLEITIMPL_210526_0335,train,llama32v,legivel,,legivel,6438,digitada_leiturista
PSP_EXTRATLEITIMPL_210526_0335_20000000009952964400_000.jpg,PSP_EXTRATLEITIMPL_210526_0335,train,llama32v,legivel,,legivel,71958,digitada_leiturista
PSP_EXTRATLEITIMPL_210526_0335_20000000010002975655_000.jpg,PSP_EXTRATLEITIMPL_210526_0335,train,llama32v,legivel,,legivel,7905,digitada_leiturista
PSP_EXTRATLEITIMPL_210526_0335_20000000010052963923_000.jpg,PSP_EXTRATLEITIMPL_210526_0335,train,llama32v,legivel,,legivel,5425,digitada_leiturista
PSP_EXTRATLEITIMPL_210526_0335_20000000010052974881_000.jpg,PSP_EXTRATLEITIMPL_210526_0335,train,llama32v,sem_medidor,,sem_medidor,,
PSP_EXTRATLEITIMPL_210526_0335_20000000010052988247_000.jpg,PSP_EXTRATLEITIMPL_210526_0335,train,llama32v,ilegivel,,ilegivel,,
PSP_EXTRATLEITIMPL_210526_0335_20000000010102967584_000.jpg,PSP_EXTRATLEITIMPL_210526_0335,train,llama32v,legivel,,legivel,91047,digitada_leiturista
PSP_EXTRATLEITIMPL_210526_0335_20000000010202974532_000.jpg,PSP_EXTRATLEITIMPL_210526_0335,train,llama32v,ilegivel,,ilegivel,,
PSP_EXTRATLEITIMPL_210526_0335_20000000010252943943_000.jpg,PSP_EXTRATLEITIMPL_210526_0335,train,llama32v,legivel,,legivel,1151,digitada_leiturista
PSP_EXTRATLEITIMPL_210526_0335_20000000010252961536_000.jpg,PSP_EXTRATLEITIMPL_210526_0335,train,llama32v,ilegivel,,ilegivel,,
PSP_EXTRATLEITIMPL_210526_0335_20000000010302975577_000.jpg,PSP_EXTRATLEITIMPL_210526_0335,train,llama32v,legivel,,legivel,64091,digitada_leiturista
PSP_EXTRATLEITIMPL_210526_0335_20000000010352957972_000.jpg,PSP_EXTRATLEITIMPL_210526_0335,train,llama32v,sem_medidor,,sem_medidor,,
PSP_EXTRATLEITIMPL_210526_0335_20000000010352959930_000.jpg,PSP_EXTRATLEITIMPL_210526_0335,train,llama32v,legivel,,legivel,5957,digitada_leiturista
PSP_EXTRATLEITIMPL_210526_0335_20000000010452965642_000.jpg,PSP_EXTRATLEITIMPL_210526_0335,train,llama32v,ilegivel,,ilegivel,,
PSP_EXTRATLEITIMPL_210526_0335_20000000010452968531_000.jpg,PSP_EXTRATLEITIMPL_210526_0335,train,llama32v,legivel,,legivel,8831,digitada_leiturista
PSP_EXTRATLEITIMPL_210526_0335_20000000010452974151_000.jpg,PSP_EXTRATLEITIMPL_210526_0335,train,llama32v,legivel,,legivel,5943,digitada_leiturista
PSP_EXTRATLEITIMPL_210526_0335_20000000010552955915_000.jpg,PSP_EXTRATLEITIMPL_210526_0335,train,llama32v,sem_medidor,,sem_medidor,,
PSP_EXTRATLEITIMPL_210526_0335_20000000010552965815_000.jpg,PSP_EXTRATLEITIMPL_210526_0335,train,llama32v,ilegivel,,ilegivel,,
PSP_EXTRATLEITIMPL_210526_0335_20000000010552978310_000.jpg,PSP_EXTRATLEITIMPL_210526_0335,train,llama32v,sem_medidor,,sem_medidor,,
PSP_EXTRATLEITIMPL_210526_0335_20000000010602958825_000.jpg,PSP_EXTRATLEITIMPL_210526_0335,train,llama32v,ilegivel,,ilegivel,,
PSP_EXTRATLEITIMPL_210526_0335_20000000010602961748_000.jpg,PSP_EXTRATLEITIMPL_210526_0335,train,llama32v,legivel,,legivel,4080,digitada_leiturista
PSP_EXTRATLEITIMPL_210526_0335_20000000010602962764_000.jpg,PSP_EXTRATLEITIMPL_210526_0335,train,llama32v,legivel,,legivel,99999,digitada_leiturista
PSP_EXTRATLEITIMPL_210526_0335_20000000010752960878_000.jpg,PSP_EXTRATLEITIMPL_210526_0335,train,llama32v,legivel,,legivel,157088,digitada_leiturista
PSP_EXTRATLEITIMPL_210526_0335_20000000010752984163_000.jpg,PSP_EXTRATLEITIMPL_210526_0335,train,llama32v,ilegivel,,ilegivel,,
PSP_EXTRATLEITIMPL_210526_0335_20000000010852967497_000.jpg,PSP_EXTRATLEITIMPL_210526_0335,train,llama32v,sem_medidor,,sem_medidor,,
PSP_EXTRATLEITIMPL_210526_0335_20000000010852970378_000.jpg,PSP_EXTRATLEITIMPL_210526_0335,train,llama32v,ilegivel,,ilegivel,,
PSP_EXTRATLEITIMPL_210526_0335_20000000011052948926_000.jpg,PSP_EXTRATLEITIMPL_210526_0335,train,llama32v,legivel,,legivel,80939,digitada_leiturista
PSP_EXTRATLEITIMPL_210526_0335_20000000011052970522_000.jpg,PSP_EXTRATLEITIMPL_210526_0335,train,llama32v,legivel,,legivel,35290,digitada_leiturista
PSP_EXTRATLEITIMPL_210526_0335_20000000011102952917_000.jpg,PSP_EXTRATLEITIMPL_210526_0335,train,llama32v,legivel,,legivel,363958,digitada_leiturista
PSP_EXTRATLEITIMPL_210526_0335_20000000011102957826_000.jpg,PSP_EXTRATLEITIMPL_210526_0335,train,llama32v,ilegivel,,ilegivel,,
PSP_EXTRATLEITIMPL_210526_0335_20000000011152970583_000.jpg,PSP_EXTRATLEITIMPL_210526_0335,train,llama32v,legivel,,legivel,739,digitada_leiturista
PSP_EXTRATLEITIMPL_210526_0335_20000000011252967454_000.jpg,PSP_EXTRATLEITIMPL_210526_0335,train,llama32v,legivel,,legivel,9363,digitada_leiturista
PSP_EXTRATLEITIMPL_210526_0335_20000000011252973020_000.jpg,PSP_EXTRATLEITIMPL_210526_0335,train,llama32v,legivel,,legivel,47192,digitada_leiturista
PSP_EXTRATLEITIMPL_210526_0335_20000000011302967771_000.jpg,PSP_EXTRATLEITIMPL_210526_0335,train,llama32v,sem_medidor,,sem_medidor,,
PSP_EXTRATLEITIMPL_210526_0335_20000000011352944881_000.jpg,PSP_EXTRATLEITIMPL_210526_0335,train,llama32v,legivel,,legivel,4252,digitada_leiturista
PSP_EXTRATLEITIMPL_210526_0335_20000000011452951928_000.jpg,PSP_EXTRATLEITIMPL_210526_0335,train,llama32v,sem_medidor,,sem_medidor,,
PSP_EXTRATLEITIMPL_210526_0335_20000000011452961799_000.jpg,PSP_EXTRATLEITIMPL_210526_0335,train,llama32v,legivel,,legivel,14892,digitada_leiturista
PSP_EXTRATLEITIMPL_210526_0335_20000000011452967554_000.jpg,PSP_EXTRATLEITIMPL_210526_0335,train,llama32v,legivel,,legivel,98,digitada_leiturista
PSP_EXTRATLEITIMPL_210526_0335_20000000011502981186_000.jpg,PSP_EXTRATLEITIMPL_210526_0335,train,llama32v,ilegivel,,ilegivel,,
PSP_EXTRATLEITIMPL_210526_0335_20000000011552954892_000.jpg,PSP_EXTRATLEITIMPL_210526_0335,train,llama32v,legivel,,legivel,34247,digitada_leiturista
PSP_EXTRATLEITIMPL_210526_0335_20000000011552968781_000.jpg,PSP_EXTRATLEITIMPL_210526_0335,train,llama32v,sem_medidor,,sem_medidor,,
PSP_EXTRATLEITIMPL_210526_0335_20000000011602943977_000.jpg,PSP_EXTRATLEITIMPL_210526_0335,train,llama32v,ilegivel,,ilegivel,,
PSP_EXTRATLEITIMPL_210526_0335_20000000011602955883_000.jpg,PSP_EXTRATLEITIMPL_210526_0335,train,llama32v,legivel,,legivel,28746,digitada_leiturista
PSP_EXTRATLEITIMPL_210526_0335_20000000011602968236_000.jpg,PSP_EXTRATLEITIMPL_210526_0335,train,llama32v,ilegivel,,ilegivel,,
PSP_EXTRATLEITIMPL_210526_0335_20000000011602971002_000.jpg,PSP_EXTRATLEITIMPL_210526_0335,train,llama32v,ilegivel,,ilegivel,,
PSP_EXTRATLEITIMPL_210526_0335_20000000011652962939_000.jpg,PSP_EXTRATLEITIMPL_210526_0335,train,llama32v,ilegivel,,ilegivel,,
PSP_EXTRATLEITIMPL_210526_0335_20000000011652983010_000.jpg,PSP_EXTRATLEITIMPL_210526_0335,train,llama32v,ilegivel,,ilegivel,,
PSP_EXTRATLEITIMPL_210526_0335_20000000011702960900_000.jpg,PSP_EXTRATLEITIMPL_210526_0335,train,llama32v,legivel,,legivel,54,digitada_leiturista
PSP_EXTRATLEITIMPL_210526_0335_20000000011702962743_000.jpg,PSP_EXTRATLEITIMPL_210526_0335,train,llama32v,ilegivel,,ilegivel,,
PSP_EXTRATLEITIMPL_210526_0335_20000000011702969457_000.jpg,PSP_EXTRATLEITIMPL_210526_0335,train,llama32v,legivel,,legivel,11916,digitada_leiturista
PSP_EXTRATLEITIMPL_210526_0335_20000000011752961816_000.jpg,PSP_EXTRATLEITIMPL_210526_0335,train,llama32v,ilegivel,,ilegivel,,
PSP_EXTRATLEITIMPL_210526_0335_20000000011802981508_000.jpg,PSP_EXTRATLEITIMPL_210526_0335,train,llama32v,sem_medidor,,sem_medidor,,
PSP_EXTRATLEITIMPL_210526_0335_20000000011852966762_000.jpg,PSP_EXTRATLEITIMPL_210526_0335,train,llama32v,ilegivel,,ilegivel,,
PSP_EXTRATLEITIMPL_210526_0335_20000000011902951874_000.jpg,PSP_EXTRATLEITIMPL_210526_0335,train,llama32v,legivel,,legivel,13898,digitada_leiturista
PSP_EXTRATLEITIMPL_210526_0335_20000000011952951984_000.jpg,PSP_EXTRATLEITIMPL_210526_0335,train,llama32v,legivel,,legivel,4717,digitada_leiturista
PSP_EXTRATLEITIMPL_210526_0335_20000000011952960876_000.jpg,PSP_EXTRATLEITIMPL_210526_0335,train,llama32v,sem_medidor,,sem_medidor,,
PSP_EXTRATLEITIMPL_210526_0335_20000000011952964774_001.jpg,PSP_EXTRATLEITIMPL_210526_0335,train,llama32v,legivel,,legivel,0,digitada_leiturista
PSP_EXTRATLEITIMPL_210526_0335_20000000012052975650_000.jpg,PSP_EXTRATLEITIMPL_210526_0335,train,llama32v,legivel,,legivel,57882,digitada_leiturista
PSP_EXTRATLEITIMPL_210526_0335_20000000012052983155_000.jpg,PSP_EXTRATLEITIMPL_210526_0335,train,llama32v,legivel,,legivel,88,digitada_leiturista
PSP_EXTRATLEITIMPL_210526_0335_20000000012052985066_000.jpg,PSP_EXTRATLEITIMPL_210526_0335,train,llama32v,legivel,,legivel,5183,digitada_leiturista
PSP_EXTRATLEITIMPL_210526_0335_20000000012102958915_000.jpg,PSP_EXTRATLEITIMPL_210526_0335,train,llama32v,legivel,,legivel,6938,digitada_leiturista
PSP_EXTRATLEITIMPL_210526_0335_20000000012102968850_000.jpg,PSP_EXTRATLEITIMPL_210526_0335,train,llama32v,ilegivel,,ilegivel,,
PSP_EXTRATLEITIMPL_210526_0335_20000000012102970845_000.jpg,PSP_EXTRATLEITIMPL_210526_0335,train,llama32v,legivel,,legivel,47099,digitada_leiturista
PSP_EXTRATLEITIMPL_210526_0335_20000000012102976612_000.jpg,PSP_EXTRATLEITIMPL_210526_0335,train,llama32v,ilegivel,,ilegivel,,
PSP_EXTRATLEITIMPL_210526_0335_20000000012152954885_000.jpg,PSP_EXTRATLEITIMPL_210526_0335,train,llama32v,legivel,,legivel,41725,digitada_leiturista
PSP_EXTRATLEITIMPL_210526_0335_20000000012202952985_000.jpg,PSP_EXTRATLEITIMPL_210526_0335,train,llama32v,legivel,,legivel,12289,digitada_leiturista
PSP_EXTRATLEITIMPL_210526_0335_20000000012202963862_000.jpg,PSP_EXTRATLEITIMPL_210526_0335,train,llama32v,legivel,,legivel,0,digitada_leiturista
PSP_EXTRATLEITIMPL_210526_0335_20000000012252966773_000.jpg,PSP_EXTRATLEITIMPL_210526_0335,train,llama32v,legivel,,legivel,46869,digitada_leiturista
PSP_EXTRATLEITIMPL_210526_0335_20000000012302957968_000.jpg,PSP_EXTRATLEITIMPL_210526_0335,train,llama32v,legivel,,legivel,1490,digitada_leiturista
PSP_EXTRATLEITIMPL_210526_0335_20000000012302984392_000.jpg,PSP_EXTRATLEITIMPL_210526_0335,train,llama32v,ilegivel,,ilegivel,,
PSP_EXTRATLEITIMPL_210526_0335_20000000012352945944_000.jpg,PSP_EXTRATLEITIMPL_210526_0335,train,llama32v,ilegivel,,ilegivel,,
PSP_EXTRATLEITIMPL_210526_0335_20000000012352959716_000.jpg,PSP_EXTRATLEITIMPL_210526_0335,train,llama32v,sem_medidor,,sem_medidor,,
PSP_EXTRATLEITIMPL_210526_0335_20000000012402961779_000.jpg,PSP_EXTRATLEITIMPL_210526_0335,train,llama32v,ilegivel,,ilegivel,,
PSP_EXTRATLEITIMPL_210526_0335_20000000012452958770_000.jpg,PSP_EXTRATLEITIMPL_210526_0335,train,llama32v,ilegivel,,ilegivel,,
PSP_EXTRATLEITIMPL_210526_0335_20000000012452968285_000.jpg,PSP_EXTRATLEITIMPL_210526_0335,train,llama32v,ilegivel,,ilegivel,,
PSP_EXTRATLEITIMPL_210526_0335_20000000012452971076_000.jpg,PSP_EXTRATLEITIMPL_210526_0335,train,llama32v,ilegivel,,ilegivel,,
PSP_EXTRATLEITIMPL_210526_0335_20000000012502968911_000.jpg,PSP_EXTRATLEITIMPL_210526_0335,train,llama32v,ilegivel,,ilegivel,,
PSP_EXTRATLEITIMPL_210526_0335_20000000012552950953_001.jpg,PSP_EXTRATLEITIMPL_210526_0335,train,llama32v,legivel,,legivel,16134,digitada_leiturista
PSP_EXTRATLEITIMPL_210526_0335_20000000012602972768_000.jpg,PSP_EXTRATLEITIMPL_210526_0335,train,llama32v,ilegivel,,ilegivel,,
PSP_EXTRATLEITIMPL_210526_0335_20000000012602977498_000.jpg,PSP_EXTRATLEITIMPL_210526_0335,train,llama32v,legivel,,legivel,2583,digitada_leiturista
PSP_EXTRATLEITIMPL_210526_0335_20000000012602979380_000.jpg,PSP_EXTRATLEITIMPL_210526_0335,train,llama32v,legivel,,legivel,14327,digitada_leiturista
PSP_EXTRATLEITIMPL_210526_0335_20000000012602980355_000.jpg,PSP_EXTRATLEITIMPL_210526_0335,train,llama32v,ilegivel,,ilegivel,,
PSP_EXTRATLEITIMPL_210526_0335_20000000012702970675_000.jpg,PSP_EXTRATLEITIMPL_210526_0335,train,llama32v,legivel,,legivel,72852,digitada_leiturista
PSP_EXTRATLEITIMPL_210526_0335_20000000012752942960_000.jpg,PSP_EXTRATLEITIMPL_210526_0335,train,llama32v,ilegivel,,ilegivel,,
PSP_EXTRATLEITIMPL_210526_0335_20000000012802965851_000.jpg,PSP_EXTRATLEITIMPL_210526_0335,train,llama32v,legivel,,legivel,67012,digitada_leiturista
PSP_EXTRATLEITIMPL_210526_0335_20000000012802981159_000.jpg,PSP_EXTRATLEITIMPL_210526_0335,train,llama32v,ilegivel,,ilegivel,,
PSP_EXTRATLEITIMPL_210526_0335_20000000012902966674_000.jpg,PSP_EXTRATLEITIMPL_210526_0335,train,llama32v,ilegivel,,ilegivel,,
PSP_EXTRATLEITIMPL_210526_0335_20000000012952957661_000.jpg,PSP_EXTRATLEITIMPL_210526_0335,train,llama32v,sem_medidor,,sem_medidor,,
PSP_EXTRATLEITIMPL_210526_0335_20000000012952967204_000.jpg,PSP_EXTRATLEITIMPL_210526_0335,train,llama32v,legivel,,legivel,160034,digitada_leiturista
PSP_EXTRATLEITIMPL_210526_0335_20000000013052959850_000.jpg,PSP_EXTRATLEITIMPL_210526_0335,train,llama32v,legivel,,legivel,6873,digitada_leiturista
PSP_EXTRATLEITIMPL_210526_0335_20000000013052969548_000.jpg,PSP_EXTRATLEITIMPL_210526_0335,train,llama32v,legivel,,legivel,13803,digitada_leiturista
PSP_EXTRATLEITIMPL_210526_0335_20000000013052976146_000.jpg,PSP_EXTRATLEITIMPL_210526_0335,train,llama32v,ilegivel,,ilegivel,,
PSP_EXTRATLEITIMPL_210526_0335_20000000013102963903_000.jpg,PSP_EXTRATLEITIMPL_210526_0335,train,llama32v,ilegivel,,ilegivel,,
PSP_EXTRATLEITIMPL_210526_0335_20000000013102969913_000.jpg,PSP_EXTRATLEITIMPL_210526_0335,train,llama32v,ilegivel,,ilegivel,,
PSP_EXTRATLEITIMPL_210526_0335_20000000013102985096_000.jpg,PSP_EXTRATLEITIMPL_210526_0335,train,llama32v,legivel,,legivel,49814,digitada_leiturista
PSP_EXTRATLEITIMPL_210526_0335_20000000013152965830_000.jpg,PSP_EXTRATLEITIMPL_210526_0335,train,llama32v,ilegivel,,ilegivel,,
PSP_EXTRATLEITIMPL_210526_0335_20000000013202975353_000.jpg,PSP_EXTRATLEITIMPL_210526_0335,train,llama32v,legivel,,legivel,45149,digitada_leiturista
PSP_EXTRATLEITIMPL_210526_0335_20000000013252969279_000.jpg,PSP_EXTRATLEITIMPL_210526_0335,train,llama32v,legivel,,legivel,3513,digitada_leiturista
PSP_EXTRATLEITIMPL_210526_0335_20000000013252972075_000.jpg,PSP_EXTRATLEITIMPL_210526_0335,train,llama32v,legivel,,legivel,1049,digitada_leiturista
PSP_EXTRATLEITIMPL_210526_0335_20000000013302965761_000.jpg,PSP_EXTRATLEITIMPL_210526_0335,train,llama32v,legivel,,legivel,4722,digitada_leiturista
PSP_EXTRATLEITIMPL_210526_0335_20000000013302974344_000.jpg,PSP_EXTRATLEITIMPL_210526_0335,train,llama32v,sem_medidor,,sem_medidor,,
PSP_EXTRATLEITIMPL_210526_0335_20000000013352972362_000.jpg,PSP_EXTRATLEITIMPL_210526_0335,train,llama32v,sem_medidor,,sem_medidor,,
PSP_EXTRATLEITIMPL_210526_0335_20000000013402966955_000.jpg,PSP_EXTRATLEITIMPL_210526_0335,train,llama32v,legivel,,legivel,4252,digitada_leiturista
PSP_EXTRATLEITIMPL_210526_0335_20000000013452968862_000.jpg,PSP_EXTRATLEITIMPL_210526_0335,train,llama32v,ilegivel,,ilegivel,,
PSP_EXTRATLEITIMPL_210526_0335_20000000013452978398_000.jpg,PSP_EXTRATLEITIMPL_210526_0335,train,llama32v,sem_medidor,,sem_medidor,,
PSP_EXTRATLEITIMPL_210526_0335_20000000013502968715_000.jpg,PSP_EXTRATLEITIMPL_210526_0335,train,llama32v,legivel,,legivel,1074,digitada_leiturista
PSP_EXTRATLEITIMPL_210526_0335_20000000013552963748_000.jpg,PSP_EXTRATLEITIMPL_210526_0335,train,llama32v,legivel,,legivel,59543,digitada_leiturista
PSP_EXTRATLEITIMPL_210526_0335_20000000013552963761_000.jpg,PSP_EXTRATLEITIMPL_210526_0335,train,llama32v,legivel,,legivel,18,digitada_leiturista
PSP_EXTRATLEITIMPL_210526_0335_20000000013552973273_000.jpg,PSP_EXTRATLEITIMPL_210526_0335,train,llama32v,legivel,,legivel,48726,digitada_leiturista
PSP_EXTRATLEITIMPL_210526_0335_20000000013702953901_000.jpg,PSP_EXTRATLEITIMPL_210526_0335,train,llama32v,sem_medidor,,sem_medidor,,
PSP_EXTRATLEITIMPL_210526_0335_20000000013702962858_000.jpg,PSP_EXTRATLEITIMPL_210526_0335,train,llama32v,legivel,,legivel,21056,digitada_leiturista
PSP_EXTRATLEITIMPL_210526_0335_20000000013702972403_000.jpg,PSP_EXTRATLEITIMPL_210526_0335,train,llama32v,sem_medidor,,sem_medidor,,
PSP_EXTRATLEITIMPL_210526_0335_20000000013702975254_000.jpg,PSP_EXTRATLEITIMPL_210526_0335,train,llama32v,legivel,,legivel,32014,digitada_leiturista
PSP_EXTRATLEITIMPL_210526_0335_20000000013702975262_000.jpg,PSP_EXTRATLEITIMPL_210526_0335,train,llama32v,legivel,,legivel,354836,digitada_leiturista
PSP_EXTRATLEITIMPL_210526_0335_20000000013752958854_000.jpg,PSP_EXTRATLEITIMPL_210526_0335,train,llama32v,legivel,,legivel,3424,digitada_leiturista
PSP_EXTRATLEITIMPL_210526_0335_20000000013752980010_000.jpg,PSP_EXTRATLEITIMPL_210526_0335,train,llama32v,ilegivel,,ilegivel,,
PSP_EXTRATLEITIMPL_210526_0335_20000000013852970742_000.jpg,PSP_EXTRATLEITIMPL_210526_0335,train,llama32v,legivel,,legivel,79771,digitada_leiturista
PSP_EXTRATLEITIMPL_210526_0335_20000000013852982177_000.jpg,PSP_EXTRATLEITIMPL_210526_0335,train,llama32v,legivel,,legivel,5559,digitada_leiturista
PSP_EXTRATLEITIMPL_210526_0335_20000000013902978327_000.jpg,PSP_EXTRATLEITIMPL_210526_0335,train,llama32v,legivel,,legivel,25689,digitada_leiturista
PSP_EXTRATLEITIMPL_210526_0335_20000000013952946931_000.jpg,PSP_EXTRATLEITIMPL_210526_0335,train,llama32v,ilegivel,,ilegivel,,
PSP_EXTRATLEITIMPL_210526_0335_20000000013952959753_000.jpg,PSP_EXTRATLEITIMPL_210526_0335,train,llama32v,legivel,,legivel,2341,digitada_leiturista
PSP_EXTRATLEITIMPL_210526_0335_20000000014052974730_000.jpg,PSP_EXTRATLEITIMPL_210526_0335,train,llama32v,legivel,,legivel,49508,digitada_leiturista
PSP_EXTRATLEITIMPL_210526_0335_20000000014052982251_000.jpg,PSP_EXTRATLEITIMPL_210526_0335,train,llama32v,ilegivel,,ilegivel,,
PSP_EXTRATLEITIMPL_210526_0335_20000000014202970066_000.jpg,PSP_EXTRATLEITIMPL_210526_0335,train,llama32v,legivel,,legivel,84801,digitada_leiturista
PSP_EXTRATLEITIMPL_210526_0335_20000000014202971018_000.jpg,PSP_EXTRATLEITIMPL_210526_0335,train,llama32v,legivel,,legivel,26706,digitada_leiturista
PSP_EXTRATLEITIMPL_210526_0335_20000000014252966485_000.jpg,PSP_EXTRATLEITIMPL_210526_0335,train,llama32v,ilegivel,,ilegivel,,
PSP_EXTRATLEITIMPL_210526_0335_20000000014302957894_000.jpg,PSP_EXTRATLEITIMPL_210526_0335,train,llama32v,legivel,,legivel,41897,digitada_leiturista
PSP_EXTRATLEITIMPL_210526_0335_20000000014302973418_000.jpg,PSP_EXTRATLEITIMPL_210526_0335,train,llama32v,legivel,,legivel,11562,digitada_leiturista
PSP_EXTRATLEITIMPL_210526_0335_20000000014352945844_000.jpg,PSP_EXTRATLEITIMPL_210526_0335,train,llama32v,legivel,,legivel,17299,digitada_leiturista
PSP_EXTRATLEITIMPL_210526_0335_20000000014402953894_000.jpg,PSP_EXTRATLEITIMPL_210526_0335,train,llama32v,legivel,,legivel,585,digitada_leiturista
PSP_EXTRATLEITIMPL_210526_0335_20000000014402971287_000.jpg,PSP_EXTRATLEITIMPL_210526_0335,train,llama32v,legivel,,legivel,30,digitada_leiturista
PSP_EXTRATLEITIMPL_210526_0335_20000000014402974018_000.jpg,PSP_EXTRATLEITIMPL_210526_0335,train,llama32v,ilegivel,,ilegivel,,
PSP_EXTRATLEITIMPL_210526_0335_20000000014452958841_000.jpg,PSP_EXTRATLEITIMPL_210526_0335,train,llama32v,legivel,,legivel,101878,digitada_leiturista
PSP_EXTRATLEITIMPL_210526_0335_20000000014452965565_000.jpg,PSP_EXTRATLEITIMPL_210526_0335,train,llama32v,ilegivel,,ilegivel,,
PSP_EXTRATLEITIMPL_210526_0335_20000000014452970282_000.jpg,PSP_EXTRATLEITIMPL_210526_0335,train,llama32v,ilegivel,,ilegivel,,
PSP_EXTRATLEITIMPL_210526_0335_20000000014552952938_000.jpg,PSP_EXTRATLEITIMPL_210526_0335,train,llama32v,ilegivel,,ilegivel,,
PSP_EXTRATLEITIMPL_210526_0335_20000000014552978277_000.jpg,PSP_EXTRATLEITIMPL_210526_0335,train,llama32v,sem_medidor,,sem_medidor,,
PSP_EXTRATLEITIMPL_210526_0335_20000000014602964937_000.jpg,PSP_EXTRATLEITIMPL_210526_0335,train,llama32v,legivel,,legivel,14384,digitada_leiturista
PSP_EXTRATLEITIMPL_210526_0335_20000000014602980576_000.jpg,PSP_EXTRATLEITIMPL_210526_0335,train,llama32v,legivel,,legivel,36021,digitada_leiturista
PSP_EXTRATLEITIMPL_210526_0335_20000000014602989056_000.jpg,PSP_EXTRATLEITIMPL_210526_0335,train,llama32v,sem_medidor,,sem_medidor,,
PSP_EXTRATLEITIMPL_210526_0335_20000000014652955973_000.jpg,PSP_EXTRATLEITIMPL_210526_0335,train,llama32v,ilegivel,,ilegivel,,
PSP_EXTRATLEITIMPL_210526_0335_20000000014652964882_000.jpg,PSP_EXTRATLEITIMPL_210526_0335,train,llama32v,legivel,,legivel,7201,digitada_leiturista
PSP_EXTRATLEITIMPL_210526_0335_20000000014702974252_000.jpg,PSP_EXTRATLEITIMPL_210526_0335,train,llama32v,ilegivel,,ilegivel,,
PSP_EXTRATLEITIMPL_210526_0335_20000000014752960732_000.jpg,PSP_EXTRATLEITIMPL_210526_0335,train,llama32v,ilegivel,,ilegivel,,
PSP_EXTRATLEITIMPL_210526_0335_20000000014802959987_000.jpg,PSP_EXTRATLEITIMPL_210526_0335,train,llama32v,sem_medidor,,sem_medidor,,
PSP_EXTRATLEITIMPL_210526_0335_20000000014802973708_000.jpg,PSP_EXTRATLEITIMPL_210526_0335,train,llama32v,ilegivel,,ilegivel,,
PSP_EXTRATLEITIMPL_210526_0335_20000000014852962770_000.jpg,PSP_EXTRATLEITIMPL_210526_0335,train,llama32v,legivel,,legivel,172670,digitada_leiturista
PSP_EXTRATLEITIMPL_210526_0335_20000000014852971274_000.jpg,PSP_EXTRATLEITIMPL_210526_0335,train,llama32v,ilegivel,,ilegivel,,
PSP_EXTRATLEITIMPL_210526_0335_20000000014902965737_000.jpg,PSP_EXTRATLEITIMPL_210526_0335,train,llama32v,ilegivel,,ilegivel,,
PSP_EXTRATLEITIMPL_210526_0335_20000000014902970563_000.jpg,PSP_EXTRATLEITIMPL_210526_0335,train,llama32v,ilegivel,,ilegivel,,
PSP_EXTRATLEITIMPL_210526_0335_20000000015002968316_000.jpg,PSP_EXTRATLEITIMPL_210526_0335,train,llama32v,legivel,,legivel,295,digitada_leiturista
PSP_EXTRATLEITIMPL_210526_0335_20000000015052960562_000.jpg,PSP_EXTRATLEITIMPL_210526_0335,train,llama32v,legivel,,legivel,18581,digitada_leiturista
PSP_EXTRATLEITIMPL_210526_0335_20000000015052965365_000.jpg,PSP_EXTRATLEITIMPL_210526_0335,train,llama32v,ilegivel,,ilegivel,,
PSP_EXTRATLEITIMPL_210526_0335_20000000015152961964_000.jpg,PSP_EXTRATLEITIMPL_210526_0335,train,llama32v,legivel,,legivel,1832,digitada_leiturista
PSP_EXTRATLEITIMPL_210526_0335_20000000015152983396_000.jpg,PSP_EXTRATLEITIMPL_210526_0335,train,llama32v,legivel,,legivel,35566,digitada_leiturista
PSP_EXTRATLEITIMPL_210526_0335_20000000015202975614_000.jpg,PSP_EXTRATLEITIMPL_210526_0335,train,llama32v,legivel,,legivel,4967,digitada_leiturista
PSP_EXTRATLEITIMPL_210526_0335_20000000015302974850_000.jpg,PSP_EXTRATLEITIMPL_210526_0335,train,llama32v,legivel,,legivel,97047,digitada_leiturista
PSP_EXTRATLEITIMPL_210526_0335_20000000015302982875_000.jpg,PSP_EXTRATLEITIMPL_210526_0335,train,llama32v,legivel,,legivel,24482,digitada_leiturista
PSP_EXTRATLEITIMPL_210526_0335_20000000015302984812_000.jpg,PSP_EXTRATLEITIMPL_210526_0335,train,llama32v,legivel,,legivel,5936,digitada_leiturista
PSP_EXTRATLEITIMPL_210526_0335_20000000015352974758_000.jpg,PSP_EXTRATLEITIMPL_210526_0335,train,llama32v,legivel,,legivel,12286,digitada_leiturista
PSP_EXTRATLEITIMPL_210526_0335_20000000015452950931_000.jpg,PSP_EXTRATLEITIMPL_210526_0335,train,llama32v,legivel,,legivel,78133,digitada_leiturista
PSP_EXTRATLEITIMPL_210526_0335_20000000015452963744_000.jpg,PSP_EXTRATLEITIMPL_210526_0335,train,llama32v,legivel,,legivel,409,digitada_leiturista
PSP_EXTRATLEITIMPL_210526_0335_20000000015452972353_000.jpg,PSP_EXTRATLEITIMPL_210526_0335,train,llama32v,ilegivel,,ilegivel,,
PSP_EXTRATLEITIMPL_210526_0335_20000000015502959895_000.jpg,PSP_EXTRATLEITIMPL_210526_0335,train,llama32v,legivel,,legivel,1980,digitada_leiturista
PSP_EXTRATLEITIMPL_210526_0335_20000000015502960848_000.jpg,PSP_EXTRATLEITIMPL_210526_0335,train,llama32v,legivel,,legivel,6522,digitada_leiturista
PSP_EXTRATLEITIMPL_210526_0335_20000000015552949860_000.jpg,PSP_EXTRATLEITIMPL_210526_0335,train,llama32v,legivel,,legivel,6512,digitada_leiturista
PSP_EXTRATLEITIMPL_210526_0335_20000000015552968054_000.jpg,PSP_EXTRATLEITIMPL_210526_0335,train,llama32v,legivel,,legivel,34761,digitada_leiturista
PSP_EXTRATLEITIMPL_210526_0335_20000000015602955948_000.jpg,PSP_EXTRATLEITIMPL_210526_0335,train,llama32v,ilegivel,,ilegivel,,
PSP_EXTRATLEITIMPL_210526_0335_20000000015602966843_000.jpg,PSP_EXTRATLEITIMPL_210526_0335,train,llama32v,legivel,,legivel,22736,digitada_leiturista
PSP_EXTRATLEITIMPL_210526_0335_20000000015652964648_000.jpg,PSP_EXTRATLEITIMPL_210526_0335,train,llama32v,legivel,,legivel,136977,digitada_leiturista
PSP_EXTRATLEITIMPL_210526_0335_20000000015702963603_000.jpg,PSP_EXTRATLEITIMPL_210526_0335,train,llama32v,sem_medidor,,sem_medidor,,
PSP_EXTRATLEITIMPL_210526_0335_20000000015702971304_000.jpg,PSP_EXTRATLEITIMPL_210526_0335,train,llama32v,ilegivel,,ilegivel,,
PSP_EXTRATLEITIMPL_210526_0335_20000000015752947981_000.jpg,PSP_EXTRATLEITIMPL_210526_0335,train,llama32v,legivel,,legivel,72194,digitada_leiturista
PSP_EXTRATLEITIMPL_210526_0335_20000000015752966618_000.jpg,PSP_EXTRATLEITIMPL_210526_0335,train,llama32v,legivel,,legivel,12006,digitada_leiturista
PSP_EXTRATLEITIMPL_210526_0335_20000000015852972294_000.jpg,PSP_EXTRATLEITIMPL_210526_0335,train,llama32v,legivel,,legivel,28576,digitada_leiturista
PSP_EXTRATLEITIMPL_210526_0335_20000000015852973289_000.jpg,PSP_EXTRATLEITIMPL_210526_0335,train,llama32v,ilegivel,,ilegivel,,
PSP_EXTRATLEITIMPL_210526_0335_20000000015902973779_000.jpg,PSP_EXTRATLEITIMPL_210526_0335,train,llama32v,ilegivel,,ilegivel,,
PSP_EXTRATLEITIMPL_210526_0335_20000000015902985253_000.jpg,PSP_EXTRATLEITIMPL_210526_0335,train,llama32v,ilegivel,,ilegivel,,
PSP_EXTRATLEITIMPL_210526_0335_20000000015902988014_000.jpg,PSP_EXTRATLEITIMPL_210526_0335,train,llama32v,legivel,,legivel,37285,digitada_leiturista
PSP_EXTRATLEITIMPL_210526_0335_20000000015952945949_000.jpg,PSP_EXTRATLEITIMPL_210526_0335,train,llama32v,legivel,,legivel,29645,digitada_leiturista
PSP_EXTRATLEITIMPL_210526_0335_20000000016002943981_000.jpg,PSP_EXTRATLEITIMPL_210526_0335,train,llama32v,ilegivel,,ilegivel,,
PSP_EXTRATLEITIMPL_210526_0335_20000000016002950912_000.jpg,PSP_EXTRATLEITIMPL_210526_0335,train,llama32v,legivel,,legivel,936,digitada_leiturista
PSP_EXTRATLEITIMPL_210526_0335_20000000016052967870_000.jpg,PSP_EXTRATLEITIMPL_210526_0335,train,llama32v,legivel,,legivel,12016,digitada_leiturista
PSP_EXTRATLEITIMPL_210526_0335_20000000016102951794_000.jpg,PSP_EXTRATLEITIMPL_210526_0335,train,llama32v,legivel,,legivel,62816,digitada_leiturista
PSP_EXTRATLEITIMPL_210526_0335_20000000016152967578_000.jpg,PSP_EXTRATLEITIMPL_210526_0335,train,llama32v,legivel,,legivel,6701,digitada_leiturista
PSP_EXTRATLEITIMPL_210526_0335_20000000016202974079_000.jpg,PSP_EXTRATLEITIMPL_210526_0335,train,llama32v,ilegivel,,ilegivel,,
PSP_EXTRATLEITIMPL_210526_0335_20000000016252962766_000.jpg,PSP_EXTRATLEITIMPL_210526_0335,train,llama32v,legivel,,legivel,28351,digitada_leiturista
PSP_EXTRATLEITIMPL_210526_0335_20000000016252969594_000.jpg,PSP_EXTRATLEITIMPL_210526_0335,train,llama32v,legivel,,legivel,54,digitada_leiturista
PSP_EXTRATLEITIMPL_210526_0335_20000000016252976139_000.jpg,PSP_EXTRATLEITIMPL_210526_0335,train,llama32v,ilegivel,,ilegivel,,
PSP_EXTRATLEITIMPL_210526_0335_20000000016252976143_000.jpg,PSP_EXTRATLEITIMPL_210526_0335,train,llama32v,legivel,,legivel,20228,digitada_leiturista
PSP_EXTRATLEITIMPL_210526_0335_20000000016302953981_000.jpg,PSP_EXTRATLEITIMPL_210526_0335,train,llama32v,sem_medidor,,sem_medidor,,
PSP_EXTRATLEITIMPL_210526_0335_20000000016302958915_000.jpg,PSP_EXTRATLEITIMPL_210526_0335,train,llama32v,legivel,,legivel,5532,digitada_leiturista
PSP_EXTRATLEITIMPL_210526_0335_20000000016352973512_000.jpg,PSP_EXTRATLEITIMPL_210526_0335,train,llama32v,legivel,,legivel,176498,digitada_leiturista
PSP_EXTRATLEITIMPL_210526_0335_20000000016402951963_000.jpg,PSP_EXTRATLEITIMPL_210526_0335,train,llama32v,sem_medidor,,sem_medidor,,
PSP_EXTRATLEITIMPL_210526_0335_20000000016402957905_000.jpg,PSP_EXTRATLEITIMPL_210526_0335,train,llama32v,legivel,,legivel,25700,digitada_leiturista
PSP_EXTRATLEITIMPL_210526_0335_20000000016402975144_000.jpg,PSP_EXTRATLEITIMPL_210526_0335,train,llama32v,legivel,,legivel,14318,digitada_leiturista
PSP_EXTRATLEITIMPL_210526_0335_20000000016402976041_000.jpg,PSP_EXTRATLEITIMPL_210526_0335,train,llama32v,legivel,,legivel,126,digitada_leiturista
PSP_EXTRATLEITIMPL_210526_0335_20000000016452962918_000.jpg,PSP_EXTRATLEITIMPL_210526_0335,train,llama32v,legivel,,legivel,93011,digitada_leiturista
PSP_EXTRATLEITIMPL_210526_0335_20000000016452974798_000.jpg,PSP_EXTRATLEITIMPL_210526_0335,train,llama32v,legivel,,legivel,3682,digitada_leiturista
PSP_EXTRATLEITIMPL_210526_0335_20000000016502957817_000.jpg,PSP_EXTRATLEITIMPL_210526_0335,train,llama32v,legivel,,legivel,40121,digitada_leiturista
PSP_EXTRATLEITIMPL_210526_0335_20000000016502968369_000.jpg,PSP_EXTRATLEITIMPL_210526_0335,train,llama32v,legivel,,legivel,0,digitada_leiturista
PSP_EXTRATLEITIMPL_210526_0335_20000000016552969665_000.jpg,PSP_EXTRATLEITIMPL_210526_0335,train,llama32v,legivel,,legivel,59172,digitada_leiturista
PSP_EXTRATLEITIMPL_210526_0335_20000000016552970624_000.jpg,PSP_EXTRATLEITIMPL_210526_0335,train,llama32v,legivel,,legivel,33270,digitada_leiturista
PSP_EXTRATLEITIMPL_210526_0335_20000000016602978972_000.jpg,PSP_EXTRATLEITIMPL_210526_0335,train,llama32v,legivel,,legivel,19365,digitada_leiturista
PSP_EXTRATLEITIMPL_210526_0335_20000000016602989846_000.jpg,PSP_EXTRATLEITIMPL_210526_0335,train,llama32v,legivel,,legivel,8015,digitada_leiturista
PSP_EXTRATLEITIMPL_210526_0335_20000000016652989615_000.jpg,PSP_EXTRATLEITIMPL_210526_0335,train,llama32v,legivel,,legivel,99999,digitada_leiturista
PSP_EXTRATLEITIMPL_210526_0335_20000000016652993368_000.jpg,PSP_EXTRATLEITIMPL_210526_0335,train,llama32v,ilegivel,,ilegivel,,
PSP_EXTRATLEITIMPL_210526_0335_20000000016652993391_000.jpg,PSP_EXTRATLEITIMPL_210526_0335,train,llama32v,ilegivel,,ilegivel,,
PSP_EXTRATLEITIMPL_210526_0335_20000000016653001060_000.jpg,PSP_EXTRATLEITIMPL_210526_0335,train,llama32v,legivel,,legivel,5053,digitada_leiturista
PSP_EXTRATLEITIMPL_210526_0335_20000000016702988848_000.jpg,PSP_EXTRATLEITIMPL_210526_0335,train,llama32v,legivel,,legivel,15650,digitada_leiturista
PSP_EXTRATLEITIMPL_210526_0335_20000000016752978737_000.jpg,PSP_EXTRATLEITIMPL_210526_0335,train,llama32v,sem_medidor,,sem_medidor,,
PSP_EXTRATLEITIMPL_210526_0335_20000000016802974974_000.jpg,PSP_EXTRATLEITIMPL_210526_0335,train,llama32v,legivel,,legivel,1940,digitada_leiturista
PSP_EXTRATLEITIMPL_210526_0335_20000000016802980846_000.jpg,PSP_EXTRATLEITIMPL_210526_0335,train,llama32v,legivel,,legivel,79391,digitada_leiturista
PSP_EXTRATLEITIMPL_210526_0335_20000000016802983811_000.jpg,PSP_EXTRATLEITIMPL_210526_0335,train,llama32v,legivel,,legivel,225,digitada_leiturista
PSP_EXTRATLEITIMPL_210526_0335_20000000016802988597_000.jpg,PSP_EXTRATLEITIMPL_210526_0335,train,llama32v,legivel,,legivel,23063,digitada_leiturista
PSP_EXTRATLEITIMPL_210526_0335_20000000016852990587_000.jpg,PSP_EXTRATLEITIMPL_210526_0335,train,llama32v,ilegivel,,ilegivel,,
PSP_EXTRATLEITIMPL_210526_0335_20000000016902991659_000.jpg,PSP_EXTRATLEITIMPL_210526_0335,train,llama32v,legivel,,legivel,36357,digitada_leiturista
PSP_EXTRATLEITIMPL_210526_0335_20000000016902994579_000.jpg,PSP_EXTRATLEITIMPL_210526_0335,train,llama32v,legivel,,legivel,19852,digitada_leiturista
PSP_EXTRATLEITIMPL_210526_0335_20000000016903006008_000.jpg,PSP_EXTRATLEITIMPL_210526_0335,train,llama32v,legivel,,legivel,580765,digitada_leiturista
PSP_EXTRATLEITIMPL_210526_0335_20000000016952986570_000.jpg,PSP_EXTRATLEITIMPL_210526_0335,train,llama32v,legivel,,legivel,9647,digitada_leiturista
PSP_EXTRATLEITIMPL_210526_0335_20000000016952986581_000.jpg,PSP_EXTRATLEITIMPL_210526_0335,train,llama32v,ilegivel,,ilegivel,,
PSP_EXTRATLEITIMPL_210526_0335_20000000016952995075_000.jpg,PSP_EXTRATLEITIMPL_210526_0335,train,llama32v,ilegivel,,ilegivel,,
PSP_EXTRATLEITIMPL_210526_0335_20000000017002982996_000.jpg,PSP_EXTRATLEITIMPL_210526_0335,train,llama32v,legivel,,legivel,211851,digitada_leiturista
PSP_EXTRATLEITIMPL_210526_0335_20000000017002989948_000.jpg,PSP_EXTRATLEITIMPL_210526_0335,train,llama32v,sem_medidor,,sem_medidor,,
PSP_EXTRATLEITIMPL_210526_0335_20000000017002992737_000.jpg,PSP_EXTRATLEITIMPL_210526_0335,train,llama32v,legivel,,legivel,12127,digitada_leiturista
PSP_EXTRATLEITIMPL_210526_0335_20000000017002996698_000.jpg,PSP_EXTRATLEITIMPL_210526_0335,train,llama32v,legivel,,legivel,6525,digitada_leiturista
PSP_EXTRATLEITIMPL_210526_0335_20000000017052982780_000.jpg,PSP_EXTRATLEITIMPL_210526_0335,train,llama32v,ilegivel,,ilegivel,,
PSP_EXTRATLEITIMPL_210526_0335_20000000017052995145_000.jpg,PSP_EXTRATLEITIMPL_210526_0335,train,llama32v,legivel,,legivel,45225,digitada_leiturista
PSP_EXTRATLEITIMPL_210526_0335_20000000017102974860_000.jpg,PSP_EXTRATLEITIMPL_210526_0335,train,llama32v,ilegivel,,ilegivel,,
PSP_EXTRATLEITIMPL_210526_0335_20000000017102976762_000.jpg,PSP_EXTRATLEITIMPL_210526_0335,train,llama32v,legivel,,legivel,42143,digitada_leiturista
PSP_EXTRATLEITIMPL_210526_0335_20000000017102983460_000.jpg,PSP_EXTRATLEITIMPL_210526_0335,train,llama32v,sem_medidor,,sem_medidor,,
PSP_EXTRATLEITIMPL_210526_0335_20000000017152970966_000.jpg,PSP_EXTRATLEITIMPL_210526_0335,train,llama32v,sem_medidor,,sem_medidor,,
PSP_EXTRATLEITIMPL_210526_0335_20000000017152989774_000.jpg,PSP_EXTRATLEITIMPL_210526_0335,train,llama32v,ilegivel,,ilegivel,,
PSP_EXTRATLEITIMPL_210526_0335_20000000017252985699_000.jpg,PSP_EXTRATLEITIMPL_210526_0335,train,llama32v,sem_medidor,,sem_medidor,,
PSP_EXTRATLEITIMPL_210526_0335_20000000017252986646_000.jpg,PSP_EXTRATLEITIMPL_210526_0335,train,llama32v,ilegivel,,ilegivel,,
PSP_EXTRATLEITIMPL_210526_0335_20000000017253000029_000.jpg,PSP_EXTRATLEITIMPL_210526_0335,train,llama32v,sem_medidor,,sem_medidor,,
PSP_EXTRATLEITIMPL_210526_0335_20000000017253001033_000.jpg,PSP_EXTRATLEITIMPL_210526_0335,train,llama32v,ilegivel,,ilegivel,,
PSP_EXTRATLEITIMPL_210526_0335_20000000017253002012_000.jpg,PSP_EXTRATLEITIMPL_210526_0335,train,llama32v,legivel,,legivel,11191,digitada_leiturista
PSP_EXTRATLEITIMPL_210526_0335_20000000017302987912_000.jpg,PSP_EXTRATLEITIMPL_210526_0335,train,llama32v,ilegivel,,ilegivel,,
PSP_EXTRATLEITIMPL_210526_0335_20000000017402985816_000.jpg,PSP_EXTRATLEITIMPL_210526_0335,train,llama32v,ilegivel,,ilegivel,,
PSP_EXTRATLEITIMPL_210526_0335_20000000017402995355_000.jpg,PSP_EXTRATLEITIMPL_210526_0335,train,llama32v,legivel,,legivel,1330,digitada_leiturista
PSP_EXTRATLEITIMPL_210526_0335_20000000017452972886_000.jpg,PSP_EXTRATLEITIMPL_210526_0335,train,llama32v,ilegivel,,ilegivel,,
PSP_EXTRATLEITIMPL_210526_0335_20000000017452975769_000.jpg,PSP_EXTRATLEITIMPL_210526_0335,train,llama32v,ilegivel,,ilegivel,,
PSP_EXTRATLEITIMPL_210526_0335_20000000017452983392_001.jpg,PSP_EXTRATLEITIMPL_210526_0335,train,llama32v,legivel,,legivel,52124,digitada_leiturista
PSP_EXTRATLEITIMPL_210526_0335_20000000017452989042_000.jpg,PSP_EXTRATLEITIMPL_210526_0335,train,llama32v,legivel,,legivel,56494,digitada_leiturista
PSP_EXTRATLEITIMPL_210526_0335_20000000017502970909_000.jpg,PSP_EXTRATLEITIMPL_210526_0335,train,llama32v,legivel,,legivel,29804,digitada_leiturista
PSP_EXTRATLEITIMPL_210526_0335_20000000017502972955_000.jpg,PSP_EXTRATLEITIMPL_210526_0335,train,llama32v,ilegivel,,ilegivel,,
PSP_EXTRATLEITIMPL_210526_0335_20000000017502987385_000.jpg,PSP_EXTRATLEITIMPL_210526_0335,train,llama32v,legivel,,legivel,439227,digitada_leiturista
PSP_EXTRATLEITIMPL_210526_0335_20000000017552999208_000.jpg,PSP_EXTRATLEITIMPL_210526_0335,train,llama32v,ilegivel,,ilegivel,,
PSP_EXTRATLEITIMPL_210526_0335_20000000017553001027_000.jpg,PSP_EXTRATLEITIMPL_210526_0335,train,llama32v,legivel,,legivel,54783,digitada_leiturista
PSP_EXTRATLEITIMPL_210526_0335_20000000017602979157_000.jpg,PSP_EXTRATLEITIMPL_210526_0335,train,llama32v,legivel,,legivel,64686,digitada_leiturista
PSP_EXTRATLEITIMPL_210526_0335_20000000017652979949_000.jpg,PSP_EXTRATLEITIMPL_210526_0335,train,llama32v,legivel,,legivel,29589,digitada_leiturista
PSP_EXTRATLEITIMPL_210526_0335_20000000017702984802_000.jpg,PSP_EXTRATLEITIMPL_210526_0335,train,llama32v,legivel,,legivel,9050,digitada_leiturista
PSP_EXTRATLEITIMPL_210526_0335_20000000017702992404_000.jpg,PSP_EXTRATLEITIMPL_210526_0335,train,llama32v,legivel,,legivel,612039,digitada_leiturista
PSP_EXTRATLEITIMPL_210526_0335_20000000017802969959_000.jpg,PSP_EXTRATLEITIMPL_210526_0335,train,llama32v,legivel,,legivel,65163,digitada_leiturista
PSP_EXTRATLEITIMPL_210526_0335_20000000017802991545_000.jpg,PSP_EXTRATLEITIMPL_210526_0335,train,llama32v,ilegivel,,ilegivel,,
PSP_EXTRATLEITIMPL_210526_0335_20000000017802998145_000.jpg,PSP_EXTRATLEITIMPL_210526_0335,train,llama32v,legivel,,legivel,57426,digitada_leiturista
PSP_EXTRATLEITIMPL_210526_0335_20000000017852998002_000.jpg,PSP_EXTRATLEITIMPL_210526_0335,train,llama32v,ilegivel,,ilegivel,,
PSP_EXTRATLEITIMPL_210526_0335_20000000018052961898_000.jpg,PSP_EXTRATLEITIMPL_210526_0335,train,llama32v,legivel,,legivel,33683,digitada_leiturista
PSP_EXTRATLEITIMPL_210526_0335_20000000018052963773_000.jpg,PSP_EXTRATLEITIMPL_210526_0335,train,llama32v,ilegivel,,ilegivel,,
PSP_EXTRATLEITIMPL_210526_0335_20000000018052964802_000.jpg,PSP_EXTRATLEITIMPL_210526_0335,train,llama32v,legivel,,legivel,63498,digitada_leiturista
PSP_EXTRATLEITIMPL_210526_0335_20000000018102984577_000.jpg,PSP_EXTRATLEITIMPL_210526_0335,train,llama32v,legivel,,legivel,102429,digitada_leiturista
PSP_EXTRATLEITIMPL_210526_0335_20000000018102989381_000.jpg,PSP_EXTRATLEITIMPL_210526_0335,train,llama32v,legivel,,legivel,7113,digitada_leiturista
PSP_EXTRATLEITIMPL_210526_0335_20000000018152979421_000.jpg,PSP_EXTRATLEITIMPL_210526_0335,train,llama32v,ilegivel,,ilegivel,,
PSP_EXTRATLEITIMPL_210526_0335_20000000018202966926_000.jpg,PSP_EXTRATLEITIMPL_210526_0335,train,llama32v,legivel,,legivel,9433,digitada_leiturista
PSP_EXTRATLEITIMPL_210526_0335_20000000018252977376_000.jpg,PSP_EXTRATLEITIMPL_210526_0335,train,llama32v,legivel,,legivel,36465,digitada_leiturista
PSP_EXTRATLEITIMPL_210526_0335_20000000018252985039_000.jpg,PSP_EXTRATLEITIMPL_210526_0335,train,llama32v,legivel,,legivel,17617,digitada_leiturista
PSP_EXTRATLEITIMPL_210526_0335_20000000018302972779_000.jpg,PSP_EXTRATLEITIMPL_210526_0335,train,llama32v,legivel,,legivel,2612,digitada_leiturista
PSP_EXTRATLEITIMPL_210526_0335_20000000018302974734_000.jpg,PSP_EXTRATLEITIMPL_210526_0335,train,llama32v,ilegivel,,ilegivel,,
PSP_EXTRATLEITIMPL_210526_0335_20000000018302979560_000.jpg,PSP_EXTRATLEITIMPL_210526_0335,train,llama32v,ilegivel,,ilegivel,,
PSP_EXTRATLEITIMPL_210526_0335_20000000018302981381_000.jpg,PSP_EXTRATLEITIMPL_210526_0335,train,llama32v,ilegivel,,ilegivel,,
PSP_EXTRATLEITIMPL_210526_0335_20000000018302985163_000.jpg,PSP_EXTRATLEITIMPL_210526_0335,train,llama32v,legivel,,legivel,29378,digitada_leiturista
PSP_EXTRATLEITIMPL_210526_0335_20000000018302985174_000.jpg,PSP_EXTRATLEITIMPL_210526_0335,train,llama32v,legivel,,legivel,4741,digitada_leiturista
PSP_EXTRATLEITIMPL_210526_0335_20000000018352957989_000.jpg,PSP_EXTRATLEITIMPL_210526_0335,train,llama32v,legivel,,legivel,42032,digitada_leiturista
PSP_EXTRATLEITIMPL_210526_0335_20000000018352987025_000.jpg,PSP_EXTRATLEITIMPL_210526_0335,train,llama32v,ilegivel,,ilegivel,,
PSP_EXTRATLEITIMPL_210526_0335_20000000018402973750_000.jpg,PSP_EXTRATLEITIMPL_210526_0335,train,llama32v,legivel,,legivel,12871,digitada_leiturista
PSP_EXTRATLEITIMPL_210526_0335_20000000018452973756_000.jpg,PSP_EXTRATLEITIMPL_210526_0335,train,llama32v,ilegivel,,ilegivel,,
PSP_EXTRATLEITIMPL_210526_0335_20000000018452977622_000.jpg,PSP_EXTRATLEITIMPL_210526_0335,train,llama32v,legivel,,legivel,3064,digitada_leiturista
PSP_EXTRATLEITIMPL_210526_0335_20000000018452983397_000.jpg,PSP_EXTRATLEITIMPL_210526_0335,train,llama32v,legivel,,legivel,21555,digitada_leiturista
PSP_EXTRATLEITIMPL_210526_0335_20000000018502967874_000.jpg,PSP_EXTRATLEITIMPL_210526_0335,train,llama32v,ilegivel,,ilegivel,,
PSP_EXTRATLEITIMPL_210526_0335_20000000018502980383_000.jpg,PSP_EXTRATLEITIMPL_210526_0335,train,llama32v,legivel,,legivel,6662,digitada_leiturista
PSP_EXTRATLEITIMPL_210526_0335_20000000018552967964_000.jpg,PSP_EXTRATLEITIMPL_210526_0335,train,llama32v,legivel,,legivel,62331,digitada_leiturista
PSP_EXTRATLEITIMPL_210526_0335_20000000018552971907_000.jpg,PSP_EXTRATLEITIMPL_210526_0335,train,llama32v,ilegivel,,ilegivel,,
PSP_EXTRATLEITIMPL_210526_0335_20000000018552981697_000.jpg,PSP_EXTRATLEITIMPL_210526_0335,train,llama32v,ilegivel,,ilegivel,,
PSP_EXTRATLEITIMPL_210526_0335_20000000018552991161_000.jpg,PSP_EXTRATLEITIMPL_210526_0335,train,llama32v,legivel,,legivel,791058,digitada_leiturista
PSP_EXTRATLEITIMPL_210526_0335_20000000018552992104_000.jpg,PSP_EXTRATLEITIMPL_210526_0335,train,llama32v,legivel,,legivel,818,digitada_leiturista
PSP_EXTRATLEITIMPL_210526_0335_20000000018602986554_000.jpg,PSP_EXTRATLEITIMPL_210526_0335,train,llama32v,legivel,,legivel,24,digitada_leiturista
PSP_EXTRATLEITIMPL_210526_0335_20000000018652999205_000.jpg,PSP_EXTRATLEITIMPL_210526_0335,train,llama32v,legivel,,legivel,4121,digitada_leiturista
PSP_EXTRATLEITIMPL_210526_0335_20000000018702983414_000.jpg,PSP_EXTRATLEITIMPL_210526_0335,train,llama32v,legivel,,legivel,87259,digitada_leiturista
PSP_EXTRATLEITIMPL_210526_0335_20000000018752984174_000.jpg,PSP_EXTRATLEITIMPL_210526_0335,train,llama32v,legivel,,legivel,244,digitada_leiturista
PSP_EXTRATLEITIMPL_210526_0335_20000000018802972567_000.jpg,PSP_EXTRATLEITIMPL_210526_0335,train,llama32v,ilegivel,,ilegivel,,
PSP_EXTRATLEITIMPL_210526_0335_20000000018802976357_000.jpg,PSP_EXTRATLEITIMPL_210526_0335,train,llama32v,legivel,,legivel,44843,digitada_leiturista
PSP_EXTRATLEITIMPL_210526_0335_20000000018852967855_000.jpg,PSP_EXTRATLEITIMPL_210526_0335,train,llama32v,ilegivel,,ilegivel,,
PSP_EXTRATLEITIMPL_210526_0335_20000000018852980528_000.jpg,PSP_EXTRATLEITIMPL_210526_0335,train,llama32v,legivel,,legivel,5708,digitada_leiturista
PSP_EXTRATLEITIMPL_210526_0335_20000000018852981548_000.jpg,PSP_EXTRATLEITIMPL_210526_0335,train,llama32v,legivel,,legivel,56897,digitada_leiturista
PSP_EXTRATLEITIMPL_210526_0335_20000000018902980724_000.jpg,PSP_EXTRATLEITIMPL_210526_0335,train,llama32v,sem_medidor,,sem_medidor,,
PSP_EXTRATLEITIMPL_210526_0335_20000000018902981601_000.jpg,PSP_EXTRATLEITIMPL_210526_0335,train,llama32v,legivel,,legivel,50,digitada_leiturista
PSP_EXTRATLEITIMPL_210526_0335_20000000018902988270_000.jpg,PSP_EXTRATLEITIMPL_210526_0335,train,llama32v,legivel,,legivel,100127,digitada_leiturista
PSP_EXTRATLEITIMPL_210526_0335_20000000018902992019_000.jpg,PSP_EXTRATLEITIMPL_210526_0335,train,llama32v,sem_medidor,,sem_medidor,,
PSP_EXTRATLEITIMPL_210526_0335_20000000018952981487_000.jpg,PSP_EXTRATLEITIMPL_210526_0335,train,llama32v,ilegivel,,ilegivel,,
PSP_EXTRATLEITIMPL_210526_0335_20000000018952984385_000.jpg,PSP_EXTRATLEITIMPL_210526_0335,train,llama32v,legivel,,legivel,932,digitada_leiturista
PSP_EXTRATLEITIMPL_210526_0335_20000000018952988097_000.jpg,PSP_EXTRATLEITIMPL_210526_0335,train,llama32v,sem_medidor,,sem_medidor,,
PSP_EXTRATLEITIMPL_210526_0335_20000000019002962892_000.jpg,PSP_EXTRATLEITIMPL_210526_0335,train,llama32v,ilegivel,,ilegivel,,
PSP_EXTRATLEITIMPL_210526_0335_20000000019002962901_000.jpg,PSP_EXTRATLEITIMPL_210526_0335,train,llama32v,legivel,,legivel,4205,digitada_leiturista
PSP_EXTRATLEITIMPL_210526_0335_20000000019002970729_000.jpg,PSP_EXTRATLEITIMPL_210526_0335,train,llama32v,legivel,,legivel,16353,digitada_leiturista
PSP_EXTRATLEITIMPL_210526_0335_20000000019002972616_000.jpg,PSP_EXTRATLEITIMPL_210526_0335,train,llama32v,legivel,,legivel,173,digitada_leiturista
PSP_EXTRATLEITIMPL_210526_0335_20000000019002982011_000.jpg,PSP_EXTRATLEITIMPL_210526_0335,train,llama32v,ilegivel,,ilegivel,,
PSP_EXTRATLEITIMPL_210526_0335_20000000019052966852_000.jpg,PSP_EXTRATLEITIMPL_210526_0335,train,llama32v,legivel,,legivel,44517,digitada_leiturista
PSP_EXTRATLEITIMPL_210526_0335_20000000019052968893_000.jpg,PSP_EXTRATLEITIMPL_210526_0335,train,llama32v,legivel,,legivel,52481,digitada_leiturista
PSP_EXTRATLEITIMPL_210526_0335_20000000019052973764_000.jpg,PSP_EXTRATLEITIMPL_210526_0335,train,llama32v,ilegivel,,ilegivel,,
PSP_EXTRATLEITIMPL_210526_0335_20000000019052973781_000.jpg,PSP_EXTRATLEITIMPL_210526_0335,train,llama32v,legivel,,legivel,12487,digitada_leiturista
PSP_EXTRATLEITIMPL_210526_0335_20000000019052980414_000.jpg,PSP_EXTRATLEITIMPL_210526_0335,train,llama32v,legivel,,legivel,5643,digitada_leiturista
PSP_EXTRATLEITIMPL_210526_0335_20000000019102971868_000.jpg,PSP_EXTRATLEITIMPL_210526_0335,train,llama32v,legivel,,legivel,54287,digitada_leiturista
PSP_EXTRATLEITIMPL_210526_0335_20000000019102988175_000.jpg,PSP_EXTRATLEITIMPL_210526_0335,train,llama32v,legivel,,legivel,582691,digitada_leiturista
PSP_EXTRATLEITIMPL_210526_0335_20000000019152980692_000.jpg,PSP_EXTRATLEITIMPL_210526_0335,train,llama32v,legivel,,legivel,34710,digitada_leiturista
PSP_EXTRATLEITIMPL_210526_0335_20000000019202965905_000.jpg,PSP_EXTRATLEITIMPL_210526_0335,train,llama32v,ilegivel,,ilegivel,,
PSP_EXTRATLEITIMPL_210526_0335_20000000019252981555_000.jpg,PSP_EXTRATLEITIMPL_210526_0335,train,llama32v,ilegivel,,ilegivel,,
PSP_EXTRATLEITIMPL_210526_0335_20000000019302972903_000.jpg,PSP_EXTRATLEITIMPL_210526_0335,train,llama32v,legivel,,legivel,201592,digitada_leiturista
PSP_EXTRATLEITIMPL_210526_0335_20000000019302986380_000.jpg,PSP_EXTRATLEITIMPL_210526_0335,train,llama32v,legivel,,legivel,99999,digitada_leiturista
PSP_EXTRATLEITIMPL_210526_0335_20000000019302993049_000.jpg,PSP_EXTRATLEITIMPL_210526_0335,train,llama32v,ilegivel,,ilegivel,,
PSP_EXTRATLEITIMPL_210526_0335_20000000019352990593_000.jpg,PSP_EXTRATLEITIMPL_210526_0335,train,llama32v,legivel,,legivel,11,digitada_leiturista
PSP_EXTRATLEITIMPL_210526_0335_20000000019402976863_000.jpg,PSP_EXTRATLEITIMPL_210526_0335,train,llama32v,legivel,,legivel,12137,digitada_leiturista
PSP_EXTRATLEITIMPL_210526_0335_20000000019452967924_000.jpg,PSP_EXTRATLEITIMPL_210526_0335,train,llama32v,ilegivel,,ilegivel,,
PSP_EXTRATLEITIMPL_210526_0335_20000000019502955982_000.jpg,PSP_EXTRATLEITIMPL_210526_0335,train,llama32v,legivel,,legivel,104,digitada_leiturista
PSP_EXTRATLEITIMPL_210526_0335_20000000019502978546_000.jpg,PSP_EXTRATLEITIMPL_210526_0335,train,llama32v,legivel,,legivel,16534,digitada_leiturista
PSP_EXTRATLEITIMPL_210526_0335_20000000019552985815_000.jpg,PSP_EXTRATLEITIMPL_210526_0335,train,llama32v,legivel,,legivel,79954,digitada_leiturista
PSP_EXTRATLEITIMPL_210526_0335_20000000019602964894_000.jpg,PSP_EXTRATLEITIMPL_210526_0335,train,llama32v,legivel,,legivel,731,digitada_leiturista
PSP_EXTRATLEITIMPL_210526_0335_20000000019602974651_000.jpg,PSP_EXTRATLEITIMPL_210526_0335,train,llama32v,legivel,,legivel,5394,digitada_leiturista
PSP_EXTRATLEITIMPL_210526_0335_20000000019602977583_000.jpg,PSP_EXTRATLEITIMPL_210526_0335,train,llama32v,legivel,,legivel,8839,digitada_leiturista
PSP_EXTRATLEITIMPL_210526_0335_20000000019652972870_000.jpg,PSP_EXTRATLEITIMPL_210526_0335,train,llama32v,ilegivel,,ilegivel,,
PSP_EXTRATLEITIMPL_210526_0335_20000000019652982507_000.jpg,PSP_EXTRATLEITIMPL_210526_0335,train,llama32v,ilegivel,,ilegivel,,
PSP_EXTRATLEITIMPL_210526_0335_20000000019702957949_000.jpg,PSP_EXTRATLEITIMPL_210526_0335,train,llama32v,ilegivel,,ilegivel,,
PSP_EXTRATLEITIMPL_210526_0335_20000000019702972526_000.jpg,PSP_EXTRATLEITIMPL_210526_0335,train,llama32v,legivel,,legivel,34,digitada_leiturista
PSP_EXTRATLEITIMPL_210526_0335_20000000019752964945_000.jpg,PSP_EXTRATLEITIMPL_210526_0335,train,llama32v,ilegivel,,ilegivel,,
PSP_EXTRATLEITIMPL_210526_0335_20000000019802982885_000.jpg,PSP_EXTRATLEITIMPL_210526_0335,train,llama32v,legivel,,legivel,7514,digitada_leiturista
PSP_EXTRATLEITIMPL_210526_0335_20000000019802984792_000.jpg,PSP_EXTRATLEITIMPL_210526_0335,train,llama32v,legivel,,legivel,89533,digitada_leiturista
PSP_EXTRATLEITIMPL_210526_0335_20000000019802995251_000.jpg,PSP_EXTRATLEITIMPL_210526_0335,train,llama32v,legivel,,legivel,5512,digitada_leiturista
PSP_EXTRATLEITIMPL_210526_0335_20000000019802995261_000.jpg,PSP_EXTRATLEITIMPL_210526_0335,train,llama32v,legivel,,legivel,16119,digitada_leiturista
PSP_EXTRATLEITIMPL_210526_0335_20000000019802996293_000.jpg,PSP_EXTRATLEITIMPL_210526_0335,train,llama32v,legivel,,legivel,56092,digitada_leiturista
PSP_EXTRATLEITIMPL_210526_0335_20000000019802999071_000.jpg,PSP_EXTRATLEITIMPL_210526_0335,train,llama32v,legivel,,legivel,21,digitada_leiturista
PSP_EXTRATLEITIMPL_210526_0335_20000000019852961976_000.jpg,PSP_EXTRATLEITIMPL_210526_0335,train,llama32v,legivel,,legivel,679,digitada_leiturista
PSP_EXTRATLEITIMPL_210526_0335_20000000019852977631_000.jpg,PSP_EXTRATLEITIMPL_210526_0335,train,llama32v,ilegivel,,ilegivel,,
PSP_EXTRATLEITIMPL_210526_0335_20000000019852979563_000.jpg,PSP_EXTRATLEITIMPL_210526_0335,train,llama32v,legivel,,legivel,93115,digitada_leiturista
PSP_EXTRATLEITIMPL_210526_0335_20000000019852980450_000.jpg,PSP_EXTRATLEITIMPL_210526_0335,train,llama32v,legivel,,legivel,235400,digitada_leiturista
PSP_EXTRATLEITIMPL_210526_0335_20000000019902998049_000.jpg,PSP_EXTRATLEITIMPL_210526_0335,train,llama32v,ilegivel,,ilegivel,,
PSP_EXTRATLEITIMPL_210526_0335_20000000019903002017_000.jpg,PSP_EXTRATLEITIMPL_210526_0335,train,llama32v,legivel,,legivel,1,digitada_leiturista
PSP_EXTRATLEITIMPL_210526_0335_20000000019903003004_000.jpg,PSP_EXTRATLEITIMPL_210526_0335,train,llama32v,legivel,,legivel,98474,digitada_leiturista
PSP_EXTRATLEITIMPL_210526_0335_20000000019952983540_000.jpg,PSP_EXTRATLEITIMPL_210526_0335,train,llama32v,ilegivel,,ilegivel,,
PSP_EXTRATLEITIMPL_210526_0335_20000000019952989179_000.jpg,PSP_EXTRATLEITIMPL_210526_0335,train,llama32v,ilegivel,,ilegivel,,
PSP_EXTRATLEITIMPL_220526_0408_00000000000211733202_000.jpg,PSP_EXTRATLEITIMPL_220526_0408,valid,mikael,sem_medidor,sem_medidor,,,
PSP_EXTRATLEITIMPL_220526_0408_00000000000211742170_000.jpg,PSP_EXTRATLEITIMPL_220526_0408,valid,mikael,ilegivel,ilegivel,,,
PSP_EXTRATLEITIMPL_220526_0408_00000000000211746115_000.jpg,PSP_EXTRATLEITIMPL_220526_0408,valid,mikael,legivel,legivel,,5496,digitada_leiturista
PSP_EXTRATLEITIMPL_220526_0408_00000000000211746121_000.jpg,PSP_EXTRATLEITIMPL_220526_0408,valid,mikael,ilegivel,ilegivel,,,
PSP_EXTRATLEITIMPL_220526_0408_00000000000211749086_000.jpg,PSP_EXTRATLEITIMPL_220526_0408,valid,mikael,legivel,legivel,,47172,digitada_leiturista
PSP_EXTRATLEITIMPL_220526_0408_00000000000211749088_000.jpg,PSP_EXTRATLEITIMPL_220526_0408,valid,mikael,legivel,legivel,,27864,digitada_leiturista
PSP_EXTRATLEITIMPL_220526_0408_00000000000211752033_000.jpg,PSP_EXTRATLEITIMPL_220526_0408,valid,mikael,legivel,legivel,,5265,digitada_leiturista
PSP_EXTRATLEITIMPL_220526_0408_00000000000211754908_000.jpg,PSP_EXTRATLEITIMPL_220526_0408,valid,mikael,legivel,legivel,,7541,digitada_leiturista
PSP_EXTRATLEITIMPL_220526_0408_00000000000211760517_000.jpg,PSP_EXTRATLEITIMPL_220526_0408,valid,mikael,ilegivel,ilegivel,,,
PSP_EXTRATLEITIMPL_220526_0408_00000000000211764229_000.jpg,PSP_EXTRATLEITIMPL_220526_0408,valid,mikael,ilegivel,ilegivel,,,
PSP_EXTRATLEITIMPL_220526_0408_20000000000002971943_000.jpg,PSP_EXTRATLEITIMPL_220526_0408,valid,mikael,ilegivel,ilegivel,,,
PSP_EXTRATLEITIMPL_220526_0408_20000000000002973939_000.jpg,PSP_EXTRATLEITIMPL_220526_0408,valid,mikael,sem_medidor,sem_medidor,,,
PSP_EXTRATLEITIMPL_220526_0408_20000000000002980831_000.jpg,PSP_EXTRATLEITIMPL_220526_0408,valid,mikael,ilegivel,ilegivel,,,
PSP_EXTRATLEITIMPL_220526_0408_20000000000002988623_000.jpg,PSP_EXTRATLEITIMPL_220526_0408,valid,mikael,ilegivel,ilegivel,,,
PSP_EXTRATLEITIMPL_220526_0408_20000000000002991455_000.jpg,PSP_EXTRATLEITIMPL_220526_0408,valid,mikael,ilegivel,ilegivel,,,
PSP_EXTRATLEITIMPL_220526_0408_20000000000002991463_000.jpg,PSP_EXTRATLEITIMPL_220526_0408,valid,mikael+llama32v,legivel,legivel,legivel,4797,digitada_leiturista
PSP_EXTRATLEITIMPL_220526_0408_20000000000002992373_000.jpg,PSP_EXTRATLEITIMPL_220526_0408,valid,mikael+llama32v,ilegivel,ilegivel,ilegivel,,
PSP_EXTRATLEITIMPL_220526_0408_20000000000002996201_000.jpg,PSP_EXTRATLEITIMPL_220526_0408,valid,mikael+llama32v,legivel,legivel,legivel,5743,digitada_leiturista
PSP_EXTRATLEITIMPL_220526_0408_20000000000002997019_000.jpg,PSP_EXTRATLEITIMPL_220526_0408,valid,mikael+llama32v,ilegivel,ilegivel,ilegivel,,
PSP_EXTRATLEITIMPL_220526_0408_20000000000052964889_000.jpg,PSP_EXTRATLEITIMPL_220526_0408,valid,mikael+llama32v,legivel,legivel,legivel,12108,digitada_leiturista
PSP_EXTRATLEITIMPL_220526_0408_20000000000052972928_000.jpg,PSP_EXTRATLEITIMPL_220526_0408,valid,mikael,legivel,legivel,,11863,digitada_leiturista
PSP_EXTRATLEITIMPL_220526_0408_20000000000052972939_000.jpg,PSP_EXTRATLEITIMPL_220526_0408,valid,mikael+llama32v,legivel,legivel,legivel,755,digitada_leiturista
PSP_EXTRATLEITIMPL_220526_0408_20000000000052981542_000.jpg,PSP_EXTRATLEITIMPL_220526_0408,valid,mikael+llama32v,ilegivel,ilegivel,ilegivel,,
PSP_EXTRATLEITIMPL_220526_0408_20000000000052984403_000.jpg,PSP_EXTRATLEITIMPL_220526_0408,valid,mikael+llama32v,legivel,legivel,legivel,208073,digitada_leiturista
PSP_EXTRATLEITIMPL_220526_0408_20000000000052988068_000.jpg,PSP_EXTRATLEITIMPL_220526_0408,valid,mikael+llama32v,legivel,ilegivel,legivel,23036,digitada_leiturista
PSP_EXTRATLEITIMPL_220526_0408_20000000000052989016_000.jpg,PSP_EXTRATLEITIMPL_220526_0408,valid,mikael,legivel,legivel,,47341,digitada_leiturista
PSP_EXTRATLEITIMPL_220526_0408_20000000000102949919_000.jpg,PSP_EXTRATLEITIMPL_220526_0408,valid,mikael,ilegivel,ilegivel,,,
PSP_EXTRATLEITIMPL_220526_0408_20000000000102959870_000.jpg,PSP_EXTRATLEITIMPL_220526_0408,valid,mikael+llama32v,legivel,legivel,legivel,49157,digitada_leiturista
PSP_EXTRATLEITIMPL_220526_0408_20000000000102965680_000.jpg,PSP_EXTRATLEITIMPL_220526_0408,valid,mikael,sem_medidor,sem_medidor,,,
PSP_EXTRATLEITIMPL_220526_0408_20000000000102966615_000.jpg,PSP_EXTRATLEITIMPL_220526_0408,valid,mikael+llama32v,legivel,legivel,legivel,1245,digitada_leiturista
PSP_EXTRATLEITIMPL_220526_0408_20000000000102968503_001.jpg,PSP_EXTRATLEITIMPL_220526_0408,valid,mikael,legivel,legivel,,88,digitada_leiturista
PSP_EXTRATLEITIMPL_220526_0408_20000000000102976058_000.jpg,PSP_EXTRATLEITIMPL_220526_0408,valid,mikael+llama32v,legivel,legivel,legivel,71446,digitada_leiturista
PSP_EXTRATLEITIMPL_220526_0408_20000000000102978023_000.jpg,PSP_EXTRATLEITIMPL_220526_0408,valid,mikael+llama32v,legivel,legivel,legivel,36299,digitada_leiturista
PSP_EXTRATLEITIMPL_220526_0408_20000000000152964784_000.jpg,PSP_EXTRATLEITIMPL_220526_0408,valid,mikael+llama32v,legivel,legivel,legivel,11612,digitada_leiturista
PSP_EXTRATLEITIMPL_220526_0408_20000000000152966734_000.jpg,PSP_EXTRATLEITIMPL_220526_0408,valid,mikael+llama32v,legivel,legivel,legivel,283,digitada_leiturista
PSP_EXTRATLEITIMPL_220526_0408_20000000000152968599_000.jpg,PSP_EXTRATLEITIMPL_220526_0408,valid,mikael+llama32v,sem_medidor,sem_medidor,sem_medidor,,
PSP_EXTRATLEITIMPL_220526_0408_20000000000152968616_000.jpg,PSP_EXTRATLEITIMPL_220526_0408,valid,mikael,legivel,legivel,,438,digitada_leiturista
PSP_EXTRATLEITIMPL_220526_0408_20000000000152969511_000.jpg,PSP_EXTRATLEITIMPL_220526_0408,valid,mikael+llama32v,legivel,legivel,legivel,3456,digitada_leiturista
PSP_EXTRATLEITIMPL_220526_0408_20000000000152970539_000.jpg,PSP_EXTRATLEITIMPL_220526_0408,valid,mikael+llama32v,legivel,legivel,legivel,136,digitada_leiturista
PSP_EXTRATLEITIMPL_220526_0408_20000000000152973383_000.jpg,PSP_EXTRATLEITIMPL_220526_0408,valid,mikael,sem_medidor,sem_medidor,,,
PSP_EXTRATLEITIMPL_220526_0408_20000000000152973389_000.jpg,PSP_EXTRATLEITIMPL_220526_0408,valid,mikael,legivel,legivel,,196034,digitada_leiturista
PSP_EXTRATLEITIMPL_220526_0408_20000000000152976295_000.jpg,PSP_EXTRATLEITIMPL_220526_0408,valid,mikael+llama32v,ilegivel,ilegivel,ilegivel,,
PSP_EXTRATLEITIMPL_220526_0408_20000000000152981019_000.jpg,PSP_EXTRATLEITIMPL_220526_0408,valid,mikael+llama32v,ilegivel,ilegivel,ilegivel,,
PSP_EXTRATLEITIMPL_220526_0408_20000000000202943970_000.jpg,PSP_EXTRATLEITIMPL_220526_0408,valid,mikael,ilegivel,ilegivel,,,
PSP_EXTRATLEITIMPL_220526_0408_20000000000202947913_000.jpg,PSP_EXTRATLEITIMPL_220526_0408,valid,mikael+llama32v,legivel,ilegivel,legivel,22454,digitada_leiturista
PSP_EXTRATLEITIMPL_220526_0408_20000000000202959782_000.jpg,PSP_EXTRATLEITIMPL_220526_0408,valid,mikael,ilegivel,ilegivel,,,
PSP_EXTRATLEITIMPL_220526_0408_20000000000202973023_000.jpg,PSP_EXTRATLEITIMPL_220526_0408,valid,mikael+llama32v,sem_medidor,sem_medidor,sem_medidor,,
PSP_EXTRATLEITIMPL_220526_0408_20000000000252972984_000.jpg,PSP_EXTRATLEITIMPL_220526_0408,valid,mikael+llama32v,legivel,legivel,legivel,14017,digitada_leiturista
PSP_EXTRATLEITIMPL_220526_0408_20000000000252985557_000.jpg,PSP_EXTRATLEITIMPL_220526_0408,valid,mikael,ilegivel,ilegivel,,,
PSP_EXTRATLEITIMPL_220526_0408_20000000000252987487_000.jpg,PSP_EXTRATLEITIMPL_220526_0408,valid,mikael,sem_medidor,sem_medidor,,,
PSP_EXTRATLEITIMPL_220526_0408_20000000000252991324_000.jpg,PSP_EXTRATLEITIMPL_220526_0408,valid,mikael,ilegivel,ilegivel,,,
PSP_EXTRATLEITIMPL_220526_0408_20000000000252993192_000.jpg,PSP_EXTRATLEITIMPL_220526_0408,valid,mikael+llama32v,ilegivel,ilegivel,ilegivel,,
PSP_EXTRATLEITIMPL_220526_0408_20000000000252996023_000.jpg,PSP_EXTRATLEITIMPL_220526_0408,valid,mikael,ilegivel,ilegivel,,,
PSP_EXTRATLEITIMPL_220526_0408_20000000000302952961_000.jpg,PSP_EXTRATLEITIMPL_220526_0408,valid,mikael,ilegivel,ilegivel,,,
PSP_EXTRATLEITIMPL_220526_0408_20000000000302965632_000.jpg,PSP_EXTRATLEITIMPL_220526_0408,valid,mikael+llama32v,ilegivel,ilegivel,ilegivel,,
PSP_EXTRATLEITIMPL_220526_0408_20000000000302965633_000.jpg,PSP_EXTRATLEITIMPL_220526_0408,valid,mikael,ilegivel,ilegivel,,,
PSP_EXTRATLEITIMPL_220526_0408_20000000000302966643_000.jpg,PSP_EXTRATLEITIMPL_220526_0408,valid,mikael,legivel,legivel,,74,digitada_leiturista
PSP_EXTRATLEITIMPL_220526_0408_20000000000302968401_000.jpg,PSP_EXTRATLEITIMPL_220526_0408,valid,mikael+llama32v,ilegivel,ilegivel,ilegivel,,
PSP_EXTRATLEITIMPL_220526_0408_20000000000302969335_000.jpg,PSP_EXTRATLEITIMPL_220526_0408,valid,mikael+llama32v,legivel,legivel,legivel,49902,digitada_leiturista
PSP_EXTRATLEITIMPL_220526_0408_20000000000302974009_000.jpg,PSP_EXTRATLEITIMPL_220526_0408,valid,mikael,sem_medidor,sem_medidor,,,
PSP_EXTRATLEITIMPL_220526_0408_20000000000352963933_000.jpg,PSP_EXTRATLEITIMPL_220526_0408,valid,mikael,ilegivel,ilegivel,,,
PSP_EXTRATLEITIMPL_220526_0408_20000000000352972869_000.jpg,PSP_EXTRATLEITIMPL_220526_0408,valid,mikael,ilegivel,ilegivel,,,
PSP_EXTRATLEITIMPL_220526_0408_20000000000352972873_000.jpg,PSP_EXTRATLEITIMPL_220526_0408,valid,mikael,ilegivel,ilegivel,,,
PSP_EXTRATLEITIMPL_220526_0408_20000000000352980626_000.jpg,PSP_EXTRATLEITIMPL_220526_0408,valid,mikael+llama32v,legivel,legivel,legivel,99999,digitada_leiturista
PSP_EXTRATLEITIMPL_220526_0408_20000000000352983423_000.jpg,PSP_EXTRATLEITIMPL_220526_0408,valid,mikael,ilegivel,ilegivel,,,
PSP_EXTRATLEITIMPL_220526_0408_20000000000352985229_000.jpg,PSP_EXTRATLEITIMPL_220526_0408,valid,mikael,legivel,legivel,,33946,digitada_leiturista
PSP_EXTRATLEITIMPL_220526_0408_20000000000352985239_000.jpg,PSP_EXTRATLEITIMPL_220526_0408,valid,mikael,ilegivel,ilegivel,,,
PSP_EXTRATLEITIMPL_220526_0408_20000000000352986172_000.jpg,PSP_EXTRATLEITIMPL_220526_0408,valid,mikael+llama32v,ilegivel,ilegivel,ilegivel,,
PSP_EXTRATLEITIMPL_220526_0408_20000000000402968947_000.jpg,PSP_EXTRATLEITIMPL_220526_0408,valid,mikael,legivel,legivel,,54,digitada_leiturista
PSP_EXTRATLEITIMPL_220526_0408_20000000000402970900_000.jpg,PSP_EXTRATLEITIMPL_220526_0408,valid,mikael+llama32v,legivel,legivel,legivel,6655,digitada_leiturista
PSP_EXTRATLEITIMPL_220526_0408_20000000000402971863_000.jpg,PSP_EXTRATLEITIMPL_220526_0408,valid,mikael,legivel,legivel,,4368,digitada_leiturista
PSP_EXTRATLEITIMPL_220526_0408_20000000000452943942_000.jpg,PSP_EXTRATLEITIMPL_220526_0408,valid,mikael+llama32v,legivel,legivel,legivel,0,digitada_leiturista
PSP_EXTRATLEITIMPL_220526_0408_20000000000452948970_000.jpg,PSP_EXTRATLEITIMPL_220526_0408,valid,mikael+llama32v,ilegivel,ilegivel,ilegivel,,
PSP_EXTRATLEITIMPL_220526_0408_20000000000452948972_000.jpg,PSP_EXTRATLEITIMPL_220526_0408,valid,mikael,legivel,legivel,,28008,digitada_leiturista
PSP_EXTRATLEITIMPL_220526_0408_20000000000452951921_000.jpg,PSP_EXTRATLEITIMPL_220526_0408,valid,mikael+llama32v,legivel,ilegivel,legivel,101162,digitada_leiturista
PSP_EXTRATLEITIMPL_220526_0408_20000000000452961654_000.jpg,PSP_EXTRATLEITIMPL_220526_0408,valid,mikael,legivel,legivel,,48653,digitada_leiturista
PSP_EXTRATLEITIMPL_220526_0408_20000000000452971066_000.jpg,PSP_EXTRATLEITIMPL_220526_0408,valid,mikael,legivel,legivel,,8763,digitada_leiturista
PSP_EXTRATLEITIMPL_220526_0408_20000000000502950922_000.jpg,PSP_EXTRATLEITIMPL_220526_0408,valid,mikael,ilegivel,ilegivel,,,
PSP_EXTRATLEITIMPL_220526_0408_20000000000502954868_000.jpg,PSP_EXTRATLEITIMPL_220526_0408,valid,mikael+llama32v,ilegivel,ilegivel,ilegivel,,
PSP_EXTRATLEITIMPL_220526_0408_20000000000502958786_000.jpg,PSP_EXTRATLEITIMPL_220526_0408,valid,mikael+llama32v,legivel,ilegivel,legivel,7701,digitada_leiturista
PSP_EXTRATLEITIMPL_220526_0408_20000000000502958798_000.jpg,PSP_EXTRATLEITIMPL_220526_0408,valid,mikael,ilegivel,ilegivel,,,
PSP_EXTRATLEITIMPL_220526_0408_20000000000502960745_000.jpg,PSP_EXTRATLEITIMPL_220526_0408,valid,mikael,legivel,legivel,,4498,digitada_leiturista
PSP_EXTRATLEITIMPL_220526_0408_20000000000502960757_000.jpg,PSP_EXTRATLEITIMPL_220526_0408,valid,mikael,ilegivel,ilegivel,,,
PSP_EXTRATLEITIMPL_220526_0408_20000000000502962625_000.jpg,PSP_EXTRATLEITIMPL_220526_0408,valid,mikael,ilegivel,ilegivel,,,
PSP_EXTRATLEITIMPL_220526_0408_20000000000502964647_000.jpg,PSP_EXTRATLEITIMPL_220526_0408,valid,mikael,ilegivel,ilegivel,,,
PSP_EXTRATLEITIMPL_220526_0408_20000000000502972030_000.jpg,PSP_EXTRATLEITIMPL_220526_0408,valid,mikael+llama32v,legivel,legivel,legivel,13132,digitada_leiturista
PSP_EXTRATLEITIMPL_220526_0408_20000000000552951963_000.jpg,PSP_EXTRATLEITIMPL_220526_0408,valid,mikael,legivel,legivel,,29198,digitada_leiturista
PSP_EXTRATLEITIMPL_220526_0408_20000000000552956896_000.jpg,PSP_EXTRATLEITIMPL_220526_0408,valid,mikael+llama32v,ilegivel,ilegivel,ilegivel,,
PSP_EXTRATLEITIMPL_220526_0408_20000000000552957886_000.jpg,PSP_EXTRATLEITIMPL_220526_0408,valid,mikael,ilegivel,ilegivel,,,
PSP_EXTRATLEITIMPL_220526_0408_20000000000552960806_000.jpg,PSP_EXTRATLEITIMPL_220526_0408,valid,mikael,ilegivel,ilegivel,,,
PSP_EXTRATLEITIMPL_220526_0408_20000000000552964611_000.jpg,PSP_EXTRATLEITIMPL_220526_0408,valid,mikael,ilegivel,ilegivel,,,
PSP_EXTRATLEITIMPL_220526_0408_20000000000552965521_000.jpg,PSP_EXTRATLEITIMPL_220526_0408,valid,mikael+llama32v,legivel,legivel,legivel,24895,digitada_leiturista
PSP_EXTRATLEITIMPL_220526_0408_20000000000552969394_000.jpg,PSP_EXTRATLEITIMPL_220526_0408,valid,mikael,legivel,legivel,,21165,digitada_leiturista
PSP_EXTRATLEITIMPL_220526_0408_20000000000552972210_000.jpg,PSP_EXTRATLEITIMPL_220526_0408,valid,mikael+llama32v,ilegivel,ilegivel,sem_medidor,,
PSP_EXTRATLEITIMPL_220526_0408_20000000000602962701_000.jpg,PSP_EXTRATLEITIMPL_220526_0408,valid,mikael+llama32v,legivel,ilegivel,legivel,23497,digitada_leiturista
PSP_EXTRATLEITIMPL_220526_0408_20000000000602964601_000.jpg,PSP_EXTRATLEITIMPL_220526_0408,valid,mikael,ilegivel,ilegivel,,,
PSP_EXTRATLEITIMPL_220526_0408_20000000000602969432_000.jpg,PSP_EXTRATLEITIMPL_220526_0408,valid,mikael+llama32v,ilegivel,ilegivel,ilegivel,,
PSP_EXTRATLEITIMPL_220526_0408_20000000000602972191_000.jpg,PSP_EXTRATLEITIMPL_220526_0408,valid,mikael,ilegivel,ilegivel,,,
PSP_EXTRATLEITIMPL_220526_0408_20000000000602975030_000.jpg,PSP_EXTRATLEITIMPL_220526_0408,valid,mikael+llama32v,sem_medidor,sem_medidor,sem_medidor,,
PSP_EXTRATLEITIMPL_220526_0408_20000000000602975031_000.jpg,PSP_EXTRATLEITIMPL_220526_0408,valid,mikael,ilegivel,ilegivel,,,
PSP_EXTRATLEITIMPL_220526_0408_20000000000652955951_000.jpg,PSP_EXTRATLEITIMPL_220526_0408,valid,mikael,legivel,legivel,,4628,digitada_leiturista
PSP_EXTRATLEITIMPL_220526_0408_20000000000652967694_000.jpg,PSP_EXTRATLEITIMPL_220526_0408,valid,mikael,ilegivel,ilegivel,,,
PSP_EXTRATLEITIMPL_220526_0408_20000000000652971416_000.jpg,PSP_EXTRATLEITIMPL_220526_0408,valid,mikael,ilegivel,ilegivel,,,
PSP_EXTRATLEITIMPL_220526_0408_20000000000652975195_000.jpg,PSP_EXTRATLEITIMPL_220526_0408,valid,mikael,legivel,legivel,,12960,digitada_leiturista
PSP_EXTRATLEITIMPL_220526_0408_20000000000652975199_000.jpg,PSP_EXTRATLEITIMPL_220526_0408,valid,mikael,legivel,legivel,,3851,digitada_leiturista
PSP_EXTRATLEITIMPL_220526_0408_20000000000652975203_000.jpg,PSP_EXTRATLEITIMPL_220526_0408,valid,mikael+llama32v,legivel,legivel,legivel,21090,digitada_leiturista
PSP_EXTRATLEITIMPL_220526_0408_20000000000652978013_000.jpg,PSP_EXTRATLEITIMPL_220526_0408,valid,mikael+llama32v,legivel,legivel,legivel,7052,digitada_leiturista
PSP_EXTRATLEITIMPL_220526_0408_20000000000652979007_000.jpg,PSP_EXTRATLEITIMPL_220526_0408,valid,mikael+llama32v,ilegivel,ilegivel,ilegivel,,
PSP_EXTRATLEITIMPL_220526_0408_20000000000702952828_000.jpg,PSP_EXTRATLEITIMPL_220526_0408,valid,mikael+llama32v,legivel,legivel,legivel,2605,digitada_leiturista
PSP_EXTRATLEITIMPL_220526_0408_20000000000702957802_000.jpg,PSP_EXTRATLEITIMPL_220526_0408,valid,mikael,legivel,legivel,,1358,digitada_leiturista
PSP_EXTRATLEITIMPL_220526_0408_20000000000702958692_000.jpg,PSP_EXTRATLEITIMPL_220526_0408,valid,mikael+llama32v,legivel,ilegivel,legivel,152,digitada_leiturista
PSP_EXTRATLEITIMPL_220526_0408_20000000000702959684_000.jpg,PSP_EXTRATLEITIMPL_220526_0408,valid,mikael+llama32v,ilegivel,ilegivel,ilegivel,,
PSP_EXTRATLEITIMPL_220526_0408_20000000000702964377_000.jpg,PSP_EXTRATLEITIMPL_220526_0408,valid,mikael,legivel,legivel,,5336,digitada_leiturista
PSP_EXTRATLEITIMPL_220526_0408_20000000000702964391_000.jpg,PSP_EXTRATLEITIMPL_220526_0408,valid,mikael+llama32v,legivel,legivel,legivel,123017,digitada_leiturista
PSP_EXTRATLEITIMPL_220526_0408_20000000000702965283_002.jpg,PSP_EXTRATLEITIMPL_220526_0408,valid,mikael,legivel,legivel,,,
PSP_EXTRATLEITIMPL_220526_0408_20000000000752962809_000.jpg,PSP_EXTRATLEITIMPL_220526_0408,valid,mikael,legivel,legivel,,110650,digitada_leiturista
PSP_EXTRATLEITIMPL_220526_0408_20000000000752963863_000.jpg,PSP_EXTRATLEITIMPL_220526_0408,valid,mikael,ilegivel,ilegivel,,,
PSP_EXTRATLEITIMPL_220526_0408_20000000000752967661_000.jpg,PSP_EXTRATLEITIMPL_220526_0408,valid,mikael,ilegivel,ilegivel,,,
PSP_EXTRATLEITIMPL_220526_0408_20000000000752974189_000.jpg,PSP_EXTRATLEITIMPL_220526_0408,valid,mikael,sem_medidor,sem_medidor,,,
PSP_EXTRATLEITIMPL_220526_0408_20000000000752975177_000.jpg,PSP_EXTRATLEITIMPL_220526_0408,valid,mikael+llama32v,ilegivel,ilegivel,ilegivel,,
PSP_EXTRATLEITIMPL_220526_0408_20000000000752975178_000.jpg,PSP_EXTRATLEITIMPL_220526_0408,valid,mikael,ilegivel,ilegivel,,,
PSP_EXTRATLEITIMPL_220526_0408_20000000000752976036_000.jpg,PSP_EXTRATLEITIMPL_220526_0408,valid,mikael,legivel,legivel,,218,digitada_leiturista
PSP_EXTRATLEITIMPL_220526_0408_20000000000752977003_000.jpg,PSP_EXTRATLEITIMPL_220526_0408,valid,mikael+llama32v,ilegivel,ilegivel,ilegivel,,
PSP_EXTRATLEITIMPL_220526_0408_20000000000752977015_000.jpg,PSP_EXTRATLEITIMPL_220526_0408,valid,mikael,ilegivel,ilegivel,,,
PSP_EXTRATLEITIMPL_220526_0408_20000000000802956944_000.jpg,PSP_EXTRATLEITIMPL_220526_0408,valid,mikael+llama32v,legivel,ilegivel,legivel,186478,digitada_leiturista
PSP_EXTRATLEITIMPL_220526_0408_20000000000802958890_000.jpg,PSP_EXTRATLEITIMPL_220526_0408,valid,mikael+llama32v,sem_medidor,sem_medidor,sem_medidor,,
PSP_EXTRATLEITIMPL_220526_0408_20000000000802965686_000.jpg,PSP_EXTRATLEITIMPL_220526_0408,valid,mikael,ilegivel,ilegivel,,,
PSP_EXTRATLEITIMPL_220526_0408_20000000000802968531_000.jpg,PSP_EXTRATLEITIMPL_220526_0408,valid,mikael+llama32v,legivel,ilegivel,legivel,13796,digitada_leiturista
PSP_EXTRATLEITIMPL_220526_0408_20000000000802968543_000.jpg,PSP_EXTRATLEITIMPL_220526_0408,valid,mikael,ilegivel,ilegivel,,,
PSP_EXTRATLEITIMPL_220526_0408_20000000000802974160_000.jpg,PSP_EXTRATLEITIMPL_220526_0408,valid,mikael,legivel,legivel,,41973,digitada_leiturista
PSP_EXTRATLEITIMPL_220526_0408_20000000000852944975_000.jpg,PSP_EXTRATLEITIMPL_220526_0408,valid,mikael+llama32v,legivel,legivel,legivel,14412,digitada_leiturista
PSP_EXTRATLEITIMPL_220526_0408_20000000000852951915_000.jpg,PSP_EXTRATLEITIMPL_220526_0408,valid,mikael,ilegivel,ilegivel,,,
PSP_EXTRATLEITIMPL_220526_0408_20000000000852957888_000.jpg,PSP_EXTRATLEITIMPL_220526_0408,valid,mikael+llama32v,legivel,ilegivel,legivel,33564,digitada_leiturista
PSP_EXTRATLEITIMPL_220526_0408_20000000000852959895_000.jpg,PSP_EXTRATLEITIMPL_220526_0408,valid,mikael,ilegivel,ilegivel,,,
PSP_EXTRATLEITIMPL_220526_0408_20000000000852964696_000.jpg,PSP_EXTRATLEITIMPL_220526_0408,valid,mikael,legivel,legivel,,16598,digitada_leiturista
PSP_EXTRATLEITIMPL_220526_0408_20000000000852964704_000.jpg,PSP_EXTRATLEITIMPL_220526_0408,valid,mikael+llama32v,legivel,legivel,legivel,29956,digitada_leiturista
PSP_EXTRATLEITIMPL_220526_0408_20000000000852964707_000.jpg,PSP_EXTRATLEITIMPL_220526_0408,valid,mikael,ilegivel,ilegivel,,,
PSP_EXTRATLEITIMPL_220526_0408_20000000000852965682_000.jpg,PSP_EXTRATLEITIMPL_220526_0408,valid,mikael,ilegivel,ilegivel,,,
PSP_EXTRATLEITIMPL_220526_0408_20000000000852976079_000.jpg,PSP_EXTRATLEITIMPL_220526_0408,valid,mikael+llama32v,ilegivel,ilegivel,ilegivel,,
PSP_EXTRATLEITIMPL_220526_0408_20000000000902953949_000.jpg,PSP_EXTRATLEITIMPL_220526_0408,valid,mikael,legivel,legivel,,99999,digitada_leiturista
PSP_EXTRATLEITIMPL_220526_0408_20000000000902958913_000.jpg,PSP_EXTRATLEITIMPL_220526_0408,valid,mikael,legivel,legivel,,1761,digitada_leiturista
PSP_EXTRATLEITIMPL_220526_0408_20000000000902960937_000.jpg,PSP_EXTRATLEITIMPL_220526_0408,valid,mikael,ilegivel,ilegivel,,,
PSP_EXTRATLEITIMPL_220526_0408_20000000000902964928_000.jpg,PSP_EXTRATLEITIMPL_220526_0408,valid,mikael,ilegivel,ilegivel,,,
PSP_EXTRATLEITIMPL_220526_0408_20000000000902975433_000.jpg,PSP_EXTRATLEITIMPL_220526_0408,valid,mikael+llama32v,sem_medidor,sem_medidor,sem_medidor,,
PSP_EXTRATLEITIMPL_220526_0408_20000000000902977372_000.jpg,PSP_EXTRATLEITIMPL_220526_0408,valid,mikael,ilegivel,ilegivel,,,
PSP_EXTRATLEITIMPL_220526_0408_20000000000902985008_000.jpg,PSP_EXTRATLEITIMPL_220526_0408,valid,mikael,legivel,legivel,,2719,digitada_leiturista
PSP_EXTRATLEITIMPL_220526_0408_20000000000952945949_000.jpg,PSP_EXTRATLEITIMPL_220526_0408,valid,mikael,ilegivel,ilegivel,,,
PSP_EXTRATLEITIMPL_220526_0408_20000000000952946919_000.jpg,PSP_EXTRATLEITIMPL_220526_0408,valid,mikael,ilegivel,ilegivel,,,
PSP_EXTRATLEITIMPL_220526_0408_20000000000952960697_000.jpg,PSP_EXTRATLEITIMPL_220526_0408,valid,mikael,ilegivel,ilegivel,,,
PSP_EXTRATLEITIMPL_220526_0408_20000000000952965450_000.jpg,PSP_EXTRATLEITIMPL_220526_0408,valid,mikael,ilegivel,ilegivel,,,
PSP_EXTRATLEITIMPL_220526_0408_20000000000952966444_000.jpg,PSP_EXTRATLEITIMPL_220526_0408,valid,mikael,sem_medidor,sem_medidor,,,
PSP_EXTRATLEITIMPL_220526_0408_20000000000952969310_000.jpg,PSP_EXTRATLEITIMPL_220526_0408,valid,mikael+llama32v,legivel,legivel,legivel,7959,digitada_leiturista
PSP_EXTRATLEITIMPL_220526_0408_20000000000952971192_000.jpg,PSP_EXTRATLEITIMPL_220526_0408,valid,mikael,ilegivel,ilegivel,,,
PSP_EXTRATLEITIMPL_220526_0408_20000000001002952899_000.jpg,PSP_EXTRATLEITIMPL_220526_0408,valid,mikael,legivel,legivel,,28609,digitada_leiturista
PSP_EXTRATLEITIMPL_220526_0408_20000000001002959830_000.jpg,PSP_EXTRATLEITIMPL_220526_0408,valid,mikael+llama32v,ilegivel,ilegivel,ilegivel,,
PSP_EXTRATLEITIMPL_220526_0408_20000000001002960796_000.jpg,PSP_EXTRATLEITIMPL_220526_0408,valid,mikael,ilegivel,ilegivel,,,
PSP_EXTRATLEITIMPL_220526_0408_20000000001002965475_000.jpg,PSP_EXTRATLEITIMPL_220526_0408,valid,mikael+llama32v,ilegivel,ilegivel,ilegivel,,
PSP_EXTRATLEITIMPL_220526_0408_20000000001002965477_000.jpg,PSP_EXTRATLEITIMPL_220526_0408,valid,mikael,legivel,legivel,,50843,digitada_leiturista
PSP_EXTRATLEITIMPL_220526_0408_20000000001002966490_000.jpg,PSP_EXTRATLEITIMPL_220526_0408,valid,mikael,legivel,legivel,,,
PSP_EXTRATLEITIMPL_220526_0408_20000000001002969392_000.jpg,PSP_EXTRATLEITIMPL_220526_0408,valid,mikael,legivel,legivel,,26173,digitada_leiturista
PSP_EXTRATLEITIMPL_220526_0408_20000000001002970321_000.jpg,PSP_EXTRATLEITIMPL_220526_0408,valid,mikael+llama32v,ilegivel,ilegivel,ilegivel,,
PSP_EXTRATLEITIMPL_220526_0408_20000000001002973076_000.jpg,PSP_EXTRATLEITIMPL_220526_0408,valid,mikael,legivel,legivel,,24830,digitada_leiturista
PSP_EXTRATLEITIMPL_220526_0408_20000000001002973077_000.jpg,PSP_EXTRATLEITIMPL_220526_0408,valid,mikael+llama32v,ilegivel,ilegivel,ilegivel,,
PSP_EXTRATLEITIMPL_220526_0408_20000000001052978383_000.jpg,PSP_EXTRATLEITIMPL_220526_0408,valid,mikael,legivel,legivel,,1748,digitada_leiturista
PSP_EXTRATLEITIMPL_220526_0408_20000000001052982027_000.jpg,PSP_EXTRATLEITIMPL_220526_0408,valid,mikael,legivel,legivel,,18,digitada_leiturista
PSP_EXTRATLEITIMPL_220526_0408_20000000001052983014_000.jpg,PSP_EXTRATLEITIMPL_220526_0408,valid,mikael+llama32v,legivel,ilegivel,legivel,21950,digitada_leiturista
PSP_EXTRATLEITIMPL_220526_0408_20000000001102963801_001.jpg,PSP_EXTRATLEITIMPL_220526_0408,valid,mikael,ilegivel,ilegivel,,,
PSP_EXTRATLEITIMPL_220526_0408_20000000001102970542_000.jpg,PSP_EXTRATLEITIMPL_220526_0408,valid,mikael+llama32v,legivel,legivel,legivel,38197,digitada_leiturista
PSP_EXTRATLEITIMPL_220526_0408_20000000001102974315_000.jpg,PSP_EXTRATLEITIMPL_220526_0408,valid,mikael+llama32v,legivel,legivel,legivel,36210,digitada_leiturista
PSP_EXTRATLEITIMPL_220526_0408_20000000001152952989_000.jpg,PSP_EXTRATLEITIMPL_220526_0408,valid,mikael+llama32v,legivel,legivel,legivel,36666,digitada_leiturista
PSP_EXTRATLEITIMPL_220526_0408_20000000001152966764_000.jpg,PSP_EXTRATLEITIMPL_220526_0408,valid,mikael,legivel,legivel,,11,digitada_leiturista
PSP_EXTRATLEITIMPL_220526_0408_20000000001152969631_000.jpg,PSP_EXTRATLEITIMPL_220526_0408,valid,mikael,legivel,legivel,,23568,digitada_leiturista
PSP_EXTRATLEITIMPL_220526_0408_20000000001152969637_000.jpg,PSP_EXTRATLEITIMPL_220526_0408,valid,mikael,ilegivel,ilegivel,,,
PSP_EXTRATLEITIMPL_220526_0408_20000000001152976376_000.jpg,PSP_EXTRATLEITIMPL_220526_0408,valid,mikael,ilegivel,ilegivel,,,
PSP_EXTRATLEITIMPL_220526_0408_20000000001152977287_000.jpg,PSP_EXTRATLEITIMPL_220526_0408,valid,mikael+llama32v,legivel,ilegivel,legivel,188,digitada_leiturista
PSP_EXTRATLEITIMPL_220526_0408_20000000001152980049_000.jpg,PSP_EXTRATLEITIMPL_220526_0408,valid,mikael,ilegivel,ilegivel,,,
PSP_EXTRATLEITIMPL_220526_0408_20000000001202972798_000.jpg,PSP_EXTRATLEITIMPL_220526_0408,valid,mikael,ilegivel,ilegivel,,,
PSP_EXTRATLEITIMPL_220526_0408_20000000001202972815_000.jpg,PSP_EXTRATLEITIMPL_220526_0408,valid,mikael,ilegivel,ilegivel,,,
PSP_EXTRATLEITIMPL_220526_0408_20000000001202974657_000.jpg,PSP_EXTRATLEITIMPL_220526_0408,valid,mikael,ilegivel,ilegivel,,,
PSP_EXTRATLEITIMPL_220526_0408_20000000001202975589_000.jpg,PSP_EXTRATLEITIMPL_220526_0408,valid,mikael,ilegivel,ilegivel,,,
PSP_EXTRATLEITIMPL_220526_0408_20000000001202977533_000.jpg,PSP_EXTRATLEITIMPL_220526_0408,valid,mikael,ilegivel,ilegivel,,,
PSP_EXTRATLEITIMPL_220526_0408_20000000001202980397_000.jpg,PSP_EXTRATLEITIMPL_220526_0408,valid,mikael,sem_medidor,sem_medidor,,,
PSP_EXTRATLEITIMPL_220526_0408_20000000001202981373_000.jpg,PSP_EXTRATLEITIMPL_220526_0408,valid,mikael,ilegivel,ilegivel,,,
PSP_EXTRATLEITIMPL_220526_0408_20000000001202983181_000.jpg,PSP_EXTRATLEITIMPL_220526_0408,valid,mikael+llama32v,legivel,ilegivel,legivel,119321,digitada_leiturista
PSP_EXTRATLEITIMPL_220526_0408_20000000001202983183_000.jpg,PSP_EXTRATLEITIMPL_220526_0408,valid,mikael,ilegivel,ilegivel,,,
PSP_EXTRATLEITIMPL_220526_0408_20000000001202985097_000.jpg,PSP_EXTRATLEITIMPL_220526_0408,valid,mikael,ilegivel,ilegivel,,,
PSP_EXTRATLEITIMPL_220526_0408_20000000001202986056_000.jpg,PSP_EXTRATLEITIMPL_220526_0408,valid,mikael,ilegivel,ilegivel,,,
PSP_EXTRATLEITIMPL_220526_0408_20000000001252963965_000.jpg,PSP_EXTRATLEITIMPL_220526_0408,valid,mikael,ilegivel,ilegivel,,,
PSP_EXTRATLEITIMPL_220526_0408_20000000001252963968_000.jpg,PSP_EXTRATLEITIMPL_220526_0408,valid,mikael,ilegivel,ilegivel,,,
PSP_EXTRATLEITIMPL_220526_0408_20000000001252978658_000.jpg,PSP_EXTRATLEITIMPL_220526_0408,valid,mikael,ilegivel,ilegivel,,,
PSP_EXTRATLEITIMPL_220526_0408_20000000001252981588_000.jpg,PSP_EXTRATLEITIMPL_220526_0408,valid,mikael,ilegivel,ilegivel,,,
PSP_EXTRATLEITIMPL_220526_0408_20000000001252981607_000.jpg,PSP_EXTRATLEITIMPL_220526_0408,valid,mikael,ilegivel,ilegivel,,,
PSP_EXTRATLEITIMPL_220526_0408_20000000001252988108_000.jpg,PSP_EXTRATLEITIMPL_220526_0408,valid,mikael,ilegivel,ilegivel,,,
PSP_EXTRATLEITIMPL_220526_0408_20000000001252988116_000.jpg,PSP_EXTRATLEITIMPL_220526_0408,valid,mikael,ilegivel,ilegivel,,,
PSP_EXTRATLEITIMPL_220526_0408_20000000001252991003_000.jpg,PSP_EXTRATLEITIMPL_220526_0408,valid,mikael,ilegivel,ilegivel,,,
PSP_EXTRATLEITIMPL_220526_0408_20000000001302965976_000.jpg,PSP_EXTRATLEITIMPL_220526_0408,valid,mikael,ilegivel,ilegivel,,,
PSP_EXTRATLEITIMPL_220526_0408_20000000001302965983_000.jpg,PSP_EXTRATLEITIMPL_220526_0408,valid,mikael,ilegivel,ilegivel,,,
PSP_EXTRATLEITIMPL_220526_0408_20000000001302980759_000.jpg,PSP_EXTRATLEITIMPL_220526_0408,valid,mikael+llama32v,legivel,ilegivel,legivel,3764,digitada_leiturista
PSP_EXTRATLEITIMPL_220526_0408_20000000001302988404_000.jpg,PSP_EXTRATLEITIMPL_220526_0408,valid,mikael+llama32v,ilegivel,ilegivel,ilegivel,,
PSP_EXTRATLEITIMPL_220526_0408_20000000001302991212_000.jpg,PSP_EXTRATLEITIMPL_220526_0408,valid,mikael,ilegivel,ilegivel,,,
PSP_EXTRATLEITIMPL_220526_0408_20000000001352969981_000.jpg,PSP_EXTRATLEITIMPL_220526_0408,valid,mikael,ilegivel,ilegivel,,,
PSP_EXTRATLEITIMPL_220526_0408_20000000001352970998_000.jpg,PSP_EXTRATLEITIMPL_220526_0408,valid,mikael,ilegivel,ilegivel,,,
PSP_EXTRATLEITIMPL_220526_0408_20000000001352970999_000.jpg,PSP_EXTRATLEITIMPL_220526_0408,valid,mikael+llama32v,ilegivel,ilegivel,ilegivel,,
PSP_EXTRATLEITIMPL_220526_0408_20000000001352977900_000.jpg,PSP_EXTRATLEITIMPL_220526_0408,valid,mikael,ilegivel,ilegivel,,,
PSP_EXTRATLEITIMPL_220526_0408_20000000001352981759_000.jpg,PSP_EXTRATLEITIMPL_220526_0408,valid,mikael,ilegivel,ilegivel,,,
PSP_EXTRATLEITIMPL_220526_0408_20000000001352986539_000.jpg,PSP_EXTRATLEITIMPL_220526_0408,valid,mikael,sem_medidor,sem_medidor,,,
PSP_EXTRATLEITIMPL_220526_0408_20000000001352998015_000.jpg,PSP_EXTRATLEITIMPL_220526_0408,valid,mikael,ilegivel,ilegivel,,,
PSP_EXTRATLEITIMPL_220526_0408_20000000001352998028_000.jpg,PSP_EXTRATLEITIMPL_220526_0408,valid,mikael+llama32v,legivel,ilegivel,legivel,28746,digitada_leiturista
PSP_EXTRATLEITIMPL_220526_0408_20000000001352999005_000.jpg,PSP_EXTRATLEITIMPL_220526_0408,valid,mikael,ilegivel,ilegivel,,,
PSP_EXTRATLEITIMPL_220526_0408_20000000001352999016_000.jpg,PSP_EXTRATLEITIMPL_220526_0408,valid,mikael,ilegivel,ilegivel,,,
PSP_EXTRATLEITIMPL_220526_0408_20000000001402972894_000.jpg,PSP_EXTRATLEITIMPL_220526_0408,valid,mikael,ilegivel,ilegivel,,,
PSP_EXTRATLEITIMPL_220526_0408_20000000001402975919_000.jpg,PSP_EXTRATLEITIMPL_220526_0408,valid,mikael,ilegivel,ilegivel,,,
PSP_EXTRATLEITIMPL_220526_0408_20000000001402980675_000.jpg,PSP_EXTRATLEITIMPL_220526_0408,valid,mikael,ilegivel,ilegivel,,,
PSP_EXTRATLEITIMPL_220526_0408_20000000001402981685_000.jpg,PSP_EXTRATLEITIMPL_220526_0408,valid,mikael,ilegivel,ilegivel,,,
PSP_EXTRATLEITIMPL_220526_0408_20000000001402991137_000.jpg,PSP_EXTRATLEITIMPL_220526_0408,valid,mikael+llama32v,legivel,ilegivel,legivel,17219,digitada_leiturista
PSP_EXTRATLEITIMPL_220526_0408_20000000001402993067_000.jpg,PSP_EXTRATLEITIMPL_220526_0408,valid,mikael,ilegivel,ilegivel,,,
PSP_EXTRATLEITIMPL_220526_0408_20000000001402993078_000.jpg,PSP_EXTRATLEITIMPL_220526_0408,valid,mikael,legivel,legivel,,4677,digitada_leiturista
PSP_EXTRATLEITIMPL_220526_0408_20000000001402995035_000.jpg,PSP_EXTRATLEITIMPL_220526_0408,valid,mikael+llama32v,ilegivel,ilegivel,ilegivel,,
PSP_EXTRATLEITIMPL_220526_0408_20000000001402996006_000.jpg,PSP_EXTRATLEITIMPL_220526_0408,valid,mikael,sem_medidor,sem_medidor,,,
PSP_EXTRATLEITIMPL_220526_0408_20000000001402996016_000.jpg,PSP_EXTRATLEITIMPL_220526_0408,valid,mikael,legivel,legivel,,137890,digitada_leiturista
PSP_EXTRATLEITIMPL_220526_0408_20000000001402996019_000.jpg,PSP_EXTRATLEITIMPL_220526_0408,valid,mikael,ilegivel,ilegivel,,,
PSP_EXTRATLEITIMPL_220526_0408_20000000001452972916_000.jpg,PSP_EXTRATLEITIMPL_220526_0408,valid,mikael+llama32v,legivel,ilegivel,legivel,116374,digitada_leiturista
PSP_EXTRATLEITIMPL_220526_0408_20000000001452972922_000.jpg,PSP_EXTRATLEITIMPL_220526_0408,valid,mikael,ilegivel,ilegivel,,,
PSP_EXTRATLEITIMPL_220526_0408_20000000001452979894_000.jpg,PSP_EXTRATLEITIMPL_220526_0408,valid,mikael,ilegivel,ilegivel,,,
PSP_EXTRATLEITIMPL_220526_0408_20000000001452992301_000.jpg,PSP_EXTRATLEITIMPL_220526_0408,valid,mikael,ilegivel,ilegivel,,,
PSP_EXTRATLEITIMPL_220526_0408_20000000001452992314_000.jpg,PSP_EXTRATLEITIMPL_220526_0408,valid,mikael,legivel,legivel,,3140,digitada_leiturista
PSP_EXTRATLEITIMPL_220526_0408_20000000001452994210_001.jpg,PSP_EXTRATLEITIMPL_220526_0408,valid,mikael,ilegivel,ilegivel,,,
PSP_EXTRATLEITIMPL_220526_0408_20000000001452996085_000.jpg,PSP_EXTRATLEITIMPL_220526_0408,valid,mikael,ilegivel,ilegivel,,,
PSP_EXTRATLEITIMPL_220526_0408_20000000001502967891_000.jpg,PSP_EXTRATLEITIMPL_220526_0408,valid,mikael,ilegivel,ilegivel,,,
PSP_EXTRATLEITIMPL_220526_0408_20000000001502967898_000.jpg,PSP_EXTRATLEITIMPL_220526_0408,valid,mikael+llama32v,legivel,ilegivel,legivel,50,digitada_leiturista
PSP_EXTRATLEITIMPL_220526_0408_20000000001502967899_000.jpg,PSP_EXTRATLEITIMPL_220526_0408,valid,mikael,ilegivel,ilegivel,,,
PSP_EXTRATLEITIMPL_220526_0408_20000000001502969909_000.jpg,PSP_EXTRATLEITIMPL_220526_0408,valid,mikael,ilegivel,ilegivel,,,
PSP_EXTRATLEITIMPL_220526_0408_20000000001502970951_000.jpg,PSP_EXTRATLEITIMPL_220526_0408,valid,mikael,ilegivel,ilegivel,,,
PSP_EXTRATLEITIMPL_220526_0408_20000000001502970964_000.jpg,PSP_EXTRATLEITIMPL_220526_0408,valid,mikael,ilegivel,ilegivel,,,
PSP_EXTRATLEITIMPL_220526_0408_20000000001502974808_000.jpg,PSP_EXTRATLEITIMPL_220526_0408,valid,mikael,ilegivel,ilegivel,,,
PSP_EXTRATLEITIMPL_220526_0408_20000000001502975787_000.jpg,PSP_EXTRATLEITIMPL_220526_0408,valid,mikael,ilegivel,ilegivel,,,
PSP_EXTRATLEITIMPL_220526_0408_20000000001502979587_000.jpg,PSP_EXTRATLEITIMPL_220526_0408,valid,mikael,ilegivel,ilegivel,,,
PSP_EXTRATLEITIMPL_220526_0408_20000000001502980598_001.jpg,PSP_EXTRATLEITIMPL_220526_0408,valid,mikael,ilegivel,ilegivel,,,
PSP_EXTRATLEITIMPL_220526_0408_20000000001502980603_000.jpg,PSP_EXTRATLEITIMPL_220526_0408,valid,mikael+llama32v,legivel,ilegivel,legivel,44333,digitada_leiturista
PSP_EXTRATLEITIMPL_220526_0408_20000000001502981414_000.jpg,PSP_EXTRATLEITIMPL_220526_0408,valid,mikael,ilegivel,ilegivel,,,
PSP_EXTRATLEITIMPL_220526_0408_20000000001502981426_000.jpg,PSP_EXTRATLEITIMPL_220526_0408,valid,mikael,ilegivel,ilegivel,,,
PSP_EXTRATLEITIMPL_220526_0408_20000000001502983300_000.jpg,PSP_EXTRATLEITIMPL_220526_0408,valid,mikael,ilegivel,ilegivel,,,
PSP_EXTRATLEITIMPL_220526_0408_20000000001502986159_000.jpg,PSP_EXTRATLEITIMPL_220526_0408,valid,mikael,ilegivel,ilegivel,,,
PSP_EXTRATLEITIMPL_220526_0408_20000000001502987088_000.jpg,PSP_EXTRATLEITIMPL_220526_0408,valid,mikael,ilegivel,ilegivel,,,
PSP_EXTRATLEITIMPL_220526_0408_20000000001502991001_000.jpg,PSP_EXTRATLEITIMPL_220526_0408,valid,mikael,ilegivel,ilegivel,,,
PSP_EXTRATLEITIMPL_220526_0408_20000000001552976874_000.jpg,PSP_EXTRATLEITIMPL_220526_0408,valid,mikael,ilegivel,ilegivel,,,
PSP_EXTRATLEITIMPL_220526_0408_20000000001552979786_000.jpg,PSP_EXTRATLEITIMPL_220526_0408,valid,mikael,legivel,legivel,,26038,digitada_leiturista
PSP_EXTRATLEITIMPL_220526_0408_20000000001552982549_000.jpg,PSP_EXTRATLEITIMPL_220526_0408,valid,mikael,ilegivel,ilegivel,,,
PSP_EXTRATLEITIMPL_220526_0408_20000000001552982563_000.jpg,PSP_EXTRATLEITIMPL_220526_0408,valid,mikael,ilegivel,ilegivel,,,
PSP_EXTRATLEITIMPL_220526_0408_20000000001552987439_000.jpg,PSP_EXTRATLEITIMPL_220526_0408,valid,mikael,ilegivel,ilegivel,,,
PSP_EXTRATLEITIMPL_220526_0408_20000000001552988414_000.jpg,PSP_EXTRATLEITIMPL_220526_0408,valid,mikael+llama32v,ilegivel,ilegivel,sem_medidor,,
PSP_EXTRATLEITIMPL_220526_0408_20000000001552991178_000.jpg,PSP_EXTRATLEITIMPL_220526_0408,valid,mikael,sem_medidor,sem_medidor,,,
PSP_EXTRATLEITIMPL_220526_0408_20000000001552997011_000.jpg,PSP_EXTRATLEITIMPL_220526_0408,valid,mikael,ilegivel,ilegivel,,,
PSP_EXTRATLEITIMPL_220526_0408_20000000001602982805_000.jpg,PSP_EXTRATLEITIMPL_220526_0408,valid,mikael,ilegivel,ilegivel,,,
PSP_EXTRATLEITIMPL_220526_0408_20000000001602983685_000.jpg,PSP_EXTRATLEITIMPL_220526_0408,valid,mikael,ilegivel,ilegivel,,,
PSP_EXTRATLEITIMPL_220526_0408_20000000001602986594_000.jpg,PSP_EXTRATLEITIMPL_220526_0408,valid,mikael,sem_medidor,sem_medidor,,,
PSP_EXTRATLEITIMPL_220526_0408_20000000001602987544_000.jpg,PSP_EXTRATLEITIMPL_220526_0408,valid,mikael,legivel,legivel,,52674,digitada_leiturista
PSP_EXTRATLEITIMPL_220526_0408_20000000001602987555_000.jpg,PSP_EXTRATLEITIMPL_220526_0408,valid,mikael,legivel,legivel,,117682,digitada_leiturista
PSP_EXTRATLEITIMPL_220526_0408_20000000001602999036_000.jpg,PSP_EXTRATLEITIMPL_220526_0408,valid,mikael,legivel,legivel,,27344,digitada_leiturista
PSP_EXTRATLEITIMPL_220526_0408_20000000001603001001_000.jpg,PSP_EXTRATLEITIMPL_220526_0408,valid,mikael+llama32v,legivel,ilegivel,legivel,36959,digitada_leiturista
PSP_EXTRATLEITIMPL_220526_0408_20000000001652971990_001.jpg,PSP_EXTRATLEITIMPL_220526_0408,valid,mikael+llama32v,legivel,ilegivel,legivel,0,digitada_leiturista
PSP_EXTRATLEITIMPL_220526_0408_20000000001652978799_000.jpg,PSP_EXTRATLEITIMPL_220526_0408,valid,mikael,ilegivel,ilegivel,,,
PSP_EXTRATLEITIMPL_220526_0408_20000000001652992078_000.jpg,PSP_EXTRATLEITIMPL_220526_0408,valid,mikael+llama32v,legivel,legivel,legivel,11787,digitada_leiturista
PSP_EXTRATLEITIMPL_220526_0408_20000000001702967788_000.jpg,PSP_EXTRATLEITIMPL_220526_0408,valid,mikael+llama32v,ilegivel,ilegivel,ilegivel,,
PSP_EXTRATLEITIMPL_220526_0408_20000000001702968774_000.jpg,PSP_EXTRATLEITIMPL_220526_0408,valid,mikael,sem_medidor,sem_medidor,,,
PSP_EXTRATLEITIMPL_220526_0408_20000000001702971627_000.jpg,PSP_EXTRATLEITIMPL_220526_0408,valid,mikael,ilegivel,ilegivel,,,
PSP_EXTRATLEITIMPL_220526_0408_20000000001702978364_000.jpg,PSP_EXTRATLEITIMPL_220526_0408,valid,mikael,ilegivel,ilegivel,,,
PSP_EXTRATLEITIMPL_220526_0408_20000000001702981091_000.jpg,PSP_EXTRATLEITIMPL_220526_0408,valid,mikael,ilegivel,ilegivel,,,
PSP_EXTRATLEITIMPL_220526_0408_20000000001702988013_000.jpg,PSP_EXTRATLEITIMPL_220526_0408,valid,mikael,ilegivel,ilegivel,,,
PSP_EXTRATLEITIMPL_220526_0408_20000000001752966976_000.jpg,PSP_EXTRATLEITIMPL_220526_0408,valid,mikael,legivel,legivel,,1904,digitada_leiturista
PSP_EXTRATLEITIMPL_220526_0408_20000000001752968920_000.jpg,PSP_EXTRATLEITIMPL_220526_0408,valid,mikael,legivel,legivel,,99999,digitada_leiturista
PSP_EXTRATLEITIMPL_220526_0408_20000000001752968931_000.jpg,PSP_EXTRATLEITIMPL_220526_0408,valid,mikael+llama32v,ilegivel,ilegivel,sem_medidor,,
PSP_EXTRATLEITIMPL_220526_0408_20000000001752970866_000.jpg,PSP_EXTRATLEITIMPL_220526_0408,valid,mikael+llama32v,legivel,legivel,legivel,60990,digitada_leiturista
PSP_EXTRATLEITIMPL_220526_0408_20000000001752978763_000.jpg,PSP_EXTRATLEITIMPL_220526_0408,valid,mikael,legivel,legivel,,8207,digitada_leiturista
PSP_EXTRATLEITIMPL_220526_0408_20000000001752979697_000.jpg,PSP_EXTRATLEITIMPL_220526_0408,valid,mikael,legivel,legivel,,9611,digitada_leiturista
PSP_EXTRATLEITIMPL_220526_0408_20000000001752982655_000.jpg,PSP_EXTRATLEITIMPL_220526_0408,valid,mikael+llama32v,legivel,ilegivel,legivel,54084,digitada_leiturista
PSP_EXTRATLEITIMPL_220526_0408_20000000001752984440_000.jpg,PSP_EXTRATLEITIMPL_220526_0408,valid,mikael,ilegivel,ilegivel,,,
PSP_EXTRATLEITIMPL_220526_0408_20000000001752988174_000.jpg,PSP_EXTRATLEITIMPL_220526_0408,valid,mikael,legivel,legivel,,60744,digitada_leiturista
PSP_EXTRATLEITIMPL_220526_0408_20000000001752991044_000.jpg,PSP_EXTRATLEITIMPL_220526_0408,valid,mikael,legivel,legivel,,14955,digitada_leiturista
PSP_EXTRATLEITIMPL_220526_0408_20000000001802982959_000.jpg,PSP_EXTRATLEITIMPL_220526_0408,valid,mikael+llama32v,legivel,ilegivel,legivel,5662,digitada_leiturista
PSP_EXTRATLEITIMPL_220526_0408_20000000001802988970_000.jpg,PSP_EXTRATLEITIMPL_220526_0408,valid,mikael+llama32v,legivel,legivel,legivel,9617,digitada_leiturista
PSP_EXTRATLEITIMPL_220526_0408_20000000001802991851_000.jpg,PSP_EXTRATLEITIMPL_220526_0408,valid,mikael,ilegivel,ilegivel,,,
PSP_EXTRATLEITIMPL_220526_0408_20000000001802999409_000.jpg,PSP_EXTRATLEITIMPL_220526_0408,valid,mikael,ilegivel,ilegivel,,,
PSP_EXTRATLEITIMPL_220526_0408_20000000001802999410_000.jpg,PSP_EXTRATLEITIMPL_220526_0408,valid,mikael+llama32v,legivel,ilegivel,legivel,11899,digitada_leiturista
PSP_EXTRATLEITIMPL_220526_0408_20000000001803000430_000.jpg,PSP_EXTRATLEITIMPL_220526_0408,valid,mikael,legivel,legivel,,7,digitada_leiturista
PSP_EXTRATLEITIMPL_220526_0408_20000000001803001362_000.jpg,PSP_EXTRATLEITIMPL_220526_0408,valid,mikael,legivel,legivel,,4839,digitada_leiturista
PSP_EXTRATLEITIMPL_220526_0408_20000000001803003243_001.jpg,PSP_EXTRATLEITIMPL_220526_0408,valid,mikael+llama32v,legivel,legivel,legivel,251,digitada_leiturista
PSP_EXTRATLEITIMPL_220526_0408_20000000001803005114_000.jpg,PSP_EXTRATLEITIMPL_220526_0408,valid,mikael,ilegivel,ilegivel,,,
PSP_EXTRATLEITIMPL_220526_0408_20000000001852975960_000.jpg,PSP_EXTRATLEITIMPL_220526_0408,valid,mikael,ilegivel,ilegivel,,,
PSP_EXTRATLEITIMPL_220526_0408_20000000001852977759_000.jpg,PSP_EXTRATLEITIMPL_220526_0408,valid,mikael+llama32v,legivel,legivel,legivel,10756,digitada_leiturista
PSP_EXTRATLEITIMPL_220526_0408_20000000001852980700_000.jpg,PSP_EXTRATLEITIMPL_220526_0408,valid,mikael+llama32v,sem_medidor,sem_medidor,sem_medidor,,
PSP_EXTRATLEITIMPL_220526_0408_20000000001852982646_000.jpg,PSP_EXTRATLEITIMPL_220526_0408,valid,mikael,ilegivel,ilegivel,,,
PSP_EXTRATLEITIMPL_220526_0408_20000000001852988370_000.jpg,PSP_EXTRATLEITIMPL_220526_0408,valid,mikael,legivel,legivel,,0,digitada_leiturista
PSP_EXTRATLEITIMPL_220526_0408_20000000001852991154_000.jpg,PSP_EXTRATLEITIMPL_220526_0408,valid,mikael,legivel,legivel,,16339,digitada_leiturista
PSP_EXTRATLEITIMPL_220526_0408_20000000001852993092_000.jpg,PSP_EXTRATLEITIMPL_220526_0408,valid,mikael,ilegivel,ilegivel,,,
PSP_EXTRATLEITIMPL_220526_0408_20000000001852997002_000.jpg,PSP_EXTRATLEITIMPL_220526_0408,valid,mikael,sem_medidor,sem_medidor,,,
PSP_EXTRATLEITIMPL_220526_0408_20000000001902978784_000.jpg,PSP_EXTRATLEITIMPL_220526_0408,valid,mikael+llama32v,legivel,ilegivel,legivel,531,digitada_leiturista
PSP_EXTRATLEITIMPL_220526_0408_20000000001902983622_000.jpg,PSP_EXTRATLEITIMPL_220526_0408,valid,mikael+llama32v,ilegivel,ilegivel,ilegivel,,
PSP_EXTRATLEITIMPL_220526_0408_20000000001902983635_000.jpg,PSP_EXTRATLEITIMPL_220526_0408,valid,mikael,ilegivel,ilegivel,,,
PSP_EXTRATLEITIMPL_220526_0408_20000000001902984507_000.jpg,PSP_EXTRATLEITIMPL_220526_0408,valid,mikael+llama32v,legivel,ilegivel,legivel,7482,digitada_leiturista
PSP_EXTRATLEITIMPL_220526_0408_20000000001902989278_000.jpg,PSP_EXTRATLEITIMPL_220526_0408,valid,mikael,ilegivel,ilegivel,,,
PSP_EXTRATLEITIMPL_220526_0408_20000000001902989283_002.jpg,PSP_EXTRATLEITIMPL_220526_0408,valid,mikael,ilegivel,ilegivel,,,
PSP_EXTRATLEITIMPL_220526_0408_20000000001902990189_000.jpg,PSP_EXTRATLEITIMPL_220526_0408,valid,mikael,ilegivel,ilegivel,,,
PSP_EXTRATLEITIMPL_220526_0408_20000000001902990190_000.jpg,PSP_EXTRATLEITIMPL_220526_0408,valid,mikael,legivel,legivel,,92901,digitada_leiturista
PSP_EXTRATLEITIMPL_220526_0408_20000000001902991147_001.jpg,PSP_EXTRATLEITIMPL_220526_0408,valid,mikael,ilegivel,ilegivel,,,
PSP_EXTRATLEITIMPL_220526_0408_20000000001902997029_000.jpg,PSP_EXTRATLEITIMPL_220526_0408,valid,mikael,ilegivel,ilegivel,,,
PSP_EXTRATLEITIMPL_220526_0408_20000000001952974973_001.jpg,PSP_EXTRATLEITIMPL_220526_0408,valid,mikael,ilegivel,ilegivel,,,
PSP_EXTRATLEITIMPL_220526_0408_20000000001952991353_000.jpg,PSP_EXTRATLEITIMPL_220526_0408,valid,mikael,ilegivel,ilegivel,,,
PSP_EXTRATLEITIMPL_220526_0408_20000000001952992310_000.jpg,PSP_EXTRATLEITIMPL_220526_0408,valid,mikael,ilegivel,ilegivel,,,
PSP_EXTRATLEITIMPL_220526_0408_20000000001952996074_000.jpg,PSP_EXTRATLEITIMPL_220526_0408,valid,mikael,sem_medidor,sem_medidor,,,
PSP_EXTRATLEITIMPL_220526_0408_20000000001952999027_000.jpg,PSP_EXTRATLEITIMPL_220526_0408,valid,mikael,ilegivel,ilegivel,,,
PSP_EXTRATLEITIMPL_220526_0408_20000000001953001003_000.jpg,PSP_EXTRATLEITIMPL_220526_0408,valid,mikael,ilegivel,ilegivel,,,
PSP_EXTRATLEITIMPL_220526_0408_20000000002002988826_000.jpg,PSP_EXTRATLEITIMPL_220526_0408,valid,mikael,legivel,legivel,,68331,digitada_leiturista
PSP_EXTRATLEITIMPL_220526_0408_20000000002002989690_000.jpg,PSP_EXTRATLEITIMPL_220526_0408,valid,mikael,legivel,legivel,,4480,digitada_leiturista
PSP_EXTRATLEITIMPL_220526_0408_20000000002002999288_000.jpg,PSP_EXTRATLEITIMPL_220526_0408,valid,mikael,sem_medidor,sem_medidor,,,
PSP_EXTRATLEITIMPL_220526_0408_20000000002003001146_000.jpg,PSP_EXTRATLEITIMPL_220526_0408,valid,mikael,ilegivel,ilegivel,,,
PSP_EXTRATLEITIMPL_220526_0408_20000000002003002069_000.jpg,PSP_EXTRATLEITIMPL_220526_0408,valid,mikael,ilegivel,ilegivel,,,
PSP_EXTRATLEITIMPL_220526_0408_20000000002003005022_000.jpg,PSP_EXTRATLEITIMPL_220526_0408,valid,mikael,ilegivel,ilegivel,,,
PSP_EXTRATLEITIMPL_220526_0408_20000000002003007014_000.jpg,PSP_EXTRATLEITIMPL_220526_0408,valid,mikael+llama32v,legivel,legivel,legivel,44,digitada_leiturista
PSP_EXTRATLEITIMPL_220526_0408_20000000002052993546_000.jpg,PSP_EXTRATLEITIMPL_220526_0408,valid,mikael,ilegivel,ilegivel,,,
PSP_EXTRATLEITIMPL_220526_0408_20000000002052993549_000.jpg,PSP_EXTRATLEITIMPL_220526_0408,valid,mikael,legivel,legivel,,22286,digitada_leiturista
PSP_EXTRATLEITIMPL_220526_0408_20000000002052996436_000.jpg,PSP_EXTRATLEITIMPL_220526_0408,valid,mikael+llama32v,legivel,legivel,legivel,0,digitada_leiturista
PSP_EXTRATLEITIMPL_220526_0408_20000000002053002069_000.jpg,PSP_EXTRATLEITIMPL_220526_0408,valid,mikael,sem_medidor,sem_medidor,,,
PSP_EXTRATLEITIMPL_220526_0408_20000000002053002071_000.jpg,PSP_EXTRATLEITIMPL_220526_0408,valid,mikael,legivel,legivel,,5636,digitada_leiturista
PSP_EXTRATLEITIMPL_220526_0408_20000000002053004034_000.jpg,PSP_EXTRATLEITIMPL_220526_0408,valid,mikael,ilegivel,ilegivel,,,
PSP_EXTRATLEITIMPL_220526_0408_20000000002053004043_000.jpg,PSP_EXTRATLEITIMPL_220526_0408,valid,mikael,ilegivel,ilegivel,,,
PSP_EXTRATLEITIMPL_220526_0408_20000000002053006013_000.jpg,PSP_EXTRATLEITIMPL_220526_0408,valid,mikael,ilegivel,ilegivel,,,
PSP_EXTRATLEITIMPL_220526_0408_20000000002102971846_000.jpg,PSP_EXTRATLEITIMPL_220526_0408,valid,mikael+llama32v,sem_medidor,sem_medidor,sem_medidor,,
PSP_EXTRATLEITIMPL_220526_0408_20000000002102971857_000.jpg,PSP_EXTRATLEITIMPL_220526_0408,valid,mikael+llama32v,ilegivel,ilegivel,sem_medidor,,
PSP_EXTRATLEITIMPL_220526_0408_20000000002102971861_000.jpg,PSP_EXTRATLEITIMPL_220526_0408,valid,mikael,ilegivel,ilegivel,,,
PSP_EXTRATLEITIMPL_220526_0408_20000000002102973845_000.jpg,PSP_EXTRATLEITIMPL_220526_0408,valid,mikael+llama32v,legivel,ilegivel,legivel,18403,digitada_leiturista
PSP_EXTRATLEITIMPL_220526_0408_20000000002102974806_000.jpg,PSP_EXTRATLEITIMPL_220526_0408,valid,mikael,ilegivel,ilegivel,,,
PSP_EXTRATLEITIMPL_220526_0408_20000000002102976625_000.jpg,PSP_EXTRATLEITIMPL_220526_0408,valid,mikael,ilegivel,ilegivel,,,
PSP_EXTRATLEITIMPL_220526_0408_20000000002102978603_000.jpg,PSP_EXTRATLEITIMPL_220526_0408,valid,mikael,ilegivel,ilegivel,,,
PSP_EXTRATLEITIMPL_220526_0408_20000000002102981434_000.jpg,PSP_EXTRATLEITIMPL_220526_0408,valid,mikael,legivel,legivel,,7110,digitada_leiturista
PSP_EXTRATLEITIMPL_220526_0408_20000000002102985183_000.jpg,PSP_EXTRATLEITIMPL_220526_0408,valid,mikael,ilegivel,ilegivel,,,
PSP_EXTRATLEITIMPL_220526_0408_20000000002102986149_000.jpg,PSP_EXTRATLEITIMPL_220526_0408,valid,mikael,ilegivel,ilegivel,,,
PSP_EXTRATLEITIMPL_220526_0408_20000000002102988095_000.jpg,PSP_EXTRATLEITIMPL_220526_0408,valid,mikael,ilegivel,ilegivel,,,
PSP_EXTRATLEITIMPL_220526_0408_20000000002102991023_000.jpg,PSP_EXTRATLEITIMPL_220526_0408,valid,mikael+llama32v,legivel,legivel,legivel,6986,digitada_leiturista
PSP_EXTRATLEITIMPL_220526_0408_20000000002152952944_000.jpg,PSP_EXTRATLEITIMPL_220526_0408,valid,mikael,ilegivel,ilegivel,,,
PSP_EXTRATLEITIMPL_220526_0408_20000000002152965782_000.jpg,PSP_EXTRATLEITIMPL_220526_0408,valid,mikael,ilegivel,ilegivel,,,
PSP_EXTRATLEITIMPL_220526_0408_20000000002152966803_000.jpg,PSP_EXTRATLEITIMPL_220526_0408,valid,mikael,legivel,legivel,,16948,digitada_leiturista
PSP_EXTRATLEITIMPL_220526_0408_20000000002152967752_000.jpg,PSP_EXTRATLEITIMPL_220526_0408,valid,mikael,ilegivel,ilegivel,,,
PSP_EXTRATLEITIMPL_220526_0408_20000000002152970530_000.jpg,PSP_EXTRATLEITIMPL_220526_0408,valid,mikael,ilegivel,ilegivel,,,
PSP_EXTRATLEITIMPL_220526_0408_20000000002152971513_000.jpg,PSP_EXTRATLEITIMPL_220526_0408,valid,mikael,legivel,legivel,,225298,digitada_leiturista
PSP_EXTRATLEITIMPL_220526_0408_20000000002152975340_000.jpg,PSP_EXTRATLEITIMPL_220526_0408,valid,mikael,ilegivel,ilegivel,,,
PSP_EXTRATLEITIMPL_220526_0408_20000000002152976295_003.jpg,PSP_EXTRATLEITIMPL_220526_0408,valid,mikael,ilegivel,ilegivel,,,
PSP_EXTRATLEITIMPL_220526_0408_20000000002152982034_000.jpg,PSP_EXTRATLEITIMPL_220526_0408,valid,mikael+llama32v,ilegivel,ilegivel,ilegivel,,
PSP_EXTRATLEITIMPL_220526_0408_20000000002202977548_001.jpg,PSP_EXTRATLEITIMPL_220526_0408,valid,mikael,legivel,legivel,,,
PSP_EXTRATLEITIMPL_220526_0408_20000000002202979460_000.jpg,PSP_EXTRATLEITIMPL_220526_0408,valid,mikael,ilegivel,ilegivel,,,
PSP_EXTRATLEITIMPL_220526_0408_20000000002202980434_000.jpg,PSP_EXTRATLEITIMPL_220526_0408,valid,mikael+llama32v,ilegivel,ilegivel,ilegivel,,
PSP_EXTRATLEITIMPL_220526_0408_20000000002252972958_000.jpg,PSP_EXTRATLEITIMPL_220526_0408,valid,mikael,legivel,legivel,,26991,digitada_leiturista
PSP_EXTRATLEITIMPL_220526_0408_20000000002252980745_000.jpg,PSP_EXTRATLEITIMPL_220526_0408,valid,mikael+llama32v,legivel,legivel,legivel,1816,digitada_leiturista
PSP_EXTRATLEITIMPL_220526_0408_20000000002252980766_000.jpg,PSP_EXTRATLEITIMPL_220526_0408,valid,mikael+llama32v,ilegivel,ilegivel,ilegivel,,
PSP_EXTRATLEITIMPL_220526_0408_20000000002252981663_000.jpg,PSP_EXTRATLEITIMPL_220526_0408,valid,mikael,legivel,legivel,,16567,digitada_leiturista
PSP_EXTRATLEITIMPL_220526_0408_20000000002252981664_000.jpg,PSP_EXTRATLEITIMPL_220526_0408,valid,mikael,legivel,legivel,,22118,digitada_leiturista
PSP_EXTRATLEITIMPL_220526_0408_20000000002252988441_000.jpg,PSP_EXTRATLEITIMPL_220526_0408,valid,mikael,ilegivel,ilegivel,,,
PSP_EXTRATLEITIMPL_220526_0408_20000000002252989309_000.jpg,PSP_EXTRATLEITIMPL_220526_0408,valid,mikael,ilegivel,ilegivel,,,
PSP_EXTRATLEITIMPL_220526_0408_20000000002252992178_000.jpg,PSP_EXTRATLEITIMPL_220526_0408,valid,mikael,legivel,legivel,,7,digitada_leiturista
PSP_EXTRATLEITIMPL_220526_0408_20000000002252993126_000.jpg,PSP_EXTRATLEITIMPL_220526_0408,valid,mikael,ilegivel,ilegivel,,,
PSP_EXTRATLEITIMPL_220526_0408_20000000002252994078_000.jpg,PSP_EXTRATLEITIMPL_220526_0408,valid,mikael,ilegivel,ilegivel,,,
PSP_EXTRATLEITIMPL_220526_0408_20000000002252996014_000.jpg,PSP_EXTRATLEITIMPL_220526_0408,valid,mikael,ilegivel,ilegivel,,,
PSP_EXTRATLEITIMPL_220526_0408_20000000002302969983_000.jpg,PSP_EXTRATLEITIMPL_220526_0408,valid,mikael,ilegivel,ilegivel,,,
PSP_EXTRATLEITIMPL_220526_0408_20000000002302970987_000.jpg,PSP_EXTRATLEITIMPL_220526_0408,valid,mikael,ilegivel,ilegivel,,,
PSP_EXTRATLEITIMPL_220526_0408_20000000002302975924_000.jpg,PSP_EXTRATLEITIMPL_220526_0408,valid,mikael+llama32v,ilegivel,ilegivel,ilegivel,,
PSP_EXTRATLEITIMPL_220526_0408_20000000002302976770_000.jpg,PSP_EXTRATLEITIMPL_220526_0408,valid,mikael,ilegivel,ilegivel,,,
PSP_EXTRATLEITIMPL_220526_0408_20000000002302979801_000.jpg,PSP_EXTRATLEITIMPL_220526_0408,valid,mikael+llama32v,legivel,ilegivel,legivel,13351,digitada_leiturista
PSP_EXTRATLEITIMPL_220526_0408_20000000002302984549_000.jpg,PSP_EXTRATLEITIMPL_220526_0408,valid,mikael+llama32v,legivel,ilegivel,legivel,4289,digitada_leiturista
PSP_EXTRATLEITIMPL_220526_0408_20000000002302984555_000.jpg,PSP_EXTRATLEITIMPL_220526_0408,valid,mikael,legivel,legivel,,6939,digitada_leiturista
PSP_EXTRATLEITIMPL_220526_0408_20000000002302990210_000.jpg,PSP_EXTRATLEITIMPL_220526_0408,valid,mikael,legivel,legivel,,51,digitada_leiturista
PSP_EXTRATLEITIMPL_220526_0408_20000000002352970911_000.jpg,PSP_EXTRATLEITIMPL_220526_0408,valid,mikael,legivel,legivel,,10010,digitada_leiturista
PSP_EXTRATLEITIMPL_220526_0408_20000000002352973809_000.jpg,PSP_EXTRATLEITIMPL_220526_0408,valid,mikael+llama32v,ilegivel,ilegivel,ilegivel,,
PSP_EXTRATLEITIMPL_220526_0408_20000000002352975650_000.jpg,PSP_EXTRATLEITIMPL_220526_0408,valid,mikael,ilegivel,ilegivel,,,
PSP_EXTRATLEITIMPL_220526_0408_20000000002352975657_000.jpg,PSP_EXTRATLEITIMPL_220526_0408,valid,mikael,ilegivel,ilegivel,,,
PSP_EXTRATLEITIMPL_220526_0408_20000000002352978592_000.jpg,PSP_EXTRATLEITIMPL_220526_0408,valid,mikael,ilegivel,ilegivel,,,
PSP_EXTRATLEITIMPL_220526_0408_20000000002352980508_000.jpg,PSP_EXTRATLEITIMPL_220526_0408,valid,mikael,legivel,legivel,,70527,digitada_leiturista
PSP_EXTRATLEITIMPL_220526_0408_20000000002402957958_000.jpg,PSP_EXTRATLEITIMPL_220526_0408,valid,mikael+llama32v,legivel,ilegivel,legivel,14850,digitada_leiturista
PSP_EXTRATLEITIMPL_220526_0408_20000000002402964915_000.jpg,PSP_EXTRATLEITIMPL_220526_0408,valid,mikael,legivel,legivel,,10,digitada_leiturista
PSP_EXTRATLEITIMPL_220526_0408_20000000002402969779_000.jpg,PSP_EXTRATLEITIMPL_220526_0408,valid,mikael+llama32v,legivel,ilegivel,legivel,6502,digitada_leiturista
PSP_EXTRATLEITIMPL_220526_0408_20000000002402972677_000.jpg,PSP_EXTRATLEITIMPL_220526_0408,valid,mikael,legivel,legivel,,,
PSP_EXTRATLEITIMPL_220526_0408_20000000002402973690_000.jpg,PSP_EXTRATLEITIMPL_220526_0408,valid,mikael,ilegivel,ilegivel,,,
PSP_EXTRATLEITIMPL_220526_0408_20000000002452985686_000.jpg,PSP_EXTRATLEITIMPL_220526_0408,valid,mikael,ilegivel,ilegivel,,,
PSP_EXTRATLEITIMPL_220526_0408_20000000002452987659_000.jpg,PSP_EXTRATLEITIMPL_220526_0408,valid,mikael+llama32v,ilegivel,ilegivel,ilegivel,,
PSP_EXTRATLEITIMPL_220526_0408_20000000002452989609_000.jpg,PSP_EXTRATLEITIMPL_220526_0408,valid,mikael,ilegivel,ilegivel,,,
PSP_EXTRATLEITIMPL_220526_0408_20000000002452999026_000.jpg,PSP_EXTRATLEITIMPL_220526_0408,valid,mikael,ilegivel,ilegivel,,,
PSP_EXTRATLEITIMPL_220526_0408_20000000002453000008_000.jpg,PSP_EXTRATLEITIMPL_220526_0408,valid,mikael,ilegivel,ilegivel,,,
PSP_EXTRATLEITIMPL_220526_0408_20000000002453000011_000.jpg,PSP_EXTRATLEITIMPL_220526_0408,valid,mikael+llama32v,legivel,ilegivel,legivel,20989,digitada_leiturista
PSP_EXTRATLEITIMPL_220526_0408_20000000002502972968_000.jpg,PSP_EXTRATLEITIMPL_220526_0408,valid,mikael,ilegivel,ilegivel,,,
PSP_EXTRATLEITIMPL_220526_0408_20000000002502976933_000.jpg,PSP_EXTRATLEITIMPL_220526_0408,valid,mikael,legivel,legivel,,21082,digitada_leiturista
PSP_EXTRATLEITIMPL_220526_0408_20000000002502978898_000.jpg,PSP_EXTRATLEITIMPL_220526_0408,valid,mikael+llama32v,legivel,legivel,legivel,4980,digitada_leiturista
PSP_EXTRATLEITIMPL_220526_0408_20000000002502981828_000.jpg,PSP_EXTRATLEITIMPL_220526_0408,valid,mikael+llama32v,legivel,legivel,legivel,15025,digitada_leiturista
PSP_EXTRATLEITIMPL_220526_0408_20000000002502981845_001.jpg,PSP_EXTRATLEITIMPL_220526_0408,valid,mikael,ilegivel,ilegivel,,,
PSP_EXTRATLEITIMPL_220526_0408_20000000002502983803_000.jpg,PSP_EXTRATLEITIMPL_220526_0408,valid,mikael,ilegivel,ilegivel,,,
PSP_EXTRATLEITIMPL_220526_0408_20000000002502984693_000.jpg,PSP_EXTRATLEITIMPL_220526_0408,valid,mikael,legivel,legivel,,2614,digitada_leiturista
PSP_EXTRATLEITIMPL_220526_0408_20000000002502987594_000.jpg,PSP_EXTRATLEITIMPL_220526_0408,valid,mikael+llama32v,sem_medidor,sem_medidor,sem_medidor,,
PSP_EXTRATLEITIMPL_220526_0408_20000000002502987609_000.jpg,PSP_EXTRATLEITIMPL_220526_0408,valid,mikael,ilegivel,ilegivel,,,
PSP_EXTRATLEITIMPL_220526_0408_20000000002502993255_000.jpg,PSP_EXTRATLEITIMPL_220526_0408,valid,mikael+llama32v,ilegivel,ilegivel,ilegivel,,
PSP_EXTRATLEITIMPL_220526_0408_20000000002502993261_000.jpg,PSP_EXTRATLEITIMPL_220526_0408,valid,mikael,ilegivel,ilegivel,,,
PSP_EXTRATLEITIMPL_220526_0408_20000000002552956976_000.jpg,PSP_EXTRATLEITIMPL_220526_0408,valid,mikael,legivel,legivel,,119846,digitada_leiturista
PSP_EXTRATLEITIMPL_220526_0408_20000000002552956981_000.jpg,PSP_EXTRATLEITIMPL_220526_0408,valid,mikael,legivel,legivel,,9,digitada_leiturista
PSP_EXTRATLEITIMPL_220526_0408_20000000002552956982_000.jpg,PSP_EXTRATLEITIMPL_220526_0408,valid,mikael+llama32v,legivel,legivel,legivel,32412,digitada_leiturista
PSP_EXTRATLEITIMPL_220526_0408_20000000002552962981_000.jpg,PSP_EXTRATLEITIMPL_220526_0408,valid,mikael,ilegivel,ilegivel,,,
PSP_EXTRATLEITIMPL_220526_0408_20000000002552978607_000.jpg,PSP_EXTRATLEITIMPL_220526_0408,valid,mikael+llama32v,legivel,ilegivel,legivel,23228,digitada_leiturista
PSP_EXTRATLEITIMPL_220526_0408_20000000002552982310_000.jpg,PSP_EXTRATLEITIMPL_220526_0408,valid,mikael,ilegivel,ilegivel,,,
PSP_EXTRATLEITIMPL_220526_0408_20000000002602966980_000.jpg,PSP_EXTRATLEITIMPL_220526_0408,valid,mikael,ilegivel,ilegivel,,,
PSP_EXTRATLEITIMPL_220526_0408_20000000002602966987_000.jpg,PSP_EXTRATLEITIMPL_220526_0408,valid,mikael,sem_medidor,sem_medidor,,,
PSP_EXTRATLEITIMPL_220526_0408_20000000002602968997_000.jpg,PSP_EXTRATLEITIMPL_220526_0408,valid,mikael+llama32v,legivel,ilegivel,legivel,87,digitada_leiturista
PSP_EXTRATLEITIMPL_220526_0408_20000000002602977925_000.jpg,PSP_EXTRATLEITIMPL_220526_0408,valid,mikael,ilegivel,ilegivel,,,
PSP_EXTRATLEITIMPL_220526_0408_20000000002602979799_000.jpg,PSP_EXTRATLEITIMPL_220526_0408,valid,mikael,legivel,legivel,,10253,digitada_leiturista
PSP_EXTRATLEITIMPL_220526_0408_20000000002602986657_000.jpg,PSP_EXTRATLEITIMPL_220526_0408,valid,mikael+llama32v,ilegivel,ilegivel,ilegivel,,
PSP_EXTRATLEITIMPL_220526_0408_20000000002602991379_000.jpg,PSP_EXTRATLEITIMPL_220526_0408,valid,mikael,legivel,legivel,,595,digitada_leiturista
PSP_EXTRATLEITIMPL_220526_0408_20000000002602996022_000.jpg,PSP_EXTRATLEITIMPL_220526_0408,valid,mikael,legivel,legivel,,3391,digitada_leiturista
PSP_EXTRATLEITIMPL_220526_0408_20000000002652974964_001.jpg,PSP_EXTRATLEITIMPL_220526_0408,valid,mikael,legivel,legivel,,,
PSP_EXTRATLEITIMPL_220526_0408_20000000002652985673_000.jpg,PSP_EXTRATLEITIMPL_220526_0408,valid,mikael,ilegivel,ilegivel,,,
PSP_EXTRATLEITIMPL_220526_0408_20000000002652987583_000.jpg,PSP_EXTRATLEITIMPL_220526_0408,valid,mikael,ilegivel,ilegivel,,,
PSP_EXTRATLEITIMPL_220526_0408_20000000002652991268_000.jpg,PSP_EXTRATLEITIMPL_220526_0408,valid,mikael,ilegivel,ilegivel,,,
PSP_EXTRATLEITIMPL_220526_0408_20000000002652991274_000.jpg,PSP_EXTRATLEITIMPL_220526_0408,valid,mikael,legivel,legivel,,2435,digitada_leiturista
PSP_EXTRATLEITIMPL_220526_0408_20000000002652992189_000.jpg,PSP_EXTRATLEITIMPL_220526_0408,valid,mikael,ilegivel,ilegivel,,,
PSP_EXTRATLEITIMPL_220526_0408_20000000002652993148_000.jpg,PSP_EXTRATLEITIMPL_220526_0408,valid,mikael,legivel,legivel,,1250,digitada_leiturista
PSP_EXTRATLEITIMPL_220526_0408_20000000002652995089_000.jpg,PSP_EXTRATLEITIMPL_220526_0408,valid,mikael+llama32v,ilegivel,ilegivel,ilegivel,,
PSP_EXTRATLEITIMPL_220526_0408_20000000002652996025_000.jpg,PSP_EXTRATLEITIMPL_220526_0408,valid,mikael,ilegivel,ilegivel,,,
PSP_EXTRATLEITIMPL_220526_0408_20000000002652998013_000.jpg,PSP_EXTRATLEITIMPL_220526_0408,valid,mikael+llama32v,ilegivel,ilegivel,ilegivel,,
PSP_EXTRATLEITIMPL_220526_0408_20000000002702968995_000.jpg,PSP_EXTRATLEITIMPL_220526_0408,valid,mikael,ilegivel,ilegivel,,,
PSP_EXTRATLEITIMPL_220526_0408_20000000002702972872_000.jpg,PSP_EXTRATLEITIMPL_220526_0408,valid,mikael+llama32v,legivel,ilegivel,legivel,38675,digitada_leiturista
PSP_EXTRATLEITIMPL_220526_0408_20000000002702977806_000.jpg,PSP_EXTRATLEITIMPL_220526_0408,valid,mikael,legivel,legivel,,2154,digitada_leiturista
PSP_EXTRATLEITIMPL_220526_0408_20000000002702982615_000.jpg,PSP_EXTRATLEITIMPL_220526_0408,valid,mikael,ilegivel,ilegivel,,,
PSP_EXTRATLEITIMPL_220526_0408_20000000002702986406_000.jpg,PSP_EXTRATLEITIMPL_220526_0408,valid,mikael+llama32v,legivel,ilegivel,legivel,7244,digitada_leiturista
PSP_EXTRATLEITIMPL_220526_0408_20000000002702987368_000.jpg,PSP_EXTRATLEITIMPL_220526_0408,valid,mikael,ilegivel,ilegivel,,,
PSP_EXTRATLEITIMPL_220526_0408_20000000002702988309_000.jpg,PSP_EXTRATLEITIMPL_220526_0408,valid,mikael,legivel,legivel,,12432,digitada_leiturista
PSP_EXTRATLEITIMPL_220526_0408_20000000002702989180_000.jpg,PSP_EXTRATLEITIMPL_220526_0408,valid,mikael,ilegivel,ilegivel,,,
PSP_EXTRATLEITIMPL_220526_0408_20000000002702994009_000.jpg,PSP_EXTRATLEITIMPL_220526_0408,valid,mikael,legivel,legivel,,,
PSP_EXTRATLEITIMPL_220526_0408_20000000002752969911_000.jpg,PSP_EXTRATLEITIMPL_220526_0408,valid,mikael,legivel,legivel,,16347,digitada_leiturista
PSP_EXTRATLEITIMPL_220526_0408_20000000002752970958_000.jpg,PSP_EXTRATLEITIMPL_220526_0408,valid,mikael+llama32v,legivel,ilegivel,legivel,16071,digitada_leiturista
PSP_EXTRATLEITIMPL_220526_0408_20000000002752978841_002.jpg,PSP_EXTRATLEITIMPL_220526_0408,valid,mikael,ilegivel,ilegivel,,,
PSP_EXTRATLEITIMPL_220526_0408_20000000002752982673_000.jpg,PSP_EXTRATLEITIMPL_220526_0408,valid,mikael+llama32v,ilegivel,ilegivel,ilegivel,,
PSP_EXTRATLEITIMPL_220526_0408_20000000002752984641_000.jpg,PSP_EXTRATLEITIMPL_220526_0408,valid,mikael+llama32v,legivel,ilegivel,legivel,53426,digitada_leiturista
PSP_EXTRATLEITIMPL_220526_0408_20000000002752986533_000.jpg,PSP_EXTRATLEITIMPL_220526_0408,valid,mikael+llama32v,sem_medidor,sem_medidor,sem_medidor,,
PSP_EXTRATLEITIMPL_220526_0408_20000000002752986539_000.jpg,PSP_EXTRATLEITIMPL_220526_0408,valid,mikael+llama32v,legivel,legivel,legivel,15605,digitada_leiturista
PSP_EXTRATLEITIMPL_220526_0408_20000000002752989387_000.jpg,PSP_EXTRATLEITIMPL_220526_0408,valid,mikael,ilegivel,ilegivel,,,
PSP_EXTRATLEITIMPL_220526_0408_20000000002752992212_000.jpg,PSP_EXTRATLEITIMPL_220526_0408,valid,mikael+llama32v,legivel,ilegivel,legivel,32264,digitada_leiturista
PSP_EXTRATLEITIMPL_220526_0408_20000000002802991331_000.jpg,PSP_EXTRATLEITIMPL_220526_0408,valid,mikael+llama32v,legivel,legivel,legivel,99999,digitada_leiturista
PSP_EXTRATLEITIMPL_220526_0408_20000000002802995040_000.jpg,PSP_EXTRATLEITIMPL_220526_0408,valid,mikael,legivel,legivel,,44499,digitada_leiturista
PSP_EXTRATLEITIMPL_220526_0408_20000000002802996030_000.jpg,PSP_EXTRATLEITIMPL_220526_0408,valid,mikael+llama32v,legivel,ilegivel,legivel,7988,digitada_leiturista
PSP_EXTRATLEITIMPL_220526_0408_20000000002852967987_000.jpg,PSP_EXTRATLEITIMPL_220526_0408,valid,mikael,ilegivel,ilegivel,,,
PSP_EXTRATLEITIMPL_220526_0408_20000000002852970936_000.jpg,PSP_EXTRATLEITIMPL_220526_0408,valid,mikael+llama32v,legivel,ilegivel,legivel,143244,digitada_leiturista
PSP_EXTRATLEITIMPL_220526_0408_20000000002852970938_000.jpg,PSP_EXTRATLEITIMPL_220526_0408,valid,mikael,ilegivel,ilegivel,,,
PSP_EXTRATLEITIMPL_220526_0408_20000000002852972756_001.jpg,PSP_EXTRATLEITIMPL_220526_0408,valid,mikael+llama32v,legivel,legivel,legivel,0,digitada_leiturista
PSP_EXTRATLEITIMPL_220526_0408_20000000002852975652_000.jpg,PSP_EXTRATLEITIMPL_220526_0408,valid,mikael+llama32v,ilegivel,ilegivel,ilegivel,,
PSP_EXTRATLEITIMPL_220526_0408_20000000002852976713_000.jpg,PSP_EXTRATLEITIMPL_220526_0408,valid,mikael,ilegivel,ilegivel,,,
PSP_EXTRATLEITIMPL_220526_0408_20000000002852978553_000.jpg,PSP_EXTRATLEITIMPL_220526_0408,valid,mikael,ilegivel,ilegivel,,,
PSP_EXTRATLEITIMPL_220526_0408_20000000002852983305_000.jpg,PSP_EXTRATLEITIMPL_220526_0408,valid,mikael,ilegivel,ilegivel,,,
PSP_EXTRATLEITIMPL_220526_0408_20000000002852984303_000.jpg,PSP_EXTRATLEITIMPL_220526_0408,valid,mikael,ilegivel,ilegivel,,,
PSP_EXTRATLEITIMPL_220526_0408_20000000002852987082_000.jpg,PSP_EXTRATLEITIMPL_220526_0408,valid,mikael,ilegivel,ilegivel,,,
PSP_EXTRATLEITIMPL_220526_0408_20000000002852987092_000.jpg,PSP_EXTRATLEITIMPL_220526_0408,valid,mikael,ilegivel,ilegivel,,,
PSP_EXTRATLEITIMPL_220526_0408_20000000002852989073_000.jpg,PSP_EXTRATLEITIMPL_220526_0408,valid,mikael,ilegivel,ilegivel,,,
PSP_EXTRATLEITIMPL_220526_0408_20000000002852990055_000.jpg,PSP_EXTRATLEITIMPL_220526_0408,valid,mikael,ilegivel,ilegivel,,,
PSP_EXTRATLEITIMPL_220526_0408_20000000002902974944_000.jpg,PSP_EXTRATLEITIMPL_220526_0408,valid,mikael+llama32v,ilegivel,ilegivel,sem_medidor,,
PSP_EXTRATLEITIMPL_220526_0408_20000000002902974950_000.jpg,PSP_EXTRATLEITIMPL_220526_0408,valid,mikael,legivel,legivel,,,
PSP_EXTRATLEITIMPL_220526_0408_20000000002902986484_000.jpg,PSP_EXTRATLEITIMPL_220526_0408,valid,mikael,ilegivel,ilegivel,,,
PSP_EXTRATLEITIMPL_220526_0408_20000000002902991182_000.jpg,PSP_EXTRATLEITIMPL_220526_0408,valid,mikael,legivel,legivel,,10410,digitada_leiturista
PSP_EXTRATLEITIMPL_220526_0408_20000000002902993090_000.jpg,PSP_EXTRATLEITIMPL_220526_0408,valid,mikael,ilegivel,ilegivel,,,
PSP_EXTRATLEITIMPL_220526_0408_20000000002902993108_000.jpg,PSP_EXTRATLEITIMPL_220526_0408,valid,mikael,ilegivel,ilegivel,,,
PSP_EXTRATLEITIMPL_220526_0408_20000000002902994077_000.jpg,PSP_EXTRATLEITIMPL_220526_0408,valid,mikael,ilegivel,ilegivel,,,
PSP_EXTRATLEITIMPL_220526_0408_20000000002902994079_000.jpg,PSP_EXTRATLEITIMPL_220526_0408,valid,mikael,ilegivel,ilegivel,,,
PSP_EXTRATLEITIMPL_220526_0408_20000000002902995065_001.jpg,PSP_EXTRATLEITIMPL_220526_0408,valid,mikael,legivel,legivel,,,
PSP_EXTRATLEITIMPL_220526_0408_20000000002902996027_000.jpg,PSP_EXTRATLEITIMPL_220526_0408,valid,mikael,ilegivel,ilegivel,,,
PSP_EXTRATLEITIMPL_220526_0408_20000000002902997014_000.jpg,PSP_EXTRATLEITIMPL_220526_0408,valid,mikael,ilegivel,ilegivel,,,
PSP_EXTRATLEITIMPL_220526_0408_20000000002952969982_000.jpg,PSP_EXTRATLEITIMPL_220526_0408,valid,mikael,legivel,legivel,,1312,digitada_leiturista
PSP_EXTRATLEITIMPL_220526_0408_20000000002952976814_000.jpg,PSP_EXTRATLEITIMPL_220526_0408,valid,mikael,ilegivel,ilegivel,,,
PSP_EXTRATLEITIMPL_220526_0408_20000000002952977809_000.jpg,PSP_EXTRATLEITIMPL_220526_0408,valid,mikael+llama32v,legivel,ilegivel,legivel,15964,digitada_leiturista
PSP_EXTRATLEITIMPL_220526_0408_20000000002952978769_000.jpg,PSP_EXTRATLEITIMPL_220526_0408,valid,mikael,legivel,legivel,,88052,digitada_leiturista
PSP_EXTRATLEITIMPL_220526_0408_20000000002952979750_000.jpg,PSP_EXTRATLEITIMPL_220526_0408,valid,mikael+llama32v,legivel,legivel,legivel,7476,digitada_leiturista
PSP_EXTRATLEITIMPL_220526_0408_20000000002952980709_000.jpg,PSP_EXTRATLEITIMPL_220526_0408,valid,mikael,legivel,legivel,,,
PSP_EXTRATLEITIMPL_220526_0408_20000000002952987271_000.jpg,PSP_EXTRATLEITIMPL_220526_0408,valid,mikael,ilegivel,ilegivel,,,
PSP_EXTRATLEITIMPL_220526_0408_20000000002952990170_000.jpg,PSP_EXTRATLEITIMPL_220526_0408,valid,mikael,legivel,legivel,,51716,digitada_leiturista
PSP_EXTRATLEITIMPL_220526_0408_20000000002952992038_000.jpg,PSP_EXTRATLEITIMPL_220526_0408,valid,mikael+llama32v,legivel,legivel,legivel,4747,digitada_leiturista
PSP_EXTRATLEITIMPL_220526_0408_20000000002952993048_000.jpg,PSP_EXTRATLEITIMPL_220526_0408,valid,mikael,legivel,legivel,,18,digitada_leiturista
PSP_EXTRATLEITIMPL_220526_0408_20000000002952997011_000.jpg,PSP_EXTRATLEITIMPL_220526_0408,valid,mikael,legivel,legivel,,35217,digitada_leiturista
PSP_EXTRATLEITIMPL_220526_0408_20000000003002970895_000.jpg,PSP_EXTRATLEITIMPL_220526_0408,valid,mikael+llama32v,ilegivel,ilegivel,ilegivel,,
PSP_EXTRATLEITIMPL_220526_0408_20000000003002985275_000.jpg,PSP_EXTRATLEITIMPL_220526_0408,valid,mikael+llama32v,legivel,ilegivel,legivel,7706,digitada_leiturista
PSP_EXTRATLEITIMPL_220526_0408_20000000003002986172_000.jpg,PSP_EXTRATLEITIMPL_220526_0408,valid,mikael+llama32v,ilegivel,ilegivel,ilegivel,,
PSP_EXTRATLEITIMPL_220526_0408_20000000003002994012_000.jpg,PSP_EXTRATLEITIMPL_220526_0408,valid,mikael,legivel,legivel,,30193,digitada_leiturista
PSP_EXTRATLEITIMPL_220526_0408_20000000003052980810_000.jpg,PSP_EXTRATLEITIMPL_220526_0408,valid,mikael+llama32v,legivel,legivel,legivel,23638,digitada_leiturista
PSP_EXTRATLEITIMPL_220526_0408_20000000003052981700_000.jpg,PSP_EXTRATLEITIMPL_220526_0408,valid,mikael,legivel,legivel,,318224,digitada_leiturista
PSP_EXTRATLEITIMPL_220526_0408_20000000003052981712_000.jpg,PSP_EXTRATLEITIMPL_220526_0408,valid,mikael,legivel,legivel,,29765,digitada_leiturista
PSP_EXTRATLEITIMPL_220526_0408_20000000003052986483_000.jpg,PSP_EXTRATLEITIMPL_220526_0408,valid,mikael,ilegivel,ilegivel,,,
PSP_EXTRATLEITIMPL_220526_0408_20000000003052990180_000.jpg,PSP_EXTRATLEITIMPL_220526_0408,valid,mikael,legivel,legivel,,183,digitada_leiturista
PSP_EXTRATLEITIMPL_220526_0408_20000000003052993013_000.jpg,PSP_EXTRATLEITIMPL_220526_0408,valid,mikael,sem_medidor,sem_medidor,,,
PSP_EXTRATLEITIMPL_220526_0408_20000000003102982864_000.jpg,PSP_EXTRATLEITIMPL_220526_0408,valid,mikael,ilegivel,ilegivel,,,
PSP_EXTRATLEITIMPL_220526_0408_20000000003102984838_000.jpg,PSP_EXTRATLEITIMPL_220526_0408,valid,mikael+llama32v,ilegivel,ilegivel,ilegivel,,
PSP_EXTRATLEITIMPL_220526_0408_20000000003102988647_000.jpg,PSP_EXTRATLEITIMPL_220526_0408,valid,mikael,ilegivel,ilegivel,,,
PSP_EXTRATLEITIMPL_220526_0408_20000000003102990704_000.jpg,PSP_EXTRATLEITIMPL_220526_0408,valid,mikael+llama32v,legivel,ilegivel,legivel,15554,digitada_leiturista
PSP_EXTRATLEITIMPL_220526_0408_20000000003102998118_000.jpg,PSP_EXTRATLEITIMPL_220526_0408,valid,mikael,ilegivel,ilegivel,,,
PSP_EXTRATLEITIMPL_220526_0408_20000000003103000106_000.jpg,PSP_EXTRATLEITIMPL_220526_0408,valid,mikael,ilegivel,ilegivel,,,
PSP_EXTRATLEITIMPL_220526_0408_20000000003103005013_000.jpg,PSP_EXTRATLEITIMPL_220526_0408,valid,mikael+llama32v,legivel,ilegivel,legivel,39912,digitada_leiturista
PSP_EXTRATLEITIMPL_220526_0408_20000000003152970950_000.jpg,PSP_EXTRATLEITIMPL_220526_0408,valid,mikael,legivel,legivel,,115844,digitada_leiturista
PSP_EXTRATLEITIMPL_220526_0408_20000000003152975923_000.jpg,PSP_EXTRATLEITIMPL_220526_0408,valid,mikael,legivel,legivel,,14726,digitada_leiturista
PSP_EXTRATLEITIMPL_220526_0408_20000000003152977916_000.jpg,PSP_EXTRATLEITIMPL_220526_0408,valid,mikael,legivel,legivel,,690,digitada_leiturista
PSP_EXTRATLEITIMPL_220526_0408_20000000003152984825_000.jpg,PSP_EXTRATLEITIMPL_220526_0408,valid,mikael,ilegivel,ilegivel,,,
PSP_EXTRATLEITIMPL_220526_0408_20000000003152984837_000.jpg,PSP_EXTRATLEITIMPL_220526_0408,valid,mikael,ilegivel,ilegivel,,,
PSP_EXTRATLEITIMPL_220526_0408_20000000003152987694_000.jpg,PSP_EXTRATLEITIMPL_220526_0408,valid,mikael+llama32v,legivel,legivel,legivel,64403,digitada_leiturista
PSP_EXTRATLEITIMPL_220526_0408_20000000003152989533_000.jpg,PSP_EXTRATLEITIMPL_220526_0408,valid,mikael,ilegivel,ilegivel,,,
PSP_EXTRATLEITIMPL_220526_0408_20000000003152989535_000.jpg,PSP_EXTRATLEITIMPL_220526_0408,valid,mikael,ilegivel,ilegivel,,,
PSP_EXTRATLEITIMPL_220526_0408_20000000003152993298_000.jpg,PSP_EXTRATLEITIMPL_220526_0408,valid,mikael,legivel,legivel,,15,digitada_leiturista
PSP_EXTRATLEITIMPL_220526_0408_20000000003152998124_000.jpg,PSP_EXTRATLEITIMPL_220526_0408,valid,mikael,sem_medidor,sem_medidor,,,
PSP_EXTRATLEITIMPL_220526_0408_20000000003202976985_000.jpg,PSP_EXTRATLEITIMPL_220526_0408,valid,mikael,legivel,legivel,,14750,digitada_leiturista
PSP_EXTRATLEITIMPL_220526_0408_20000000003202980951_000.jpg,PSP_EXTRATLEITIMPL_220526_0408,valid,mikael,legivel,legivel,,5640,digitada_leiturista
PSP_EXTRATLEITIMPL_220526_0408_20000000003202983780_000.jpg,PSP_EXTRATLEITIMPL_220526_0408,valid,mikael,ilegivel,ilegivel,,,
PSP_EXTRATLEITIMPL_220526_0408_20000000003202984744_000.jpg,PSP_EXTRATLEITIMPL_220526_0408,valid,mikael,legivel,legivel,,1764,digitada_leiturista
PSP_EXTRATLEITIMPL_220526_0408_20000000003202986674_000.jpg,PSP_EXTRATLEITIMPL_220526_0408,valid,mikael,ilegivel,ilegivel,,,
PSP_EXTRATLEITIMPL_220526_0408_20000000003202990435_000.jpg,PSP_EXTRATLEITIMPL_220526_0408,valid,mikael,ilegivel,ilegivel,,,
PSP_EXTRATLEITIMPL_220526_0408_20000000003202994202_000.jpg,PSP_EXTRATLEITIMPL_220526_0408,valid,mikael,ilegivel,ilegivel,,,
PSP_EXTRATLEITIMPL_220526_0408_20000000003202998070_000.jpg,PSP_EXTRATLEITIMPL_220526_0408,valid,mikael,ilegivel,ilegivel,,,
PSP_EXTRATLEITIMPL_220526_0408_20000000003203000056_000.jpg,PSP_EXTRATLEITIMPL_220526_0408,valid,mikael,legivel,legivel,,6306,digitada_leiturista
PSP_EXTRATLEITIMPL_220526_0408_20000000003252989750_000.jpg,PSP_EXTRATLEITIMPL_220526_0408,valid,mikael,ilegivel,ilegivel,,,
PSP_EXTRATLEITIMPL_220526_0408_20000000003252989772_000.jpg,PSP_EXTRATLEITIMPL_220526_0408,valid,mikael+llama32v,legivel,legivel,legivel,21532,digitada_leiturista
PSP_EXTRATLEITIMPL_220526_0408_20000000003252991798_000.jpg,PSP_EXTRATLEITIMPL_220526_0408,valid,mikael,ilegivel,ilegivel,,,
PSP_EXTRATLEITIMPL_220526_0408_20000000003252991810_000.jpg,PSP_EXTRATLEITIMPL_220526_0408,valid,mikael,ilegivel,ilegivel,,,
PSP_EXTRATLEITIMPL_220526_0408_20000000003252998421_000.jpg,PSP_EXTRATLEITIMPL_220526_0408,valid,mikael,legivel,legivel,,61,digitada_leiturista
PSP_EXTRATLEITIMPL_220526_0408_20000000003252998427_000.jpg,PSP_EXTRATLEITIMPL_220526_0408,valid,mikael,legivel,legivel,,,
PSP_EXTRATLEITIMPL_220526_0408_20000000003252998431_000.jpg,PSP_EXTRATLEITIMPL_220526_0408,valid,mikael+llama32v,ilegivel,ilegivel,ilegivel,,
PSP_EXTRATLEITIMPL_220526_0408_20000000003253004103_000.jpg,PSP_EXTRATLEITIMPL_220526_0408,valid,mikael+llama32v,ilegivel,ilegivel,ilegivel,,
PSP_EXTRATLEITIMPL_220526_0408_20000000003253004106_000.jpg,PSP_EXTRATLEITIMPL_220526_0408,valid,mikael,legivel,legivel,,10945,digitada_leiturista
PSP_EXTRATLEITIMPL_220526_0408_20000000003253010014_000.jpg,PSP_EXTRATLEITIMPL_220526_0408,valid,mikael,sem_medidor,sem_medidor,,,
PSP_EXTRATLEITIMPL_220526_0408_20000000003253011011_000.jpg,PSP_EXTRATLEITIMPL_220526_0408,valid,mikael,ilegivel,ilegivel,,,
PSP_EXTRATLEITIMPL_220526_0408_20000000003302977953_000.jpg,PSP_EXTRATLEITIMPL_220526_0408,valid,mikael,ilegivel,ilegivel,,,
PSP_EXTRATLEITIMPL_220526_0408_20000000003302988624_000.jpg,PSP_EXTRATLEITIMPL_220526_0408,valid,mikael,ilegivel,ilegivel,,,
PSP_EXTRATLEITIMPL_220526_0408_20000000003302989586_000.jpg,PSP_EXTRATLEITIMPL_220526_0408,valid,mikael,ilegivel,ilegivel,,,
PSP_EXTRATLEITIMPL_220526_0408_20000000003302990568_000.jpg,PSP_EXTRATLEITIMPL_220526_0408,valid,mikael,sem_medidor,sem_medidor,,,
PSP_EXTRATLEITIMPL_220526_0408_20000000003302993317_000.jpg,PSP_EXTRATLEITIMPL_220526_0408,valid,mikael,legivel,legivel,,361093,digitada_leiturista
PSP_EXTRATLEITIMPL_220526_0408_20000000003302993324_000.jpg,PSP_EXTRATLEITIMPL_220526_0408,valid,mikael,legivel,legivel,,29685,digitada_leiturista
PSP_EXTRATLEITIMPL_220526_0408_20000000003302994273_000.jpg,PSP_EXTRATLEITIMPL_220526_0408,valid,mikael,sem_medidor,sem_medidor,,,
PSP_EXTRATLEITIMPL_220526_0408_20000000003302994278_000.jpg,PSP_EXTRATLEITIMPL_220526_0408,valid,mikael,legivel,legivel,,102833,digitada_leiturista
PSP_EXTRATLEITIMPL_220526_0408_20000000003302995194_000.jpg,PSP_EXTRATLEITIMPL_220526_0408,valid,mikael,legivel,legivel,,9,digitada_leiturista
PSP_EXTRATLEITIMPL_220526_0408_20000000003302995202_000.jpg,PSP_EXTRATLEITIMPL_220526_0408,valid,mikael,legivel,legivel,,15590,digitada_leiturista
PSP_EXTRATLEITIMPL_220526_0408_20000000003302996121_000.jpg,PSP_EXTRATLEITIMPL_220526_0408,valid,mikael+llama32v,legivel,legivel,legivel,3911,digitada_leiturista
PSP_EXTRATLEITIMPL_220526_0408_20000000003302997081_001.jpg,PSP_EXTRATLEITIMPL_220526_0408,valid,mikael,legivel,legivel,,,
PSP_EXTRATLEITIMPL_220526_0408_20000000003352961786_000.jpg,PSP_EXTRATLEITIMPL_220526_0408,valid,mikael+llama32v,ilegivel,ilegivel,ilegivel,,
PSP_EXTRATLEITIMPL_220526_0408_20000000003352965663_000.jpg,PSP_EXTRATLEITIMPL_220526_0408,valid,mikael,ilegivel,ilegivel,,,
PSP_EXTRATLEITIMPL_220526_0408_20000000003352969464_000.jpg,PSP_EXTRATLEITIMPL_220526_0408,valid,mikael,ilegivel,ilegivel,,,
PSP_EXTRATLEITIMPL_220526_0408_20000000003352971385_000.jpg,PSP_EXTRATLEITIMPL_220526_0408,valid,mikael,ilegivel,ilegivel,,,
PSP_EXTRATLEITIMPL_220526_0408_20000000003352973286_000.jpg,PSP_EXTRATLEITIMPL_220526_0408,valid,mikael+llama32v,legivel,legivel,legivel,6529,digitada_leiturista
PSP_EXTRATLEITIMPL_220526_0408_20000000003352973287_000.jpg,PSP_EXTRATLEITIMPL_220526_0408,valid,mikael,legivel,legivel,,3409,digitada_leiturista
PSP_EXTRATLEITIMPL_220526_0408_20000000003352973292_000.jpg,PSP_EXTRATLEITIMPL_220526_0408,valid,mikael,legivel,legivel,,,
PSP_EXTRATLEITIMPL_220526_0408_20000000003352977080_000.jpg,PSP_EXTRATLEITIMPL_220526_0408,valid,mikael+llama32v,legivel,legivel,legivel,13416,digitada_leiturista
PSP_EXTRATLEITIMPL_220526_0408_20000000003352978035_000.jpg,PSP_EXTRATLEITIMPL_220526_0408,valid,mikael+llama32v,legivel,ilegivel,legivel,904,digitada_leiturista
PSP_EXTRATLEITIMPL_220526_0408_20000000003352980002_000.jpg,PSP_EXTRATLEITIMPL_220526_0408,valid,mikael,ilegivel,ilegivel,,,
PSP_EXTRATLEITIMPL_220526_0408_20000000003352981011_000.jpg,PSP_EXTRATLEITIMPL_220526_0408,valid,mikael+llama32v,legivel,legivel,legivel,920,digitada_leiturista
PSP_EXTRATLEITIMPL_220526_0408_20000000003402967987_000.jpg,PSP_EXTRATLEITIMPL_220526_0408,valid,mikael,ilegivel,ilegivel,,,
PSP_EXTRATLEITIMPL_220526_0408_20000000003402970902_000.jpg,PSP_EXTRATLEITIMPL_220526_0408,valid,mikael,legivel,legivel,,9674,digitada_leiturista
PSP_EXTRATLEITIMPL_220526_0408_20000000003402980643_000.jpg,PSP_EXTRATLEITIMPL_220526_0408,valid,mikael,legivel,legivel,,7306,digitada_leiturista
PSP_EXTRATLEITIMPL_220526_0408_20000000003402980652_000.jpg,PSP_EXTRATLEITIMPL_220526_0408,valid,mikael,legivel,legivel,,12076,digitada_leiturista
PSP_EXTRATLEITIMPL_220526_0408_20000000003402983412_000.jpg,PSP_EXTRATLEITIMPL_220526_0408,valid,mikael,legivel,legivel,,6855,digitada_leiturista
PSP_EXTRATLEITIMPL_220526_0408_20000000003402986171_000.jpg,PSP_EXTRATLEITIMPL_220526_0408,valid,mikael,legivel,legivel,,1463,digitada_leiturista
PSP_EXTRATLEITIMPL_220526_0408_20000000003402986186_000.jpg,PSP_EXTRATLEITIMPL_220526_0408,valid,mikael,legivel,legivel,,,
PSP_EXTRATLEITIMPL_220526_0408_20000000003402987092_000.jpg,PSP_EXTRATLEITIMPL_220526_0408,valid,mikael,legivel,legivel,,13421,digitada_leiturista
PSP_EXTRATLEITIMPL_220526_0408_20000000003402991040_000.jpg,PSP_EXTRATLEITIMPL_220526_0408,valid,mikael,ilegivel,ilegivel,,,
PSP_EXTRATLEITIMPL_220526_0408_20000000003452963973_000.jpg,PSP_EXTRATLEITIMPL_220526_0408,valid,mikael+llama32v,ilegivel,ilegivel,ilegivel,,
PSP_EXTRATLEITIMPL_220526_0408_20000000003452970821_000.jpg,PSP_EXTRATLEITIMPL_220526_0408,valid,mikael,legivel,legivel,,275,digitada_leiturista
PSP_EXTRATLEITIMPL_220526_0408_20000000003452971797_000.jpg,PSP_EXTRATLEITIMPL_220526_0408,valid,mikael,legivel,legivel,,2625,digitada_leiturista
PSP_EXTRATLEITIMPL_220526_0408_20000000003452972695_000.jpg,PSP_EXTRATLEITIMPL_220526_0408,valid,mikael,legivel,legivel,,45719,digitada_leiturista
PSP_EXTRATLEITIMPL_220526_0408_20000000003452975689_000.jpg,PSP_EXTRATLEITIMPL_220526_0408,valid,mikael,ilegivel,ilegivel,,,
PSP_EXTRATLEITIMPL_220526_0408_20000000003452975693_000.jpg,PSP_EXTRATLEITIMPL_220526_0408,valid,mikael,ilegivel,ilegivel,,,
PSP_EXTRATLEITIMPL_220526_0408_20000000003452975694_000.jpg,PSP_EXTRATLEITIMPL_220526_0408,valid,mikael,ilegivel,ilegivel,,,
PSP_EXTRATLEITIMPL_220526_0408_20000000003452982228_000.jpg,PSP_EXTRATLEITIMPL_220526_0408,valid,mikael,legivel,legivel,,504662,digitada_leiturista
PSP_EXTRATLEITIMPL_220526_0408_20000000003452984092_000.jpg,PSP_EXTRATLEITIMPL_220526_0408,valid,mikael,ilegivel,ilegivel,,,
PSP_EXTRATLEITIMPL_220526_0408_20000000003452984097_000.jpg,PSP_EXTRATLEITIMPL_220526_0408,valid,mikael,legivel,legivel,,13387,digitada_leiturista
PSP_EXTRATLEITIMPL_220526_0408_20000000003452984106_000.jpg,PSP_EXTRATLEITIMPL_220526_0408,valid,mikael+llama32v,legivel,legivel,legivel,33808,digitada_leiturista
PSP_EXTRATLEITIMPL_220526_0408_20000000003502970984_000.jpg,PSP_EXTRATLEITIMPL_220526_0408,valid,mikael+llama32v,legivel,legivel,legivel,36244,digitada_leiturista
PSP_EXTRATLEITIMPL_220526_0408_20000000003502986798_000.jpg,PSP_EXTRATLEITIMPL_220526_0408,valid,mikael,ilegivel,ilegivel,,,
PSP_EXTRATLEITIMPL_220526_0408_20000000003502988759_000.jpg,PSP_EXTRATLEITIMPL_220526_0408,valid,mikael+llama32v,ilegivel,ilegivel,ilegivel,,
PSP_EXTRATLEITIMPL_220526_0408_20000000003502992466_000.jpg,PSP_EXTRATLEITIMPL_220526_0408,valid,mikael+llama32v,ilegivel,ilegivel,ilegivel,,
PSP_EXTRATLEITIMPL_220526_0408_20000000003502992475_000.jpg,PSP_EXTRATLEITIMPL_220526_0408,valid,mikael,ilegivel,ilegivel,,,
PSP_EXTRATLEITIMPL_220526_0408_20000000003502993386_000.jpg,PSP_EXTRATLEITIMPL_220526_0408,valid,mikael,ilegivel,ilegivel,,,
PSP_EXTRATLEITIMPL_220526_0408_20000000003502996276_000.jpg,PSP_EXTRATLEITIMPL_220526_0408,valid,mikael+llama32v,legivel,legivel,legivel,22553,digitada_leiturista
PSP_EXTRATLEITIMPL_220526_0408_20000000003502996288_000.jpg,PSP_EXTRATLEITIMPL_220526_0408,valid,mikael,sem_medidor,sem_medidor,,,
PSP_EXTRATLEITIMPL_220526_0408_20000000003503003022_000.jpg,PSP_EXTRATLEITIMPL_220526_0408,valid,mikael+llama32v,legivel,legivel,legivel,558,digitada_leiturista
PSP_EXTRATLEITIMPL_220526_0408_20000000003503005013_000.jpg,PSP_EXTRATLEITIMPL_220526_0408,valid,mikael,legivel,legivel,,16489,digitada_leiturista
PSP_EXTRATLEITIMPL_220526_0408_20000000003552972985_000.jpg,PSP_EXTRATLEITIMPL_220526_0408,valid,mikael+llama32v,ilegivel,ilegivel,ilegivel,,
PSP_EXTRATLEITIMPL_220526_0408_20000000003552979820_000.jpg,PSP_EXTRATLEITIMPL_220526_0408,valid,mikael,legivel,legivel,,20144,digitada_leiturista
PSP_EXTRATLEITIMPL_220526_0408_20000000003552979822_000.jpg,PSP_EXTRATLEITIMPL_220526_0408,valid,mikael,ilegivel,ilegivel,,,
PSP_EXTRATLEITIMPL_220526_0408_20000000003552982697_002.jpg,PSP_EXTRATLEITIMPL_220526_0408,valid,mikael,ilegivel,ilegivel,,,
PSP_EXTRATLEITIMPL_220526_0408_20000000003552992121_000.jpg,PSP_EXTRATLEITIMPL_220526_0408,valid,mikael,sem_medidor,sem_medidor,,,
PSP_EXTRATLEITIMPL_220526_0408_20000000003552992131_000.jpg,PSP_EXTRATLEITIMPL_220526_0408,valid,mikael,ilegivel,ilegivel,,,
PSP_EXTRATLEITIMPL_220526_0408_20000000003552993045_000.jpg,PSP_EXTRATLEITIMPL_220526_0408,valid,mikael,legivel,legivel,,12803,digitada_leiturista
PSP_EXTRATLEITIMPL_220526_0408_20000000003552994030_002.jpg,PSP_EXTRATLEITIMPL_220526_0408,valid,mikael,sem_medidor,sem_medidor,,,
PSP_EXTRATLEITIMPL_220526_0408_20000000003552995008_000.jpg,PSP_EXTRATLEITIMPL_220526_0408,valid,mikael+llama32v,sem_medidor,sem_medidor,sem_medidor,,
PSP_EXTRATLEITIMPL_220526_0408_20000000003552995017_000.jpg,PSP_EXTRATLEITIMPL_220526_0408,valid,mikael+llama32v,ilegivel,sem_medidor,ilegivel,,
PSP_EXTRATLEITIMPL_220526_0408_20000000003552996007_000.jpg,PSP_EXTRATLEITIMPL_220526_0408,valid,mikael+llama32v,sem_medidor,sem_medidor,sem_medidor,,
PSP_EXTRATLEITIMPL_220526_0408_20000000003602966977_000.jpg,PSP_EXTRATLEITIMPL_220526_0408,valid,mikael,ilegivel,ilegivel,,,
PSP_EXTRATLEITIMPL_220526_0408_20000000003602973933_000.jpg,PSP_EXTRATLEITIMPL_220526_0408,valid,mikael+llama32v,legivel,ilegivel,legivel,1166,digitada_leiturista
PSP_EXTRATLEITIMPL_220526_0408_20000000003602987281_000.jpg,PSP_EXTRATLEITIMPL_220526_0408,valid,mikael+llama32v,legivel,legivel,legivel,36,digitada_leiturista
PSP_EXTRATLEITIMPL_220526_0408_20000000003602991029_000.jpg,PSP_EXTRATLEITIMPL_220526_0408,valid,mikael,legivel,legivel,,263,digitada_leiturista
PSP_EXTRATLEITIMPL_220526_0408_20000000003602993016_000.jpg,PSP_EXTRATLEITIMPL_220526_0408,valid,mikael,ilegivel,ilegivel,,,
PSP_EXTRATLEITIMPL_220526_0408_20000000003652967993_000.jpg,PSP_EXTRATLEITIMPL_220526_0408,valid,mikael,ilegivel,ilegivel,,,
PSP_EXTRATLEITIMPL_220526_0408_20000000003652971952_000.jpg,PSP_EXTRATLEITIMPL_220526_0408,valid,mikael+llama32v,ilegivel,ilegivel,ilegivel,,
PSP_EXTRATLEITIMPL_220526_0408_20000000003652988497_000.jpg,PSP_EXTRATLEITIMPL_220526_0408,valid,mikael,ilegivel,ilegivel,,,
PSP_EXTRATLEITIMPL_220526_0408_20000000003652992295_004.jpg,PSP_EXTRATLEITIMPL_220526_0408,valid,mikael,ilegivel,ilegivel,,,
PSP_EXTRATLEITIMPL_220526_0408_20000000003652993278_000.jpg,PSP_EXTRATLEITIMPL_220526_0408,valid,mikael+llama32v,legivel,legivel,legivel,32377,digitada_leiturista
PSP_EXTRATLEITIMPL_220526_0408_20000000003652994219_000.jpg,PSP_EXTRATLEITIMPL_220526_0408,valid,mikael,ilegivel,ilegivel,,,
PSP_EXTRATLEITIMPL_220526_0408_20000000003653000007_000.jpg,PSP_EXTRATLEITIMPL_220526_0408,valid,mikael,ilegivel,ilegivel,,,
PSP_EXTRATLEITIMPL_220526_0408_20000000003653000015_000.jpg,PSP_EXTRATLEITIMPL_220526_0408,valid,mikael+llama32v,ilegivel,sem_medidor,ilegivel,,
PSP_EXTRATLEITIMPL_220526_0408_20000000003702968958_000.jpg,PSP_EXTRATLEITIMPL_220526_0408,valid,mikael,legivel,legivel,,0,digitada_leiturista
PSP_EXTRATLEITIMPL_220526_0408_20000000003702969915_000.jpg,PSP_EXTRATLEITIMPL_220526_0408,valid,mikael,ilegivel,ilegivel,,,
PSP_EXTRATLEITIMPL_220526_0408_20000000003702977788_000.jpg,PSP_EXTRATLEITIMPL_220526_0408,valid,mikael,ilegivel,ilegivel,,,
PSP_EXTRATLEITIMPL_220526_0408_20000000003702986293_000.jpg,PSP_EXTRATLEITIMPL_220526_0408,valid,mikael,ilegivel,ilegivel,,,
PSP_EXTRATLEITIMPL_220526_0408_20000000003702990050_000.jpg,PSP_EXTRATLEITIMPL_220526_0408,valid,mikael,ilegivel,ilegivel,,,
PSP_EXTRATLEITIMPL_220526_0408_20000000003702990074_000.jpg,PSP_EXTRATLEITIMPL_220526_0408,valid,mikael,ilegivel,ilegivel,,,
PSP_EXTRATLEITIMPL_220526_0408_20000000003752965756_000.jpg,PSP_EXTRATLEITIMPL_220526_0408,valid,mikael,ilegivel,ilegivel,,,
PSP_EXTRATLEITIMPL_220526_0408_20000000003752968719_000.jpg,PSP_EXTRATLEITIMPL_220526_0408,valid,mikael,ilegivel,ilegivel,,,
PSP_EXTRATLEITIMPL_220526_0408_20000000003752968728_000.jpg,PSP_EXTRATLEITIMPL_220526_0408,valid,mikael,ilegivel,ilegivel,,,
PSP_EXTRATLEITIMPL_220526_0408_20000000003752969637_000.jpg,PSP_EXTRATLEITIMPL_220526_0408,valid,mikael,ilegivel,ilegivel,,,
PSP_EXTRATLEITIMPL_220526_0408_20000000003752970632_000.jpg,PSP_EXTRATLEITIMPL_220526_0408,valid,mikael,ilegivel,ilegivel,,,
PSP_EXTRATLEITIMPL_220526_0408_20000000003752976268_000.jpg,PSP_EXTRATLEITIMPL_220526_0408,valid,mikael,ilegivel,ilegivel,,,
PSP_EXTRATLEITIMPL_220526_0408_20000000003752976287_000.jpg,PSP_EXTRATLEITIMPL_220526_0408,valid,mikael,sem_medidor,sem_medidor,,,
PSP_EXTRATLEITIMPL_220526_0408_20000000003752976289_000.jpg,PSP_EXTRATLEITIMPL_220526_0408,valid,mikael+llama32v,ilegivel,ilegivel,ilegivel,,
PSP_EXTRATLEITIMPL_220526_0408_20000000003752976295_000.jpg,PSP_EXTRATLEITIMPL_220526_0408,valid,mikael,ilegivel,ilegivel,,,
PSP_EXTRATLEITIMPL_220526_0408_20000000003752980035_000.jpg,PSP_EXTRATLEITIMPL_220526_0408,valid,mikael,legivel,legivel,,653,digitada_leiturista
PSP_EXTRATLEITIMPL_220526_0408_20000000003752981046_001.jpg,PSP_EXTRATLEITIMPL_220526_0408,valid,mikael,ilegivel,ilegivel,,,
PSP_EXTRATLEITIMPL_220526_0408_20000000003752982023_000.jpg,PSP_EXTRATLEITIMPL_220526_0408,valid,mikael+llama32v,ilegivel,ilegivel,ilegivel,,
PSP_EXTRATLEITIMPL_220526_0408_20000000003802974935_000.jpg,PSP_EXTRATLEITIMPL_220526_0408,valid,mikael,ilegivel,ilegivel,,,
PSP_EXTRATLEITIMPL_220526_0408_20000000003802979788_000.jpg,PSP_EXTRATLEITIMPL_220526_0408,valid,mikael+llama32v,legivel,legivel,legivel,23040,digitada_leiturista
PSP_EXTRATLEITIMPL_220526_0408_20000000003802981673_000.jpg,PSP_EXTRATLEITIMPL_220526_0408,valid,mikael,ilegivel,ilegivel,,,
PSP_EXTRATLEITIMPL_220526_0408_20000000003802983681_000.jpg,PSP_EXTRATLEITIMPL_220526_0408,valid,mikael,ilegivel,ilegivel,,,
PSP_EXTRATLEITIMPL_220526_0408_20000000003802988440_000.jpg,PSP_EXTRATLEITIMPL_220526_0408,valid,mikael,legivel,legivel,,15827,digitada_leiturista
PSP_EXTRATLEITIMPL_220526_0408_20000000003802992118_000.jpg,PSP_EXTRATLEITIMPL_220526_0408,valid,mikael,legivel,legivel,,16736,digitada_leiturista
PSP_EXTRATLEITIMPL_220526_0408_20000000003802992129_001.jpg,PSP_EXTRATLEITIMPL_220526_0408,valid,mikael,legivel,legivel,,,
PSP_EXTRATLEITIMPL_220526_0408_20000000003802998008_001.jpg,PSP_EXTRATLEITIMPL_220526_0408,valid,mikael,ilegivel,ilegivel,,,
PSP_EXTRATLEITIMPL_220526_0408_20000000003852970853_000.jpg,PSP_EXTRATLEITIMPL_220526_0408,valid,mikael+llama32v,ilegivel,ilegivel,ilegivel,,
PSP_EXTRATLEITIMPL_220526_0408_20000000003852973815_000.jpg,PSP_EXTRATLEITIMPL_220526_0408,valid,mikael,ilegivel,ilegivel,,,
PSP_EXTRATLEITIMPL_220526_0408_20000000003852986113_000.jpg,PSP_EXTRATLEITIMPL_220526_0408,valid,mikael,ilegivel,ilegivel,,,
PSP_EXTRATLEITIMPL_220526_0408_20000000003852987072_000.jpg,PSP_EXTRATLEITIMPL_220526_0408,valid,mikael,ilegivel,ilegivel,,,
PSP_EXTRATLEITIMPL_220526_0408_20000000003902956992_000.jpg,PSP_EXTRATLEITIMPL_220526_0408,valid,mikael,ilegivel,ilegivel,,,
PSP_EXTRATLEITIMPL_220526_0408_20000000003902965901_000.jpg,PSP_EXTRATLEITIMPL_220526_0408,valid,mikael+llama32v,legivel,legivel,legivel,229,digitada_leiturista
PSP_EXTRATLEITIMPL_220526_0408_20000000003902970844_001.jpg,PSP_EXTRATLEITIMPL_220526_0408,valid,mikael,ilegivel,ilegivel,,,
PSP_EXTRATLEITIMPL_220526_0408_20000000003902972684_000.jpg,PSP_EXTRATLEITIMPL_220526_0408,valid,mikael,ilegivel,ilegivel,,,
PSP_EXTRATLEITIMPL_220526_0408_20000000003902973674_000.jpg,PSP_EXTRATLEITIMPL_220526_0408,valid,mikael+llama32v,legivel,ilegivel,legivel,99999,digitada_leiturista
PSP_EXTRATLEITIMPL_220526_0408_20000000003902976534_000.jpg,PSP_EXTRATLEITIMPL_220526_0408,valid,mikael+llama32v,sem_medidor,sem_medidor,sem_medidor,,
PSP_EXTRATLEITIMPL_220526_0408_20000000003902980300_000.jpg,PSP_EXTRATLEITIMPL_220526_0408,valid,mikael+llama32v,ilegivel,ilegivel,ilegivel,,
PSP_EXTRATLEITIMPL_220526_0408_20000000003902980315_000.jpg,PSP_EXTRATLEITIMPL_220526_0408,valid,mikael,legivel,legivel,,16912,digitada_leiturista
PSP_EXTRATLEITIMPL_220526_0408_20000000003902980320_001.jpg,PSP_EXTRATLEITIMPL_220526_0408,valid,mikael,legivel,legivel,,,
PSP_EXTRATLEITIMPL_220526_0408_20000000003952970668_000.jpg,PSP_EXTRATLEITIMPL_220526_0408,valid,mikael,legivel,legivel,,10605,digitada_leiturista
PSP_EXTRATLEITIMPL_220526_0408_20000000003952978193_000.jpg,PSP_EXTRATLEITIMPL_220526_0408,valid,mikael,ilegivel,ilegivel,,,
PSP_EXTRATLEITIMPL_220526_0408_20000000004002953986_000.jpg,PSP_EXTRATLEITIMPL_220526_0408,valid,mikael,legivel,legivel,,37240,digitada_leiturista
PSP_EXTRATLEITIMPL_220526_0408_20000000004002966899_000.jpg,PSP_EXTRATLEITIMPL_220526_0408,valid,mikael,ilegivel,ilegivel,,,
PSP_EXTRATLEITIMPL_220526_0408_20000000004002967893_000.jpg,PSP_EXTRATLEITIMPL_220526_0408,valid,mikael,ilegivel,ilegivel,,,
PSP_EXTRATLEITIMPL_220526_0408_20000000004002972627_000.jpg,PSP_EXTRATLEITIMPL_220526_0408,valid,mikael,ilegivel,ilegivel,,,
PSP_EXTRATLEITIMPL_220526_0408_20000000004002973642_000.jpg,PSP_EXTRATLEITIMPL_220526_0408,valid,mikael,legivel,legivel,,20021,digitada_leiturista
PSP_EXTRATLEITIMPL_220526_0408_20000000004002978390_000.jpg,PSP_EXTRATLEITIMPL_220526_0408,valid,mikael,ilegivel,ilegivel,,,
PSP_EXTRATLEITIMPL_220526_0408_20000000004002983038_000.jpg,PSP_EXTRATLEITIMPL_220526_0408,valid,mikael,legivel,legivel,,2138,digitada_leiturista
PSP_EXTRATLEITIMPL_220526_0408_20000000004052982881_000.jpg,PSP_EXTRATLEITIMPL_220526_0408,valid,mikael,legivel,legivel,,96214,digitada_leiturista
PSP_EXTRATLEITIMPL_220526_0408_20000000004052984841_000.jpg,PSP_EXTRATLEITIMPL_220526_0408,valid,mikael+llama32v,legivel,legivel,legivel,4928,digitada_leiturista
PSP_EXTRATLEITIMPL_220526_0408_20000000004053000163_000.jpg,PSP_EXTRATLEITIMPL_220526_0408,valid,mikael,legivel,legivel,,154,digitada_leiturista
PSP_EXTRATLEITIMPL_220526_0408_20000000004053000174_000.jpg,PSP_EXTRATLEITIMPL_220526_0408,valid,mikael,legivel,legivel,,0,digitada_leiturista
PSP_EXTRATLEITIMPL_220526_0408_20000000004102966926_000.jpg,PSP_EXTRATLEITIMPL_220526_0408,valid,mikael,ilegivel,ilegivel,,,
PSP_EXTRATLEITIMPL_220526_0408_20000000004102969814_000.jpg,PSP_EXTRATLEITIMPL_220526_0408,valid,mikael,legivel,legivel,,85,digitada_leiturista
PSP_EXTRATLEITIMPL_220526_0408_20000000004102974644_000.jpg,PSP_EXTRATLEITIMPL_220526_0408,valid,mikael,ilegivel,ilegivel,,,
PSP_EXTRATLEITIMPL_220526_0408_20000000004102975551_000.jpg,PSP_EXTRATLEITIMPL_220526_0408,valid,mikael,legivel,legivel,,20223,digitada_leiturista
PSP_EXTRATLEITIMPL_220526_0408_20000000004102978412_000.jpg,PSP_EXTRATLEITIMPL_220526_0408,valid,mikael,ilegivel,ilegivel,,,
PSP_EXTRATLEITIMPL_220526_0408_20000000004102980305_000.jpg,PSP_EXTRATLEITIMPL_220526_0408,valid,mikael,ilegivel,ilegivel,,,
PSP_EXTRATLEITIMPL_220526_0408_20000000004102981274_000.jpg,PSP_EXTRATLEITIMPL_220526_0408,valid,mikael,ilegivel,ilegivel,,,
PSP_EXTRATLEITIMPL_220526_0408_20000000004102982210_000.jpg,PSP_EXTRATLEITIMPL_220526_0408,valid,mikael,ilegivel,ilegivel,,,
PSP_EXTRATLEITIMPL_220526_0408_20000000004102983129_000.jpg,PSP_EXTRATLEITIMPL_220526_0408,valid,mikael,ilegivel,ilegivel,,,
PSP_EXTRATLEITIMPL_220526_0408_20000000004102984082_000.jpg,PSP_EXTRATLEITIMPL_220526_0408,valid,mikael,legivel,legivel,,6072,digitada_leiturista
PSP_EXTRATLEITIMPL_220526_0408_20000000004102985016_000.jpg,PSP_EXTRATLEITIMPL_220526_0408,valid,mikael,legivel,legivel,,627,digitada_leiturista
PSP_EXTRATLEITIMPL_220526_0408_20000000004102988000_000.jpg,PSP_EXTRATLEITIMPL_220526_0408,valid,mikael+llama32v,sem_medidor,sem_medidor,sem_medidor,,
PSP_EXTRATLEITIMPL_220526_0408_20000000004152976907_000.jpg,PSP_EXTRATLEITIMPL_220526_0408,valid,mikael+llama32v,ilegivel,ilegivel,ilegivel,,
PSP_EXTRATLEITIMPL_220526_0408_20000000004152979776_000.jpg,PSP_EXTRATLEITIMPL_220526_0408,valid,mikael+llama32v,legivel,ilegivel,legivel,17234,digitada_leiturista
PSP_EXTRATLEITIMPL_220526_0408_20000000004152983615_000.jpg,PSP_EXTRATLEITIMPL_220526_0408,valid,mikael,ilegivel,ilegivel,,,
PSP_EXTRATLEITIMPL_220526_0408_20000000004152988403_000.jpg,PSP_EXTRATLEITIMPL_220526_0408,valid,mikael,legivel,legivel,,1405,digitada_leiturista
PSP_EXTRATLEITIMPL_220526_0408_20000000004152995058_000.jpg,PSP_EXTRATLEITIMPL_220526_0408,valid,mikael+llama32v,legivel,legivel,ilegivel,1,digitada_leiturista
PSP_EXTRATLEITIMPL_220526_0408_20000000004152995061_000.jpg,PSP_EXTRATLEITIMPL_220526_0408,valid,mikael,ilegivel,ilegivel,,,
PSP_EXTRATLEITIMPL_220526_0408_20000000004152996030_000.jpg,PSP_EXTRATLEITIMPL_220526_0408,valid,mikael,ilegivel,ilegivel,,,
PSP_EXTRATLEITIMPL_220526_0408_20000000004202979905_000.jpg,PSP_EXTRATLEITIMPL_220526_0408,valid,mikael,ilegivel,ilegivel,,,
PSP_EXTRATLEITIMPL_220526_0408_20000000004202980950_000.jpg,PSP_EXTRATLEITIMPL_220526_0408,valid,mikael,ilegivel,ilegivel,,,
PSP_EXTRATLEITIMPL_220526_0408_20000000004202984808_000.jpg,PSP_EXTRATLEITIMPL_220526_0408,valid,mikael,ilegivel,ilegivel,,,
PSP_EXTRATLEITIMPL_220526_0408_20000000004202986707_000.jpg,PSP_EXTRATLEITIMPL_220526_0408,valid,mikael,ilegivel,ilegivel,,,
PSP_EXTRATLEITIMPL_220526_0408_20000000004203001079_000.jpg,PSP_EXTRATLEITIMPL_220526_0408,valid,mikael,legivel,legivel,,24,digitada_leiturista
PSP_EXTRATLEITIMPL_220526_0408_20000000004203002020_000.jpg,PSP_EXTRATLEITIMPL_220526_0408,valid,mikael+llama32v,legivel,legivel,legivel,3353,digitada_leiturista
PSP_EXTRATLEITIMPL_220526_0408_20000000004203003030_000.jpg,PSP_EXTRATLEITIMPL_220526_0408,valid,mikael,sem_medidor,sem_medidor,,,
PSP_EXTRATLEITIMPL_220526_0408_20000000004252982931_000.jpg,PSP_EXTRATLEITIMPL_220526_0408,valid,mikael,ilegivel,ilegivel,,,
PSP_EXTRATLEITIMPL_220526_0408_20000000004252999400_000.jpg,PSP_EXTRATLEITIMPL_220526_0408,valid,mikael+llama32v,legivel,ilegivel,legivel,169935,digitada_leiturista
PSP_EXTRATLEITIMPL_220526_0408_20000000004253001310_001.jpg,PSP_EXTRATLEITIMPL_220526_0408,valid,mikael,ilegivel,ilegivel,,,
PSP_EXTRATLEITIMPL_220526_0408_20000000004302968977_000.jpg,PSP_EXTRATLEITIMPL_220526_0408,valid,mikael,ilegivel,ilegivel,,,
PSP_EXTRATLEITIMPL_220526_0408_20000000004302968983_000.jpg,PSP_EXTRATLEITIMPL_220526_0408,valid,mikael,legivel,legivel,,13744,digitada_leiturista
PSP_EXTRATLEITIMPL_220526_0408_20000000004302969962_000.jpg,PSP_EXTRATLEITIMPL_220526_0408,valid,mikael+llama32v,legivel,ilegivel,legivel,75254,digitada_leiturista
PSP_EXTRATLEITIMPL_220526_0408_20000000004302971963_000.jpg,PSP_EXTRATLEITIMPL_220526_0408,valid,mikael,legivel,legivel,,2879,digitada_leiturista
PSP_EXTRATLEITIMPL_220526_0408_20000000004302973976_000.jpg,PSP_EXTRATLEITIMPL_220526_0408,valid,mikael+llama32v,sem_medidor,sem_medidor,sem_medidor,,
PSP_EXTRATLEITIMPL_220526_0408_20000000004302975924_000.jpg,PSP_EXTRATLEITIMPL_220526_0408,valid,mikael,sem_medidor,sem_medidor,,,
PSP_EXTRATLEITIMPL_220526_0408_20000000004302976831_000.jpg,PSP_EXTRATLEITIMPL_220526_0408,valid,mikael,legivel,legivel,,6875,digitada_leiturista
PSP_EXTRATLEITIMPL_220526_0408_20000000004302976833_000.jpg,PSP_EXTRATLEITIMPL_220526_0408,valid,mikael,ilegivel,ilegivel,,,
PSP_EXTRATLEITIMPL_220526_0408_20000000004302976849_000.jpg,PSP_EXTRATLEITIMPL_220526_0408,valid,mikael,ilegivel,ilegivel,,,
PSP_EXTRATLEITIMPL_220526_0408_20000000004302980644_001.jpg,PSP_EXTRATLEITIMPL_220526_0408,valid,mikael,ilegivel,ilegivel,,,
PSP_EXTRATLEITIMPL_220526_0408_20000000004302983622_001.jpg,PSP_EXTRATLEITIMPL_220526_0408,valid,mikael,legivel,legivel,,,
PSP_EXTRATLEITIMPL_220526_0408_20000000004302987406_000.jpg,PSP_EXTRATLEITIMPL_220526_0408,valid,mikael+llama32v,ilegivel,ilegivel,ilegivel,,
PSP_EXTRATLEITIMPL_220526_0408_20000000004302993063_000.jpg,PSP_EXTRATLEITIMPL_220526_0408,valid,mikael+llama32v,legivel,ilegivel,legivel,1154,digitada_leiturista
PSP_EXTRATLEITIMPL_220526_0408_20000000004302995028_000.jpg,PSP_EXTRATLEITIMPL_220526_0408,valid,mikael+llama32v,ilegivel,ilegivel,ilegivel,,
PSP_EXTRATLEITIMPL_220526_0408_20000000004352986761_000.jpg,PSP_EXTRATLEITIMPL_220526_0408,valid,mikael,legivel,legivel,,1715,digitada_leiturista
PSP_EXTRATLEITIMPL_220526_0408_20000000004352988699_001.jpg,PSP_EXTRATLEITIMPL_220526_0408,valid,mikael,sem_medidor,sem_medidor,,,
PSP_EXTRATLEITIMPL_220526_0408_20000000004352988710_000.jpg,PSP_EXTRATLEITIMPL_220526_0408,valid,mikael,sem_medidor,sem_medidor,,,
PSP_EXTRATLEITIMPL_220526_0408_20000000004352992456_000.jpg,PSP_EXTRATLEITIMPL_220526_0408,valid,mikael,ilegivel,ilegivel,,,
PSP_EXTRATLEITIMPL_220526_0408_20000000004352996190_000.jpg,PSP_EXTRATLEITIMPL_220526_0408,valid,mikael,ilegivel,ilegivel,,,
PSP_EXTRATLEITIMPL_220526_0408_20000000004352997129_000.jpg,PSP_EXTRATLEITIMPL_220526_0408,valid,mikael+llama32v,legivel,legivel,legivel,101788,digitada_leiturista
PSP_EXTRATLEITIMPL_220526_0408_20000000004353004007_000.jpg,PSP_EXTRATLEITIMPL_220526_0408,valid,mikael+llama32v,legivel,ilegivel,legivel,187,digitada_leiturista
PSP_EXTRATLEITIMPL_220526_0408_20000000004402962961_000.jpg,PSP_EXTRATLEITIMPL_220526_0408,valid,mikael,ilegivel,ilegivel,,,
PSP_EXTRATLEITIMPL_220526_0408_20000000004402962970_000.jpg,PSP_EXTRATLEITIMPL_220526_0408,valid,mikael,legivel,legivel,,,
PSP_EXTRATLEITIMPL_220526_0408_20000000004402968961_000.jpg,PSP_EXTRATLEITIMPL_220526_0408,valid,mikael,ilegivel,ilegivel,,,
PSP_EXTRATLEITIMPL_220526_0408_20000000004402970982_000.jpg,PSP_EXTRATLEITIMPL_220526_0408,valid,mikael,legivel,legivel,,161641,digitada_leiturista
PSP_EXTRATLEITIMPL_220526_0408_20000000004402975764_000.jpg,PSP_EXTRATLEITIMPL_220526_0408,valid,mikael+llama32v,legivel,ilegivel,legivel,25714,digitada_leiturista
PSP_EXTRATLEITIMPL_220526_0408_20000000004402975775_000.jpg,PSP_EXTRATLEITIMPL_220526_0408,valid,mikael,ilegivel,ilegivel,,,
PSP_EXTRATLEITIMPL_220526_0408_20000000004402979574_000.jpg,PSP_EXTRATLEITIMPL_220526_0408,valid,mikael,ilegivel,ilegivel,,,
PSP_EXTRATLEITIMPL_220526_0408_20000000004402984331_000.jpg,PSP_EXTRATLEITIMPL_220526_0408,valid,mikael+llama32v,legivel,ilegivel,legivel,21561,digitada_leiturista
PSP_EXTRATLEITIMPL_220526_0408_20000000004402987088_000.jpg,PSP_EXTRATLEITIMPL_220526_0408,valid,mikael,legivel,legivel,,38197,digitada_leiturista
PSP_EXTRATLEITIMPL_220526_0408_20000000004402989045_000.jpg,PSP_EXTRATLEITIMPL_220526_0408,valid,mikael,ilegivel,ilegivel,,,
PSP_EXTRATLEITIMPL_220526_0408_20000000004402992002_000.jpg,PSP_EXTRATLEITIMPL_220526_0408,valid,mikael,ilegivel,ilegivel,,,
PSP_EXTRATLEITIMPL_220526_0408_20000000004452986954_000.jpg,PSP_EXTRATLEITIMPL_220526_0408,valid,mikael,ilegivel,ilegivel,,,
PSP_EXTRATLEITIMPL_220526_0408_20000000004452986956_000.jpg,PSP_EXTRATLEITIMPL_220526_0408,valid,mikael,legivel,legivel,,443219,digitada_leiturista
PSP_EXTRATLEITIMPL_220526_0408_20000000004452986959_000.jpg,PSP_EXTRATLEITIMPL_220526_0408,valid,mikael,ilegivel,ilegivel,,,
PSP_EXTRATLEITIMPL_220526_0408_20000000004452989993_000.jpg,PSP_EXTRATLEITIMPL_220526_0408,valid,mikael,legivel,legivel,,,
PSP_EXTRATLEITIMPL_220526_0408_20000000004453000685_001.jpg,PSP_EXTRATLEITIMPL_220526_0408,valid,mikael,ilegivel,ilegivel,,,
PSP_EXTRATLEITIMPL_220526_0408_20000000004453003365_000.jpg,PSP_EXTRATLEITIMPL_220526_0408,valid,mikael,ilegivel,ilegivel,,,
PSP_EXTRATLEITIMPL_220526_0408_20000000004453005303_000.jpg,PSP_EXTRATLEITIMPL_220526_0408,valid,mikael,ilegivel,ilegivel,,,
PSP_EXTRATLEITIMPL_220526_0408_20000000004453007209_000.jpg,PSP_EXTRATLEITIMPL_220526_0408,valid,mikael,ilegivel,ilegivel,,,
PSP_EXTRATLEITIMPL_220526_0408_20000000004453008106_000.jpg,PSP_EXTRATLEITIMPL_220526_0408,valid,mikael+llama32v,legivel,legivel,legivel,254,digitada_leiturista
PSP_EXTRATLEITIMPL_220526_0408_20000000004453009107_000.jpg,PSP_EXTRATLEITIMPL_220526_0408,valid,mikael+llama32v,legivel,legivel,legivel,3987,digitada_leiturista
PSP_EXTRATLEITIMPL_220526_0408_20000000004453010072_000.jpg,PSP_EXTRATLEITIMPL_220526_0408,valid,mikael+llama32v,ilegivel,ilegivel,ilegivel,,
PSP_EXTRATLEITIMPL_220526_0408_20000000004453013000_000.jpg,PSP_EXTRATLEITIMPL_220526_0408,valid,mikael,ilegivel,ilegivel,,,
PSP_EXTRATLEITIMPL_220526_0408_20000000004502973834_000.jpg,PSP_EXTRATLEITIMPL_220526_0408,valid,mikael,legivel,legivel,,5586,digitada_leiturista
PSP_EXTRATLEITIMPL_220526_0408_20000000004502974797_000.jpg,PSP_EXTRATLEITIMPL_220526_0408,valid,mikael,legivel,legivel,,29859,digitada_leiturista
PSP_EXTRATLEITIMPL_220526_0408_20000000004502976696_000.jpg,PSP_EXTRATLEITIMPL_220526_0408,valid,mikael,legivel,legivel,,29,digitada_leiturista
PSP_EXTRATLEITIMPL_220526_0408_20000000004502976700_000.jpg,PSP_EXTRATLEITIMPL_220526_0408,valid,mikael,legivel,legivel,,19324,digitada_leiturista
PSP_EXTRATLEITIMPL_220526_0408_20000000004502980557_000.jpg,PSP_EXTRATLEITIMPL_220526_0408,valid,mikael+llama32v,ilegivel,ilegivel,ilegivel,,
PSP_EXTRATLEITIMPL_220526_0408_20000000004502981443_000.jpg,PSP_EXTRATLEITIMPL_220526_0408,valid,mikael,legivel,legivel,,2062,digitada_leiturista
PSP_EXTRATLEITIMPL_220526_0408_20000000004502986221_001.jpg,PSP_EXTRATLEITIMPL_220526_0408,valid,mikael,ilegivel,ilegivel,,,
PSP_EXTRATLEITIMPL_220526_0408_20000000004502991057_000.jpg,PSP_EXTRATLEITIMPL_220526_0408,valid,mikael,ilegivel,ilegivel,,,
PSP_EXTRATLEITIMPL_220526_0408_20000000004502995008_000.jpg,PSP_EXTRATLEITIMPL_220526_0408,valid,mikael,ilegivel,ilegivel,,,
PSP_EXTRATLEITIMPL_220526_0408_20000000004552975843_000.jpg,PSP_EXTRATLEITIMPL_220526_0408,valid,mikael+llama32v,legivel,legivel,legivel,39513,digitada_leiturista
PSP_EXTRATLEITIMPL_220526_0408_20000000004552976801_000.jpg,PSP_EXTRATLEITIMPL_220526_0408,valid,mikael,sem_medidor,sem_medidor,,,
PSP_EXTRATLEITIMPL_220526_0408_20000000004552978644_000.jpg,PSP_EXTRATLEITIMPL_220526_0408,valid,mikael,ilegivel,ilegivel,,,
PSP_EXTRATLEITIMPL_220526_0408_20000000004552979651_000.jpg,PSP_EXTRATLEITIMPL_220526_0408,valid,mikael,sem_medidor,sem_medidor,,,
PSP_EXTRATLEITIMPL_220526_0408_20000000004552982531_000.jpg,PSP_EXTRATLEITIMPL_220526_0408,valid,mikael,legivel,legivel,,30320,digitada_leiturista
PSP_EXTRATLEITIMPL_220526_0408_20000000004552984402_000.jpg,PSP_EXTRATLEITIMPL_220526_0408,valid,mikael,legivel,legivel,,33724,digitada_leiturista
PSP_EXTRATLEITIMPL_220526_0408_20000000004552985419_000.jpg,PSP_EXTRATLEITIMPL_220526_0408,valid,mikael+llama32v,ilegivel,ilegivel,ilegivel,,
PSP_EXTRATLEITIMPL_220526_0408_20000000004552990156_000.jpg,PSP_EXTRATLEITIMPL_220526_0408,valid,mikael,sem_medidor,sem_medidor,,,
PSP_EXTRATLEITIMPL_220526_0408_20000000004552993078_000.jpg,PSP_EXTRATLEITIMPL_220526_0408,valid,mikael,legivel,legivel,,228,digitada_leiturista
PSP_EXTRATLEITIMPL_220526_0408_20000000004552995000_000.jpg,PSP_EXTRATLEITIMPL_220526_0408,valid,mikael,ilegivel,ilegivel,,,
PSP_EXTRATLEITIMPL_220526_0408_20000000004602995977_000.jpg,PSP_EXTRATLEITIMPL_220526_0408,valid,mikael,ilegivel,ilegivel,,,
PSP_EXTRATLEITIMPL_220526_0408_20000000004602997982_000.jpg,PSP_EXTRATLEITIMPL_220526_0408,valid,mikael,ilegivel,ilegivel,,,
PSP_EXTRATLEITIMPL_220526_0408_20000000004603005832_000.jpg,PSP_EXTRATLEITIMPL_220526_0408,valid,mikael,legivel,legivel,,23608,digitada_leiturista
PSP_EXTRATLEITIMPL_220526_0408_20000000004603006780_000.jpg,PSP_EXTRATLEITIMPL_220526_0408,valid,mikael+llama32v,ilegivel,ilegivel,ilegivel,,
PSP_EXTRATLEITIMPL_220526_0408_20000000004603007684_000.jpg,PSP_EXTRATLEITIMPL_220526_0408,valid,mikael,ilegivel,ilegivel,,,
PSP_EXTRATLEITIMPL_220526_0408_20000000004603007685_000.jpg,PSP_EXTRATLEITIMPL_220526_0408,valid,mikael+llama32v,ilegivel,ilegivel,ilegivel,,
PSP_EXTRATLEITIMPL_220526_0408_20000000004603012410_000.jpg,PSP_EXTRATLEITIMPL_220526_0408,valid,mikael,ilegivel,ilegivel,,,
PSP_EXTRATLEITIMPL_220526_0408_20000000004603013280_000.jpg,PSP_EXTRATLEITIMPL_220526_0408,valid,mikael,legivel,legivel,,7850,digitada_leiturista
PSP_EXTRATLEITIMPL_220526_0408_20000000004603013286_000.jpg,PSP_EXTRATLEITIMPL_220526_0408,valid,mikael,legivel,legivel,,99999,digitada_leiturista
PSP_EXTRATLEITIMPL_220526_0408_20000000004603021033_000.jpg,PSP_EXTRATLEITIMPL_220526_0408,valid,mikael+llama32v,legivel,legivel,legivel,6646,digitada_leiturista
PSP_EXTRATLEITIMPL_220526_0408_20000000004603023025_000.jpg,PSP_EXTRATLEITIMPL_220526_0408,valid,mikael+llama32v,ilegivel,ilegivel,ilegivel,,
PSP_EXTRATLEITIMPL_220526_0408_20000000004652969981_000.jpg,PSP_EXTRATLEITIMPL_220526_0408,valid,mikael,ilegivel,ilegivel,,,
PSP_EXTRATLEITIMPL_220526_0408_20000000004652969988_000.jpg,PSP_EXTRATLEITIMPL_220526_0408,valid,mikael+llama32v,ilegivel,ilegivel,ilegivel,,
PSP_EXTRATLEITIMPL_220526_0408_20000000004652978884_000.jpg,PSP_EXTRATLEITIMPL_220526_0408,valid,mikael,ilegivel,ilegivel,,,
PSP_EXTRATLEITIMPL_220526_0408_20000000004652982817_000.jpg,PSP_EXTRATLEITIMPL_220526_0408,valid,mikael,legivel,legivel,,25376,digitada_leiturista
PSP_EXTRATLEITIMPL_220526_0408_20000000004652992299_002.jpg,PSP_EXTRATLEITIMPL_220526_0408,valid,mikael,legivel,legivel,,,
PSP_EXTRATLEITIMPL_220526_0408_20000000004652993241_000.jpg,PSP_EXTRATLEITIMPL_220526_0408,valid,mikael+llama32v,legivel,ilegivel,legivel,3291,digitada_leiturista
PSP_EXTRATLEITIMPL_220526_0408_20000000004652999046_000.jpg,PSP_EXTRATLEITIMPL_220526_0408,valid,mikael,ilegivel,ilegivel,,,
PSP_EXTRATLEITIMPL_220526_0408_20000000004653000001_001.jpg,PSP_EXTRATLEITIMPL_220526_0408,valid,mikael,ilegivel,ilegivel,,,
PSP_EXTRATLEITIMPL_220526_0408_20000000004653001008_000.jpg,PSP_EXTRATLEITIMPL_220526_0408,valid,mikael+llama32v,ilegivel,ilegivel,ilegivel,,
PSP_EXTRATLEITIMPL_220526_0408_20000000004653001019_000.jpg,PSP_EXTRATLEITIMPL_220526_0408,valid,mikael,legivel,legivel,,158,digitada_leiturista
PSP_EXTRATLEITIMPL_220526_0408_20000000004653001029_000.jpg,PSP_EXTRATLEITIMPL_220526_0408,valid,mikael+llama32v,legivel,ilegivel,legivel,26273,digitada_leiturista
PSP_EXTRATLEITIMPL_220526_0408_20000000004702992904_000.jpg,PSP_EXTRATLEITIMPL_220526_0408,valid,mikael,ilegivel,ilegivel,,,
PSP_EXTRATLEITIMPL_220526_0408_20000000004702996840_000.jpg,PSP_EXTRATLEITIMPL_220526_0408,valid,mikael,ilegivel,ilegivel,,,
PSP_EXTRATLEITIMPL_220526_0408_20000000004702997706_000.jpg,PSP_EXTRATLEITIMPL_220526_0408,valid,mikael,ilegivel,ilegivel,,,
PSP_EXTRATLEITIMPL_220526_0408_20000000004702997722_000.jpg,PSP_EXTRATLEITIMPL_220526_0408,valid,mikael,ilegivel,ilegivel,,,
PSP_EXTRATLEITIMPL_220526_0408_20000000004703003477_000.jpg,PSP_EXTRATLEITIMPL_220526_0408,valid,mikael+llama32v,legivel,ilegivel,legivel,14990,digitada_leiturista
PSP_EXTRATLEITIMPL_220526_0408_20000000004703005372_000.jpg,PSP_EXTRATLEITIMPL_220526_0408,valid,mikael,ilegivel,ilegivel,,,
PSP_EXTRATLEITIMPL_220526_0408_20000000004703010159_000.jpg,PSP_EXTRATLEITIMPL_220526_0408,valid,mikael,ilegivel,ilegivel,,,
PSP_EXTRATLEITIMPL_220526_0408_20000000004703012065_000.jpg,PSP_EXTRATLEITIMPL_220526_0408,valid,mikael+llama32v,ilegivel,ilegivel,ilegivel,,
PSP_EXTRATLEITIMPL_220526_0408_20000000004703013027_000.jpg,PSP_EXTRATLEITIMPL_220526_0408,valid,mikael,ilegivel,ilegivel,,,
PSP_EXTRATLEITIMPL_220526_0408_20000000004703015018_000.jpg,PSP_EXTRATLEITIMPL_220526_0408,valid,mikael,legivel,legivel,,41915,digitada_leiturista
PSP_EXTRATLEITIMPL_220526_0408_20000000004752985989_000.jpg,PSP_EXTRATLEITIMPL_220526_0408,valid,mikael,sem_medidor,sem_medidor,,,
PSP_EXTRATLEITIMPL_220526_0408_20000000004752995593_000.jpg,PSP_EXTRATLEITIMPL_220526_0408,valid,mikael,legivel,legivel,,24094,digitada_leiturista
PSP_EXTRATLEITIMPL_220526_0408_20000000004752997445_000.jpg,PSP_EXTRATLEITIMPL_220526_0408,valid,mikael,ilegivel,ilegivel,,,
PSP_EXTRATLEITIMPL_220526_0408_20000000004753003166_000.jpg,PSP_EXTRATLEITIMPL_220526_0408,valid,mikael,ilegivel,ilegivel,,,
PSP_EXTRATLEITIMPL_220526_0408_20000000004753004179_000.jpg,PSP_EXTRATLEITIMPL_220526_0408,valid,mikael,ilegivel,ilegivel,,,
PSP_EXTRATLEITIMPL_220526_0408_20000000004753005128_000.jpg,PSP_EXTRATLEITIMPL_220526_0408,valid,mikael,ilegivel,ilegivel,,,
PSP_EXTRATLEITIMPL_220526_0408_20000000004753005143_000.jpg,PSP_EXTRATLEITIMPL_220526_0408,valid,mikael,ilegivel,ilegivel,,,
PSP_EXTRATLEITIMPL_220526_0408_20000000004753006056_000.jpg,PSP_EXTRATLEITIMPL_220526_0408,valid,mikael,ilegivel,ilegivel,,,
PSP_EXTRATLEITIMPL_220526_0408_20000000004753007060_000.jpg,PSP_EXTRATLEITIMPL_220526_0408,valid,mikael,ilegivel,ilegivel,,,
PSP_EXTRATLEITIMPL_220526_0408_20000000004753008025_000.jpg,PSP_EXTRATLEITIMPL_220526_0408,valid,mikael,ilegivel,ilegivel,,,
PSP_EXTRATLEITIMPL_220526_0408_20000000004753011002_000.jpg,PSP_EXTRATLEITIMPL_220526_0408,valid,mikael+llama32v,legivel,ilegivel,legivel,95952,digitada_leiturista
PSP_EXTRATLEITIMPL_220526_0408_20000000004753012000_000.jpg,PSP_EXTRATLEITIMPL_220526_0408,valid,mikael,legivel,legivel,,670552,digitada_leiturista
PSP_EXTRATLEITIMPL_220526_0408_20000000004802979956_000.jpg,PSP_EXTRATLEITIMPL_220526_0408,valid,mikael,ilegivel,ilegivel,,,
PSP_EXTRATLEITIMPL_220526_0408_20000000004802986760_000.jpg,PSP_EXTRATLEITIMPL_220526_0408,valid,mikael,ilegivel,ilegivel,,,
PSP_EXTRATLEITIMPL_220526_0408_20000000004802987800_000.jpg,PSP_EXTRATLEITIMPL_220526_0408,valid,mikael,legivel,legivel,,13204,digitada_leiturista
PSP_EXTRATLEITIMPL_220526_0408_20000000004802988708_000.jpg,PSP_EXTRATLEITIMPL_220526_0408,valid,mikael,ilegivel,ilegivel,,,
PSP_EXTRATLEITIMPL_220526_0408_20000000004802994486_000.jpg,PSP_EXTRATLEITIMPL_220526_0408,valid,mikael,ilegivel,ilegivel,,,
PSP_EXTRATLEITIMPL_220526_0408_20000000004802996323_000.jpg,PSP_EXTRATLEITIMPL_220526_0408,valid,mikael,ilegivel,ilegivel,,,
PSP_EXTRATLEITIMPL_220526_0408_20000000004803000196_000.jpg,PSP_EXTRATLEITIMPL_220526_0408,valid,mikael,ilegivel,ilegivel,,,
PSP_EXTRATLEITIMPL_220526_0408_20000000004803001181_000.jpg,PSP_EXTRATLEITIMPL_220526_0408,valid,mikael,ilegivel,ilegivel,,,
PSP_EXTRATLEITIMPL_220526_0408_20000000004803003104_000.jpg,PSP_EXTRATLEITIMPL_220526_0408,valid,mikael,ilegivel,ilegivel,,,
PSP_EXTRATLEITIMPL_220526_0408_20000000004852999716_000.jpg,PSP_EXTRATLEITIMPL_220526_0408,valid,mikael,sem_medidor,sem_medidor,,,
PSP_EXTRATLEITIMPL_220526_0408_20000000004853001693_000.jpg,PSP_EXTRATLEITIMPL_220526_0408,valid,mikael,ilegivel,ilegivel,,,
PSP_EXTRATLEITIMPL_220526_0408_20000000004853002650_000.jpg,PSP_EXTRATLEITIMPL_220526_0408,valid,mikael,ilegivel,ilegivel,,,
PSP_EXTRATLEITIMPL_220526_0408_20000000004853006437_007.jpg,PSP_EXTRATLEITIMPL_220526_0408,valid,mikael,ilegivel,ilegivel,,,
PSP_EXTRATLEITIMPL_220526_0408_20000000004853009166_000.jpg,PSP_EXTRATLEITIMPL_220526_0408,valid,mikael,legivel,legivel,,22363,digitada_leiturista
PSP_EXTRATLEITIMPL_220526_0408_20000000004853012113_000.jpg,PSP_EXTRATLEITIMPL_220526_0408,valid,mikael,ilegivel,ilegivel,,,
PSP_EXTRATLEITIMPL_220526_0408_20000000004902974898_000.jpg,PSP_EXTRATLEITIMPL_220526_0408,valid,mikael+llama32v,legivel,legivel,legivel,551,digitada_leiturista
PSP_EXTRATLEITIMPL_220526_0408_20000000004902978817_000.jpg,PSP_EXTRATLEITIMPL_220526_0408,valid,mikael,legivel,legivel,,99466,digitada_leiturista
PSP_EXTRATLEITIMPL_220526_0408_20000000004902980656_000.jpg,PSP_EXTRATLEITIMPL_220526_0408,valid,mikael,ilegivel,ilegivel,,,
PSP_EXTRATLEITIMPL_220526_0408_20000000004902982656_000.jpg,PSP_EXTRATLEITIMPL_220526_0408,valid,mikael,ilegivel,ilegivel,,,
PSP_EXTRATLEITIMPL_220526_0408_20000000004902983580_000.jpg,PSP_EXTRATLEITIMPL_220526_0408,valid,mikael,sem_medidor,sem_medidor,,,
PSP_EXTRATLEITIMPL_220526_0408_20000000004902985495_000.jpg,PSP_EXTRATLEITIMPL_220526_0408,valid,mikael+llama32v,sem_medidor,sem_medidor,sem_medidor,,
PSP_EXTRATLEITIMPL_220526_0408_20000000004902989176_000.jpg,PSP_EXTRATLEITIMPL_220526_0408,valid,mikael,ilegivel,ilegivel,,,
PSP_EXTRATLEITIMPL_220526_0408_20000000004902995106_001.jpg,PSP_EXTRATLEITIMPL_220526_0408,valid,mikael,legivel,legivel,,,
PSP_EXTRATLEITIMPL_220526_0408_20000000004952993907_000.jpg,PSP_EXTRATLEITIMPL_220526_0408,valid,mikael,ilegivel,ilegivel,,,
PSP_EXTRATLEITIMPL_220526_0408_20000000004952997791_000.jpg,PSP_EXTRATLEITIMPL_220526_0408,valid,mikael,ilegivel,ilegivel,,,
PSP_EXTRATLEITIMPL_220526_0408_20000000004953001643_000.jpg,PSP_EXTRATLEITIMPL_220526_0408,valid,mikael,ilegivel,ilegivel,,,
PSP_EXTRATLEITIMPL_220526_0408_20000000004953006307_000.jpg,PSP_EXTRATLEITIMPL_220526_0408,valid,mikael,legivel,legivel,,2654,digitada_leiturista
PSP_EXTRATLEITIMPL_220526_0408_20000000004953011104_000.jpg,PSP_EXTRATLEITIMPL_220526_0408,valid,mikael,ilegivel,ilegivel,,,
PSP_EXTRATLEITIMPL_220526_0408_20000000005002985915_000.jpg,PSP_EXTRATLEITIMPL_220526_0408,valid,mikael+llama32v,legivel,legivel,legivel,31293,digitada_leiturista
PSP_EXTRATLEITIMPL_220526_0408_20000000005002994600_000.jpg,PSP_EXTRATLEITIMPL_220526_0408,valid,mikael,ilegivel,ilegivel,,,
PSP_EXTRATLEITIMPL_220526_0408_20000000005002997401_000.jpg,PSP_EXTRATLEITIMPL_220526_0408,valid,mikael,legivel,legivel,,871,digitada_leiturista
PSP_EXTRATLEITIMPL_220526_0408_20000000005003002072_000.jpg,PSP_EXTRATLEITIMPL_220526_0408,valid,mikael+llama32v,ilegivel,ilegivel,ilegivel,,
PSP_EXTRATLEITIMPL_220526_0408_20000000005003003056_000.jpg,PSP_EXTRATLEITIMPL_220526_0408,valid,mikael,sem_medidor,sem_medidor,,,
PSP_EXTRATLEITIMPL_220526_0408_20000000005052992730_000.jpg,PSP_EXTRATLEITIMPL_220526_0408,valid,mikael,ilegivel,ilegivel,,,
PSP_EXTRATLEITIMPL_220526_0408_20000000005053006101_000.jpg,PSP_EXTRATLEITIMPL_220526_0408,valid,mikael,ilegivel,ilegivel,,,
PSP_EXTRATLEITIMPL_220526_0408_20000000005053007075_000.jpg,PSP_EXTRATLEITIMPL_220526_0408,valid,mikael,legivel,legivel,,19710,digitada_leiturista
PSP_EXTRATLEITIMPL_220526_0408_20000000005053007081_000.jpg,PSP_EXTRATLEITIMPL_220526_0408,valid,mikael,ilegivel,ilegivel,,,
PSP_EXTRATLEITIMPL_220526_0408_20000000005102989909_000.jpg,PSP_EXTRATLEITIMPL_220526_0408,valid,mikael,ilegivel,ilegivel,,,
PSP_EXTRATLEITIMPL_220526_0408_20000000005102989919_000.jpg,PSP_EXTRATLEITIMPL_220526_0408,valid,mikael,ilegivel,ilegivel,,,
PSP_EXTRATLEITIMPL_220526_0408_20000000005102994721_000.jpg,PSP_EXTRATLEITIMPL_220526_0408,valid,mikael,ilegivel,ilegivel,,,
PSP_EXTRATLEITIMPL_220526_0408_20000000005103004305_000.jpg,PSP_EXTRATLEITIMPL_220526_0408,valid,mikael,ilegivel,ilegivel,,,
PSP_EXTRATLEITIMPL_220526_0408_20000000005103005196_000.jpg,PSP_EXTRATLEITIMPL_220526_0408,valid,mikael+llama32v,ilegivel,ilegivel,sem_medidor,,
PSP_EXTRATLEITIMPL_220526_0408_20000000005103008127_000.jpg,PSP_EXTRATLEITIMPL_220526_0408,valid,mikael,legivel,legivel,,74,digitada_leiturista
PSP_EXTRATLEITIMPL_220526_0408_20000000005103008135_000.jpg,PSP_EXTRATLEITIMPL_220526_0408,valid,mikael,legivel,legivel,,17789,digitada_leiturista
PSP_EXTRATLEITIMPL_220526_0408_20000000005103008144_000.jpg,PSP_EXTRATLEITIMPL_220526_0408,valid,mikael,legivel,legivel,,8922,digitada_leiturista
PSP_EXTRATLEITIMPL_220526_0408_20000000005103012007_000.jpg,PSP_EXTRATLEITIMPL_220526_0408,valid,mikael,ilegivel,ilegivel,,,
PSP_EXTRATLEITIMPL_220526_0408_20000000005103012022_000.jpg,PSP_EXTRATLEITIMPL_220526_0408,valid,mikael+llama32v,legivel,legivel,legivel,119354,digitada_leiturista
PSP_EXTRATLEITIMPL_220526_0408_20000000005103012031_001.jpg,PSP_EXTRATLEITIMPL_220526_0408,valid,mikael,ilegivel,ilegivel,,,
PSP_EXTRATLEITIMPL_220526_0408_20000000005152985972_000.jpg,PSP_EXTRATLEITIMPL_220526_0408,valid,mikael,ilegivel,ilegivel,,,
PSP_EXTRATLEITIMPL_220526_0408_20000000005152991855_000.jpg,PSP_EXTRATLEITIMPL_220526_0408,valid,mikael,ilegivel,ilegivel,,,
PSP_EXTRATLEITIMPL_220526_0408_20000000005152998600_000.jpg,PSP_EXTRATLEITIMPL_220526_0408,valid,mikael+llama32v,ilegivel,ilegivel,ilegivel,,
PSP_EXTRATLEITIMPL_220526_0408_20000000005152998602_000.jpg,PSP_EXTRATLEITIMPL_220526_0408,valid,mikael,ilegivel,ilegivel,,,
PSP_EXTRATLEITIMPL_220526_0408_20000000005153001395_000.jpg,PSP_EXTRATLEITIMPL_220526_0408,valid,mikael,sem_medidor,sem_medidor,,,
PSP_EXTRATLEITIMPL_220526_0408_20000000005153011032_000.jpg,PSP_EXTRATLEITIMPL_220526_0408,valid,mikael,ilegivel,ilegivel,,,
PSP_EXTRATLEITIMPL_220526_0408_20000000005153012022_000.jpg,PSP_EXTRATLEITIMPL_220526_0408,valid,mikael+llama32v,legivel,legivel,legivel,6002,digitada_leiturista
PSP_EXTRATLEITIMPL_220526_0408_20000000005202981962_000.jpg,PSP_EXTRATLEITIMPL_220526_0408,valid,mikael,ilegivel,ilegivel,,,
PSP_EXTRATLEITIMPL_220526_0408_20000000005202981975_000.jpg,PSP_EXTRATLEITIMPL_220526_0408,valid,mikael,ilegivel,ilegivel,,,
PSP_EXTRATLEITIMPL_220526_0408_20000000005202986815_000.jpg,PSP_EXTRATLEITIMPL_220526_0408,valid,mikael,legivel,legivel,,22416,digitada_leiturista
PSP_EXTRATLEITIMPL_220526_0408_20000000005202986817_000.jpg,PSP_EXTRATLEITIMPL_220526_0408,valid,mikael,legivel,legivel,,6108,digitada_leiturista
PSP_EXTRATLEITIMPL_220526_0408_20000000005202986824_000.jpg,PSP_EXTRATLEITIMPL_220526_0408,valid,mikael,ilegivel,ilegivel,,,
PSP_EXTRATLEITIMPL_220526_0408_20000000005202996416_000.jpg,PSP_EXTRATLEITIMPL_220526_0408,valid,mikael+llama32v,legivel,legivel,legivel,7,digitada_leiturista
PSP_EXTRATLEITIMPL_220526_0408_20000000005202997304_005.jpg,PSP_EXTRATLEITIMPL_220526_0408,valid,mikael,ilegivel,ilegivel,,,
PSP_EXTRATLEITIMPL_220526_0408_20000000005202997324_000.jpg,PSP_EXTRATLEITIMPL_220526_0408,valid,mikael,ilegivel,ilegivel,,,
PSP_EXTRATLEITIMPL_220526_0408_20000000005203005008_000.jpg,PSP_EXTRATLEITIMPL_220526_0408,valid,mikael,ilegivel,ilegivel,,,
PSP_EXTRATLEITIMPL_220526_0408_20000000005252998785_000.jpg,PSP_EXTRATLEITIMPL_220526_0408,valid,mikael,ilegivel,ilegivel,,,
PSP_EXTRATLEITIMPL_220526_0408_20000000005253000668_000.jpg,PSP_EXTRATLEITIMPL_220526_0408,valid,mikael,ilegivel,ilegivel,,,
PSP_EXTRATLEITIMPL_220526_0408_20000000005253001658_000.jpg,PSP_EXTRATLEITIMPL_220526_0408,valid,mikael,ilegivel,ilegivel,,,
PSP_EXTRATLEITIMPL_220526_0408_20000000005253002639_000.jpg,PSP_EXTRATLEITIMPL_220526_0408,valid,mikael,ilegivel,ilegivel,,,
PSP_EXTRATLEITIMPL_220526_0408_20000000005253009165_000.jpg,PSP_EXTRATLEITIMPL_220526_0408,valid,mikael,ilegivel,ilegivel,,,
PSP_EXTRATLEITIMPL_220526_0408_20000000005253010098_000.jpg,PSP_EXTRATLEITIMPL_220526_0408,valid,mikael,ilegivel,ilegivel,,,
PSP_EXTRATLEITIMPL_220526_0408_20000000005253012044_000.jpg,PSP_EXTRATLEITIMPL_220526_0408,valid,mikael,ilegivel,ilegivel,,,
PSP_EXTRATLEITIMPL_220526_0408_20000000005302980950_000.jpg,PSP_EXTRATLEITIMPL_220526_0408,valid,mikael,sem_medidor,sem_medidor,,,
PSP_EXTRATLEITIMPL_220526_0408_20000000005302989625_001.jpg,PSP_EXTRATLEITIMPL_220526_0408,valid,mikael,ilegivel,ilegivel,,,
PSP_EXTRATLEITIMPL_220526_0408_20000000005302998050_000.jpg,PSP_EXTRATLEITIMPL_220526_0408,valid,mikael,ilegivel,ilegivel,,,
PSP_EXTRATLEITIMPL_220526_0408_20000000005303002019_000.jpg,PSP_EXTRATLEITIMPL_220526_0408,valid,mikael+llama32v,legivel,ilegivel,legivel,1189,digitada_leiturista
PSP_EXTRATLEITIMPL_220526_0408_20000000005303002038_002.jpg,PSP_EXTRATLEITIMPL_220526_0408,valid,mikael,ilegivel,ilegivel,,,
PSP_EXTRATLEITIMPL_220526_0408_20000000005352981768_000.jpg,PSP_EXTRATLEITIMPL_220526_0408,valid,mikael,ilegivel,ilegivel,,,
PSP_EXTRATLEITIMPL_220526_0408_20000000005352983704_000.jpg,PSP_EXTRATLEITIMPL_220526_0408,valid,mikael,sem_medidor,sem_medidor,,,
PSP_EXTRATLEITIMPL_220526_0408_20000000005352984632_000.jpg,PSP_EXTRATLEITIMPL_220526_0408,valid,mikael,ilegivel,ilegivel,,,
PSP_EXTRATLEITIMPL_220526_0408_20000000005352986570_000.jpg,PSP_EXTRATLEITIMPL_220526_0408,valid,mikael,ilegivel,ilegivel,,,
PSP_EXTRATLEITIMPL_220526_0408_20000000005353000011_000.jpg,PSP_EXTRATLEITIMPL_220526_0408,valid,mikael+llama32v,legivel,legivel,legivel,82236,digitada_leiturista
PSP_EXTRATLEITIMPL_220526_0408_20000000005402973966_000.jpg,PSP_EXTRATLEITIMPL_220526_0408,valid,mikael,ilegivel,ilegivel,,,
PSP_EXTRATLEITIMPL_220526_0408_20000000005402974949_000.jpg,PSP_EXTRATLEITIMPL_220526_0408,valid,mikael,legivel,legivel,,7162,digitada_leiturista
PSP_EXTRATLEITIMPL_220526_0408_20000000005402974957_000.jpg,PSP_EXTRATLEITIMPL_220526_0408,valid,mikael,ilegivel,ilegivel,,,
PSP_EXTRATLEITIMPL_220526_0408_20000000005402996311_006.jpg,PSP_EXTRATLEITIMPL_220526_0408,valid,mikael,ilegivel,ilegivel,,,
PSP_EXTRATLEITIMPL_220526_0408_20000000005402997177_000.jpg,PSP_EXTRATLEITIMPL_220526_0408,valid,mikael+llama32v,legivel,ilegivel,legivel,149025,digitada_leiturista
PSP_EXTRATLEITIMPL_220526_0408_20000000005452969767_000.jpg,PSP_EXTRATLEITIMPL_220526_0408,valid,mikael,ilegivel,ilegivel,,,
PSP_EXTRATLEITIMPL_220526_0408_20000000005452971714_000.jpg,PSP_EXTRATLEITIMPL_220526_0408,valid,mikael,ilegivel,ilegivel,,,
PSP_EXTRATLEITIMPL_220526_0408_20000000005452971724_000.jpg,PSP_EXTRATLEITIMPL_220526_0408,valid,mikael+llama32v,legivel,ilegivel,legivel,6110,digitada_leiturista
PSP_EXTRATLEITIMPL_220526_0408_20000000005452972701_000.jpg,PSP_EXTRATLEITIMPL_220526_0408,valid,mikael+llama32v,sem_medidor,sem_medidor,sem_medidor,,
PSP_EXTRATLEITIMPL_220526_0408_20000000005452972713_000.jpg,PSP_EXTRATLEITIMPL_220526_0408,valid,mikael,ilegivel,ilegivel,,,
PSP_EXTRATLEITIMPL_220526_0408_20000000005452981162_000.jpg,PSP_EXTRATLEITIMPL_220526_0408,valid,mikael+llama32v,legivel,ilegivel,legivel,34524,digitada_leiturista
PSP_EXTRATLEITIMPL_220526_0408_20000000005452984065_000.jpg,PSP_EXTRATLEITIMPL_220526_0408,valid,mikael+llama32v,sem_medidor,sem_medidor,sem_medidor,,
PSP_EXTRATLEITIMPL_220526_0408_20000000005452988007_000.jpg,PSP_EXTRATLEITIMPL_220526_0408,valid,mikael,legivel,legivel,,8801,digitada_leiturista
PSP_EXTRATLEITIMPL_220526_0408_20000000005502971971_000.jpg,PSP_EXTRATLEITIMPL_220526_0408,valid,mikael,ilegivel,ilegivel,,,
PSP_EXTRATLEITIMPL_220526_0408_20000000005502971983_000.jpg,PSP_EXTRATLEITIMPL_220526_0408,valid,mikael,ilegivel,ilegivel,,,
PSP_EXTRATLEITIMPL_220526_0408_20000000005502979839_000.jpg,PSP_EXTRATLEITIMPL_220526_0408,valid,mikael,ilegivel,ilegivel,,,
PSP_EXTRATLEITIMPL_220526_0408_20000000005502987440_000.jpg,PSP_EXTRATLEITIMPL_220526_0408,valid,mikael,sem_medidor,sem_medidor,,,
PSP_EXTRATLEITIMPL_220526_0408_20000000005502989347_000.jpg,PSP_EXTRATLEITIMPL_220526_0408,valid,mikael,ilegivel,ilegivel,,,
PSP_EXTRATLEITIMPL_220526_0408_20000000005502989356_000.jpg,PSP_EXTRATLEITIMPL_220526_0408,valid,mikael,ilegivel,ilegivel,,,
PSP_EXTRATLEITIMPL_220526_0408_20000000005502990310_000.jpg,PSP_EXTRATLEITIMPL_220526_0408,valid,mikael,ilegivel,ilegivel,,,
PSP_EXTRATLEITIMPL_220526_0408_20000000005502994043_001.jpg,PSP_EXTRATLEITIMPL_220526_0408,valid,mikael,ilegivel,ilegivel,,,
PSP_EXTRATLEITIMPL_220526_0408_20000000005552967873_000.jpg,PSP_EXTRATLEITIMPL_220526_0408,valid,mikael,legivel,legivel,,420,digitada_leiturista
PSP_EXTRATLEITIMPL_220526_0408_20000000005552969837_000.jpg,PSP_EXTRATLEITIMPL_220526_0408,valid,mikael,ilegivel,ilegivel,,,
PSP_EXTRATLEITIMPL_220526_0408_20000000005552974528_000.jpg,PSP_EXTRATLEITIMPL_220526_0408,valid,mikael,ilegivel,ilegivel,,,
PSP_EXTRATLEITIMPL_220526_0408_20000000005552978433_000.jpg,PSP_EXTRATLEITIMPL_220526_0408,valid,mikael,legivel,legivel,,47187,digitada_leiturista
PSP_EXTRATLEITIMPL_220526_0408_20000000005552980245_000.jpg,PSP_EXTRATLEITIMPL_220526_0408,valid,mikael,sem_medidor,sem_medidor,,,
PSP_EXTRATLEITIMPL_220526_0408_20000000005552981215_000.jpg,PSP_EXTRATLEITIMPL_220526_0408,valid,mikael,ilegivel,ilegivel,,,
PSP_EXTRATLEITIMPL_220526_0408_20000000005552982073_001.jpg,PSP_EXTRATLEITIMPL_220526_0408,valid,mikael,ilegivel,ilegivel,,,
PSP_EXTRATLEITIMPL_220526_0408_20000000005552985034_000.jpg,PSP_EXTRATLEITIMPL_220526_0408,valid,mikael,legivel,legivel,,32662,digitada_leiturista
PSP_EXTRATLEITIMPL_220526_0408_20000000005602945884_000.jpg,PSP_EXTRATLEITIMPL_220526_0408,valid,mikael,ilegivel,ilegivel,,,
PSP_EXTRATLEITIMPL_220526_0408_20000000005602956670_000.jpg,PSP_EXTRATLEITIMPL_220526_0408,valid,mikael,ilegivel,ilegivel,,,
PSP_EXTRATLEITIMPL_220526_0408_20000000005602963291_000.jpg,PSP_EXTRATLEITIMPL_220526_0408,valid,mikael+llama32v,sem_medidor,sem_medidor,sem_medidor,,
PSP_EXTRATLEITIMPL_220526_0408_20000000005652965907_000.jpg,PSP_EXTRATLEITIMPL_220526_0408,valid,mikael,ilegivel,ilegivel,,,
PSP_EXTRATLEITIMPL_220526_0408_20000000005652970841_000.jpg,PSP_EXTRATLEITIMPL_220526_0408,valid,mikael,ilegivel,ilegivel,,,
PSP_EXTRATLEITIMPL_220526_0408_20000000005652972646_000.jpg,PSP_EXTRATLEITIMPL_220526_0408,valid,mikael,ilegivel,ilegivel,,,
PSP_EXTRATLEITIMPL_220526_0408_20000000005652979405_000.jpg,PSP_EXTRATLEITIMPL_220526_0408,valid,mikael,ilegivel,ilegivel,,,
PSP_EXTRATLEITIMPL_220526_0408_20000000005652982207_000.jpg,PSP_EXTRATLEITIMPL_220526_0408,valid,mikael,ilegivel,ilegivel,,,
PSP_EXTRATLEITIMPL_220526_0408_20000000005652986031_000.jpg,PSP_EXTRATLEITIMPL_220526_0408,valid,mikael,sem_medidor,sem_medidor,,,
PSP_EXTRATLEITIMPL_220526_0408_20000000005702975781_000.jpg,PSP_EXTRATLEITIMPL_220526_0408,valid,mikael,ilegivel,ilegivel,,,
PSP_EXTRATLEITIMPL_220526_0408_20000000005702976793_000.jpg,PSP_EXTRATLEITIMPL_220526_0408,valid,mikael,ilegivel,ilegivel,,,
PSP_EXTRATLEITIMPL_220526_0408_20000000005702977680_000.jpg,PSP_EXTRATLEITIMPL_220526_0408,valid,mikael,legivel,legivel,,5337,digitada_leiturista
PSP_EXTRATLEITIMPL_220526_0408_20000000005702977682_000.jpg,PSP_EXTRATLEITIMPL_220526_0408,valid,mikael,legivel,legivel,,25594,digitada_leiturista
PSP_EXTRATLEITIMPL_220526_0408_20000000005702987200_000.jpg,PSP_EXTRATLEITIMPL_220526_0408,valid,mikael,ilegivel,ilegivel,,,
PSP_EXTRATLEITIMPL_220526_0408_20000000005702989039_000.jpg,PSP_EXTRATLEITIMPL_220526_0408,valid,mikael,legivel,legivel,,5473,digitada_leiturista
PSP_EXTRATLEITIMPL_220526_0408_20000000005702992000_000.jpg,PSP_EXTRATLEITIMPL_220526_0408,valid,mikael,ilegivel,ilegivel,,,
PSP_EXTRATLEITIMPL_220526_0408_20000000005702993004_000.jpg,PSP_EXTRATLEITIMPL_220526_0408,valid,mikael,ilegivel,ilegivel,,,
PSP_EXTRATLEITIMPL_220526_0408_20000000005752957984_000.jpg,PSP_EXTRATLEITIMPL_220526_0408,valid,mikael,ilegivel,ilegivel,,,
PSP_EXTRATLEITIMPL_220526_0408_20000000005752959940_000.jpg,PSP_EXTRATLEITIMPL_220526_0408,valid,mikael,ilegivel,ilegivel,,,
PSP_EXTRATLEITIMPL_220526_0408_20000000005752962928_000.jpg,PSP_EXTRATLEITIMPL_220526_0408,valid,mikael,ilegivel,ilegivel,,,
PSP_EXTRATLEITIMPL_220526_0408_20000000005752962940_000.jpg,PSP_EXTRATLEITIMPL_220526_0408,valid,mikael+llama32v,ilegivel,ilegivel,ilegivel,,
PSP_EXTRATLEITIMPL_220526_0408_20000000005752964828_000.jpg,PSP_EXTRATLEITIMPL_220526_0408,valid,mikael,ilegivel,ilegivel,,,
PSP_EXTRATLEITIMPL_220526_0408_20000000005752968677_000.jpg,PSP_EXTRATLEITIMPL_220526_0408,valid,mikael,legivel,legivel,,30123,digitada_leiturista
PSP_EXTRATLEITIMPL_220526_0408_20000000005752974379_000.jpg,PSP_EXTRATLEITIMPL_220526_0408,valid,mikael,sem_medidor,sem_medidor,,,
PSP_EXTRATLEITIMPL_220526_0408_20000000005752978120_000.jpg,PSP_EXTRATLEITIMPL_220526_0408,valid,mikael,ilegivel,ilegivel,,,
PSP_EXTRATLEITIMPL_220526_0408_20000000005802960991_000.jpg,PSP_EXTRATLEITIMPL_220526_0408,valid,mikael,ilegivel,ilegivel,,,
PSP_EXTRATLEITIMPL_220526_0408_20000000005802964937_000.jpg,PSP_EXTRATLEITIMPL_220526_0408,valid,mikael+llama32v,legivel,ilegivel,legivel,574,digitada_leiturista
PSP_EXTRATLEITIMPL_220526_0408_20000000005802966887_000.jpg,PSP_EXTRATLEITIMPL_220526_0408,valid,mikael,legivel,legivel,,10799,digitada_leiturista
PSP_EXTRATLEITIMPL_220526_0408_20000000005802971808_000.jpg,PSP_EXTRATLEITIMPL_220526_0408,valid,mikael,sem_medidor,sem_medidor,,,
PSP_EXTRATLEITIMPL_220526_0408_20000000005802971819_000.jpg,PSP_EXTRATLEITIMPL_220526_0408,valid,mikael,legivel,legivel,,4379,digitada_leiturista
PSP_EXTRATLEITIMPL_220526_0408_20000000005802974697_000.jpg,PSP_EXTRATLEITIMPL_220526_0408,valid,mikael,ilegivel,ilegivel,,,
PSP_EXTRATLEITIMPL_220526_0408_20000000005802980434_001.jpg,PSP_EXTRATLEITIMPL_220526_0408,valid,mikael,legivel,legivel,,,
PSP_EXTRATLEITIMPL_220526_0408_20000000005802980441_000.jpg,PSP_EXTRATLEITIMPL_220526_0408,valid,mikael+llama32v,legivel,legivel,legivel,270058,digitada_leiturista
PSP_EXTRATLEITIMPL_220526_0408_20000000005802983297_000.jpg,PSP_EXTRATLEITIMPL_220526_0408,valid,mikael,ilegivel,ilegivel,,,
PSP_EXTRATLEITIMPL_220526_0408_20000000005802986055_000.jpg,PSP_EXTRATLEITIMPL_220526_0408,valid,mikael,ilegivel,ilegivel,,,
PSP_EXTRATLEITIMPL_220526_0408_20000000005802989009_000.jpg,PSP_EXTRATLEITIMPL_220526_0408,valid,mikael+llama32v,legivel,ilegivel,legivel,4002,digitada_leiturista
PSP_EXTRATLEITIMPL_220526_0408_20000000005852977708_000.jpg,PSP_EXTRATLEITIMPL_220526_0408,valid,mikael+llama32v,legivel,ilegivel,legivel,2726,digitada_leiturista
PSP_EXTRATLEITIMPL_220526_0408_20000000005852979594_000.jpg,PSP_EXTRATLEITIMPL_220526_0408,valid,mikael,legivel,legivel,,1450,digitada_leiturista
PSP_EXTRATLEITIMPL_220526_0408_20000000005852980466_000.jpg,PSP_EXTRATLEITIMPL_220526_0408,valid,mikael,ilegivel,ilegivel,,,
PSP_EXTRATLEITIMPL_220526_0408_20000000005902974767_000.jpg,PSP_EXTRATLEITIMPL_220526_0408,valid,mikael,ilegivel,ilegivel,,,
PSP_EXTRATLEITIMPL_220526_0408_20000000005902981499_000.jpg,PSP_EXTRATLEITIMPL_220526_0408,valid,mikael+llama32v,ilegivel,sem_medidor,ilegivel,,
PSP_EXTRATLEITIMPL_220526_0408_20000000005902982414_000.jpg,PSP_EXTRATLEITIMPL_220526_0408,valid,mikael,ilegivel,ilegivel,,,
PSP_EXTRATLEITIMPL_220526_0408_20000000005902984393_000.jpg,PSP_EXTRATLEITIMPL_220526_0408,valid,mikael,legivel,legivel,,7714,digitada_leiturista
PSP_EXTRATLEITIMPL_220526_0408_20000000005902984397_000.jpg,PSP_EXTRATLEITIMPL_220526_0408,valid,mikael+llama32v,ilegivel,ilegivel,ilegivel,,
PSP_EXTRATLEITIMPL_220526_0408_20000000005902985310_000.jpg,PSP_EXTRATLEITIMPL_220526_0408,valid,mikael+llama32v,legivel,ilegivel,legivel,10685,digitada_leiturista
PSP_EXTRATLEITIMPL_220526_0408_20000000005902987169_000.jpg,PSP_EXTRATLEITIMPL_220526_0408,valid,mikael,sem_medidor,sem_medidor,,,
PSP_EXTRATLEITIMPL_220526_0408_20000000005902987182_000.jpg,PSP_EXTRATLEITIMPL_220526_0408,valid,mikael,legivel,legivel,,5261,digitada_leiturista
PSP_EXTRATLEITIMPL_220526_0408_20000000005902988055_000.jpg,PSP_EXTRATLEITIMPL_220526_0408,valid,mikael,ilegivel,ilegivel,,,
PSP_EXTRATLEITIMPL_220526_0408_20000000005902990047_000.jpg,PSP_EXTRATLEITIMPL_220526_0408,valid,mikael,ilegivel,ilegivel,,,
PSP_EXTRATLEITIMPL_220526_0408_20000000005952960975_000.jpg,PSP_EXTRATLEITIMPL_220526_0408,valid,mikael,ilegivel,ilegivel,,,
PSP_EXTRATLEITIMPL_220526_0408_20000000005952966904_000.jpg,PSP_EXTRATLEITIMPL_220526_0408,valid,mikael+llama32v,legivel,ilegivel,legivel,46570,digitada_leiturista
PSP_EXTRATLEITIMPL_220526_0408_20000000005952973775_000.jpg,PSP_EXTRATLEITIMPL_220526_0408,valid,mikael,ilegivel,ilegivel,,,
PSP_EXTRATLEITIMPL_220526_0408_20000000005952975640_000.jpg,PSP_EXTRATLEITIMPL_220526_0408,valid,mikael+llama32v,legivel,legivel,legivel,99999,digitada_leiturista
PSP_EXTRATLEITIMPL_220526_0408_20000000005952984185_000.jpg,PSP_EXTRATLEITIMPL_220526_0408,valid,mikael,ilegivel,ilegivel,,,
PSP_EXTRATLEITIMPL_220526_0408_20000000005952986059_000.jpg,PSP_EXTRATLEITIMPL_220526_0408,valid,mikael+llama32v,legivel,legivel,legivel,7815,digitada_leiturista
PSP_EXTRATLEITIMPL_220526_0408_20000000006002973777_000.jpg,PSP_EXTRATLEITIMPL_220526_0408,valid,mikael+llama32v,sem_medidor,sem_medidor,sem_medidor,,
PSP_EXTRATLEITIMPL_220526_0408_20000000006002977665_000.jpg,PSP_EXTRATLEITIMPL_220526_0408,valid,mikael,ilegivel,ilegivel,,,
PSP_EXTRATLEITIMPL_220526_0408_20000000006002977671_000.jpg,PSP_EXTRATLEITIMPL_220526_0408,valid,mikael,ilegivel,ilegivel,,,
PSP_EXTRATLEITIMPL_220526_0408_20000000006002987076_000.jpg,PSP_EXTRATLEITIMPL_220526_0408,valid,mikael,ilegivel,ilegivel,,,
PSP_EXTRATLEITIMPL_220526_0408_20000000006002990010_000.jpg,PSP_EXTRATLEITIMPL_220526_0408,valid,mikael,ilegivel,ilegivel,,,
PSP_EXTRATLEITIMPL_220526_0408_20000000006052970757_000.jpg,PSP_EXTRATLEITIMPL_220526_0408,valid,mikael+llama32v,ilegivel,ilegivel,ilegivel,,
PSP_EXTRATLEITIMPL_220526_0408_20000000006052971677_000.jpg,PSP_EXTRATLEITIMPL_220526_0408,valid,mikael,legivel,legivel,,58388,digitada_leiturista
PSP_EXTRATLEITIMPL_220526_0408_20000000006052974673_000.jpg,PSP_EXTRATLEITIMPL_220526_0408,valid,mikael,legivel,legivel,,17345,digitada_leiturista
PSP_EXTRATLEITIMPL_220526_0408_20000000006052976526_000.jpg,PSP_EXTRATLEITIMPL_220526_0408,valid,mikael,ilegivel,ilegivel,,,
PSP_EXTRATLEITIMPL_220526_0408_20000000006052979289_000.jpg,PSP_EXTRATLEITIMPL_220526_0408,valid,mikael+llama32v,legivel,legivel,legivel,54718,digitada_leiturista
PSP_EXTRATLEITIMPL_220526_0408_20000000006052980259_000.jpg,PSP_EXTRATLEITIMPL_220526_0408,valid,mikael,ilegivel,ilegivel,,,
PSP_EXTRATLEITIMPL_220526_0408_20000000006102960998_000.jpg,PSP_EXTRATLEITIMPL_220526_0408,valid,mikael,ilegivel,ilegivel,,,
PSP_EXTRATLEITIMPL_220526_0408_20000000006102964904_000.jpg,PSP_EXTRATLEITIMPL_220526_0408,valid,mikael,ilegivel,ilegivel,,,
PSP_EXTRATLEITIMPL_220526_0408_20000000006102970958_000.jpg,PSP_EXTRATLEITIMPL_220526_0408,valid,mikael,ilegivel,ilegivel,,,
PSP_EXTRATLEITIMPL_220526_0408_20000000006102974817_000.jpg,PSP_EXTRATLEITIMPL_220526_0408,valid,mikael,ilegivel,ilegivel,,,
PSP_EXTRATLEITIMPL_220526_0408_20000000006102986307_000.jpg,PSP_EXTRATLEITIMPL_220526_0408,valid,mikael+llama32v,legivel,legivel,legivel,3848,digitada_leiturista
PSP_EXTRATLEITIMPL_220526_0408_20000000006152964980_000.jpg,PSP_EXTRATLEITIMPL_220526_0408,valid,mikael,legivel,legivel,,43552,digitada_leiturista
PSP_EXTRATLEITIMPL_220526_0408_20000000006152967936_000.jpg,PSP_EXTRATLEITIMPL_220526_0408,valid,mikael,sem_medidor,sem_medidor,,,
PSP_EXTRATLEITIMPL_220526_0408_20000000006152971878_000.jpg,PSP_EXTRATLEITIMPL_220526_0408,valid,mikael,ilegivel,ilegivel,,,
PSP_EXTRATLEITIMPL_220526_0408_20000000006152979662_000.jpg,PSP_EXTRATLEITIMPL_220526_0408,valid,mikael,legivel,legivel,,4103,digitada_leiturista
PSP_EXTRATLEITIMPL_220526_0408_20000000006152980607_000.jpg,PSP_EXTRATLEITIMPL_220526_0408,valid,mikael,legivel,legivel,,8431,digitada_leiturista
PSP_EXTRATLEITIMPL_220526_0408_20000000006152980613_000.jpg,PSP_EXTRATLEITIMPL_220526_0408,valid,mikael+llama32v,ilegivel,ilegivel,ilegivel,,
PSP_EXTRATLEITIMPL_220526_0408_20000000006202961993_000.jpg,PSP_EXTRATLEITIMPL_220526_0408,valid,mikael,ilegivel,ilegivel,,,
PSP_EXTRATLEITIMPL_220526_0408_20000000006202966921_000.jpg,PSP_EXTRATLEITIMPL_220526_0408,valid,mikael,ilegivel,ilegivel,,,
PSP_EXTRATLEITIMPL_220526_0408_20000000006202967823_000.jpg,PSP_EXTRATLEITIMPL_220526_0408,valid,mikael,sem_medidor,sem_medidor,,,
PSP_EXTRATLEITIMPL_220526_0408_20000000006202973730_000.jpg,PSP_EXTRATLEITIMPL_220526_0408,valid,mikael,legivel,legivel,,20163,digitada_leiturista
PSP_EXTRATLEITIMPL_220526_0408_20000000006202976628_000.jpg,PSP_EXTRATLEITIMPL_220526_0408,valid,mikael,legivel,legivel,,,
PSP_EXTRATLEITIMPL_220526_0408_20000000006202982223_000.jpg,PSP_EXTRATLEITIMPL_220526_0408,valid,mikael+llama32v,legivel,ilegivel,legivel,1690,digitada_leiturista
PSP_EXTRATLEITIMPL_220526_0408_20000000006252971954_000.jpg,PSP_EXTRATLEITIMPL_220526_0408,valid,mikael,ilegivel,ilegivel,,,
PSP_EXTRATLEITIMPL_220526_0408_20000000006252986532_000.jpg,PSP_EXTRATLEITIMPL_220526_0408,valid,mikael+llama32v,ilegivel,ilegivel,ilegivel,,
PSP_EXTRATLEITIMPL_220526_0408_20000000006252990347_000.jpg,PSP_EXTRATLEITIMPL_220526_0408,valid,mikael,ilegivel,ilegivel,,,
PSP_EXTRATLEITIMPL_220526_0408_20000000006252995025_000.jpg,PSP_EXTRATLEITIMPL_220526_0408,valid,mikael,ilegivel,ilegivel,,,
PSP_EXTRATLEITIMPL_220526_0408_20000000006252998009_000.jpg,PSP_EXTRATLEITIMPL_220526_0408,valid,mikael,ilegivel,ilegivel,,,
PSP_EXTRATLEITIMPL_220526_0408_20000000006302968929_000.jpg,PSP_EXTRATLEITIMPL_220526_0408,valid,mikael,ilegivel,ilegivel,,,
PSP_EXTRATLEITIMPL_220526_0408_20000000006302973938_000.jpg,PSP_EXTRATLEITIMPL_220526_0408,valid,mikael,ilegivel,ilegivel,,,
PSP_EXTRATLEITIMPL_220526_0408_20000000006302978754_000.jpg,PSP_EXTRATLEITIMPL_220526_0408,valid,mikael+llama32v,ilegivel,ilegivel,ilegivel,,
PSP_EXTRATLEITIMPL_220526_0408_20000000006302978772_000.jpg,PSP_EXTRATLEITIMPL_220526_0408,valid,mikael,ilegivel,ilegivel,,,
PSP_EXTRATLEITIMPL_220526_0408_20000000006302980661_000.jpg,PSP_EXTRATLEITIMPL_220526_0408,valid,mikael,ilegivel,ilegivel,,,
PSP_EXTRATLEITIMPL_220526_0408_20000000006302982640_000.jpg,PSP_EXTRATLEITIMPL_220526_0408,valid,mikael+llama32v,legivel,ilegivel,legivel,17548,digitada_leiturista
PSP_EXTRATLEITIMPL_220526_0408_20000000006302984528_000.jpg,PSP_EXTRATLEITIMPL_220526_0408,valid,mikael,ilegivel,ilegivel,,,
PSP_EXTRATLEITIMPL_220526_0408_20000000006302986412_002.jpg,PSP_EXTRATLEITIMPL_220526_0408,valid,mikael,ilegivel,ilegivel,,,
PSP_EXTRATLEITIMPL_220526_0408_20000000006302987326_000.jpg,PSP_EXTRATLEITIMPL_220526_0408,valid,mikael,ilegivel,ilegivel,,,
PSP_EXTRATLEITIMPL_220526_0408_20000000006302989175_000.jpg,PSP_EXTRATLEITIMPL_220526_0408,valid,mikael,ilegivel,ilegivel,,,
PSP_EXTRATLEITIMPL_220526_0408_20000000006352967905_000.jpg,PSP_EXTRATLEITIMPL_220526_0408,valid,mikael,ilegivel,ilegivel,,,
PSP_EXTRATLEITIMPL_220526_0408_20000000006352972912_000.jpg,PSP_EXTRATLEITIMPL_220526_0408,valid,mikael,ilegivel,ilegivel,,,
PSP_EXTRATLEITIMPL_220526_0408_20000000006352974859_000.jpg,PSP_EXTRATLEITIMPL_220526_0408,valid,mikael,ilegivel,ilegivel,,,
PSP_EXTRATLEITIMPL_220526_0408_20000000006352976742_000.jpg,PSP_EXTRATLEITIMPL_220526_0408,valid,mikael+llama32v,legivel,ilegivel,legivel,51178,digitada_leiturista
PSP_EXTRATLEITIMPL_220526_0408_20000000006352978753_000.jpg,PSP_EXTRATLEITIMPL_220526_0408,valid,mikael,ilegivel,ilegivel,,,
PSP_EXTRATLEITIMPL_220526_0408_20000000006352980662_000.jpg,PSP_EXTRATLEITIMPL_220526_0408,valid,mikael,ilegivel,ilegivel,,,
PSP_EXTRATLEITIMPL_220526_0408_20000000006352982634_000.jpg,PSP_EXTRATLEITIMPL_220526_0408,valid,mikael,ilegivel,ilegivel,,,
PSP_EXTRATLEITIMPL_220526_0408_20000000006352992021_000.jpg,PSP_EXTRATLEITIMPL_220526_0408,valid,mikael,ilegivel,ilegivel,,,
PSP_EXTRATLEITIMPL_220526_0408_20000000006402958916_000.jpg,PSP_EXTRATLEITIMPL_220526_0408,valid,mikael,ilegivel,ilegivel,,,
PSP_EXTRATLEITIMPL_220526_0408_20000000006402958919_000.jpg,PSP_EXTRATLEITIMPL_220526_0408,valid,mikael,ilegivel,ilegivel,,,
PSP_EXTRATLEITIMPL_220526_0408_20000000006402958931_000.jpg,PSP_EXTRATLEITIMPL_220526_0408,valid,mikael+llama32v,ilegivel,ilegivel,ilegivel,,
PSP_EXTRATLEITIMPL_220526_0408_20000000006402965925_000.jpg,PSP_EXTRATLEITIMPL_220526_0408,valid,mikael,legivel,legivel,,60016,digitada_leiturista
PSP_EXTRATLEITIMPL_220526_0408_20000000006402971727_000.jpg,PSP_EXTRATLEITIMPL_220526_0408,valid,mikael,legivel,legivel,,456,digitada_leiturista
PSP_EXTRATLEITIMPL_220526_0408_20000000006402978308_000.jpg,PSP_EXTRATLEITIMPL_220526_0408,valid,mikael,ilegivel,ilegivel,,,
PSP_EXTRATLEITIMPL_220526_0408_20000000006402978319_000.jpg,PSP_EXTRATLEITIMPL_220526_0408,valid,mikael,ilegivel,ilegivel,,,
PSP_EXTRATLEITIMPL_220526_0408_20000000006402980161_000.jpg,PSP_EXTRATLEITIMPL_220526_0408,valid,mikael,ilegivel,ilegivel,,,
PSP_EXTRATLEITIMPL_220526_0408_20000000006402981037_000.jpg,PSP_EXTRATLEITIMPL_220526_0408,valid,mikael,ilegivel,ilegivel,,,
PSP_EXTRATLEITIMPL_220526_0408_20000000006402981041_000.jpg,PSP_EXTRATLEITIMPL_220526_0408,valid,mikael,ilegivel,ilegivel,,,
PSP_EXTRATLEITIMPL_220526_0408_20000000006452968965_000.jpg,PSP_EXTRATLEITIMPL_220526_0408,valid,mikael,sem_medidor,sem_medidor,,,
PSP_EXTRATLEITIMPL_220526_0408_20000000006452978749_000.jpg,PSP_EXTRATLEITIMPL_220526_0408,valid,mikael,legivel,legivel,,16925,digitada_leiturista
PSP_EXTRATLEITIMPL_220526_0408_20000000006452988348_001.jpg,PSP_EXTRATLEITIMPL_220526_0408,valid,mikael,legivel,legivel,,6000,digitada_leiturista
PSP_EXTRATLEITIMPL_220526_0408_20000000006452991148_000.jpg,PSP_EXTRATLEITIMPL_220526_0408,valid,mikael,ilegivel,ilegivel,,,
PSP_EXTRATLEITIMPL_220526_0408_20000000006502971946_000.jpg,PSP_EXTRATLEITIMPL_220526_0408,valid,mikael+llama32v,legivel,ilegivel,legivel,44021,digitada_leiturista
PSP_EXTRATLEITIMPL_220526_0408_20000000006502972944_000.jpg,PSP_EXTRATLEITIMPL_220526_0408,valid,mikael+llama32v,legivel,ilegivel,legivel,2881,digitada_leiturista
PSP_EXTRATLEITIMPL_220526_0408_20000000006502982849_000.jpg,PSP_EXTRATLEITIMPL_220526_0408,valid,mikael,legivel,legivel,,7222,digitada_leiturista
PSP_EXTRATLEITIMPL_220526_0408_20000000006502984797_000.jpg,PSP_EXTRATLEITIMPL_220526_0408,valid,mikael,ilegivel,ilegivel,,,
PSP_EXTRATLEITIMPL_220526_0408_20000000006502986740_000.jpg,PSP_EXTRATLEITIMPL_220526_0408,valid,mikael,ilegivel,ilegivel,,,
PSP_EXTRATLEITIMPL_220526_0408_20000000006502988616_000.jpg,PSP_EXTRATLEITIMPL_220526_0408,valid,mikael,ilegivel,ilegivel,,,
PSP_EXTRATLEITIMPL_220526_0408_20000000006502997193_000.jpg,PSP_EXTRATLEITIMPL_220526_0408,valid,mikael+llama32v,legivel,ilegivel,legivel,11832,digitada_leiturista
PSP_EXTRATLEITIMPL_220526_0408_20000000006502999078_000.jpg,PSP_EXTRATLEITIMPL_220526_0408,valid,mikael,sem_medidor,sem_medidor,,,
PSP_EXTRATLEITIMPL_220526_0408_20000000006552964996_000.jpg,PSP_EXTRATLEITIMPL_220526_0408,valid,mikael+llama32v,ilegivel,sem_medidor,ilegivel,,
PSP_EXTRATLEITIMPL_220526_0408_20000000006552971975_000.jpg,PSP_EXTRATLEITIMPL_220526_0408,valid,mikael,ilegivel,ilegivel,,,
PSP_EXTRATLEITIMPL_220526_0408_20000000006552980780_001.jpg,PSP_EXTRATLEITIMPL_220526_0408,valid,mikael,ilegivel,ilegivel,,,
PSP_EXTRATLEITIMPL_220526_0408_20000000006552985634_002.jpg,PSP_EXTRATLEITIMPL_220526_0408,valid,mikael,ilegivel,ilegivel,,,
PSP_EXTRATLEITIMPL_220526_0408_20000000006552992203_000.jpg,PSP_EXTRATLEITIMPL_220526_0408,valid,mikael,ilegivel,ilegivel,,,
PSP_EXTRATLEITIMPL_220526_0408_20000000006602973934_000.jpg,PSP_EXTRATLEITIMPL_220526_0408,valid,mikael+llama32v,legivel,ilegivel,legivel,4351,digitada_leiturista
PSP_EXTRATLEITIMPL_220526_0408_20000000006602987533_000.jpg,PSP_EXTRATLEITIMPL_220526_0408,valid,mikael,ilegivel,ilegivel,,,
PSP_EXTRATLEITIMPL_220526_0408_20000000006602993155_000.jpg,PSP_EXTRATLEITIMPL_220526_0408,valid,mikael+llama32v,ilegivel,ilegivel,ilegivel,,
PSP_EXTRATLEITIMPL_220526_0408_20000000006602995045_000.jpg,PSP_EXTRATLEITIMPL_220526_0408,valid,mikael,ilegivel,ilegivel,,,
PSP_EXTRATLEITIMPL_220526_0408_20000000006652969986_000.jpg,PSP_EXTRATLEITIMPL_220526_0408,valid,mikael+llama32v,sem_medidor,sem_medidor,sem_medidor,,
PSP_EXTRATLEITIMPL_220526_0408_20000000006652980762_000.jpg,PSP_EXTRATLEITIMPL_220526_0408,valid,mikael,ilegivel,ilegivel,,,
PSP_EXTRATLEITIMPL_220526_0408_20000000006652985504_000.jpg,PSP_EXTRATLEITIMPL_220526_0408,valid,mikael,ilegivel,ilegivel,,,
PSP_EXTRATLEITIMPL_220526_0408_20000000006652987428_000.jpg,PSP_EXTRATLEITIMPL_220526_0408,valid,mikael,ilegivel,ilegivel,,,
PSP_EXTRATLEITIMPL_220526_0408_20000000006652987431_002.jpg,PSP_EXTRATLEITIMPL_220526_0408,valid,mikael,ilegivel,ilegivel,,,
PSP_EXTRATLEITIMPL_220526_0408_20000000006652994037_000.jpg,PSP_EXTRATLEITIMPL_220526_0408,valid,mikael,ilegivel,ilegivel,,,
PSP_EXTRATLEITIMPL_220526_0408_20000000006702968951_000.jpg,PSP_EXTRATLEITIMPL_220526_0408,valid,mikael,ilegivel,ilegivel,,,
PSP_EXTRATLEITIMPL_220526_0408_20000000006702980656_000.jpg,PSP_EXTRATLEITIMPL_220526_0408,valid,mikael,ilegivel,ilegivel,,,
PSP_EXTRATLEITIMPL_220526_0408_20000000006752963949_000.jpg,PSP_EXTRATLEITIMPL_220526_0408,valid,mikael+llama32v,legivel,ilegivel,legivel,156867,digitada_leiturista
PSP_EXTRATLEITIMPL_220526_0408_20000000006752963958_000.jpg,PSP_EXTRATLEITIMPL_220526_0408,valid,mikael,sem_medidor,sem_medidor,,,
PSP_EXTRATLEITIMPL_220526_0408_20000000006752966907_000.jpg,PSP_EXTRATLEITIMPL_220526_0408,valid,mikael+llama32v,legivel,ilegivel,legivel,73279,digitada_leiturista
PSP_EXTRATLEITIMPL_220526_0408_20000000006752970926_000.jpg,PSP_EXTRATLEITIMPL_220526_0408,valid,mikael,ilegivel,ilegivel,,,
PSP_EXTRATLEITIMPL_220526_0408_20000000006752971947_000.jpg,PSP_EXTRATLEITIMPL_220526_0408,valid,mikael+llama32v,ilegivel,ilegivel,ilegivel,,
PSP_EXTRATLEITIMPL_220526_0408_20000000006752983430_000.jpg,PSP_EXTRATLEITIMPL_220526_0408,valid,mikael,ilegivel,ilegivel,,,
PSP_EXTRATLEITIMPL_220526_0408_20000000006752991025_000.jpg,PSP_EXTRATLEITIMPL_220526_0408,valid,mikael,ilegivel,ilegivel,,,
PSP_EXTRATLEITIMPL_220526_0408_20000000006802971884_000.jpg,PSP_EXTRATLEITIMPL_220526_0408,valid,mikael,ilegivel,ilegivel,,,
PSP_EXTRATLEITIMPL_220526_0408_20000000006802982627_000.jpg,PSP_EXTRATLEITIMPL_220526_0408,valid,mikael,sem_medidor,sem_medidor,,,
PSP_EXTRATLEITIMPL_220526_0408_20000000006802984500_000.jpg,PSP_EXTRATLEITIMPL_220526_0408,valid,mikael,ilegivel,ilegivel,,,
PSP_EXTRATLEITIMPL_220526_0408_20000000006802985417_000.jpg,PSP_EXTRATLEITIMPL_220526_0408,valid,mikael,ilegivel,ilegivel,,,
PSP_EXTRATLEITIMPL_220526_0408_20000000006802991069_000.jpg,PSP_EXTRATLEITIMPL_220526_0408,valid,mikael,ilegivel,ilegivel,,,
PSP_EXTRATLEITIMPL_220526_0408_20000000006852973994_000.jpg,PSP_EXTRATLEITIMPL_220526_0408,valid,mikael,legivel,legivel,,304,digitada_leiturista
PSP_EXTRATLEITIMPL_220526_0408_20000000006852974923_000.jpg,PSP_EXTRATLEITIMPL_220526_0408,valid,mikael,sem_medidor,sem_medidor,,,
PSP_EXTRATLEITIMPL_220526_0408_20000000006852987823_000.jpg,PSP_EXTRATLEITIMPL_220526_0408,valid,mikael+llama32v,ilegivel,ilegivel,ilegivel,,
PSP_EXTRATLEITIMPL_220526_0408_20000000006852995460_000.jpg,PSP_EXTRATLEITIMPL_220526_0408,valid,mikael,ilegivel,ilegivel,,,
PSP_EXTRATLEITIMPL_220526_0408_20000000006853000197_000.jpg,PSP_EXTRATLEITIMPL_220526_0408,valid,mikael,ilegivel,ilegivel,,,
PSP_EXTRATLEITIMPL_220526_0408_20000000006853003006_000.jpg,PSP_EXTRATLEITIMPL_220526_0408,valid,mikael,ilegivel,ilegivel,,,
PSP_EXTRATLEITIMPL_220526_0408_20000000006902970782_000.jpg,PSP_EXTRATLEITIMPL_220526_0408,valid,mikael+llama32v,legivel,ilegivel,legivel,1236,digitada_leiturista
PSP_EXTRATLEITIMPL_220526_0408_20000000006902971772_000.jpg,PSP_EXTRATLEITIMPL_220526_0408,valid,mikael,ilegivel,ilegivel,,,
PSP_EXTRATLEITIMPL_220526_0408_20000000006902979375_000.jpg,PSP_EXTRATLEITIMPL_220526_0408,valid,mikael,ilegivel,ilegivel,,,
PSP_EXTRATLEITIMPL_220526_0408_20000000006902981181_000.jpg,PSP_EXTRATLEITIMPL_220526_0408,valid,mikael,ilegivel,ilegivel,,,
PSP_EXTRATLEITIMPL_220526_0408_20000000006902984004_001.jpg,PSP_EXTRATLEITIMPL_220526_0408,valid,mikael,ilegivel,ilegivel,,,
PSP_EXTRATLEITIMPL_220526_0408_20000000006952965961_000.jpg,PSP_EXTRATLEITIMPL_220526_0408,valid,mikael+llama32v,legivel,ilegivel,legivel,127044,digitada_leiturista
PSP_EXTRATLEITIMPL_220526_0408_20000000006952969958_000.jpg,PSP_EXTRATLEITIMPL_220526_0408,valid,mikael,ilegivel,ilegivel,,,
PSP_EXTRATLEITIMPL_220526_0408_20000000006952976746_000.jpg,PSP_EXTRATLEITIMPL_220526_0408,valid,mikael+llama32v,legivel,ilegivel,legivel,11983,digitada_leiturista
PSP_EXTRATLEITIMPL_220526_0408_20000000006952979679_000.jpg,PSP_EXTRATLEITIMPL_220526_0408,valid,mikael,sem_medidor,sem_medidor,,,
PSP_EXTRATLEITIMPL_220526_0408_20000000006952980649_000.jpg,PSP_EXTRATLEITIMPL_220526_0408,valid,mikael+llama32v,ilegivel,sem_medidor,ilegivel,,
PSP_EXTRATLEITIMPL_220526_0408_20000000006952986418_001.jpg,PSP_EXTRATLEITIMPL_220526_0408,valid,mikael,ilegivel,ilegivel,,,
PSP_EXTRATLEITIMPL_220526_0408_20000000006952987287_000.jpg,PSP_EXTRATLEITIMPL_220526_0408,valid,mikael,ilegivel,ilegivel,,,
PSP_EXTRATLEITIMPL_220526_0408_20000000006952988217_000.jpg,PSP_EXTRATLEITIMPL_220526_0408,valid,mikael,ilegivel,ilegivel,,,
PSP_EXTRATLEITIMPL_220526_0408_20000000006952990017_000.jpg,PSP_EXTRATLEITIMPL_220526_0408,valid,mikael+llama32v,legivel,ilegivel,legivel,125,digitada_leiturista
PSP_EXTRATLEITIMPL_220526_0408_20000000006952991007_000.jpg,PSP_EXTRATLEITIMPL_220526_0408,valid,mikael,ilegivel,ilegivel,,,
PSP_EXTRATLEITIMPL_220526_0408_20000000007002974914_000.jpg,PSP_EXTRATLEITIMPL_220526_0408,valid,mikael+llama32v,legivel,legivel,legivel,591,digitada_leiturista
PSP_EXTRATLEITIMPL_220526_0408_20000000007002980813_000.jpg,PSP_EXTRATLEITIMPL_220526_0408,valid,mikael,ilegivel,ilegivel,,,
PSP_EXTRATLEITIMPL_220526_0408_20000000007002985609_000.jpg,PSP_EXTRATLEITIMPL_220526_0408,valid,mikael,ilegivel,ilegivel,,,
PSP_EXTRATLEITIMPL_220526_0408_20000000007002991185_000.jpg,PSP_EXTRATLEITIMPL_220526_0408,valid,mikael+llama32v,ilegivel,ilegivel,ilegivel,,
PSP_EXTRATLEITIMPL_220526_0408_20000000007052969952_000.jpg,PSP_EXTRATLEITIMPL_220526_0408,valid,mikael+llama32v,legivel,legivel,legivel,40001,digitada_leiturista
PSP_EXTRATLEITIMPL_220526_0408_20000000007052979719_000.jpg,PSP_EXTRATLEITIMPL_220526_0408,valid,mikael+llama32v,legivel,legivel,legivel,98136,digitada_leiturista
PSP_EXTRATLEITIMPL_220526_0408_20000000007052990190_000.jpg,PSP_EXTRATLEITIMPL_220526_0408,valid,mikael,ilegivel,ilegivel,,,
PSP_EXTRATLEITIMPL_220526_0408_20000000007052995012_000.jpg,PSP_EXTRATLEITIMPL_220526_0408,valid,mikael+llama32v,ilegivel,ilegivel,ilegivel,,
PSP_EXTRATLEITIMPL_220526_0408_20000000007102965905_000.jpg,PSP_EXTRATLEITIMPL_220526_0408,valid,mikael,ilegivel,ilegivel,,,
PSP_EXTRATLEITIMPL_220526_0408_20000000007102966932_000.jpg,PSP_EXTRATLEITIMPL_220526_0408,valid,mikael+llama32v,legivel,ilegivel,legivel,16394,digitada_leiturista
PSP_EXTRATLEITIMPL_220526_0408_20000000007102973620_000.jpg,PSP_EXTRATLEITIMPL_220526_0408,valid,mikael,ilegivel,ilegivel,,,
PSP_EXTRATLEITIMPL_220526_0408_20000000007102977392_000.jpg,PSP_EXTRATLEITIMPL_220526_0408,valid,mikael,ilegivel,ilegivel,,,
PSP_EXTRATLEITIMPL_220526_0408_20000000007102978414_000.jpg,PSP_EXTRATLEITIMPL_220526_0408,valid,mikael,ilegivel,ilegivel,,,
PSP_EXTRATLEITIMPL_220526_0408_20000000007102981290_008.jpg,PSP_EXTRATLEITIMPL_220526_0408,valid,mikael,legivel,legivel,,,
PSP_EXTRATLEITIMPL_220526_0408_20000000007102985036_000.jpg,PSP_EXTRATLEITIMPL_220526_0408,valid,mikael,ilegivel,ilegivel,,,
PSP_EXTRATLEITIMPL_220526_0408_20000000007102987017_000.jpg,PSP_EXTRATLEITIMPL_220526_0408,valid,mikael,ilegivel,ilegivel,,,
PSP_EXTRATLEITIMPL_220526_0408_20000000007152961960_000.jpg,PSP_EXTRATLEITIMPL_220526_0408,valid,mikael,ilegivel,ilegivel,,,
PSP_EXTRATLEITIMPL_220526_0408_20000000007152977784_000.jpg,PSP_EXTRATLEITIMPL_220526_0408,valid,mikael,ilegivel,ilegivel,,,
PSP_EXTRATLEITIMPL_220526_0408_20000000007152983629_000.jpg,PSP_EXTRATLEITIMPL_220526_0408,valid,mikael,ilegivel,ilegivel,,,
PSP_EXTRATLEITIMPL_220526_0408_20000000007152984566_001.jpg,PSP_EXTRATLEITIMPL_220526_0408,valid,mikael,ilegivel,ilegivel,,,
PSP_EXTRATLEITIMPL_220526_0408_20000000007152988249_000.jpg,PSP_EXTRATLEITIMPL_220526_0408,valid,mikael,ilegivel,ilegivel,,,
PSP_EXTRATLEITIMPL_220526_0408_20000000007152991021_000.jpg,PSP_EXTRATLEITIMPL_220526_0408,valid,mikael,ilegivel,ilegivel,,,
PSP_EXTRATLEITIMPL_220526_0408_20000000007152991040_000.jpg,PSP_EXTRATLEITIMPL_220526_0408,valid,mikael,ilegivel,ilegivel,,,
PSP_EXTRATLEITIMPL_220526_0408_20000000007202967912_000.jpg,PSP_EXTRATLEITIMPL_220526_0408,valid,mikael,ilegivel,ilegivel,,,
PSP_EXTRATLEITIMPL_220526_0408_20000000007202975929_000.jpg,PSP_EXTRATLEITIMPL_220526_0408,valid,mikael,legivel,legivel,,30359,digitada_leiturista
PSP_EXTRATLEITIMPL_220526_0408_20000000007202978779_000.jpg,PSP_EXTRATLEITIMPL_220526_0408,valid,mikael,ilegivel,ilegivel,,,
PSP_EXTRATLEITIMPL_220526_0408_20000000007202984537_000.jpg,PSP_EXTRATLEITIMPL_220526_0408,valid,mikael+llama32v,legivel,ilegivel,legivel,57247,digitada_leiturista
PSP_EXTRATLEITIMPL_220526_0408_20000000007202987377_000.jpg,PSP_EXTRATLEITIMPL_220526_0408,valid,mikael,ilegivel,ilegivel,,,
PSP_EXTRATLEITIMPL_220526_0408_20000000007202987386_000.jpg,PSP_EXTRATLEITIMPL_220526_0408,valid,mikael,ilegivel,ilegivel,,,
PSP_EXTRATLEITIMPL_220526_0408_20000000007202987393_000.jpg,PSP_EXTRATLEITIMPL_220526_0408,valid,mikael,ilegivel,ilegivel,,,
PSP_EXTRATLEITIMPL_220526_0408_20000000007202992056_000.jpg,PSP_EXTRATLEITIMPL_220526_0408,valid,mikael,ilegivel,ilegivel,,,
PSP_EXTRATLEITIMPL_220526_0408_20000000007202993022_000.jpg,PSP_EXTRATLEITIMPL_220526_0408,valid,mikael+llama32v,ilegivel,ilegivel,ilegivel,,
PSP_EXTRATLEITIMPL_220526_0408_20000000007252976880_000.jpg,PSP_EXTRATLEITIMPL_220526_0408,valid,mikael+llama32v,ilegivel,ilegivel,ilegivel,,
PSP_EXTRATLEITIMPL_220526_0408_20000000007252979780_000.jpg,PSP_EXTRATLEITIMPL_220526_0408,valid,mikael,ilegivel,ilegivel,,,
PSP_EXTRATLEITIMPL_220526_0408_20000000007252988286_001.jpg,PSP_EXTRATLEITIMPL_220526_0408,valid,mikael,ilegivel,ilegivel,,,
PSP_EXTRATLEITIMPL_220526_0408_20000000007252988290_000.jpg,PSP_EXTRATLEITIMPL_220526_0408,valid,mikael,legivel,legivel,,99999,digitada_leiturista
PSP_EXTRATLEITIMPL_220526_0408_20000000007252990160_000.jpg,PSP_EXTRATLEITIMPL_220526_0408,valid,mikael+llama32v,ilegivel,ilegivel,ilegivel,,
PSP_EXTRATLEITIMPL_220526_0408_20000000007252994005_000.jpg,PSP_EXTRATLEITIMPL_220526_0408,valid,mikael+llama32v,ilegivel,ilegivel,ilegivel,,
PSP_EXTRATLEITIMPL_220526_0408_20000000007302965896_000.jpg,PSP_EXTRATLEITIMPL_220526_0408,valid,mikael,ilegivel,ilegivel,,,
PSP_EXTRATLEITIMPL_220526_0408_20000000007302969836_000.jpg,PSP_EXTRATLEITIMPL_220526_0408,valid,mikael+llama32v,ilegivel,sem_medidor,ilegivel,,
PSP_EXTRATLEITIMPL_220526_0408_20000000007302969837_000.jpg,PSP_EXTRATLEITIMPL_220526_0408,valid,mikael,ilegivel,ilegivel,,,
PSP_EXTRATLEITIMPL_220526_0408_20000000007302971740_000.jpg,PSP_EXTRATLEITIMPL_220526_0408,valid,mikael,ilegivel,ilegivel,,,
PSP_EXTRATLEITIMPL_220526_0408_20000000007302972626_000.jpg,PSP_EXTRATLEITIMPL_220526_0408,valid,mikael,ilegivel,ilegivel,,,
PSP_EXTRATLEITIMPL_220526_0408_20000000007302972629_000.jpg,PSP_EXTRATLEITIMPL_220526_0408,valid,mikael,ilegivel,ilegivel,,,
PSP_EXTRATLEITIMPL_220526_0408_20000000007302979310_000.jpg,PSP_EXTRATLEITIMPL_220526_0408,valid,mikael,sem_medidor,sem_medidor,,,
PSP_EXTRATLEITIMPL_220526_0408_20000000007302981167_000.jpg,PSP_EXTRATLEITIMPL_220526_0408,valid,mikael,ilegivel,ilegivel,,,
PSP_EXTRATLEITIMPL_220526_0408_20000000007302983064_001.jpg,PSP_EXTRATLEITIMPL_220526_0408,valid,mikael,ilegivel,ilegivel,,,
PSP_EXTRATLEITIMPL_220526_0408_20000000007302985004_000.jpg,PSP_EXTRATLEITIMPL_220526_0408,valid,mikael,ilegivel,ilegivel,,,
PSP_EXTRATLEITIMPL_220526_0408_20000000007302987002_000.jpg,PSP_EXTRATLEITIMPL_220526_0408,valid,mikael+llama32v,ilegivel,ilegivel,ilegivel,,
PSP_EXTRATLEITIMPL_220526_0408_20000000007352962990_001.jpg,PSP_EXTRATLEITIMPL_220526_0408,valid,mikael,sem_medidor,sem_medidor,,,
PSP_EXTRATLEITIMPL_220526_0408_20000000007352962992_000.jpg,PSP_EXTRATLEITIMPL_220526_0408,valid,mikael,sem_medidor,sem_medidor,,,
PSP_EXTRATLEITIMPL_220526_0408_20000000007352973778_000.jpg,PSP_EXTRATLEITIMPL_220526_0408,valid,mikael+llama32v,legivel,ilegivel,legivel,4160,digitada_leiturista
PSP_EXTRATLEITIMPL_220526_0408_20000000007352977734_000.jpg,PSP_EXTRATLEITIMPL_220526_0408,valid,mikael+llama32v,legivel,ilegivel,legivel,64484,digitada_leiturista
PSP_EXTRATLEITIMPL_220526_0408_20000000007352986299_000.jpg,PSP_EXTRATLEITIMPL_220526_0408,valid,mikael+llama32v,legivel,ilegivel,legivel,229,digitada_leiturista
PSP_EXTRATLEITIMPL_220526_0408_20000000007402957977_000.jpg,PSP_EXTRATLEITIMPL_220526_0408,valid,mikael,legivel,legivel,,65711,digitada_leiturista
PSP_EXTRATLEITIMPL_220526_0408_20000000007402957982_000.jpg,PSP_EXTRATLEITIMPL_220526_0408,valid,mikael,ilegivel,ilegivel,,,
PSP_EXTRATLEITIMPL_220526_0408_20000000007402964932_000.jpg,PSP_EXTRATLEITIMPL_220526_0408,valid,mikael,ilegivel,ilegivel,,,
PSP_EXTRATLEITIMPL_220526_0408_20000000007402971780_000.jpg,PSP_EXTRATLEITIMPL_220526_0408,valid,mikael,legivel,legivel,,16270,digitada_leiturista
PSP_EXTRATLEITIMPL_220526_0408_20000000007402973678_000.jpg,PSP_EXTRATLEITIMPL_220526_0408,valid,mikael,legivel,legivel,,125563,digitada_leiturista
PSP_EXTRATLEITIMPL_220526_0408_20000000007402973680_000.jpg,PSP_EXTRATLEITIMPL_220526_0408,valid,mikael,ilegivel,ilegivel,,,
PSP_EXTRATLEITIMPL_220526_0408_20000000007402975572_000.jpg,PSP_EXTRATLEITIMPL_220526_0408,valid,mikael,ilegivel,ilegivel,,,
PSP_EXTRATLEITIMPL_220526_0408_20000000007402976547_000.jpg,PSP_EXTRATLEITIMPL_220526_0408,valid,mikael,legivel,legivel,,25613,digitada_leiturista
PSP_EXTRATLEITIMPL_220526_0408_20000000007402979297_000.jpg,PSP_EXTRATLEITIMPL_220526_0408,valid,mikael,ilegivel,ilegivel,,,
PSP_EXTRATLEITIMPL_220526_0408_20000000007402980242_000.jpg,PSP_EXTRATLEITIMPL_220526_0408,valid,mikael,legivel,legivel,,711,digitada_leiturista
PSP_EXTRATLEITIMPL_220526_0408_20000000007402981174_000.jpg,PSP_EXTRATLEITIMPL_220526_0408,valid,mikael,ilegivel,ilegivel,,,
PSP_EXTRATLEITIMPL_220526_0408_20000000007452956995_000.jpg,PSP_EXTRATLEITIMPL_220526_0408,valid,mikael,sem_medidor,sem_medidor,,,
PSP_EXTRATLEITIMPL_220526_0408_20000000007452974677_000.jpg,PSP_EXTRATLEITIMPL_220526_0408,valid,mikael,ilegivel,ilegivel,,,
PSP_EXTRATLEITIMPL_220526_0408_20000000007452981290_001.jpg,PSP_EXTRATLEITIMPL_220526_0408,valid,mikael+llama32v,legivel,legivel,legivel,44070,digitada_leiturista
PSP_EXTRATLEITIMPL_220526_0408_20000000007452982215_000.jpg,PSP_EXTRATLEITIMPL_220526_0408,valid,mikael,ilegivel,ilegivel,,,
PSP_EXTRATLEITIMPL_220526_0408_20000000007452984021_000.jpg,PSP_EXTRATLEITIMPL_220526_0408,valid,mikael+llama32v,ilegivel,ilegivel,ilegivel,,
PSP_EXTRATLEITIMPL_220526_0408_20000000007452985012_000.jpg,PSP_EXTRATLEITIMPL_220526_0408,valid,mikael+llama32v,legivel,ilegivel,legivel,436,digitada_leiturista
PSP_EXTRATLEITIMPL_220526_0408_20000000007502959938_000.jpg,PSP_EXTRATLEITIMPL_220526_0408,valid,mikael,ilegivel,ilegivel,,,
PSP_EXTRATLEITIMPL_220526_0408_20000000007502965940_000.jpg,PSP_EXTRATLEITIMPL_220526_0408,valid,mikael,ilegivel,ilegivel,,,
PSP_EXTRATLEITIMPL_220526_0408_20000000007502965953_000.jpg,PSP_EXTRATLEITIMPL_220526_0408,valid,mikael,ilegivel,ilegivel,,,
PSP_EXTRATLEITIMPL_220526_0408_20000000007502967771_000.jpg,PSP_EXTRATLEITIMPL_220526_0408,valid,mikael+llama32v,legivel,ilegivel,legivel,90726,digitada_leiturista
PSP_EXTRATLEITIMPL_220526_0408_20000000007502969784_000.jpg,PSP_EXTRATLEITIMPL_220526_0408,valid,mikael,ilegivel,ilegivel,,,
PSP_EXTRATLEITIMPL_220526_0408_20000000007502973688_000.jpg,PSP_EXTRATLEITIMPL_220526_0408,valid,mikael,legivel,legivel,,11854,digitada_leiturista
PSP_EXTRATLEITIMPL_220526_0408_20000000007502981290_000.jpg,PSP_EXTRATLEITIMPL_220526_0408,valid,mikael,ilegivel,ilegivel,,,
PSP_EXTRATLEITIMPL_220526_0408_20000000007552952997_000.jpg,PSP_EXTRATLEITIMPL_220526_0408,valid,mikael,legivel,legivel,,1,digitada_leiturista
PSP_EXTRATLEITIMPL_220526_0408_20000000007552955942_000.jpg,PSP_EXTRATLEITIMPL_220526_0408,valid,mikael+llama32v,legivel,ilegivel,legivel,114342,digitada_leiturista
PSP_EXTRATLEITIMPL_220526_0408_20000000007552964920_000.jpg,PSP_EXTRATLEITIMPL_220526_0408,valid,mikael,ilegivel,ilegivel,,,
PSP_EXTRATLEITIMPL_220526_0408_20000000007552964926_000.jpg,PSP_EXTRATLEITIMPL_220526_0408,valid,mikael+llama32v,ilegivel,ilegivel,ilegivel,,
PSP_EXTRATLEITIMPL_220526_0408_20000000007552966922_000.jpg,PSP_EXTRATLEITIMPL_220526_0408,valid,mikael,legivel,legivel,,4817,digitada_leiturista
PSP_EXTRATLEITIMPL_220526_0408_20000000007552967879_001.jpg,PSP_EXTRATLEITIMPL_220526_0408,valid,mikael,ilegivel,ilegivel,,,
PSP_EXTRATLEITIMPL_220526_0408_20000000007552973653_000.jpg,PSP_EXTRATLEITIMPL_220526_0408,valid,mikael,ilegivel,ilegivel,,,
PSP_EXTRATLEITIMPL_220526_0408_20000000007552978369_000.jpg,PSP_EXTRATLEITIMPL_220526_0408,valid,mikael,ilegivel,ilegivel,,,
PSP_EXTRATLEITIMPL_220526_0408_20000000007552980292_000.jpg,PSP_EXTRATLEITIMPL_220526_0408,valid,mikael,ilegivel,ilegivel,,,
PSP_EXTRATLEITIMPL_220526_0408_20000000007552980299_000.jpg,PSP_EXTRATLEITIMPL_220526_0408,valid,mikael,ilegivel,ilegivel,,,
PSP_EXTRATLEITIMPL_220526_0408_20000000007552985005_000.jpg,PSP_EXTRATLEITIMPL_220526_0408,valid,mikael,ilegivel,ilegivel,,,
PSP_EXTRATLEITIMPL_220526_0408_20000000007602956939_000.jpg,PSP_EXTRATLEITIMPL_220526_0408,valid,mikael,sem_medidor,sem_medidor,,,
PSP_EXTRATLEITIMPL_220526_0408_20000000007602969761_000.jpg,PSP_EXTRATLEITIMPL_220526_0408,valid,mikael+llama32v,legivel,ilegivel,legivel,12039,digitada_leiturista
PSP_EXTRATLEITIMPL_220526_0408_20000000007602972646_000.jpg,PSP_EXTRATLEITIMPL_220526_0408,valid,mikael+llama32v,ilegivel,ilegivel,ilegivel,,
PSP_EXTRATLEITIMPL_220526_0408_20000000007602974544_000.jpg,PSP_EXTRATLEITIMPL_220526_0408,valid,mikael,ilegivel,ilegivel,,,
PSP_EXTRATLEITIMPL_220526_0408_20000000007602975551_000.jpg,PSP_EXTRATLEITIMPL_220526_0408,valid,mikael,ilegivel,ilegivel,,,
PSP_EXTRATLEITIMPL_220526_0408_20000000007602975554_000.jpg,PSP_EXTRATLEITIMPL_220526_0408,valid,mikael,ilegivel,ilegivel,,,
PSP_EXTRATLEITIMPL_220526_0408_20000000007602976451_000.jpg,PSP_EXTRATLEITIMPL_220526_0408,valid,mikael,ilegivel,ilegivel,,,
PSP_EXTRATLEITIMPL_220526_0408_20000000007602980281_000.jpg,PSP_EXTRATLEITIMPL_220526_0408,valid,mikael,ilegivel,ilegivel,,,
PSP_EXTRATLEITIMPL_220526_0408_20000000007652951960_000.jpg,PSP_EXTRATLEITIMPL_220526_0408,valid,mikael,ilegivel,ilegivel,,,
PSP_EXTRATLEITIMPL_220526_0408_20000000007652951977_000.jpg,PSP_EXTRATLEITIMPL_220526_0408,valid,mikael,ilegivel,ilegivel,,,
PSP_EXTRATLEITIMPL_220526_0408_20000000007652951978_000.jpg,PSP_EXTRATLEITIMPL_220526_0408,valid,mikael,ilegivel,ilegivel,,,
PSP_EXTRATLEITIMPL_220526_0408_20000000007652967777_000.jpg,PSP_EXTRATLEITIMPL_220526_0408,valid,mikael,ilegivel,ilegivel,,,
PSP_EXTRATLEITIMPL_220526_0408_20000000007652968696_000.jpg,PSP_EXTRATLEITIMPL_220526_0408,valid,mikael,ilegivel,ilegivel,,,
PSP_EXTRATLEITIMPL_220526_0408_20000000007652980097_000.jpg,PSP_EXTRATLEITIMPL_220526_0408,valid,mikael,ilegivel,ilegivel,,,
PSP_EXTRATLEITIMPL_220526_0408_20000000007702961994_000.jpg,PSP_EXTRATLEITIMPL_220526_0408,valid,mikael,ilegivel,ilegivel,,,
PSP_EXTRATLEITIMPL_220526_0408_20000000007702969950_000.jpg,PSP_EXTRATLEITIMPL_220526_0408,valid,mikael+llama32v,legivel,legivel,legivel,99999,digitada_leiturista
PSP_EXTRATLEITIMPL_220526_0408_20000000007702972867_000.jpg,PSP_EXTRATLEITIMPL_220526_0408,valid,mikael,ilegivel,ilegivel,,,
PSP_EXTRATLEITIMPL_220526_0408_20000000007702984472_000.jpg,PSP_EXTRATLEITIMPL_220526_0408,valid,mikael,ilegivel,ilegivel,,,
PSP_EXTRATLEITIMPL_220526_0408_20000000007702984485_000.jpg,PSP_EXTRATLEITIMPL_220526_0408,valid,mikael,ilegivel,ilegivel,,,
PSP_EXTRATLEITIMPL_220526_0408_20000000007702984487_000.jpg,PSP_EXTRATLEITIMPL_220526_0408,valid,mikael,ilegivel,ilegivel,,,
PSP_EXTRATLEITIMPL_220526_0408_20000000007702984498_000.jpg,PSP_EXTRATLEITIMPL_220526_0408,valid,mikael,ilegivel,ilegivel,,,
PSP_EXTRATLEITIMPL_220526_0408_20000000007752961988_000.jpg,PSP_EXTRATLEITIMPL_220526_0408,valid,mikael,ilegivel,ilegivel,,,
PSP_EXTRATLEITIMPL_220526_0408_20000000007752973828_000.jpg,PSP_EXTRATLEITIMPL_220526_0408,valid,mikael,ilegivel,ilegivel,,,
PSP_EXTRATLEITIMPL_220526_0408_20000000007752978773_000.jpg,PSP_EXTRATLEITIMPL_220526_0408,valid,mikael,sem_medidor,sem_medidor,,,
PSP_EXTRATLEITIMPL_220526_0408_20000000007752979657_000.jpg,PSP_EXTRATLEITIMPL_220526_0408,valid,mikael,ilegivel,ilegivel,,,
PSP_EXTRATLEITIMPL_220526_0408_20000000007752979658_000.jpg,PSP_EXTRATLEITIMPL_220526_0408,valid,mikael,ilegivel,ilegivel,,,
PSP_EXTRATLEITIMPL_220526_0408_20000000007752982521_000.jpg,PSP_EXTRATLEITIMPL_220526_0408,valid,mikael,ilegivel,ilegivel,,,
PSP_EXTRATLEITIMPL_220526_0408_20000000007752982537_000.jpg,PSP_EXTRATLEITIMPL_220526_0408,valid,mikael,ilegivel,ilegivel,,,
PSP_EXTRATLEITIMPL_220526_0408_20000000007752985388_000.jpg,PSP_EXTRATLEITIMPL_220526_0408,valid,mikael,ilegivel,ilegivel,,,
PSP_EXTRATLEITIMPL_220526_0408_20000000007802961961_000.jpg,PSP_EXTRATLEITIMPL_220526_0408,valid,mikael+llama32v,ilegivel,ilegivel,ilegivel,,
PSP_EXTRATLEITIMPL_220526_0408_20000000007802962959_000.jpg,PSP_EXTRATLEITIMPL_220526_0408,valid,mikael,ilegivel,ilegivel,,,
PSP_EXTRATLEITIMPL_220526_0408_20000000007802962971_000.jpg,PSP_EXTRATLEITIMPL_220526_0408,valid,mikael,sem_medidor,sem_medidor,,,
PSP_EXTRATLEITIMPL_220526_0408_20000000007802963963_000.jpg,PSP_EXTRATLEITIMPL_220526_0408,valid,mikael,legivel,legivel,,93234,digitada_leiturista
PSP_EXTRATLEITIMPL_220526_0408_20000000007802968971_000.jpg,PSP_EXTRATLEITIMPL_220526_0408,valid,mikael+llama32v,legivel,ilegivel,legivel,60654,digitada_leiturista
PSP_EXTRATLEITIMPL_220526_0408_20000000007802981575_000.jpg,PSP_EXTRATLEITIMPL_220526_0408,valid,mikael,ilegivel,ilegivel,,,
PSP_EXTRATLEITIMPL_220526_0408_20000000007802982562_000.jpg,PSP_EXTRATLEITIMPL_220526_0408,valid,mikael+llama32v,legivel,legivel,legivel,0,digitada_leiturista
PSP_EXTRATLEITIMPL_220526_0408_20000000007802986294_000.jpg,PSP_EXTRATLEITIMPL_220526_0408,valid,mikael,ilegivel,ilegivel,,,
PSP_EXTRATLEITIMPL_220526_0408_20000000007802989059_000.jpg,PSP_EXTRATLEITIMPL_220526_0408,valid,mikael,ilegivel,ilegivel,,,
PSP_EXTRATLEITIMPL_220526_0408_20000000007852968893_000.jpg,PSP_EXTRATLEITIMPL_220526_0408,valid,mikael,ilegivel,ilegivel,,,
PSP_EXTRATLEITIMPL_220526_0408_20000000007852969934_000.jpg,PSP_EXTRATLEITIMPL_220526_0408,valid,mikael+llama32v,legivel,ilegivel,legivel,130,digitada_leiturista
PSP_EXTRATLEITIMPL_220526_0408_20000000007852969937_001.jpg,PSP_EXTRATLEITIMPL_220526_0408,valid,mikael,ilegivel,ilegivel,,,
PSP_EXTRATLEITIMPL_220526_0408_20000000007852976818_000.jpg,PSP_EXTRATLEITIMPL_220526_0408,valid,mikael,ilegivel,ilegivel,,,
PSP_EXTRATLEITIMPL_220526_0408_20000000007852980543_001.jpg,PSP_EXTRATLEITIMPL_220526_0408,valid,mikael,sem_medidor,sem_medidor,,,
PSP_EXTRATLEITIMPL_220526_0408_20000000007852983435_000.jpg,PSP_EXTRATLEITIMPL_220526_0408,valid,mikael,ilegivel,ilegivel,,,
PSP_EXTRATLEITIMPL_220526_0408_20000000007852985291_000.jpg,PSP_EXTRATLEITIMPL_220526_0408,valid,mikael+llama32v,legivel,legivel,legivel,2490,digitada_leiturista
PSP_EXTRATLEITIMPL_220526_0408_20000000007852987160_000.jpg,PSP_EXTRATLEITIMPL_220526_0408,valid,mikael,ilegivel,ilegivel,,,
PSP_EXTRATLEITIMPL_220526_0408_20000000007852991011_001.jpg,PSP_EXTRATLEITIMPL_220526_0408,valid,mikael,sem_medidor,sem_medidor,,,
PSP_EXTRATLEITIMPL_220526_0408_20000000007902955997_000.jpg,PSP_EXTRATLEITIMPL_220526_0408,valid,mikael,ilegivel,ilegivel,,,
PSP_EXTRATLEITIMPL_220526_0408_20000000007902962891_000.jpg,PSP_EXTRATLEITIMPL_220526_0408,valid,mikael,ilegivel,ilegivel,,,
PSP_EXTRATLEITIMPL_220526_0408_20000000007902962908_000.jpg,PSP_EXTRATLEITIMPL_220526_0408,valid,mikael,ilegivel,ilegivel,,,
PSP_EXTRATLEITIMPL_220526_0408_20000000007902964980_000.jpg,PSP_EXTRATLEITIMPL_220526_0408,valid,mikael+llama32v,legivel,ilegivel,legivel,9834,digitada_leiturista
PSP_EXTRATLEITIMPL_220526_0408_20000000007902965888_000.jpg,PSP_EXTRATLEITIMPL_220526_0408,valid,mikael+llama32v,legivel,ilegivel,legivel,4641,digitada_leiturista
PSP_EXTRATLEITIMPL_220526_0408_20000000007902974684_000.jpg,PSP_EXTRATLEITIMPL_220526_0408,valid,mikael,ilegivel,ilegivel,,,
PSP_EXTRATLEITIMPL_220526_0408_20000000007902978427_001.jpg,PSP_EXTRATLEITIMPL_220526_0408,valid,mikael,sem_medidor,sem_medidor,,,
PSP_EXTRATLEITIMPL_220526_0408_20000000007902978430_000.jpg,PSP_EXTRATLEITIMPL_220526_0408,valid,mikael,ilegivel,ilegivel,,,
PSP_EXTRATLEITIMPL_220526_0408_20000000007902980287_000.jpg,PSP_EXTRATLEITIMPL_220526_0408,valid,mikael,ilegivel,ilegivel,,,
PSP_EXTRATLEITIMPL_220526_0408_20000000007902981205_000.jpg,PSP_EXTRATLEITIMPL_220526_0408,valid,mikael,sem_medidor,sem_medidor,,,
PSP_EXTRATLEITIMPL_220526_0408_20000000007902982168_000.jpg,PSP_EXTRATLEITIMPL_220526_0408,valid,mikael+llama32v,legivel,legivel,legivel,29589,digitada_leiturista
PSP_EXTRATLEITIMPL_220526_0408_20000000007902984020_000.jpg,PSP_EXTRATLEITIMPL_220526_0408,valid,mikael,ilegivel,ilegivel,,,
PSP_EXTRATLEITIMPL_220526_0408_20000000007952959935_000.jpg,PSP_EXTRATLEITIMPL_220526_0408,valid,mikael,ilegivel,ilegivel,,,
PSP_EXTRATLEITIMPL_220526_0408_20000000007952963969_000.jpg,PSP_EXTRATLEITIMPL_220526_0408,valid,mikael,ilegivel,ilegivel,,,
PSP_EXTRATLEITIMPL_220526_0408_20000000007952965961_000.jpg,PSP_EXTRATLEITIMPL_220526_0408,valid,mikael,ilegivel,ilegivel,,,
PSP_EXTRATLEITIMPL_220526_0408_20000000007952974675_000.jpg,PSP_EXTRATLEITIMPL_220526_0408,valid,mikael,ilegivel,ilegivel,,,
PSP_EXTRATLEITIMPL_220526_0408_20000000007952977547_000.jpg,PSP_EXTRATLEITIMPL_220526_0408,valid,mikael,sem_medidor,sem_medidor,,,
PSP_EXTRATLEITIMPL_220526_0408_20000000007952979426_000.jpg,PSP_EXTRATLEITIMPL_220526_0408,valid,mikael+llama32v,ilegivel,ilegivel,ilegivel,,
PSP_EXTRATLEITIMPL_220526_0408_20000000007952981271_000.jpg,PSP_EXTRATLEITIMPL_220526_0408,valid,mikael,ilegivel,ilegivel,,,
PSP_EXTRATLEITIMPL_220526_0408_20000000007952984079_001.jpg,PSP_EXTRATLEITIMPL_220526_0408,valid,mikael,ilegivel,ilegivel,,,
PSP_EXTRATLEITIMPL_220526_0408_20000000007952987003_000.jpg,PSP_EXTRATLEITIMPL_220526_0408,valid,mikael,ilegivel,ilegivel,,,
PSP_EXTRATLEITIMPL_220526_0408_20000000008002947955_000.jpg,PSP_EXTRATLEITIMPL_220526_0408,valid,mikael,ilegivel,ilegivel,,,
PSP_EXTRATLEITIMPL_220526_0408_20000000008002964776_000.jpg,PSP_EXTRATLEITIMPL_220526_0408,valid,mikael,ilegivel,ilegivel,,,
PSP_EXTRATLEITIMPL_220526_0408_20000000008002965745_000.jpg,PSP_EXTRATLEITIMPL_220526_0408,valid,mikael+llama32v,legivel,ilegivel,legivel,9465,digitada_leiturista
PSP_EXTRATLEITIMPL_220526_0408_20000000008002966683_000.jpg,PSP_EXTRATLEITIMPL_220526_0408,valid,mikael,ilegivel,ilegivel,,,
PSP_EXTRATLEITIMPL_220526_0408_20000000008002967646_000.jpg,PSP_EXTRATLEITIMPL_220526_0408,valid,mikael,ilegivel,ilegivel,,,
PSP_EXTRATLEITIMPL_220526_0408_20000000008002975215_000.jpg,PSP_EXTRATLEITIMPL_220526_0408,valid,mikael,ilegivel,ilegivel,,,
PSP_EXTRATLEITIMPL_220526_0408_20000000008002976037_000.jpg,PSP_EXTRATLEITIMPL_220526_0408,valid,mikael,ilegivel,ilegivel,,,
PSP_EXTRATLEITIMPL_220526_0408_20000000008002977012_000.jpg,PSP_EXTRATLEITIMPL_220526_0408,valid,mikael,ilegivel,ilegivel,,,
PSP_EXTRATLEITIMPL_220526_0408_20000000008052950997_000.jpg,PSP_EXTRATLEITIMPL_220526_0408,valid,mikael,ilegivel,ilegivel,,,
PSP_EXTRATLEITIMPL_220526_0408_20000000008052956878_000.jpg,PSP_EXTRATLEITIMPL_220526_0408,valid,mikael,ilegivel,ilegivel,,,
PSP_EXTRATLEITIMPL_220526_0408_20000000008052956891_000.jpg,PSP_EXTRATLEITIMPL_220526_0408,valid,mikael,ilegivel,ilegivel,,,
PSP_EXTRATLEITIMPL_220526_0408_20000000008052960900_000.jpg,PSP_EXTRATLEITIMPL_220526_0408,valid,mikael,ilegivel,ilegivel,,,
PSP_EXTRATLEITIMPL_220526_0408_20000000008052965800_000.jpg,PSP_EXTRATLEITIMPL_220526_0408,valid,mikael,ilegivel,ilegivel,,,
PSP_EXTRATLEITIMPL_220526_0408_20000000008052973397_000.jpg,PSP_EXTRATLEITIMPL_220526_0408,valid,mikael,ilegivel,ilegivel,,,
PSP_EXTRATLEITIMPL_220526_0408_20000000008052974416_000.jpg,PSP_EXTRATLEITIMPL_220526_0408,valid,mikael,ilegivel,ilegivel,,,
PSP_EXTRATLEITIMPL_220526_0408_20000000008052976214_000.jpg,PSP_EXTRATLEITIMPL_220526_0408,valid,mikael+llama32v,legivel,ilegivel,legivel,16686,digitada_leiturista
PSP_EXTRATLEITIMPL_220526_0408_20000000008102970997_000.jpg,PSP_EXTRATLEITIMPL_220526_0408,valid,mikael,ilegivel,ilegivel,,,
PSP_EXTRATLEITIMPL_220526_0408_20000000008102974935_000.jpg,PSP_EXTRATLEITIMPL_220526_0408,valid,mikael,ilegivel,ilegivel,,,
PSP_EXTRATLEITIMPL_220526_0408_20000000008102975916_000.jpg,PSP_EXTRATLEITIMPL_220526_0408,valid,mikael,ilegivel,ilegivel,,,
PSP_EXTRATLEITIMPL_220526_0408_20000000008102981801_000.jpg,PSP_EXTRATLEITIMPL_220526_0408,valid,mikael,ilegivel,ilegivel,,,
PSP_EXTRATLEITIMPL_220526_0408_20000000008102983704_000.jpg,PSP_EXTRATLEITIMPL_220526_0408,valid,mikael+llama32v,legivel,legivel,legivel,1353,digitada_leiturista
PSP_EXTRATLEITIMPL_220526_0408_20000000008102985558_000.jpg,PSP_EXTRATLEITIMPL_220526_0408,valid,mikael+llama32v,legivel,ilegivel,legivel,0,digitada_leiturista
PSP_EXTRATLEITIMPL_220526_0408_20000000008102985568_000.jpg,PSP_EXTRATLEITIMPL_220526_0408,valid,mikael,ilegivel,ilegivel,,,
PSP_EXTRATLEITIMPL_220526_0408_20000000008102989293_000.jpg,PSP_EXTRATLEITIMPL_220526_0408,valid,mikael,ilegivel,ilegivel,,,
PSP_EXTRATLEITIMPL_220526_0408_20000000008102989296_000.jpg,PSP_EXTRATLEITIMPL_220526_0408,valid,mikael+llama32v,ilegivel,ilegivel,ilegivel,,
PSP_EXTRATLEITIMPL_220526_0408_20000000008102991189_001.jpg,PSP_EXTRATLEITIMPL_220526_0408,valid,mikael,ilegivel,ilegivel,,,
PSP_EXTRATLEITIMPL_220526_0408_20000000008102994025_000.jpg,PSP_EXTRATLEITIMPL_220526_0408,valid,mikael+llama32v,ilegivel,ilegivel,ilegivel,,
PSP_EXTRATLEITIMPL_220526_0408_20000000008152953973_000.jpg,PSP_EXTRATLEITIMPL_220526_0408,valid,mikael+llama32v,legivel,legivel,legivel,6120,digitada_leiturista
PSP_EXTRATLEITIMPL_220526_0408_20000000008152959921_000.jpg,PSP_EXTRATLEITIMPL_220526_0408,valid,mikael,legivel,legivel,,1,digitada_leiturista
PSP_EXTRATLEITIMPL_220526_0408_20000000008152959945_000.jpg,PSP_EXTRATLEITIMPL_220526_0408,valid,mikael,ilegivel,ilegivel,,,
PSP_EXTRATLEITIMPL_220526_0408_20000000008152963932_000.jpg,PSP_EXTRATLEITIMPL_220526_0408,valid,mikael,ilegivel,ilegivel,,,
PSP_EXTRATLEITIMPL_220526_0408_20000000008152968740_000.jpg,PSP_EXTRATLEITIMPL_220526_0408,valid,mikael,ilegivel,ilegivel,,,
PSP_EXTRATLEITIMPL_220526_0408_20000000008152969729_000.jpg,PSP_EXTRATLEITIMPL_220526_0408,valid,mikael+llama32v,legivel,ilegivel,legivel,46879,digitada_leiturista
PSP_EXTRATLEITIMPL_220526_0408_20000000008152969744_000.jpg,PSP_EXTRATLEITIMPL_220526_0408,valid,mikael,ilegivel,ilegivel,,,
PSP_EXTRATLEITIMPL_220526_0408_20000000008152970666_000.jpg,PSP_EXTRATLEITIMPL_220526_0408,valid,mikael+llama32v,sem_medidor,sem_medidor,sem_medidor,,
PSP_EXTRATLEITIMPL_220526_0408_20000000008152971676_000.jpg,PSP_EXTRATLEITIMPL_220526_0408,valid,mikael,ilegivel,ilegivel,,,
PSP_EXTRATLEITIMPL_220526_0408_20000000008152974455_000.jpg,PSP_EXTRATLEITIMPL_220526_0408,valid,mikael,ilegivel,ilegivel,,,
PSP_EXTRATLEITIMPL_220526_0408_20000000008152976444_000.jpg,PSP_EXTRATLEITIMPL_220526_0408,valid,mikael,ilegivel,ilegivel,,,
PSP_EXTRATLEITIMPL_220526_0408_20000000008152977405_000.jpg,PSP_EXTRATLEITIMPL_220526_0408,valid,mikael,sem_medidor,sem_medidor,,,
PSP_EXTRATLEITIMPL_220526_0408_20000000008152978324_000.jpg,PSP_EXTRATLEITIMPL_220526_0408,valid,mikael+llama32v,legivel,ilegivel,legivel,38379,digitada_leiturista
PSP_EXTRATLEITIMPL_220526_0408_20000000008152980178_000.jpg,PSP_EXTRATLEITIMPL_220526_0408,valid,mikael,legivel,legivel,,99,digitada_leiturista
PSP_EXTRATLEITIMPL_220526_0408_20000000008152983042_000.jpg,PSP_EXTRATLEITIMPL_220526_0408,valid,mikael,ilegivel,ilegivel,,,
PSP_EXTRATLEITIMPL_220526_0408_20000000008152983043_000.jpg,PSP_EXTRATLEITIMPL_220526_0408,valid,mikael+llama32v,legivel,ilegivel,legivel,320,digitada_leiturista
PSP_EXTRATLEITIMPL_220526_0408_20000000008152984008_000.jpg,PSP_EXTRATLEITIMPL_220526_0408,valid,mikael+llama32v,ilegivel,ilegivel,ilegivel,,
PSP_EXTRATLEITIMPL_220526_0408_20000000008202961976_000.jpg,PSP_EXTRATLEITIMPL_220526_0408,valid,mikael,ilegivel,ilegivel,,,
PSP_EXTRATLEITIMPL_220526_0408_20000000008202961977_000.jpg,PSP_EXTRATLEITIMPL_220526_0408,valid,mikael,sem_medidor,sem_medidor,,,
PSP_EXTRATLEITIMPL_220526_0408_20000000008202962952_002.jpg,PSP_EXTRATLEITIMPL_220526_0408,valid,mikael,ilegivel,ilegivel,,,
PSP_EXTRATLEITIMPL_220526_0408_20000000008202965863_000.jpg,PSP_EXTRATLEITIMPL_220526_0408,valid,mikael,ilegivel,ilegivel,,,
PSP_EXTRATLEITIMPL_220526_0408_20000000008202968758_000.jpg,PSP_EXTRATLEITIMPL_220526_0408,valid,mikael,legivel,legivel,,13580,digitada_leiturista
PSP_EXTRATLEITIMPL_220526_0408_20000000008202972674_000.jpg,PSP_EXTRATLEITIMPL_220526_0408,valid,mikael,ilegivel,ilegivel,,,
PSP_EXTRATLEITIMPL_220526_0408_20000000008202973586_000.jpg,PSP_EXTRATLEITIMPL_220526_0408,valid,mikael,ilegivel,ilegivel,,,
PSP_EXTRATLEITIMPL_220526_0408_20000000008202975511_000.jpg,PSP_EXTRATLEITIMPL_220526_0408,valid,mikael,ilegivel,ilegivel,,,
PSP_EXTRATLEITIMPL_220526_0408_20000000008202976405_000.jpg,PSP_EXTRATLEITIMPL_220526_0408,valid,mikael,legivel,legivel,,3672,digitada_leiturista
PSP_EXTRATLEITIMPL_220526_0408_20000000008202977421_000.jpg,PSP_EXTRATLEITIMPL_220526_0408,valid,mikael+llama32v,ilegivel,ilegivel,ilegivel,,
PSP_EXTRATLEITIMPL_220526_0408_20000000008252948900_000.jpg,PSP_EXTRATLEITIMPL_220526_0408,valid,mikael,ilegivel,ilegivel,,,
PSP_EXTRATLEITIMPL_220526_0408_20000000008252954883_000.jpg,PSP_EXTRATLEITIMPL_220526_0408,valid,mikael,ilegivel,ilegivel,,,
PSP_EXTRATLEITIMPL_220526_0408_20000000008252963588_000.jpg,PSP_EXTRATLEITIMPL_220526_0408,valid,mikael+llama32v,legivel,legivel,legivel,7161,digitada_leiturista
PSP_EXTRATLEITIMPL_220526_0408_20000000008252964548_000.jpg,PSP_EXTRATLEITIMPL_220526_0408,valid,mikael,ilegivel,ilegivel,,,
PSP_EXTRATLEITIMPL_220526_0408_20000000008252974013_000.jpg,PSP_EXTRATLEITIMPL_220526_0408,valid,mikael,ilegivel,ilegivel,,,
PSP_EXTRATLEITIMPL_220526_0408_20000000008302974687_000.jpg,PSP_EXTRATLEITIMPL_220526_0408,valid,mikael,ilegivel,ilegivel,,,
PSP_EXTRATLEITIMPL_220526_0408_20000000008302974697_001.jpg,PSP_EXTRATLEITIMPL_220526_0408,valid,mikael,ilegivel,ilegivel,,,
PSP_EXTRATLEITIMPL_220526_0408_20000000008302977569_000.jpg,PSP_EXTRATLEITIMPL_220526_0408,valid,mikael,ilegivel,ilegivel,,,
PSP_EXTRATLEITIMPL_220526_0408_20000000008302978523_000.jpg,PSP_EXTRATLEITIMPL_220526_0408,valid,mikael,ilegivel,ilegivel,,,
PSP_EXTRATLEITIMPL_220526_0408_20000000008302982266_001.jpg,PSP_EXTRATLEITIMPL_220526_0408,valid,mikael,legivel,legivel,,,
PSP_EXTRATLEITIMPL_220526_0408_20000000008302982271_000.jpg,PSP_EXTRATLEITIMPL_220526_0408,valid,mikael+llama32v,legivel,legivel,legivel,6561,digitada_leiturista
PSP_EXTRATLEITIMPL_220526_0408_20000000008352970941_000.jpg,PSP_EXTRATLEITIMPL_220526_0408,valid,mikael,ilegivel,ilegivel,,,
PSP_EXTRATLEITIMPL_220526_0408_20000000008352970946_000.jpg,PSP_EXTRATLEITIMPL_220526_0408,valid,mikael,ilegivel,ilegivel,,,
PSP_EXTRATLEITIMPL_220526_0408_20000000008352970949_000.jpg,PSP_EXTRATLEITIMPL_220526_0408,valid,mikael,ilegivel,ilegivel,,,
PSP_EXTRATLEITIMPL_220526_0408_20000000008352974941_000.jpg,PSP_EXTRATLEITIMPL_220526_0408,valid,mikael+llama32v,ilegivel,ilegivel,ilegivel,,
PSP_EXTRATLEITIMPL_220526_0408_20000000008352976908_000.jpg,PSP_EXTRATLEITIMPL_220526_0408,valid,mikael,ilegivel,ilegivel,,,
PSP_EXTRATLEITIMPL_220526_0408_20000000008352986550_000.jpg,PSP_EXTRATLEITIMPL_220526_0408,valid,mikael,ilegivel,ilegivel,,,
PSP_EXTRATLEITIMPL_220526_0408_20000000008352991193_000.jpg,PSP_EXTRATLEITIMPL_220526_0408,valid,mikael,ilegivel,ilegivel,,,
PSP_EXTRATLEITIMPL_220526_0408_20000000008352994007_000.jpg,PSP_EXTRATLEITIMPL_220526_0408,valid,mikael+llama32v,ilegivel,ilegivel,ilegivel,,
PSP_EXTRATLEITIMPL_220526_0408_20000000008402941998_000.jpg,PSP_EXTRATLEITIMPL_220526_0408,valid,mikael+llama32v,legivel,ilegivel,legivel,70352,digitada_leiturista
PSP_EXTRATLEITIMPL_220526_0408_20000000008402952896_000.jpg,PSP_EXTRATLEITIMPL_220526_0408,valid,mikael,ilegivel,ilegivel,,,
PSP_EXTRATLEITIMPL_220526_0408_20000000008402959748_000.jpg,PSP_EXTRATLEITIMPL_220526_0408,valid,mikael,ilegivel,ilegivel,,,
PSP_EXTRATLEITIMPL_220526_0408_20000000008402961695_000.jpg,PSP_EXTRATLEITIMPL_220526_0408,valid,mikael,ilegivel,ilegivel,,,
PSP_EXTRATLEITIMPL_220526_0408_20000000008402961703_000.jpg,PSP_EXTRATLEITIMPL_220526_0408,valid,mikael+llama32v,legivel,ilegivel,legivel,0,digitada_leiturista
PSP_EXTRATLEITIMPL_220526_0408_20000000008402964590_000.jpg,PSP_EXTRATLEITIMPL_220526_0408,valid,mikael,ilegivel,ilegivel,,,
PSP_EXTRATLEITIMPL_220526_0408_20000000008402965510_000.jpg,PSP_EXTRATLEITIMPL_220526_0408,valid,mikael+llama32v,ilegivel,ilegivel,ilegivel,,
PSP_EXTRATLEITIMPL_220526_0408_20000000008402967371_000.jpg,PSP_EXTRATLEITIMPL_220526_0408,valid,mikael,legivel,legivel,,35,digitada_leiturista
PSP_EXTRATLEITIMPL_220526_0408_20000000008402967378_000.jpg,PSP_EXTRATLEITIMPL_220526_0408,valid,mikael,sem_medidor,sem_medidor,,,
PSP_EXTRATLEITIMPL_220526_0408_20000000008402968415_000.jpg,PSP_EXTRATLEITIMPL_220526_0408,valid,mikael+llama32v,ilegivel,ilegivel,ilegivel,,
PSP_EXTRATLEITIMPL_220526_0408_20000000008402968418_000.jpg,PSP_EXTRATLEITIMPL_220526_0408,valid,mikael,ilegivel,ilegivel,,,
PSP_EXTRATLEITIMPL_220526_0408_20000000008402969270_000.jpg,PSP_EXTRATLEITIMPL_220526_0408,valid,mikael,ilegivel,ilegivel,,,
PSP_EXTRATLEITIMPL_220526_0408_20000000008402970157_000.jpg,PSP_EXTRATLEITIMPL_220526_0408,valid,mikael,legivel,legivel,,150,digitada_leiturista
PSP_EXTRATLEITIMPL_220526_0408_20000000008402970161_000.jpg,PSP_EXTRATLEITIMPL_220526_0408,valid,mikael,legivel,legivel,,87,digitada_leiturista
PSP_EXTRATLEITIMPL_220526_0408_20000000008402972070_000.jpg,PSP_EXTRATLEITIMPL_220526_0408,valid,mikael+llama32v,legivel,ilegivel,legivel,3044,digitada_leiturista
PSP_EXTRATLEITIMPL_220526_0408_20000000008452948986_000.jpg,PSP_EXTRATLEITIMPL_220526_0408,valid,mikael,ilegivel,ilegivel,,,
PSP_EXTRATLEITIMPL_220526_0408_20000000008452951964_000.jpg,PSP_EXTRATLEITIMPL_220526_0408,valid,mikael,ilegivel,ilegivel,,,
PSP_EXTRATLEITIMPL_220526_0408_20000000008452951973_000.jpg,PSP_EXTRATLEITIMPL_220526_0408,valid,mikael,ilegivel,ilegivel,,,
PSP_EXTRATLEITIMPL_220526_0408_20000000008452961730_000.jpg,PSP_EXTRATLEITIMPL_220526_0408,valid,mikael,ilegivel,ilegivel,,,
PSP_EXTRATLEITIMPL_220526_0408_20000000008452963716_001.jpg,PSP_EXTRATLEITIMPL_220526_0408,valid,mikael,ilegivel,ilegivel,,,
PSP_EXTRATLEITIMPL_220526_0408_20000000008452971349_000.jpg,PSP_EXTRATLEITIMPL_220526_0408,valid,mikael,ilegivel,ilegivel,,,
PSP_EXTRATLEITIMPL_220526_0408_20000000008452972290_000.jpg,PSP_EXTRATLEITIMPL_220526_0408,valid,mikael,ilegivel,ilegivel,,,
PSP_EXTRATLEITIMPL_220526_0408_20000000008452975051_000.jpg,PSP_EXTRATLEITIMPL_220526_0408,valid,mikael+llama32v,legivel,ilegivel,legivel,2678,digitada_leiturista
PSP_EXTRATLEITIMPL_220526_0408_20000000008452976023_000.jpg,PSP_EXTRATLEITIMPL_220526_0408,valid,mikael+llama32v,legivel,ilegivel,legivel,12757,digitada_leiturista
PSP_EXTRATLEITIMPL_220526_0408_20000000008502942978_000.jpg,PSP_EXTRATLEITIMPL_220526_0408,valid,mikael,legivel,legivel,,23621,digitada_leiturista
PSP_EXTRATLEITIMPL_220526_0408_20000000008502953917_000.jpg,PSP_EXTRATLEITIMPL_220526_0408,valid,mikael,ilegivel,ilegivel,,,
PSP_EXTRATLEITIMPL_220526_0408_20000000008502957793_000.jpg,PSP_EXTRATLEITIMPL_220526_0408,valid,mikael,sem_medidor,sem_medidor,,,
PSP_EXTRATLEITIMPL_220526_0408_20000000008502963472_000.jpg,PSP_EXTRATLEITIMPL_220526_0408,valid,mikael+llama32v,legivel,ilegivel,legivel,3239,digitada_leiturista
PSP_EXTRATLEITIMPL_220526_0408_20000000008502963477_000.jpg,PSP_EXTRATLEITIMPL_220526_0408,valid,mikael+llama32v,legivel,legivel,legivel,2510,digitada_leiturista
PSP_EXTRATLEITIMPL_220526_0408_20000000008552953901_000.jpg,PSP_EXTRATLEITIMPL_220526_0408,valid,mikael,sem_medidor,sem_medidor,,,
PSP_EXTRATLEITIMPL_220526_0408_20000000008552961909_000.jpg,PSP_EXTRATLEITIMPL_220526_0408,valid,mikael,legivel,legivel,,2856,digitada_leiturista
PSP_EXTRATLEITIMPL_220526_0408_20000000008552969825_000.jpg,PSP_EXTRATLEITIMPL_220526_0408,valid,mikael,ilegivel,ilegivel,,,
PSP_EXTRATLEITIMPL_220526_0408_20000000008602977652_000.jpg,PSP_EXTRATLEITIMPL_220526_0408,valid,mikael,ilegivel,ilegivel,,,
PSP_EXTRATLEITIMPL_220526_0408_20000000008602978625_000.jpg,PSP_EXTRATLEITIMPL_220526_0408,valid,mikael,ilegivel,ilegivel,,,
PSP_EXTRATLEITIMPL_220526_0408_20000000008602980568_000.jpg,PSP_EXTRATLEITIMPL_220526_0408,valid,mikael,ilegivel,ilegivel,,,
PSP_EXTRATLEITIMPL_220526_0408_20000000008602984393_000.jpg,PSP_EXTRATLEITIMPL_220526_0408,valid,mikael,ilegivel,ilegivel,,,
PSP_EXTRATLEITIMPL_220526_0408_20000000008602985271_000.jpg,PSP_EXTRATLEITIMPL_220526_0408,valid,mikael,ilegivel,ilegivel,,,
PSP_EXTRATLEITIMPL_220526_0408_20000000008602987211_000.jpg,PSP_EXTRATLEITIMPL_220526_0408,valid,mikael+llama32v,legivel,ilegivel,legivel,17781,digitada_leiturista
PSP_EXTRATLEITIMPL_220526_0408_20000000008602989004_000.jpg,PSP_EXTRATLEITIMPL_220526_0408,valid,mikael,ilegivel,ilegivel,,,
PSP_EXTRATLEITIMPL_220526_0408_20000000008652966968_000.jpg,PSP_EXTRATLEITIMPL_220526_0408,valid,mikael,ilegivel,ilegivel,,,
PSP_EXTRATLEITIMPL_220526_0408_20000000008652968941_000.jpg,PSP_EXTRATLEITIMPL_220526_0408,valid,mikael+llama32v,ilegivel,ilegivel,ilegivel,,
PSP_EXTRATLEITIMPL_220526_0408_20000000008652979713_000.jpg,PSP_EXTRATLEITIMPL_220526_0408,valid,mikael,legivel,legivel,,13968,digitada_leiturista
PSP_EXTRATLEITIMPL_220526_0408_20000000008652981703_000.jpg,PSP_EXTRATLEITIMPL_220526_0408,valid,mikael,ilegivel,ilegivel,,,
PSP_EXTRATLEITIMPL_220526_0408_20000000008652985379_000.jpg,PSP_EXTRATLEITIMPL_220526_0408,valid,mikael,sem_medidor,sem_medidor,,,
PSP_EXTRATLEITIMPL_220526_0408_20000000008652987303_000.jpg,PSP_EXTRATLEITIMPL_220526_0408,valid,mikael,ilegivel,ilegivel,,,
PSP_EXTRATLEITIMPL_220526_0408_20000000008652988244_000.jpg,PSP_EXTRATLEITIMPL_220526_0408,valid,mikael,ilegivel,ilegivel,,,
PSP_EXTRATLEITIMPL_220526_0408_20000000008702964959_000.jpg,PSP_EXTRATLEITIMPL_220526_0408,valid,mikael,legivel,legivel,,152,digitada_leiturista
PSP_EXTRATLEITIMPL_220526_0408_20000000008702975825_000.jpg,PSP_EXTRATLEITIMPL_220526_0408,valid,mikael,legivel,legivel,,7850,digitada_leiturista
PSP_EXTRATLEITIMPL_220526_0408_20000000008702977782_000.jpg,PSP_EXTRATLEITIMPL_220526_0408,valid,mikael,ilegivel,ilegivel,,,
PSP_EXTRATLEITIMPL_220526_0408_20000000008702979666_000.jpg,PSP_EXTRATLEITIMPL_220526_0408,valid,mikael,ilegivel,ilegivel,,,
PSP_EXTRATLEITIMPL_220526_0408_20000000008702982562_000.jpg,PSP_EXTRATLEITIMPL_220526_0408,valid,mikael,legivel,legivel,,102,digitada_leiturista
PSP_EXTRATLEITIMPL_220526_0408_20000000008702984422_000.jpg,PSP_EXTRATLEITIMPL_220526_0408,valid,mikael,ilegivel,ilegivel,,,
PSP_EXTRATLEITIMPL_220526_0408_20000000008702984425_000.jpg,PSP_EXTRATLEITIMPL_220526_0408,valid,mikael,ilegivel,ilegivel,,,
PSP_EXTRATLEITIMPL_220526_0408_20000000008702988142_000.jpg,PSP_EXTRATLEITIMPL_220526_0408,valid,mikael,ilegivel,ilegivel,,,
PSP_EXTRATLEITIMPL_220526_0408_20000000008702992010_000.jpg,PSP_EXTRATLEITIMPL_220526_0408,valid,mikael,ilegivel,ilegivel,,,
PSP_EXTRATLEITIMPL_220526_0408_20000000008752953979_000.jpg,PSP_EXTRATLEITIMPL_220526_0408,valid,mikael,ilegivel,ilegivel,,,
PSP_EXTRATLEITIMPL_220526_0408_20000000008752960877_000.jpg,PSP_EXTRATLEITIMPL_220526_0408,valid,mikael,ilegivel,ilegivel,,,
PSP_EXTRATLEITIMPL_220526_0408_20000000008752964806_000.jpg,PSP_EXTRATLEITIMPL_220526_0408,valid,mikael,ilegivel,ilegivel,,,
PSP_EXTRATLEITIMPL_220526_0408_20000000008752972443_000.jpg,PSP_EXTRATLEITIMPL_220526_0408,valid,mikael,legivel,legivel,,5138,digitada_leiturista
PSP_EXTRATLEITIMPL_220526_0408_20000000008752973432_000.jpg,PSP_EXTRATLEITIMPL_220526_0408,valid,mikael+llama32v,ilegivel,ilegivel,ilegivel,,
PSP_EXTRATLEITIMPL_220526_0408_20000000008752976186_000.jpg,PSP_EXTRATLEITIMPL_220526_0408,valid,mikael,ilegivel,ilegivel,,,
PSP_EXTRATLEITIMPL_220526_0408_20000000008752977068_000.jpg,PSP_EXTRATLEITIMPL_220526_0408,valid,mikael,ilegivel,ilegivel,,,
PSP_EXTRATLEITIMPL_220526_0408_20000000008752978012_000.jpg,PSP_EXTRATLEITIMPL_220526_0408,valid,mikael,ilegivel,ilegivel,,,
PSP_EXTRATLEITIMPL_220526_0408_20000000008802962852_000.jpg,PSP_EXTRATLEITIMPL_220526_0408,valid,mikael,ilegivel,ilegivel,,,
PSP_EXTRATLEITIMPL_220526_0408_20000000008802962854_000.jpg,PSP_EXTRATLEITIMPL_220526_0408,valid,mikael,ilegivel,ilegivel,,,
PSP_EXTRATLEITIMPL_220526_0408_20000000008802968768_000.jpg,PSP_EXTRATLEITIMPL_220526_0408,valid,mikael,ilegivel,ilegivel,,,
PSP_EXTRATLEITIMPL_220526_0408_20000000008802973516_000.jpg,PSP_EXTRATLEITIMPL_220526_0408,valid,mikael,ilegivel,ilegivel,,,
PSP_EXTRATLEITIMPL_220526_0408_20000000008802974502_000.jpg,PSP_EXTRATLEITIMPL_220526_0408,valid,mikael,ilegivel,ilegivel,,,
PSP_EXTRATLEITIMPL_220526_0408_20000000008802974516_000.jpg,PSP_EXTRATLEITIMPL_220526_0408,valid,mikael,legivel,legivel,,67,digitada_leiturista
PSP_EXTRATLEITIMPL_220526_0408_20000000008802976396_000.jpg,PSP_EXTRATLEITIMPL_220526_0408,valid,mikael,ilegivel,ilegivel,,,
PSP_EXTRATLEITIMPL_220526_0408_20000000008802976411_001.jpg,PSP_EXTRATLEITIMPL_220526_0408,valid,mikael,ilegivel,ilegivel,,,
PSP_EXTRATLEITIMPL_220526_0408_20000000008802979204_000.jpg,PSP_EXTRATLEITIMPL_220526_0408,valid,mikael+llama32v,ilegivel,ilegivel,ilegivel,,
PSP_EXTRATLEITIMPL_220526_0408_20000000008802983016_000.jpg,PSP_EXTRATLEITIMPL_220526_0408,valid,mikael,ilegivel,ilegivel,,,
PSP_EXTRATLEITIMPL_220526_0408_20000000008852956911_000.jpg,PSP_EXTRATLEITIMPL_220526_0408,valid,mikael+llama32v,ilegivel,ilegivel,ilegivel,,
PSP_EXTRATLEITIMPL_220526_0408_20000000008852961917_000.jpg,PSP_EXTRATLEITIMPL_220526_0408,valid,mikael,ilegivel,ilegivel,,,
PSP_EXTRATLEITIMPL_220526_0408_20000000008852969805_000.jpg,PSP_EXTRATLEITIMPL_220526_0408,valid,mikael+llama32v,legivel,legivel,legivel,263,digitada_leiturista
PSP_EXTRATLEITIMPL_220526_0408_20000000008852973662_000.jpg,PSP_EXTRATLEITIMPL_220526_0408,valid,mikael,ilegivel,ilegivel,,,
PSP_EXTRATLEITIMPL_220526_0408_20000000008852973665_000.jpg,PSP_EXTRATLEITIMPL_220526_0408,valid,mikael,sem_medidor,sem_medidor,,,
PSP_EXTRATLEITIMPL_220526_0408_20000000008852974573_000.jpg,PSP_EXTRATLEITIMPL_220526_0408,valid,mikael+llama32v,legivel,ilegivel,legivel,2,digitada_leiturista
PSP_EXTRATLEITIMPL_220526_0408_20000000008852974582_000.jpg,PSP_EXTRATLEITIMPL_220526_0408,valid,mikael,ilegivel,ilegivel,,,
PSP_EXTRATLEITIMPL_220526_0408_20000000008852976531_000.jpg,PSP_EXTRATLEITIMPL_220526_0408,valid,mikael+llama32v,ilegivel,ilegivel,ilegivel,,
PSP_EXTRATLEITIMPL_220526_0408_20000000008852979419_000.jpg,PSP_EXTRATLEITIMPL_220526_0408,valid,mikael,ilegivel,ilegivel,,,
PSP_EXTRATLEITIMPL_220526_0408_20000000008852984009_000.jpg,PSP_EXTRATLEITIMPL_220526_0408,valid,mikael,ilegivel,ilegivel,,,
PSP_EXTRATLEITIMPL_220526_0408_20000000008852985011_000.jpg,PSP_EXTRATLEITIMPL_220526_0408,valid,mikael,ilegivel,ilegivel,,,
PSP_EXTRATLEITIMPL_220526_0408_20000000008852985016_000.jpg,PSP_EXTRATLEITIMPL_220526_0408,valid,mikael,sem_medidor,sem_medidor,,,
PSP_EXTRATLEITIMPL_220526_0408_20000000008902956895_000.jpg,PSP_EXTRATLEITIMPL_220526_0408,valid,mikael,ilegivel,ilegivel,,,
PSP_EXTRATLEITIMPL_220526_0408_20000000008902957915_000.jpg,PSP_EXTRATLEITIMPL_220526_0408,valid,mikael,ilegivel,ilegivel,,,
PSP_EXTRATLEITIMPL_220526_0408_20000000008902958830_000.jpg,PSP_EXTRATLEITIMPL_220526_0408,valid,mikael,ilegivel,ilegivel,,,
PSP_EXTRATLEITIMPL_220526_0408_20000000008902962783_000.jpg,PSP_EXTRATLEITIMPL_220526_0408,valid,mikael,ilegivel,ilegivel,,,
PSP_EXTRATLEITIMPL_220526_0408_20000000008902964689_000.jpg,PSP_EXTRATLEITIMPL_220526_0408,valid,mikael+llama32v,ilegivel,ilegivel,ilegivel,,
PSP_EXTRATLEITIMPL_220526_0408_20000000008902964713_000.jpg,PSP_EXTRATLEITIMPL_220526_0408,valid,mikael,ilegivel,ilegivel,,,
PSP_EXTRATLEITIMPL_220526_0408_20000000008902965605_000.jpg,PSP_EXTRATLEITIMPL_220526_0408,valid,mikael,ilegivel,ilegivel,,,
PSP_EXTRATLEITIMPL_220526_0408_20000000008902976048_000.jpg,PSP_EXTRATLEITIMPL_220526_0408,valid,mikael,legivel,legivel,,2793,digitada_leiturista
PSP_EXTRATLEITIMPL_220526_0408_20000000008952943978_000.jpg,PSP_EXTRATLEITIMPL_220526_0408,valid,mikael,ilegivel,ilegivel,,,
PSP_EXTRATLEITIMPL_220526_0408_20000000008952946932_000.jpg,PSP_EXTRATLEITIMPL_220526_0408,valid,mikael,sem_medidor,sem_medidor,,,
PSP_EXTRATLEITIMPL_220526_0408_20000000008952949919_000.jpg,PSP_EXTRATLEITIMPL_220526_0408,valid,mikael,ilegivel,ilegivel,,,
PSP_EXTRATLEITIMPL_220526_0408_20000000008952965348_000.jpg,PSP_EXTRATLEITIMPL_220526_0408,valid,mikael+llama32v,legivel,ilegivel,legivel,95973,digitada_leiturista
PSP_EXTRATLEITIMPL_220526_0408_20000000008952970019_000.jpg,PSP_EXTRATLEITIMPL_220526_0408,valid,mikael,ilegivel,ilegivel,,,
PSP_EXTRATLEITIMPL_220526_0408_20000000008952971025_000.jpg,PSP_EXTRATLEITIMPL_220526_0408,valid,mikael,ilegivel,ilegivel,,,
PSP_EXTRATLEITIMPL_220526_0408_20000000009002974800_000.jpg,PSP_EXTRATLEITIMPL_220526_0408,valid,mikael,legivel,legivel,,,
PSP_EXTRATLEITIMPL_220526_0408_20000000009002975718_001.jpg,PSP_EXTRATLEITIMPL_220526_0408,valid,mikael,ilegivel,ilegivel,,,
PSP_EXTRATLEITIMPL_220526_0408_20000000009002977659_000.jpg,PSP_EXTRATLEITIMPL_220526_0408,valid,mikael,legivel,legivel,,10635,digitada_leiturista
PSP_EXTRATLEITIMPL_220526_0408_20000000009002977665_000.jpg,PSP_EXTRATLEITIMPL_220526_0408,valid,mikael,ilegivel,ilegivel,,,
PSP_EXTRATLEITIMPL_220526_0408_20000000009002979610_000.jpg,PSP_EXTRATLEITIMPL_220526_0408,valid,mikael,ilegivel,ilegivel,,,
PSP_EXTRATLEITIMPL_220526_0408_20000000009002979622_000.jpg,PSP_EXTRATLEITIMPL_220526_0408,valid,mikael+llama32v,ilegivel,ilegivel,ilegivel,,
PSP_EXTRATLEITIMPL_220526_0408_20000000009002982298_000.jpg,PSP_EXTRATLEITIMPL_220526_0408,valid,mikael,legivel,legivel,,14578,digitada_leiturista
PSP_EXTRATLEITIMPL_220526_0408_20000000009052950899_000.jpg,PSP_EXTRATLEITIMPL_220526_0408,valid,mikael+llama32v,legivel,legivel,legivel,12282,digitada_leiturista
PSP_EXTRATLEITIMPL_220526_0408_20000000009052952887_000.jpg,PSP_EXTRATLEITIMPL_220526_0408,valid,mikael,ilegivel,ilegivel,,,
PSP_EXTRATLEITIMPL_220526_0408_20000000009052952902_000.jpg,PSP_EXTRATLEITIMPL_220526_0408,valid,mikael+llama32v,legivel,ilegivel,legivel,107783,digitada_leiturista
PSP_EXTRATLEITIMPL_220526_0408_20000000009052963673_000.jpg,PSP_EXTRATLEITIMPL_220526_0408,valid,mikael,ilegivel,ilegivel,,,
PSP_EXTRATLEITIMPL_220526_0408_20000000009052964690_000.jpg,PSP_EXTRATLEITIMPL_220526_0408,valid,mikael,ilegivel,ilegivel,,,
PSP_EXTRATLEITIMPL_220526_0408_20000000009052965603_000.jpg,PSP_EXTRATLEITIMPL_220526_0408,valid,mikael+llama32v,ilegivel,ilegivel,ilegivel,,
PSP_EXTRATLEITIMPL_220526_0408_20000000009052967598_000.jpg,PSP_EXTRATLEITIMPL_220526_0408,valid,mikael+llama32v,legivel,ilegivel,legivel,19956,digitada_leiturista
PSP_EXTRATLEITIMPL_220526_0408_20000000009052974097_000.jpg,PSP_EXTRATLEITIMPL_220526_0408,valid,mikael+llama32v,legivel,ilegivel,legivel,8556,digitada_leiturista
PSP_EXTRATLEITIMPL_220526_0408_20000000009052976017_000.jpg,PSP_EXTRATLEITIMPL_220526_0408,valid,mikael,ilegivel,ilegivel,,,
PSP_EXTRATLEITIMPL_220526_0408_20000000009102954953_000.jpg,PSP_EXTRATLEITIMPL_220526_0408,valid,mikael,ilegivel,ilegivel,,,
PSP_EXTRATLEITIMPL_220526_0408_20000000009102959918_000.jpg,PSP_EXTRATLEITIMPL_220526_0408,valid,mikael,ilegivel,ilegivel,,,
PSP_EXTRATLEITIMPL_220526_0408_20000000009102978005_000.jpg,PSP_EXTRATLEITIMPL_220526_0408,valid,mikael,sem_medidor,sem_medidor,,,
PSP_EXTRATLEITIMPL_220526_0408_20000000009102979020_000.jpg,PSP_EXTRATLEITIMPL_220526_0408,valid,mikael+llama32v,legivel,ilegivel,legivel,83,digitada_leiturista
PSP_EXTRATLEITIMPL_220526_0408_20000000009102980003_000.jpg,PSP_EXTRATLEITIMPL_220526_0408,valid,mikael,ilegivel,ilegivel,,,
PSP_EXTRATLEITIMPL_220526_0408_20000000009152963936_000.jpg,PSP_EXTRATLEITIMPL_220526_0408,valid,mikael,legivel,legivel,,12661,digitada_leiturista
PSP_EXTRATLEITIMPL_220526_0408_20000000009152983227_000.jpg,PSP_EXTRATLEITIMPL_220526_0408,valid,mikael,ilegivel,ilegivel,,,
PSP_EXTRATLEITIMPL_220526_0408_20000000009152984202_001.jpg,PSP_EXTRATLEITIMPL_220526_0408,valid,mikael,ilegivel,ilegivel,,,
PSP_EXTRATLEITIMPL_220526_0408_20000000009152986054_000.jpg,PSP_EXTRATLEITIMPL_220526_0408,valid,mikael,ilegivel,ilegivel,,,
PSP_EXTRATLEITIMPL_220526_0408_20000000009152987019_000.jpg,PSP_EXTRATLEITIMPL_220526_0408,valid,mikael+llama32v,legivel,ilegivel,legivel,215951,digitada_leiturista
PSP_EXTRATLEITIMPL_220526_0408_20000000009152987022_000.jpg,PSP_EXTRATLEITIMPL_220526_0408,valid,mikael,legivel,legivel,,,
PSP_EXTRATLEITIMPL_220526_0408_20000000009202969920_000.jpg,PSP_EXTRATLEITIMPL_220526_0408,valid,mikael+llama32v,ilegivel,ilegivel,ilegivel,,
PSP_EXTRATLEITIMPL_220526_0408_20000000009202970843_000.jpg,PSP_EXTRATLEITIMPL_220526_0408,valid,mikael,ilegivel,ilegivel,,,
PSP_EXTRATLEITIMPL_220526_0408_20000000009202978554_000.jpg,PSP_EXTRATLEITIMPL_220526_0408,valid,mikael,ilegivel,ilegivel,,,
PSP_EXTRATLEITIMPL_220526_0408_20000000009252954965_000.jpg,PSP_EXTRATLEITIMPL_220526_0408,valid,mikael,legivel,legivel,,31357,digitada_leiturista
PSP_EXTRATLEITIMPL_220526_0408_20000000009252956943_000.jpg,PSP_EXTRATLEITIMPL_220526_0408,valid,mikael,legivel,legivel,,44986,digitada_leiturista
PSP_EXTRATLEITIMPL_220526_0408_20000000009252962882_000.jpg,PSP_EXTRATLEITIMPL_220526_0408,valid,mikael,ilegivel,ilegivel,,,
PSP_EXTRATLEITIMPL_220526_0408_20000000009252966748_000.jpg,PSP_EXTRATLEITIMPL_220526_0408,valid,mikael,ilegivel,ilegivel,,,
PSP_EXTRATLEITIMPL_220526_0408_20000000009252967784_000.jpg,PSP_EXTRATLEITIMPL_220526_0408,valid,mikael,legivel,legivel,,4144,digitada_leiturista
PSP_EXTRATLEITIMPL_220526_0408_20000000009252968675_000.jpg,PSP_EXTRATLEITIMPL_220526_0408,valid,mikael+llama32v,legivel,ilegivel,legivel,6892,digitada_leiturista
PSP_EXTRATLEITIMPL_220526_0408_20000000009252970638_000.jpg,PSP_EXTRATLEITIMPL_220526_0408,valid,mikael,ilegivel,ilegivel,,,
PSP_EXTRATLEITIMPL_220526_0408_20000000009252975376_000.jpg,PSP_EXTRATLEITIMPL_220526_0408,valid,mikael,ilegivel,ilegivel,,,
PSP_EXTRATLEITIMPL_220526_0408_20000000009252976269_000.jpg,PSP_EXTRATLEITIMPL_220526_0408,valid,mikael,ilegivel,ilegivel,,,
PSP_EXTRATLEITIMPL_220526_0408_20000000009302965809_000.jpg,PSP_EXTRATLEITIMPL_220526_0408,valid,mikael,ilegivel,ilegivel,,,
PSP_EXTRATLEITIMPL_220526_0408_20000000009302965828_001.jpg,PSP_EXTRATLEITIMPL_220526_0408,valid,mikael,ilegivel,ilegivel,,,
PSP_EXTRATLEITIMPL_220526_0408_20000000009302973589_000.jpg,PSP_EXTRATLEITIMPL_220526_0408,valid,mikael,ilegivel,ilegivel,,,
PSP_EXTRATLEITIMPL_220526_0408_20000000009302979056_000.jpg,PSP_EXTRATLEITIMPL_220526_0408,valid,mikael,ilegivel,ilegivel,,,
PSP_EXTRATLEITIMPL_220526_0408_20000000009302979065_000.jpg,PSP_EXTRATLEITIMPL_220526_0408,valid,mikael+llama32v,legivel,ilegivel,legivel,1499,digitada_leiturista
PSP_EXTRATLEITIMPL_220526_0408_20000000009302981021_000.jpg,PSP_EXTRATLEITIMPL_220526_0408,valid,mikael+llama32v,legivel,ilegivel,legivel,16353,digitada_leiturista
PSP_EXTRATLEITIMPL_220526_0408_20000000009352965884_000.jpg,PSP_EXTRATLEITIMPL_220526_0408,valid,mikael,ilegivel,ilegivel,,,
PSP_EXTRATLEITIMPL_220526_0408_20000000009352972800_000.jpg,PSP_EXTRATLEITIMPL_220526_0408,valid,mikael,sem_medidor,sem_medidor,,,
PSP_EXTRATLEITIMPL_220526_0408_20000000009352972809_000.jpg,PSP_EXTRATLEITIMPL_220526_0408,valid,mikael,legivel,legivel,,17,digitada_leiturista
PSP_EXTRATLEITIMPL_220526_0408_20000000009352983173_001.jpg,PSP_EXTRATLEITIMPL_220526_0408,valid,mikael,legivel,legivel,,,
PSP_EXTRATLEITIMPL_220526_0408_20000000009352987006_000.jpg,PSP_EXTRATLEITIMPL_220526_0408,valid,mikael,ilegivel,ilegivel,,,
PSP_EXTRATLEITIMPL_220526_0408_20000000009402941958_000.jpg,PSP_EXTRATLEITIMPL_220526_0408,valid,mikael,ilegivel,ilegivel,,,
PSP_EXTRATLEITIMPL_220526_0408_20000000009402941960_000.jpg,PSP_EXTRATLEITIMPL_220526_0408,valid,mikael,ilegivel,ilegivel,,,
PSP_EXTRATLEITIMPL_220526_0408_20000000009402941963_000.jpg,PSP_EXTRATLEITIMPL_220526_0408,valid,mikael,ilegivel,ilegivel,,,
PSP_EXTRATLEITIMPL_220526_0408_20000000009402953867_000.jpg,PSP_EXTRATLEITIMPL_220526_0408,valid,mikael,ilegivel,ilegivel,,,
PSP_EXTRATLEITIMPL_220526_0408_20000000009402966426_000.jpg,PSP_EXTRATLEITIMPL_220526_0408,valid,mikael,ilegivel,ilegivel,,,
PSP_EXTRATLEITIMPL_220526_0408_20000000009402967311_000.jpg,PSP_EXTRATLEITIMPL_220526_0408,valid,mikael,ilegivel,ilegivel,,,
PSP_EXTRATLEITIMPL_220526_0408_20000000009402970011_000.jpg,PSP_EXTRATLEITIMPL_220526_0408,valid,mikael,legivel,legivel,,3873,digitada_leiturista
PSP_EXTRATLEITIMPL_220526_0408_20000000009452955903_000.jpg,PSP_EXTRATLEITIMPL_220526_0408,valid,mikael,ilegivel,ilegivel,,,
PSP_EXTRATLEITIMPL_220526_0408_20000000009452958895_000.jpg,PSP_EXTRATLEITIMPL_220526_0408,valid,mikael,legivel,legivel,,12685,digitada_leiturista
PSP_EXTRATLEITIMPL_220526_0408_20000000009452963767_001.jpg,PSP_EXTRATLEITIMPL_220526_0408,valid,mikael,ilegivel,ilegivel,,,
PSP_EXTRATLEITIMPL_220526_0408_20000000009452964728_000.jpg,PSP_EXTRATLEITIMPL_220526_0408,valid,mikael+llama32v,sem_medidor,sem_medidor,sem_medidor,,
PSP_EXTRATLEITIMPL_220526_0408_20000000009452965675_000.jpg,PSP_EXTRATLEITIMPL_220526_0408,valid,mikael,ilegivel,ilegivel,,,
PSP_EXTRATLEITIMPL_220526_0408_20000000009452967640_000.jpg,PSP_EXTRATLEITIMPL_220526_0408,valid,mikael,ilegivel,ilegivel,,,
PSP_EXTRATLEITIMPL_220526_0408_20000000009452975181_000.jpg,PSP_EXTRATLEITIMPL_220526_0408,valid,mikael,ilegivel,ilegivel,,,
PSP_EXTRATLEITIMPL_220526_0408_20000000009452976112_000.jpg,PSP_EXTRATLEITIMPL_220526_0408,valid,mikael,ilegivel,ilegivel,,,
PSP_EXTRATLEITIMPL_220526_0408_20000000009502955961_000.jpg,PSP_EXTRATLEITIMPL_220526_0408,valid,mikael,ilegivel,ilegivel,,,
PSP_EXTRATLEITIMPL_220526_0408_20000000009502973625_000.jpg,PSP_EXTRATLEITIMPL_220526_0408,valid,mikael,ilegivel,ilegivel,,,
PSP_EXTRATLEITIMPL_220526_0408_20000000009502973634_000.jpg,PSP_EXTRATLEITIMPL_220526_0408,valid,mikael,ilegivel,ilegivel,,,
PSP_EXTRATLEITIMPL_220526_0408_20000000009502979298_000.jpg,PSP_EXTRATLEITIMPL_220526_0408,valid,mikael,legivel,legivel,,1421,digitada_leiturista
PSP_EXTRATLEITIMPL_220526_0408_20000000009502980197_000.jpg,PSP_EXTRATLEITIMPL_220526_0408,valid,mikael,ilegivel,ilegivel,,,
PSP_EXTRATLEITIMPL_220526_0408_20000000009502983072_000.jpg,PSP_EXTRATLEITIMPL_220526_0408,valid,mikael+llama32v,ilegivel,ilegivel,ilegivel,,
PSP_EXTRATLEITIMPL_220526_0408_20000000009502984005_000.jpg,PSP_EXTRATLEITIMPL_220526_0408,valid,mikael,ilegivel,ilegivel,,,
PSP_EXTRATLEITIMPL_220526_0408_20000000009552946982_000.jpg,PSP_EXTRATLEITIMPL_220526_0408,valid,mikael,legivel,legivel,,26826,digitada_leiturista
PSP_EXTRATLEITIMPL_220526_0408_20000000009552949997_000.jpg,PSP_EXTRATLEITIMPL_220526_0408,valid,mikael,legivel,legivel,,270851,digitada_leiturista
PSP_EXTRATLEITIMPL_220526_0408_20000000009552950950_000.jpg,PSP_EXTRATLEITIMPL_220526_0408,valid,mikael,ilegivel,ilegivel,,,
PSP_EXTRATLEITIMPL_220526_0408_20000000009552959879_000.jpg,PSP_EXTRATLEITIMPL_220526_0408,valid,mikael,ilegivel,ilegivel,,,
PSP_EXTRATLEITIMPL_220526_0408_20000000009552963814_000.jpg,PSP_EXTRATLEITIMPL_220526_0408,valid,mikael,legivel,legivel,,8482,digitada_leiturista
PSP_EXTRATLEITIMPL_220526_0408_20000000009552964746_000.jpg,PSP_EXTRATLEITIMPL_220526_0408,valid,mikael,ilegivel,ilegivel,,,
PSP_EXTRATLEITIMPL_220526_0408_20000000009552966660_000.jpg,PSP_EXTRATLEITIMPL_220526_0408,valid,mikael,ilegivel,ilegivel,,,
PSP_EXTRATLEITIMPL_220526_0408_20000000009552967563_000.jpg,PSP_EXTRATLEITIMPL_220526_0408,valid,mikael,ilegivel,ilegivel,,,
PSP_EXTRATLEITIMPL_220526_0408_20000000009552968607_005.jpg,PSP_EXTRATLEITIMPL_220526_0408,valid,mikael,ilegivel,ilegivel,,,
PSP_EXTRATLEITIMPL_220526_0408_20000000009552978008_000.jpg,PSP_EXTRATLEITIMPL_220526_0408,valid,mikael,ilegivel,ilegivel,,,
PSP_EXTRATLEITIMPL_220526_0408_20000000009602965923_000.jpg,PSP_EXTRATLEITIMPL_220526_0408,valid,mikael+llama32v,legivel,ilegivel,legivel,97369,digitada_leiturista
PSP_EXTRATLEITIMPL_220526_0408_20000000009602966921_000.jpg,PSP_EXTRATLEITIMPL_220526_0408,valid,mikael,sem_medidor,sem_medidor,,,
PSP_EXTRATLEITIMPL_220526_0408_20000000009602967854_000.jpg,PSP_EXTRATLEITIMPL_220526_0408,valid,mikael,ilegivel,ilegivel,,,
PSP_EXTRATLEITIMPL_220526_0408_20000000009602972783_000.jpg,PSP_EXTRATLEITIMPL_220526_0408,valid,mikael,ilegivel,ilegivel,,,
PSP_EXTRATLEITIMPL_220526_0408_20000000009602973816_000.jpg,PSP_EXTRATLEITIMPL_220526_0408,valid,mikael,ilegivel,ilegivel,,,
PSP_EXTRATLEITIMPL_220526_0408_20000000009602975703_000.jpg,PSP_EXTRATLEITIMPL_220526_0408,valid,mikael,ilegivel,ilegivel,,,
PSP_EXTRATLEITIMPL_220526_0408_20000000009602976663_000.jpg,PSP_EXTRATLEITIMPL_220526_0408,valid,mikael+llama32v,ilegivel,ilegivel,ilegivel,,
PSP_EXTRATLEITIMPL_220526_0408_20000000009602981419_000.jpg,PSP_EXTRATLEITIMPL_220526_0408,valid,mikael,ilegivel,ilegivel,,,
PSP_EXTRATLEITIMPL_220526_0408_20000000009602982300_000.jpg,PSP_EXTRATLEITIMPL_220526_0408,valid,mikael+llama32v,ilegivel,ilegivel,ilegivel,,
PSP_EXTRATLEITIMPL_220526_0408_20000000009602983175_000.jpg,PSP_EXTRATLEITIMPL_220526_0408,valid,mikael,sem_medidor,sem_medidor,,,
PSP_EXTRATLEITIMPL_220526_0408_20000000009602988024_000.jpg,PSP_EXTRATLEITIMPL_220526_0408,valid,mikael,ilegivel,ilegivel,,,
PSP_EXTRATLEITIMPL_220526_0408_20000000009652968789_000.jpg,PSP_EXTRATLEITIMPL_220526_0408,valid,mikael+llama32v,ilegivel,ilegivel,ilegivel,,
PSP_EXTRATLEITIMPL_220526_0408_20000000009652971684_000.jpg,PSP_EXTRATLEITIMPL_220526_0408,valid,mikael,ilegivel,ilegivel,,,
PSP_EXTRATLEITIMPL_220526_0408_20000000009652980043_000.jpg,PSP_EXTRATLEITIMPL_220526_0408,valid,mikael,ilegivel,ilegivel,,,
PSP_EXTRATLEITIMPL_220526_0408_20000000009702944947_000.jpg,PSP_EXTRATLEITIMPL_220526_0408,valid,mikael,ilegivel,ilegivel,,,
PSP_EXTRATLEITIMPL_220526_0408_20000000009702955838_000.jpg,PSP_EXTRATLEITIMPL_220526_0408,valid,mikael,ilegivel,ilegivel,,,
PSP_EXTRATLEITIMPL_220526_0408_20000000009702959823_000.jpg,PSP_EXTRATLEITIMPL_220526_0408,valid,mikael+llama32v,legivel,legivel,legivel,5564,digitada_leiturista
PSP_EXTRATLEITIMPL_220526_0408_20000000009702960673_000.jpg,PSP_EXTRATLEITIMPL_220526_0408,valid,mikael,ilegivel,ilegivel,,,
PSP_EXTRATLEITIMPL_220526_0408_20000000009702964516_000.jpg,PSP_EXTRATLEITIMPL_220526_0408,valid,mikael,ilegivel,ilegivel,,,
PSP_EXTRATLEITIMPL_220526_0408_20000000009702965542_000.jpg,PSP_EXTRATLEITIMPL_220526_0408,valid,mikael,ilegivel,ilegivel,,,
PSP_EXTRATLEITIMPL_220526_0408_20000000009702967423_000.jpg,PSP_EXTRATLEITIMPL_220526_0408,valid,mikael,legivel,legivel,,4462,digitada_leiturista
PSP_EXTRATLEITIMPL_220526_0408_20000000009752958948_000.jpg,PSP_EXTRATLEITIMPL_220526_0408,valid,mikael,legivel,legivel,,825,digitada_leiturista
PSP_EXTRATLEITIMPL_220526_0408_20000000009752963875_000.jpg,PSP_EXTRATLEITIMPL_220526_0408,valid,mikael,ilegivel,ilegivel,,,
PSP_EXTRATLEITIMPL_220526_0408_20000000009752964885_000.jpg,PSP_EXTRATLEITIMPL_220526_0408,valid,mikael,ilegivel,ilegivel,,,
PSP_EXTRATLEITIMPL_220526_0408_20000000009752969747_001.jpg,PSP_EXTRATLEITIMPL_220526_0408,valid,mikael,ilegivel,ilegivel,,,
PSP_EXTRATLEITIMPL_220526_0408_20000000009752983000_000.jpg,PSP_EXTRATLEITIMPL_220526_0408,valid,mikael,ilegivel,ilegivel,,,
PSP_EXTRATLEITIMPL_220526_0408_20000000009802945988_000.jpg,PSP_EXTRATLEITIMPL_220526_0408,valid,mikael,legivel,legivel,,6,digitada_leiturista
PSP_EXTRATLEITIMPL_220526_0408_20000000009802953933_000.jpg,PSP_EXTRATLEITIMPL_220526_0408,valid,mikael+llama32v,legivel,ilegivel,legivel,5182,digitada_leiturista
PSP_EXTRATLEITIMPL_220526_0408_20000000009802958846_000.jpg,PSP_EXTRATLEITIMPL_220526_0408,valid,mikael,ilegivel,ilegivel,,,
PSP_EXTRATLEITIMPL_220526_0408_20000000009802962785_000.jpg,PSP_EXTRATLEITIMPL_220526_0408,valid,mikael,ilegivel,ilegivel,,,
PSP_EXTRATLEITIMPL_220526_0408_20000000009802967580_000.jpg,PSP_EXTRATLEITIMPL_220526_0408,valid,mikael+llama32v,ilegivel,sem_medidor,ilegivel,,
PSP_EXTRATLEITIMPL_220526_0408_20000000009802974007_000.jpg,PSP_EXTRATLEITIMPL_220526_0408,valid,mikael,ilegivel,ilegivel,,,
PSP_EXTRATLEITIMPL_220526_0408_20000000009852970916_000.jpg,PSP_EXTRATLEITIMPL_220526_0408,valid,mikael,ilegivel,ilegivel,,,
PSP_EXTRATLEITIMPL_220526_0408_20000000009852979589_000.jpg,PSP_EXTRATLEITIMPL_220526_0408,valid,mikael,ilegivel,ilegivel,,,
PSP_EXTRATLEITIMPL_220526_0408_20000000009852979599_000.jpg,PSP_EXTRATLEITIMPL_220526_0408,valid,mikael+llama32v,legivel,legivel,legivel,3396,digitada_leiturista
PSP_EXTRATLEITIMPL_220526_0408_20000000009852979614_000.jpg,PSP_EXTRATLEITIMPL_220526_0408,valid,mikael,ilegivel,ilegivel,,,
PSP_EXTRATLEITIMPL_220526_0408_20000000009852980730_000.jpg,PSP_EXTRATLEITIMPL_220526_0408,valid,mikael,ilegivel,ilegivel,,,
PSP_EXTRATLEITIMPL_220526_0408_20000000009852985364_000.jpg,PSP_EXTRATLEITIMPL_220526_0408,valid,mikael,legivel,legivel,,95304,digitada_leiturista
PSP_EXTRATLEITIMPL_220526_0408_20000000009902953935_000.jpg,PSP_EXTRATLEITIMPL_220526_0408,valid,mikael,ilegivel,ilegivel,,,
PSP_EXTRATLEITIMPL_220526_0408_20000000009902953942_001.jpg,PSP_EXTRATLEITIMPL_220526_0408,valid,mikael,legivel,legivel,,,
PSP_EXTRATLEITIMPL_220526_0408_20000000009902955944_000.jpg,PSP_EXTRATLEITIMPL_220526_0408,valid,mikael,ilegivel,ilegivel,,,
PSP_EXTRATLEITIMPL_220526_0408_20000000009902976537_000.jpg,PSP_EXTRATLEITIMPL_220526_0408,valid,mikael+llama32v,legivel,legivel,legivel,26391,digitada_leiturista
PSP_EXTRATLEITIMPL_220526_0408_20000000009902981275_000.jpg,PSP_EXTRATLEITIMPL_220526_0408,valid,mikael,sem_medidor,sem_medidor,,,
PSP_EXTRATLEITIMPL_220526_0408_20000000009952944959_000.jpg,PSP_EXTRATLEITIMPL_220526_0408,valid,mikael+llama32v,sem_medidor,sem_medidor,sem_medidor,,
PSP_EXTRATLEITIMPL_220526_0408_20000000009952946883_000.jpg,PSP_EXTRATLEITIMPL_220526_0408,valid,mikael,legivel,legivel,,84315,digitada_leiturista
PSP_EXTRATLEITIMPL_220526_0408_20000000009952949930_000.jpg,PSP_EXTRATLEITIMPL_220526_0408,valid,mikael,ilegivel,ilegivel,,,
PSP_EXTRATLEITIMPL_220526_0408_20000000009952952821_001.jpg,PSP_EXTRATLEITIMPL_220526_0408,valid,mikael,ilegivel,ilegivel,,,
PSP_EXTRATLEITIMPL_220526_0408_20000000009952960624_000.jpg,PSP_EXTRATLEITIMPL_220526_0408,valid,mikael+llama32v,sem_medidor,sem_medidor,sem_medidor,,
PSP_EXTRATLEITIMPL_220526_0408_20000000009952963421_000.jpg,PSP_EXTRATLEITIMPL_220526_0408,valid,mikael,ilegivel,ilegivel,,,
PSP_EXTRATLEITIMPL_220526_0408_20000000009952964439_000.jpg,PSP_EXTRATLEITIMPL_220526_0408,valid,mikael,ilegivel,ilegivel,,,
PSP_EXTRATLEITIMPL_220526_0408_20000000009952967169_000.jpg,PSP_EXTRATLEITIMPL_220526_0408,valid,mikael+llama32v,legivel,legivel,legivel,20377,digitada_leiturista
PSP_EXTRATLEITIMPL_220526_0408_20000000009952971026_000.jpg,PSP_EXTRATLEITIMPL_220526_0408,valid,mikael,ilegivel,ilegivel,,,
PSP_EXTRATLEITIMPL_220526_0408_20000000010002957913_000.jpg,PSP_EXTRATLEITIMPL_220526_0408,valid,mikael,ilegivel,ilegivel,,,
PSP_EXTRATLEITIMPL_220526_0408_20000000010002973648_000.jpg,PSP_EXTRATLEITIMPL_220526_0408,valid,mikael,ilegivel,ilegivel,,,
PSP_EXTRATLEITIMPL_220526_0408_20000000010002979396_000.jpg,PSP_EXTRATLEITIMPL_220526_0408,valid,mikael,ilegivel,ilegivel,,,
PSP_EXTRATLEITIMPL_220526_0408_20000000010002982274_000.jpg,PSP_EXTRATLEITIMPL_220526_0408,valid,mikael,ilegivel,ilegivel,,,
PSP_EXTRATLEITIMPL_220526_0408_20000000010002983177_000.jpg,PSP_EXTRATLEITIMPL_220526_0408,valid,mikael,legivel,legivel,,1801,digitada_leiturista
PSP_EXTRATLEITIMPL_220526_0408_20000000010002984055_000.jpg,PSP_EXTRATLEITIMPL_220526_0408,valid,mikael+llama32v,legivel,ilegivel,legivel,6,digitada_leiturista
PSP_EXTRATLEITIMPL_220526_0408_20000000010052986434_000.jpg,PSP_EXTRATLEITIMPL_220526_0408,valid,mikael,sem_medidor,sem_medidor,,,
PSP_EXTRATLEITIMPL_220526_0408_20000000010052990036_000.jpg,PSP_EXTRATLEITIMPL_220526_0408,valid,mikael,legivel,legivel,,3296,digitada_leiturista
PSP_EXTRATLEITIMPL_220526_0408_20000000010052992009_000.jpg,PSP_EXTRATLEITIMPL_220526_0408,valid,mikael,legivel,legivel,,13573,digitada_leiturista
PSP_EXTRATLEITIMPL_220526_0408_20000000010052992023_000.jpg,PSP_EXTRATLEITIMPL_220526_0408,valid,mikael,legivel,legivel,,4251,digitada_leiturista
PSP_EXTRATLEITIMPL_220526_0408_20000000010102949955_000.jpg,PSP_EXTRATLEITIMPL_220526_0408,valid,mikael,ilegivel,ilegivel,,,
PSP_EXTRATLEITIMPL_220526_0408_20000000010102949960_000.jpg,PSP_EXTRATLEITIMPL_220526_0408,valid,mikael+llama32v,legivel,ilegivel,legivel,93542,digitada_leiturista
PSP_EXTRATLEITIMPL_220526_0408_20000000010102958915_000.jpg,PSP_EXTRATLEITIMPL_220526_0408,valid,mikael,legivel,legivel,,10167,digitada_leiturista
PSP_EXTRATLEITIMPL_220526_0408_20000000010102959790_000.jpg,PSP_EXTRATLEITIMPL_220526_0408,valid,mikael,ilegivel,ilegivel,,,
PSP_EXTRATLEITIMPL_220526_0408_20000000010102960893_000.jpg,PSP_EXTRATLEITIMPL_220526_0408,valid,mikael,sem_medidor,sem_medidor,,,
PSP_EXTRATLEITIMPL_220526_0408_20000000010102973273_000.jpg,PSP_EXTRATLEITIMPL_220526_0408,valid,mikael,ilegivel,ilegivel,,,
PSP_EXTRATLEITIMPL_220526_0408_20000000010102974235_000.jpg,PSP_EXTRATLEITIMPL_220526_0408,valid,mikael,ilegivel,ilegivel,,,
PSP_EXTRATLEITIMPL_220526_0408_20000000010102975162_000.jpg,PSP_EXTRATLEITIMPL_220526_0408,valid,mikael,sem_medidor,sem_medidor,,,
PSP_EXTRATLEITIMPL_220526_0408_20000000010102976028_000.jpg,PSP_EXTRATLEITIMPL_220526_0408,valid,mikael+llama32v,ilegivel,ilegivel,ilegivel,,
PSP_EXTRATLEITIMPL_220526_0408_20000000010152946995_000.jpg,PSP_EXTRATLEITIMPL_220526_0408,valid,mikael,ilegivel,ilegivel,,,
PSP_EXTRATLEITIMPL_220526_0408_20000000010152963634_000.jpg,PSP_EXTRATLEITIMPL_220526_0408,valid,mikael,ilegivel,ilegivel,,,
PSP_EXTRATLEITIMPL_220526_0408_20000000010152969419_001.jpg,PSP_EXTRATLEITIMPL_220526_0408,valid,mikael,ilegivel,ilegivel,,,
PSP_EXTRATLEITIMPL_220526_0408_20000000010152974194_000.jpg,PSP_EXTRATLEITIMPL_220526_0408,valid,mikael+llama32v,ilegivel,ilegivel,ilegivel,,
PSP_EXTRATLEITIMPL_220526_0408_20000000010152980005_000.jpg,PSP_EXTRATLEITIMPL_220526_0408,valid,mikael,legivel,legivel,,47,digitada_leiturista
PSP_EXTRATLEITIMPL_220526_0408_20000000010202956995_000.jpg,PSP_EXTRATLEITIMPL_220526_0408,valid,mikael,ilegivel,ilegivel,,,
PSP_EXTRATLEITIMPL_220526_0408_20000000010202958997_000.jpg,PSP_EXTRATLEITIMPL_220526_0408,valid,mikael+llama32v,legivel,ilegivel,legivel,7622,digitada_leiturista
PSP_EXTRATLEITIMPL_220526_0408_20000000010202962913_000.jpg,PSP_EXTRATLEITIMPL_220526_0408,valid,mikael+llama32v,legivel,ilegivel,legivel,36163,digitada_leiturista
PSP_EXTRATLEITIMPL_220526_0408_20000000010202964889_000.jpg,PSP_EXTRATLEITIMPL_220526_0408,valid,mikael,sem_medidor,sem_medidor,,,
PSP_EXTRATLEITIMPL_220526_0408_20000000010202965834_000.jpg,PSP_EXTRATLEITIMPL_220526_0408,valid,mikael,ilegivel,ilegivel,,,
PSP_EXTRATLEITIMPL_220526_0408_20000000010202966881_000.jpg,PSP_EXTRATLEITIMPL_220526_0408,valid,mikael,ilegivel,ilegivel,,,
PSP_EXTRATLEITIMPL_220526_0408_20000000010202969793_000.jpg,PSP_EXTRATLEITIMPL_220526_0408,valid,mikael,sem_medidor,sem_medidor,,,
PSP_EXTRATLEITIMPL_220526_0408_20000000010202979301_000.jpg,PSP_EXTRATLEITIMPL_220526_0408,valid,mikael,ilegivel,ilegivel,,,
PSP_EXTRATLEITIMPL_220526_0408_20000000010202982080_000.jpg,PSP_EXTRATLEITIMPL_220526_0408,valid,mikael,ilegivel,ilegivel,,,
PSP_EXTRATLEITIMPL_220526_0408_20000000010252943966_000.jpg,PSP_EXTRATLEITIMPL_220526_0408,valid,mikael,legivel,legivel,,16969,digitada_leiturista
PSP_EXTRATLEITIMPL_220526_0408_20000000010252947938_000.jpg,PSP_EXTRATLEITIMPL_220526_0408,valid,mikael+llama32v,ilegivel,sem_medidor,ilegivel,,
PSP_EXTRATLEITIMPL_220526_0408_20000000010252948921_000.jpg,PSP_EXTRATLEITIMPL_220526_0408,valid,mikael,legivel,legivel,,19011,digitada_leiturista
PSP_EXTRATLEITIMPL_220526_0408_20000000010252959603_000.jpg,PSP_EXTRATLEITIMPL_220526_0408,valid,mikael,ilegivel,ilegivel,,,
PSP_EXTRATLEITIMPL_220526_0408_20000000010252959612_000.jpg,PSP_EXTRATLEITIMPL_220526_0408,valid,mikael,ilegivel,ilegivel,,,
PSP_EXTRATLEITIMPL_220526_0408_20000000010252966418_000.jpg,PSP_EXTRATLEITIMPL_220526_0408,valid,mikael,legivel,legivel,,20,digitada_leiturista
PSP_EXTRATLEITIMPL_220526_0408_20000000010252967292_000.jpg,PSP_EXTRATLEITIMPL_220526_0408,valid,mikael,legivel,legivel,,10057,digitada_leiturista
PSP_EXTRATLEITIMPL_220526_0408_20000000010252971051_000.jpg,PSP_EXTRATLEITIMPL_220526_0408,valid,mikael,ilegivel,ilegivel,,,
PSP_EXTRATLEITIMPL_220526_0408_20000000010302959978_000.jpg,PSP_EXTRATLEITIMPL_220526_0408,valid,mikael,legivel,legivel,,,
PSP_EXTRATLEITIMPL_220526_0408_20000000010302959984_000.jpg,PSP_EXTRATLEITIMPL_220526_0408,valid,mikael+llama32v,legivel,ilegivel,legivel,48111,digitada_leiturista
PSP_EXTRATLEITIMPL_220526_0408_20000000010302962901_000.jpg,PSP_EXTRATLEITIMPL_220526_0408,valid,mikael,ilegivel,ilegivel,,,
PSP_EXTRATLEITIMPL_220526_0408_20000000010302965835_001.jpg,PSP_EXTRATLEITIMPL_220526_0408,valid,mikael,ilegivel,ilegivel,,,
PSP_EXTRATLEITIMPL_220526_0408_20000000010302965855_000.jpg,PSP_EXTRATLEITIMPL_220526_0408,valid,mikael,ilegivel,ilegivel,,,
PSP_EXTRATLEITIMPL_220526_0408_20000000010302973664_000.jpg,PSP_EXTRATLEITIMPL_220526_0408,valid,mikael,legivel,legivel,,9006,digitada_leiturista
PSP_EXTRATLEITIMPL_220526_0408_20000000010302974707_000.jpg,PSP_EXTRATLEITIMPL_220526_0408,valid,mikael+llama32v,legivel,legivel,legivel,29551,digitada_leiturista
PSP_EXTRATLEITIMPL_220526_0408_20000000010302984173_000.jpg,PSP_EXTRATLEITIMPL_220526_0408,valid,mikael,ilegivel,ilegivel,,,
PSP_EXTRATLEITIMPL_220526_0408_20000000010302986023_000.jpg,PSP_EXTRATLEITIMPL_220526_0408,valid,mikael,ilegivel,ilegivel,,,
PSP_EXTRATLEITIMPL_220526_0408_20000000010302986045_000.jpg,PSP_EXTRATLEITIMPL_220526_0408,valid,mikael,ilegivel,ilegivel,,,
PSP_EXTRATLEITIMPL_220526_0408_20000000010352970799_000.jpg,PSP_EXTRATLEITIMPL_220526_0408,valid,mikael,ilegivel,ilegivel,,,
PSP_EXTRATLEITIMPL_220526_0408_20000000010352973644_000.jpg,PSP_EXTRATLEITIMPL_220526_0408,valid,mikael,ilegivel,ilegivel,,,
PSP_EXTRATLEITIMPL_220526_0408_20000000010352982196_000.jpg,PSP_EXTRATLEITIMPL_220526_0408,valid,mikael,ilegivel,ilegivel,,,
PSP_EXTRATLEITIMPL_220526_0408_20000000010352984003_000.jpg,PSP_EXTRATLEITIMPL_220526_0408,valid,mikael,ilegivel,ilegivel,,,
PSP_EXTRATLEITIMPL_220526_0408_20000000010352985000_000.jpg,PSP_EXTRATLEITIMPL_220526_0408,valid,mikael,ilegivel,ilegivel,,,
PSP_EXTRATLEITIMPL_220526_0408_20000000010402943975_000.jpg,PSP_EXTRATLEITIMPL_220526_0408,valid,mikael,ilegivel,ilegivel,,,
PSP_EXTRATLEITIMPL_220526_0408_20000000010402946945_000.jpg,PSP_EXTRATLEITIMPL_220526_0408,valid,mikael,legivel,legivel,,,
PSP_EXTRATLEITIMPL_220526_0408_20000000010402948946_000.jpg,PSP_EXTRATLEITIMPL_220526_0408,valid,mikael,legivel,legivel,,10843,digitada_leiturista
PSP_EXTRATLEITIMPL_220526_0408_20000000010402956812_000.jpg,PSP_EXTRATLEITIMPL_220526_0408,valid,mikael,ilegivel,ilegivel,,,
PSP_EXTRATLEITIMPL_220526_0408_20000000010402957791_000.jpg,PSP_EXTRATLEITIMPL_220526_0408,valid,mikael,ilegivel,ilegivel,,,
PSP_EXTRATLEITIMPL_220526_0408_20000000010402961660_000.jpg,PSP_EXTRATLEITIMPL_220526_0408,valid,mikael+llama32v,legivel,legivel,legivel,1411,digitada_leiturista
PSP_EXTRATLEITIMPL_220526_0408_20000000010402961672_000.jpg,PSP_EXTRATLEITIMPL_220526_0408,valid,mikael,sem_medidor,sem_medidor,,,
PSP_EXTRATLEITIMPL_220526_0408_20000000010402963427_000.jpg,PSP_EXTRATLEITIMPL_220526_0408,valid,mikael+llama32v,legivel,legivel,legivel,93371,digitada_leiturista
PSP_EXTRATLEITIMPL_220526_0408_20000000010452951931_000.jpg,PSP_EXTRATLEITIMPL_220526_0408,valid,mikael,ilegivel,ilegivel,,,
PSP_EXTRATLEITIMPL_220526_0408_20000000010452955925_000.jpg,PSP_EXTRATLEITIMPL_220526_0408,valid,mikael,ilegivel,ilegivel,,,
PSP_EXTRATLEITIMPL_220526_0408_20000000010452958858_000.jpg,PSP_EXTRATLEITIMPL_220526_0408,valid,mikael,legivel,legivel,,9127,digitada_leiturista
PSP_EXTRATLEITIMPL_220526_0408_20000000010452966658_000.jpg,PSP_EXTRATLEITIMPL_220526_0408,valid,mikael,ilegivel,ilegivel,,,
PSP_EXTRATLEITIMPL_220526_0408_20000000010452967500_000.jpg,PSP_EXTRATLEITIMPL_220526_0408,valid,mikael,ilegivel,ilegivel,,,
PSP_EXTRATLEITIMPL_220526_0408_20000000010452969479_000.jpg,PSP_EXTRATLEITIMPL_220526_0408,valid,mikael,ilegivel,ilegivel,,,
PSP_EXTRATLEITIMPL_220526_0408_20000000010452973196_001.jpg,PSP_EXTRATLEITIMPL_220526_0408,valid,mikael+llama32v,ilegivel,ilegivel,ilegivel,,
PSP_EXTRATLEITIMPL_220526_0408_20000000010452974207_001.jpg,PSP_EXTRATLEITIMPL_220526_0408,valid,mikael,ilegivel,ilegivel,,,
PSP_EXTRATLEITIMPL_220526_0408_20000000010502957977_000.jpg,PSP_EXTRATLEITIMPL_220526_0408,valid,mikael,ilegivel,ilegivel,,,
PSP_EXTRATLEITIMPL_220526_0408_20000000010502957978_000.jpg,PSP_EXTRATLEITIMPL_220526_0408,valid,mikael,sem_medidor,sem_medidor,,,
PSP_EXTRATLEITIMPL_220526_0408_20000000010502966746_000.jpg,PSP_EXTRATLEITIMPL_220526_0408,valid,mikael,ilegivel,ilegivel,,,
PSP_EXTRATLEITIMPL_220526_0408_20000000010502971624_000.jpg,PSP_EXTRATLEITIMPL_220526_0408,valid,mikael,ilegivel,ilegivel,,,
PSP_EXTRATLEITIMPL_220526_0408_20000000010502976358_000.jpg,PSP_EXTRATLEITIMPL_220526_0408,valid,mikael,legivel,legivel,,28903,digitada_leiturista
PSP_EXTRATLEITIMPL_220526_0408_20000000010502978199_000.jpg,PSP_EXTRATLEITIMPL_220526_0408,valid,mikael,ilegivel,ilegivel,,,
PSP_EXTRATLEITIMPL_220526_0408_20000000010502981060_000.jpg,PSP_EXTRATLEITIMPL_220526_0408,valid,mikael,legivel,legivel,,19783,digitada_leiturista
PSP_EXTRATLEITIMPL_220526_0408_20000000010502982009_000.jpg,PSP_EXTRATLEITIMPL_220526_0408,valid,mikael,ilegivel,ilegivel,,,
PSP_EXTRATLEITIMPL_220526_0408_20000000010552953917_000.jpg,PSP_EXTRATLEITIMPL_220526_0408,valid,mikael+llama32v,legivel,ilegivel,legivel,8794,digitada_leiturista
PSP_EXTRATLEITIMPL_220526_0408_20000000010552955942_000.jpg,PSP_EXTRATLEITIMPL_220526_0408,valid,mikael+llama32v,legivel,legivel,legivel,2184,digitada_leiturista
PSP_EXTRATLEITIMPL_220526_0408_20000000010552962908_000.jpg,PSP_EXTRATLEITIMPL_220526_0408,valid,mikael,ilegivel,ilegivel,,,
PSP_EXTRATLEITIMPL_220526_0408_20000000010552964849_000.jpg,PSP_EXTRATLEITIMPL_220526_0408,valid,mikael,legivel,legivel,,8455,digitada_leiturista
PSP_EXTRATLEITIMPL_220526_0408_20000000010552972609_000.jpg,PSP_EXTRATLEITIMPL_220526_0408,valid,mikael,ilegivel,ilegivel,,,
PSP_EXTRATLEITIMPL_220526_0408_20000000010552974507_000.jpg,PSP_EXTRATLEITIMPL_220526_0408,valid,mikael+llama32v,legivel,legivel,legivel,285,digitada_leiturista
PSP_EXTRATLEITIMPL_220526_0408_20000000010552975426_000.jpg,PSP_EXTRATLEITIMPL_220526_0408,valid,mikael,ilegivel,ilegivel,,,
PSP_EXTRATLEITIMPL_220526_0408_20000000010552976460_000.jpg,PSP_EXTRATLEITIMPL_220526_0408,valid,mikael,ilegivel,ilegivel,,,
PSP_EXTRATLEITIMPL_220526_0408_20000000010552981031_000.jpg,PSP_EXTRATLEITIMPL_220526_0408,valid,mikael+llama32v,legivel,ilegivel,legivel,5563,digitada_leiturista
PSP_EXTRATLEITIMPL_220526_0408_20000000010602963720_000.jpg,PSP_EXTRATLEITIMPL_220526_0408,valid,mikael,ilegivel,ilegivel,,,
PSP_EXTRATLEITIMPL_220526_0408_20000000010602968544_000.jpg,PSP_EXTRATLEITIMPL_220526_0408,valid,mikael,ilegivel,ilegivel,,,
PSP_EXTRATLEITIMPL_220526_0408_20000000010602968550_000.jpg,PSP_EXTRATLEITIMPL_220526_0408,valid,mikael,ilegivel,ilegivel,,,
PSP_EXTRATLEITIMPL_220526_0408_20000000010602971404_000.jpg,PSP_EXTRATLEITIMPL_220526_0408,valid,mikael,ilegivel,ilegivel,,,
PSP_EXTRATLEITIMPL_220526_0408_20000000010652945980_000.jpg,PSP_EXTRATLEITIMPL_220526_0408,valid,mikael,ilegivel,ilegivel,,,
PSP_EXTRATLEITIMPL_220526_0408_20000000010652945982_000.jpg,PSP_EXTRATLEITIMPL_220526_0408,valid,mikael,ilegivel,ilegivel,,,
PSP_EXTRATLEITIMPL_220526_0408_20000000010652946915_000.jpg,PSP_EXTRATLEITIMPL_220526_0408,valid,mikael,legivel,legivel,,42606,digitada_leiturista
PSP_EXTRATLEITIMPL_220526_0408_20000000010652950906_000.jpg,PSP_EXTRATLEITIMPL_220526_0408,valid,mikael+llama32v,legivel,ilegivel,legivel,11597,digitada_leiturista
PSP_EXTRATLEITIMPL_220526_0408_20000000010652951911_000.jpg,PSP_EXTRATLEITIMPL_220526_0408,valid,mikael,sem_medidor,sem_medidor,,,
PSP_EXTRATLEITIMPL_220526_0408_20000000010652955858_000.jpg,PSP_EXTRATLEITIMPL_220526_0408,valid,mikael,ilegivel,ilegivel,,,
PSP_EXTRATLEITIMPL_220526_0408_20000000010652959770_000.jpg,PSP_EXTRATLEITIMPL_220526_0408,valid,mikael,ilegivel,ilegivel,,,
PSP_EXTRATLEITIMPL_220526_0408_20000000010652959773_000.jpg,PSP_EXTRATLEITIMPL_220526_0408,valid,mikael,ilegivel,ilegivel,,,
PSP_EXTRATLEITIMPL_220526_0408_20000000010652962688_000.jpg,PSP_EXTRATLEITIMPL_220526_0408,valid,mikael,ilegivel,ilegivel,,,
PSP_EXTRATLEITIMPL_220526_0408_20000000010652966575_000.jpg,PSP_EXTRATLEITIMPL_220526_0408,valid,mikael,ilegivel,ilegivel,,,
PSP_EXTRATLEITIMPL_220526_0408_20000000010652967445_000.jpg,PSP_EXTRATLEITIMPL_220526_0408,valid,mikael,ilegivel,ilegivel,,,
PSP_EXTRATLEITIMPL_220526_0408_20000000010652974003_000.jpg,PSP_EXTRATLEITIMPL_220526_0408,valid,mikael+llama32v,legivel,ilegivel,legivel,5308,digitada_leiturista
PSP_EXTRATLEITIMPL_220526_0408_20000000010702962960_000.jpg,PSP_EXTRATLEITIMPL_220526_0408,valid,mikael,ilegivel,ilegivel,,,
PSP_EXTRATLEITIMPL_220526_0408_20000000010702972880_000.jpg,PSP_EXTRATLEITIMPL_220526_0408,valid,mikael,ilegivel,ilegivel,,,
PSP_EXTRATLEITIMPL_220526_0408_20000000010702975774_000.jpg,PSP_EXTRATLEITIMPL_220526_0408,valid,mikael,ilegivel,ilegivel,,,
PSP_EXTRATLEITIMPL_220526_0408_20000000010702984398_000.jpg,PSP_EXTRATLEITIMPL_220526_0408,valid,mikael,ilegivel,ilegivel,,,
PSP_EXTRATLEITIMPL_220526_0408_20000000010702984406_000.jpg,PSP_EXTRATLEITIMPL_220526_0408,valid,mikael,ilegivel,ilegivel,,,
PSP_EXTRATLEITIMPL_220526_0408_20000000010702985320_000.jpg,PSP_EXTRATLEITIMPL_220526_0408,valid,mikael,ilegivel,ilegivel,,,
PSP_EXTRATLEITIMPL_220526_0408_20000000010702988032_000.jpg,PSP_EXTRATLEITIMPL_220526_0408,valid,mikael,ilegivel,ilegivel,,,
PSP_EXTRATLEITIMPL_220526_0408_20000000010702988040_000.jpg,PSP_EXTRATLEITIMPL_220526_0408,valid,mikael,ilegivel,ilegivel,,,
PSP_EXTRATLEITIMPL_220526_0408_20000000010702989017_000.jpg,PSP_EXTRATLEITIMPL_220526_0408,valid,mikael,ilegivel,ilegivel,,,
PSP_EXTRATLEITIMPL_220526_0408_20000000010752955985_000.jpg,PSP_EXTRATLEITIMPL_220526_0408,valid,mikael,ilegivel,ilegivel,,,
PSP_EXTRATLEITIMPL_220526_0408_20000000010752955986_000.jpg,PSP_EXTRATLEITIMPL_220526_0408,valid,mikael+llama32v,legivel,ilegivel,legivel,6,digitada_leiturista
PSP_EXTRATLEITIMPL_220526_0408_20000000010752959949_000.jpg,PSP_EXTRATLEITIMPL_220526_0408,valid,mikael+llama32v,ilegivel,ilegivel,ilegivel,,
PSP_EXTRATLEITIMPL_220526_0408_20000000010752960916_000.jpg,PSP_EXTRATLEITIMPL_220526_0408,valid,mikael,ilegivel,ilegivel,,,
PSP_EXTRATLEITIMPL_220526_0408_20000000010752972788_000.jpg,PSP_EXTRATLEITIMPL_220526_0408,valid,mikael,legivel,legivel,,25470,digitada_leiturista
PSP_EXTRATLEITIMPL_220526_0408_20000000010752974771_000.jpg,PSP_EXTRATLEITIMPL_220526_0408,valid,mikael,ilegivel,ilegivel,,,
PSP_EXTRATLEITIMPL_220526_0408_20000000010752974777_000.jpg,PSP_EXTRATLEITIMPL_220526_0408,valid,mikael+llama32v,ilegivel,ilegivel,ilegivel,,
PSP_EXTRATLEITIMPL_220526_0408_20000000010802958959_000.jpg,PSP_EXTRATLEITIMPL_220526_0408,valid,mikael,ilegivel,ilegivel,,,
PSP_EXTRATLEITIMPL_220526_0408_20000000010802958963_000.jpg,PSP_EXTRATLEITIMPL_220526_0408,valid,mikael,ilegivel,ilegivel,,,
PSP_EXTRATLEITIMPL_220526_0408_20000000010802962752_000.jpg,PSP_EXTRATLEITIMPL_220526_0408,valid,mikael,ilegivel,ilegivel,,,
PSP_EXTRATLEITIMPL_220526_0408_20000000010802963773_000.jpg,PSP_EXTRATLEITIMPL_220526_0408,valid,mikael,legivel,legivel,,1561,digitada_leiturista
PSP_EXTRATLEITIMPL_220526_0408_20000000010802964662_000.jpg,PSP_EXTRATLEITIMPL_220526_0408,valid,mikael,legivel,legivel,,161758,digitada_leiturista
PSP_EXTRATLEITIMPL_220526_0408_20000000010802966623_000.jpg,PSP_EXTRATLEITIMPL_220526_0408,valid,mikael,ilegivel,ilegivel,,,
PSP_EXTRATLEITIMPL_220526_0408_20000000010802971396_000.jpg,PSP_EXTRATLEITIMPL_220526_0408,valid,mikael+llama32v,sem_medidor,sem_medidor,sem_medidor,,
PSP_EXTRATLEITIMPL_220526_0408_20000000010802972309_000.jpg,PSP_EXTRATLEITIMPL_220526_0408,valid,mikael,ilegivel,ilegivel,,,
PSP_EXTRATLEITIMPL_220526_0408_20000000010802975081_000.jpg,PSP_EXTRATLEITIMPL_220526_0408,valid,mikael,ilegivel,ilegivel,,,
PSP_EXTRATLEITIMPL_220526_0408_20000000010852951923_000.jpg,PSP_EXTRATLEITIMPL_220526_0408,valid,mikael,legivel,legivel,,2643,digitada_leiturista
PSP_EXTRATLEITIMPL_220526_0408_20000000010852953939_000.jpg,PSP_EXTRATLEITIMPL_220526_0408,valid,mikael+llama32v,legivel,legivel,legivel,7900,digitada_leiturista
PSP_EXTRATLEITIMPL_220526_0408_20000000010852956869_000.jpg,PSP_EXTRATLEITIMPL_220526_0408,valid,mikael,ilegivel,ilegivel,,,
PSP_EXTRATLEITIMPL_220526_0408_20000000010852960807_000.jpg,PSP_EXTRATLEITIMPL_220526_0408,valid,mikael,sem_medidor,sem_medidor,,,
PSP_EXTRATLEITIMPL_220526_0408_20000000010852972183_000.jpg,PSP_EXTRATLEITIMPL_220526_0408,valid,mikael,ilegivel,ilegivel,,,
PSP_EXTRATLEITIMPL_220526_0408_20000000010902962957_000.jpg,PSP_EXTRATLEITIMPL_220526_0408,valid,mikael,ilegivel,ilegivel,,,
PSP_EXTRATLEITIMPL_220526_0408_20000000010902962962_000.jpg,PSP_EXTRATLEITIMPL_220526_0408,valid,mikael+llama32v,legivel,ilegivel,legivel,3,digitada_leiturista
PSP_EXTRATLEITIMPL_220526_0408_20000000010902971783_000.jpg,PSP_EXTRATLEITIMPL_220526_0408,valid,mikael+llama32v,legivel,ilegivel,legivel,51739,digitada_leiturista
PSP_EXTRATLEITIMPL_220526_0408_20000000010902981315_000.jpg,PSP_EXTRATLEITIMPL_220526_0408,valid,mikael,ilegivel,ilegivel,,,
PSP_EXTRATLEITIMPL_220526_0408_20000000010902982210_000.jpg,PSP_EXTRATLEITIMPL_220526_0408,valid,mikael,legivel,legivel,,6492,digitada_leiturista
PSP_EXTRATLEITIMPL_220526_0408_20000000010902982223_000.jpg,PSP_EXTRATLEITIMPL_220526_0408,valid,mikael,ilegivel,ilegivel,,,
PSP_EXTRATLEITIMPL_220526_0408_20000000010952949920_000.jpg,PSP_EXTRATLEITIMPL_220526_0408,valid,mikael,ilegivel,ilegivel,,,
PSP_EXTRATLEITIMPL_220526_0408_20000000010952951906_000.jpg,PSP_EXTRATLEITIMPL_220526_0408,valid,mikael,ilegivel,ilegivel,,,
PSP_EXTRATLEITIMPL_220526_0408_20000000010952958820_000.jpg,PSP_EXTRATLEITIMPL_220526_0408,valid,mikael+llama32v,legivel,ilegivel,legivel,62039,digitada_leiturista
PSP_EXTRATLEITIMPL_220526_0408_20000000010952959829_000.jpg,PSP_EXTRATLEITIMPL_220526_0408,valid,mikael,legivel,legivel,,97749,digitada_leiturista
PSP_EXTRATLEITIMPL_220526_0408_20000000010952962780_000.jpg,PSP_EXTRATLEITIMPL_220526_0408,valid,mikael,ilegivel,ilegivel,,,
PSP_EXTRATLEITIMPL_220526_0408_20000000010952966585_000.jpg,PSP_EXTRATLEITIMPL_220526_0408,valid,mikael,ilegivel,ilegivel,,,
PSP_EXTRATLEITIMPL_220526_0408_20000000010952968511_000.jpg,PSP_EXTRATLEITIMPL_220526_0408,valid,mikael,ilegivel,ilegivel,,,
PSP_EXTRATLEITIMPL_220526_0408_20000000010952972274_000.jpg,PSP_EXTRATLEITIMPL_220526_0408,valid,mikael,legivel,legivel,,,
PSP_EXTRATLEITIMPL_220526_0408_20000000011002962925_000.jpg,PSP_EXTRATLEITIMPL_220526_0408,valid,mikael,legivel,legivel,,70605,digitada_leiturista
PSP_EXTRATLEITIMPL_220526_0408_20000000011002967808_000.jpg,PSP_EXTRATLEITIMPL_220526_0408,valid,mikael,ilegivel,ilegivel,,,
PSP_EXTRATLEITIMPL_220526_0408_20000000011002967812_000.jpg,PSP_EXTRATLEITIMPL_220526_0408,valid,mikael,ilegivel,ilegivel,,,
PSP_EXTRATLEITIMPL_220526_0408_20000000011002968782_000.jpg,PSP_EXTRATLEITIMPL_220526_0408,valid,mikael,sem_medidor,sem_medidor,,,
PSP_EXTRATLEITIMPL_220526_0408_20000000011002971782_000.jpg,PSP_EXTRATLEITIMPL_220526_0408,valid,mikael,ilegivel,ilegivel,,,
PSP_EXTRATLEITIMPL_220526_0408_20000000011002971784_000.jpg,PSP_EXTRATLEITIMPL_220526_0408,valid,mikael,ilegivel,ilegivel,,,
PSP_EXTRATLEITIMPL_220526_0408_20000000011002972734_000.jpg,PSP_EXTRATLEITIMPL_220526_0408,valid,mikael,ilegivel,ilegivel,,,
PSP_EXTRATLEITIMPL_220526_0408_20000000011002973621_000.jpg,PSP_EXTRATLEITIMPL_220526_0408,valid,mikael,legivel,legivel,,7397,digitada_leiturista
PSP_EXTRATLEITIMPL_220526_0408_20000000011002973635_000.jpg,PSP_EXTRATLEITIMPL_220526_0408,valid,mikael,legivel,legivel,,,
PSP_EXTRATLEITIMPL_220526_0408_20000000011002985026_000.jpg,PSP_EXTRATLEITIMPL_220526_0408,valid,mikael,sem_medidor,sem_medidor,,,
PSP_EXTRATLEITIMPL_220526_0408_20000000011052951966_000.jpg,PSP_EXTRATLEITIMPL_220526_0408,valid,mikael,ilegivel,ilegivel,,,
PSP_EXTRATLEITIMPL_220526_0408_20000000011052973421_000.jpg,PSP_EXTRATLEITIMPL_220526_0408,valid,mikael+llama32v,ilegivel,ilegivel,ilegivel,,
PSP_EXTRATLEITIMPL_220526_0408_20000000011052976166_000.jpg,PSP_EXTRATLEITIMPL_220526_0408,valid,mikael,legivel,legivel,,22046,digitada_leiturista
PSP_EXTRATLEITIMPL_220526_0408_20000000011052977005_000.jpg,PSP_EXTRATLEITIMPL_220526_0408,valid,mikael,ilegivel,ilegivel,,,
PSP_EXTRATLEITIMPL_220526_0408_20000000011102959772_000.jpg,PSP_EXTRATLEITIMPL_220526_0408,valid,mikael,legivel,legivel,,,
PSP_EXTRATLEITIMPL_220526_0408_20000000011102964594_000.jpg,PSP_EXTRATLEITIMPL_220526_0408,valid,mikael+llama32v,legivel,ilegivel,legivel,3800,digitada_leiturista
PSP_EXTRATLEITIMPL_220526_0408_20000000011102969312_000.jpg,PSP_EXTRATLEITIMPL_220526_0408,valid,mikael,ilegivel,ilegivel,,,
PSP_EXTRATLEITIMPL_220526_0408_20000000011102971162_000.jpg,PSP_EXTRATLEITIMPL_220526_0408,valid,mikael,ilegivel,ilegivel,,,
PSP_EXTRATLEITIMPL_220526_0408_20000000011102974029_000.jpg,PSP_EXTRATLEITIMPL_220526_0408,valid,mikael,ilegivel,ilegivel,,,
PSP_EXTRATLEITIMPL_220526_0408_20000000011152956958_000.jpg,PSP_EXTRATLEITIMPL_220526_0408,valid,mikael,ilegivel,ilegivel,,,
PSP_EXTRATLEITIMPL_220526_0408_20000000011152965807_001.jpg,PSP_EXTRATLEITIMPL_220526_0408,valid,mikael,ilegivel,ilegivel,,,
PSP_EXTRATLEITIMPL_220526_0408_20000000011152969667_000.jpg,PSP_EXTRATLEITIMPL_220526_0408,valid,mikael+llama32v,legivel,ilegivel,legivel,8968,digitada_leiturista
PSP_EXTRATLEITIMPL_220526_0408_20000000011152972580_000.jpg,PSP_EXTRATLEITIMPL_220526_0408,valid,mikael,ilegivel,ilegivel,,,
PSP_EXTRATLEITIMPL_220526_0408_20000000011152972587_000.jpg,PSP_EXTRATLEITIMPL_220526_0408,valid,mikael,ilegivel,ilegivel,,,
PSP_EXTRATLEITIMPL_220526_0408_20000000011152976151_000.jpg,PSP_EXTRATLEITIMPL_220526_0408,valid,mikael,ilegivel,ilegivel,,,
PSP_EXTRATLEITIMPL_220526_0408_20000000011152977137_000.jpg,PSP_EXTRATLEITIMPL_220526_0408,valid,mikael,legivel,legivel,,63299,digitada_leiturista
PSP_EXTRATLEITIMPL_220526_0408_20000000011152979013_000.jpg,PSP_EXTRATLEITIMPL_220526_0408,valid,mikael,legivel,legivel,,12780,digitada_leiturista
PSP_EXTRATLEITIMPL_220526_0408_20000000011202960908_000.jpg,PSP_EXTRATLEITIMPL_220526_0408,valid,mikael,ilegivel,ilegivel,,,
PSP_EXTRATLEITIMPL_220526_0408_20000000011202960909_000.jpg,PSP_EXTRATLEITIMPL_220526_0408,valid,mikael,ilegivel,ilegivel,,,
PSP_EXTRATLEITIMPL_220526_0408_20000000011202961966_000.jpg,PSP_EXTRATLEITIMPL_220526_0408,valid,mikael,ilegivel,ilegivel,,,
PSP_EXTRATLEITIMPL_220526_0408_20000000011202970766_000.jpg,PSP_EXTRATLEITIMPL_220526_0408,valid,mikael,ilegivel,ilegivel,,,
PSP_EXTRATLEITIMPL_220526_0408_20000000011202976498_001.jpg,PSP_EXTRATLEITIMPL_220526_0408,valid,mikael,ilegivel,ilegivel,,,
PSP_EXTRATLEITIMPL_220526_0408_20000000011202977410_000.jpg,PSP_EXTRATLEITIMPL_220526_0408,valid,mikael,ilegivel,ilegivel,,,
PSP_EXTRATLEITIMPL_220526_0408_20000000011202977418_000.jpg,PSP_EXTRATLEITIMPL_220526_0408,valid,mikael,ilegivel,ilegivel,,,
PSP_EXTRATLEITIMPL_220526_0408_20000000011202981192_000.jpg,PSP_EXTRATLEITIMPL_220526_0408,valid,mikael,ilegivel,ilegivel,,,
PSP_EXTRATLEITIMPL_220526_0408_20000000011202984046_000.jpg,PSP_EXTRATLEITIMPL_220526_0408,valid,mikael,legivel,legivel,,30989,digitada_leiturista
PSP_EXTRATLEITIMPL_220526_0408_20000000011252959828_000.jpg,PSP_EXTRATLEITIMPL_220526_0408,valid,mikael,ilegivel,ilegivel,,,
PSP_EXTRATLEITIMPL_220526_0408_20000000011252960781_000.jpg,PSP_EXTRATLEITIMPL_220526_0408,valid,mikael,ilegivel,ilegivel,,,
PSP_EXTRATLEITIMPL_220526_0408_20000000011252967476_000.jpg,PSP_EXTRATLEITIMPL_220526_0408,valid,mikael,ilegivel,ilegivel,,,
PSP_EXTRATLEITIMPL_220526_0408_20000000011252971186_000.jpg,PSP_EXTRATLEITIMPL_220526_0408,valid,mikael,ilegivel,ilegivel,,,
PSP_EXTRATLEITIMPL_220526_0408_20000000011252975016_000.jpg,PSP_EXTRATLEITIMPL_220526_0408,valid,mikael,legivel,legivel,,70360,digitada_leiturista
PSP_EXTRATLEITIMPL_220526_0408_20000000011302952982_000.jpg,PSP_EXTRATLEITIMPL_220526_0408,valid,mikael,ilegivel,ilegivel,,,
PSP_EXTRATLEITIMPL_220526_0408_20000000011302953960_000.jpg,PSP_EXTRATLEITIMPL_220526_0408,valid,mikael+llama32v,ilegivel,ilegivel,ilegivel,,
PSP_EXTRATLEITIMPL_220526_0408_20000000011302966794_000.jpg,PSP_EXTRATLEITIMPL_220526_0408,valid,mikael+llama32v,legivel,legivel,legivel,16005,digitada_leiturista
PSP_EXTRATLEITIMPL_220526_0408_20000000011302968671_000.jpg,PSP_EXTRATLEITIMPL_220526_0408,valid,mikael+llama32v,legivel,ilegivel,legivel,5361,digitada_leiturista
PSP_EXTRATLEITIMPL_220526_0408_20000000011302974441_000.jpg,PSP_EXTRATLEITIMPL_220526_0408,valid,mikael,ilegivel,ilegivel,,,
PSP_EXTRATLEITIMPL_220526_0408_20000000011302974448_000.jpg,PSP_EXTRATLEITIMPL_220526_0408,valid,mikael,legivel,legivel,,2264,digitada_leiturista
PSP_EXTRATLEITIMPL_220526_0408_20000000011302976338_000.jpg,PSP_EXTRATLEITIMPL_220526_0408,valid,mikael,ilegivel,ilegivel,,,
PSP_EXTRATLEITIMPL_220526_0408_20000000011302977225_000.jpg,PSP_EXTRATLEITIMPL_220526_0408,valid,mikael,ilegivel,ilegivel,,,
PSP_EXTRATLEITIMPL_220526_0408_20000000011302978180_000.jpg,PSP_EXTRATLEITIMPL_220526_0408,valid,mikael+llama32v,ilegivel,ilegivel,ilegivel,,
PSP_EXTRATLEITIMPL_220526_0408_20000000011352947927_000.jpg,PSP_EXTRATLEITIMPL_220526_0408,valid,mikael,ilegivel,ilegivel,,,
PSP_EXTRATLEITIMPL_220526_0408_20000000011352958547_000.jpg,PSP_EXTRATLEITIMPL_220526_0408,valid,mikael,ilegivel,ilegivel,,,
PSP_EXTRATLEITIMPL_220526_0408_20000000011352959493_000.jpg,PSP_EXTRATLEITIMPL_220526_0408,valid,mikael,sem_medidor,sem_medidor,,,
PSP_EXTRATLEITIMPL_220526_0408_20000000011352961367_000.jpg,PSP_EXTRATLEITIMPL_220526_0408,valid,mikael,ilegivel,ilegivel,,,
PSP_EXTRATLEITIMPL_220526_0408_20000000011352966035_000.jpg,PSP_EXTRATLEITIMPL_220526_0408,valid,mikael+llama32v,legivel,ilegivel,legivel,28628,digitada_leiturista
PSP_EXTRATLEITIMPL_220526_0408_20000000011352967042_000.jpg,PSP_EXTRATLEITIMPL_220526_0408,valid,mikael+llama32v,ilegivel,ilegivel,ilegivel,,
PSP_EXTRATLEITIMPL_220526_0408_20000000011352967046_000.jpg,PSP_EXTRATLEITIMPL_220526_0408,valid,mikael+llama32v,legivel,ilegivel,legivel,2086,digitada_leiturista
PSP_EXTRATLEITIMPL_220526_0408_20000000011402975795_000.jpg,PSP_EXTRATLEITIMPL_220526_0408,valid,mikael,legivel,legivel,,28221,digitada_leiturista
PSP_EXTRATLEITIMPL_220526_0408_20000000011402979668_000.jpg,PSP_EXTRATLEITIMPL_220526_0408,valid,mikael,ilegivel,ilegivel,,,
PSP_EXTRATLEITIMPL_220526_0408_20000000011402983431_000.jpg,PSP_EXTRATLEITIMPL_220526_0408,valid,mikael,ilegivel,ilegivel,,,
PSP_EXTRATLEITIMPL_220526_0408_20000000011402988100_000.jpg,PSP_EXTRATLEITIMPL_220526_0408,valid,mikael,ilegivel,ilegivel,,,
PSP_EXTRATLEITIMPL_220526_0408_20000000011402990031_000.jpg,PSP_EXTRATLEITIMPL_220526_0408,valid,mikael,legivel,legivel,,8886,digitada_leiturista
PSP_EXTRATLEITIMPL_220526_0408_20000000011452951970_000.jpg,PSP_EXTRATLEITIMPL_220526_0408,valid,mikael+llama32v,legivel,legivel,legivel,562,digitada_leiturista
PSP_EXTRATLEITIMPL_220526_0408_20000000011452958888_000.jpg,PSP_EXTRATLEITIMPL_220526_0408,valid,mikael,ilegivel,ilegivel,,,
PSP_EXTRATLEITIMPL_220526_0408_20000000011452961818_000.jpg,PSP_EXTRATLEITIMPL_220526_0408,valid,mikael,ilegivel,ilegivel,,,
PSP_EXTRATLEITIMPL_220526_0408_20000000011452966636_000.jpg,PSP_EXTRATLEITIMPL_220526_0408,valid,mikael,ilegivel,ilegivel,,,
PSP_EXTRATLEITIMPL_220526_0408_20000000011452966648_000.jpg,PSP_EXTRATLEITIMPL_220526_0408,valid,mikael,ilegivel,ilegivel,,,
PSP_EXTRATLEITIMPL_220526_0408_20000000011452967566_000.jpg,PSP_EXTRATLEITIMPL_220526_0408,valid,mikael,ilegivel,ilegivel,,,
PSP_EXTRATLEITIMPL_220526_0408_20000000011452975183_000.jpg,PSP_EXTRATLEITIMPL_220526_0408,valid,mikael+llama32v,legivel,ilegivel,legivel,16618,digitada_leiturista
PSP_EXTRATLEITIMPL_220526_0408_20000000011452978033_000.jpg,PSP_EXTRATLEITIMPL_220526_0408,valid,mikael,legivel,legivel,,18825,digitada_leiturista
PSP_EXTRATLEITIMPL_220526_0408_20000000011452981009_000.jpg,PSP_EXTRATLEITIMPL_220526_0408,valid,mikael,ilegivel,ilegivel,,,
PSP_EXTRATLEITIMPL_220526_0408_20000000011452981025_000.jpg,PSP_EXTRATLEITIMPL_220526_0408,valid,mikael+llama32v,ilegivel,ilegivel,ilegivel,,
PSP_EXTRATLEITIMPL_220526_0408_20000000011502965913_000.jpg,PSP_EXTRATLEITIMPL_220526_0408,valid,mikael,ilegivel,ilegivel,,,
PSP_EXTRATLEITIMPL_220526_0408_20000000011502967878_000.jpg,PSP_EXTRATLEITIMPL_220526_0408,valid,mikael+llama32v,legivel,legivel,legivel,315,digitada_leiturista
PSP_EXTRATLEITIMPL_220526_0408_20000000011502971761_000.jpg,PSP_EXTRATLEITIMPL_220526_0408,valid,mikael,legivel,legivel,,74313,digitada_leiturista
PSP_EXTRATLEITIMPL_220526_0408_20000000011502972709_000.jpg,PSP_EXTRATLEITIMPL_220526_0408,valid,mikael,sem_medidor,sem_medidor,,,
PSP_EXTRATLEITIMPL_220526_0408_20000000011502975540_000.jpg,PSP_EXTRATLEITIMPL_220526_0408,valid,mikael+llama32v,ilegivel,ilegivel,ilegivel,,
PSP_EXTRATLEITIMPL_220526_0408_20000000011502976552_000.jpg,PSP_EXTRATLEITIMPL_220526_0408,valid,mikael,ilegivel,ilegivel,,,
PSP_EXTRATLEITIMPL_220526_0408_20000000011502980297_000.jpg,PSP_EXTRATLEITIMPL_220526_0408,valid,mikael,ilegivel,ilegivel,,,
PSP_EXTRATLEITIMPL_220526_0408_20000000011502983011_000.jpg,PSP_EXTRATLEITIMPL_220526_0408,valid,mikael,ilegivel,ilegivel,,,
PSP_EXTRATLEITIMPL_220526_0408_20000000011552951981_000.jpg,PSP_EXTRATLEITIMPL_220526_0408,valid,mikael,legivel,legivel,,51125,digitada_leiturista
PSP_EXTRATLEITIMPL_220526_0408_20000000011552954906_000.jpg,PSP_EXTRATLEITIMPL_220526_0408,valid,mikael+llama32v,ilegivel,ilegivel,ilegivel,,
PSP_EXTRATLEITIMPL_220526_0408_20000000011552955931_000.jpg,PSP_EXTRATLEITIMPL_220526_0408,valid,mikael+llama32v,sem_medidor,sem_medidor,sem_medidor,,
PSP_EXTRATLEITIMPL_220526_0408_20000000011552956877_000.jpg,PSP_EXTRATLEITIMPL_220526_0408,valid,mikael,sem_medidor,sem_medidor,,,
PSP_EXTRATLEITIMPL_220526_0408_20000000011552956878_000.jpg,PSP_EXTRATLEITIMPL_220526_0408,valid,mikael,legivel,legivel,,705,digitada_leiturista
PSP_EXTRATLEITIMPL_220526_0408_20000000011552978275_001.jpg,PSP_EXTRATLEITIMPL_220526_0408,valid,mikael,ilegivel,ilegivel,,,
PSP_EXTRATLEITIMPL_220526_0408_20000000011602947887_000.jpg,PSP_EXTRATLEITIMPL_220526_0408,valid,mikael,ilegivel,ilegivel,,,
PSP_EXTRATLEITIMPL_220526_0408_20000000011602948999_000.jpg,PSP_EXTRATLEITIMPL_220526_0408,valid,mikael,ilegivel,ilegivel,,,
PSP_EXTRATLEITIMPL_220526_0408_20000000011602952840_000.jpg,PSP_EXTRATLEITIMPL_220526_0408,valid,mikael,sem_medidor,sem_medidor,,,
PSP_EXTRATLEITIMPL_220526_0408_20000000011602960760_000.jpg,PSP_EXTRATLEITIMPL_220526_0408,valid,mikael+llama32v,legivel,ilegivel,legivel,673725,digitada_leiturista
PSP_EXTRATLEITIMPL_220526_0408_20000000011602960763_000.jpg,PSP_EXTRATLEITIMPL_220526_0408,valid,mikael,legivel,legivel,,77679,digitada_leiturista
PSP_EXTRATLEITIMPL_220526_0408_20000000011602964591_000.jpg,PSP_EXTRATLEITIMPL_220526_0408,valid,mikael,ilegivel,ilegivel,,,
PSP_EXTRATLEITIMPL_220526_0408_20000000011602967401_000.jpg,PSP_EXTRATLEITIMPL_220526_0408,valid,mikael,ilegivel,ilegivel,,,
PSP_EXTRATLEITIMPL_220526_0408_20000000011602968264_000.jpg,PSP_EXTRATLEITIMPL_220526_0408,valid,mikael,ilegivel,ilegivel,,,
PSP_EXTRATLEITIMPL_220526_0408_20000000011602970196_000.jpg,PSP_EXTRATLEITIMPL_220526_0408,valid,mikael,sem_medidor,sem_medidor,,,
PSP_EXTRATLEITIMPL_220526_0408_20000000011602971022_000.jpg,PSP_EXTRATLEITIMPL_220526_0408,valid,mikael,ilegivel,ilegivel,,,
PSP_EXTRATLEITIMPL_220526_0408_20000000011602971027_000.jpg,PSP_EXTRATLEITIMPL_220526_0408,valid,mikael,sem_medidor,sem_medidor,,,
PSP_EXTRATLEITIMPL_220526_0408_20000000011652962961_000.jpg,PSP_EXTRATLEITIMPL_220526_0408,valid,mikael,ilegivel,ilegivel,,,
PSP_EXTRATLEITIMPL_220526_0408_20000000011652962965_000.jpg,PSP_EXTRATLEITIMPL_220526_0408,valid,mikael,legivel,legivel,,52283,digitada_leiturista
PSP_EXTRATLEITIMPL_220526_0408_20000000011652963932_000.jpg,PSP_EXTRATLEITIMPL_220526_0408,valid,mikael,legivel,legivel,,67909,digitada_leiturista
PSP_EXTRATLEITIMPL_220526_0408_20000000011652964938_000.jpg,PSP_EXTRATLEITIMPL_220526_0408,valid,mikael,ilegivel,ilegivel,,,
PSP_EXTRATLEITIMPL_220526_0408_20000000011652972736_000.jpg,PSP_EXTRATLEITIMPL_220526_0408,valid,mikael,sem_medidor,sem_medidor,,,
PSP_EXTRATLEITIMPL_220526_0408_20000000011652973714_000.jpg,PSP_EXTRATLEITIMPL_220526_0408,valid,mikael,ilegivel,ilegivel,,,
PSP_EXTRATLEITIMPL_220526_0408_20000000011652981252_000.jpg,PSP_EXTRATLEITIMPL_220526_0408,valid,mikael,ilegivel,ilegivel,,,
PSP_EXTRATLEITIMPL_220526_0408_20000000011652982173_000.jpg,PSP_EXTRATLEITIMPL_220526_0408,valid,mikael+llama32v,legivel,ilegivel,legivel,15,digitada_leiturista
PSP_EXTRATLEITIMPL_220526_0408_20000000011652985001_000.jpg,PSP_EXTRATLEITIMPL_220526_0408,valid,mikael,ilegivel,ilegivel,,,
PSP_EXTRATLEITIMPL_220526_0408_20000000011702963836_000.jpg,PSP_EXTRATLEITIMPL_220526_0408,valid,mikael,ilegivel,ilegivel,,,
PSP_EXTRATLEITIMPL_220526_0408_20000000011702968594_000.jpg,PSP_EXTRATLEITIMPL_220526_0408,valid,mikael,legivel,legivel,,2734,digitada_leiturista
PSP_EXTRATLEITIMPL_220526_0408_20000000011702973188_000.jpg,PSP_EXTRATLEITIMPL_220526_0408,valid,mikael,ilegivel,ilegivel,,,
PSP_EXTRATLEITIMPL_220526_0408_20000000011702976036_000.jpg,PSP_EXTRATLEITIMPL_220526_0408,valid,mikael,legivel,legivel,,1583,digitada_leiturista
PSP_EXTRATLEITIMPL_220526_0408_20000000011702977009_000.jpg,PSP_EXTRATLEITIMPL_220526_0408,valid,mikael,ilegivel,ilegivel,,,
PSP_EXTRATLEITIMPL_220526_0408_20000000011702977022_000.jpg,PSP_EXTRATLEITIMPL_220526_0408,valid,mikael+llama32v,ilegivel,ilegivel,ilegivel,,
PSP_EXTRATLEITIMPL_220526_0408_20000000011752948962_000.jpg,PSP_EXTRATLEITIMPL_220526_0408,valid,mikael,ilegivel,ilegivel,,,
PSP_EXTRATLEITIMPL_220526_0408_20000000011752949967_000.jpg,PSP_EXTRATLEITIMPL_220526_0408,valid,mikael,ilegivel,ilegivel,,,
PSP_EXTRATLEITIMPL_220526_0408_20000000011752955899_000.jpg,PSP_EXTRATLEITIMPL_220526_0408,valid,mikael,ilegivel,ilegivel,,,
PSP_EXTRATLEITIMPL_220526_0408_20000000011752964813_000.jpg,PSP_EXTRATLEITIMPL_220526_0408,valid,mikael,ilegivel,ilegivel,,,
PSP_EXTRATLEITIMPL_220526_0408_20000000011752966700_000.jpg,PSP_EXTRATLEITIMPL_220526_0408,valid,mikael,ilegivel,ilegivel,,,
PSP_EXTRATLEITIMPL_220526_0408_20000000011752971423_000.jpg,PSP_EXTRATLEITIMPL_220526_0408,valid,mikael,ilegivel,ilegivel,,,
PSP_EXTRATLEITIMPL_220526_0408_20000000011752973291_000.jpg,PSP_EXTRATLEITIMPL_220526_0408,valid,mikael,ilegivel,ilegivel,,,
PSP_EXTRATLEITIMPL_220526_0408_20000000011752975180_000.jpg,PSP_EXTRATLEITIMPL_220526_0408,valid,mikael+llama32v,legivel,ilegivel,legivel,69364,digitada_leiturista
PSP_EXTRATLEITIMPL_220526_0408_20000000011802969952_000.jpg,PSP_EXTRATLEITIMPL_220526_0408,valid,mikael,ilegivel,ilegivel,,,
PSP_EXTRATLEITIMPL_220526_0408_20000000011802982449_000.jpg,PSP_EXTRATLEITIMPL_220526_0408,valid,mikael,ilegivel,ilegivel,,,
PSP_EXTRATLEITIMPL_220526_0408_20000000011802984439_000.jpg,PSP_EXTRATLEITIMPL_220526_0408,valid,mikael+llama32v,sem_medidor,sem_medidor,sem_medidor,,
PSP_EXTRATLEITIMPL_220526_0408_20000000011802984440_000.jpg,PSP_EXTRATLEITIMPL_220526_0408,valid,mikael,ilegivel,ilegivel,,,
PSP_EXTRATLEITIMPL_220526_0408_20000000011802987284_000.jpg,PSP_EXTRATLEITIMPL_220526_0408,valid,mikael,legivel,legivel,,15579,digitada_leiturista
PSP_EXTRATLEITIMPL_220526_0408_20000000011802987288_000.jpg,PSP_EXTRATLEITIMPL_220526_0408,valid,mikael,ilegivel,ilegivel,,,
PSP_EXTRATLEITIMPL_220526_0408_20000000011852962921_000.jpg,PSP_EXTRATLEITIMPL_220526_0408,valid,mikael,ilegivel,ilegivel,,,
PSP_EXTRATLEITIMPL_220526_0408_20000000011852969630_000.jpg,PSP_EXTRATLEITIMPL_220526_0408,valid,mikael+llama32v,legivel,ilegivel,legivel,16404,digitada_leiturista
PSP_EXTRATLEITIMPL_220526_0408_20000000011852970615_000.jpg,PSP_EXTRATLEITIMPL_220526_0408,valid,mikael+llama32v,ilegivel,ilegivel,ilegivel,,
PSP_EXTRATLEITIMPL_220526_0408_20000000011852973427_000.jpg,PSP_EXTRATLEITIMPL_220526_0408,valid,mikael,sem_medidor,sem_medidor,,,
PSP_EXTRATLEITIMPL_220526_0408_20000000011902954912_000.jpg,PSP_EXTRATLEITIMPL_220526_0408,valid,mikael+llama32v,ilegivel,ilegivel,ilegivel,,
PSP_EXTRATLEITIMPL_220526_0408_20000000011902959912_000.jpg,PSP_EXTRATLEITIMPL_220526_0408,valid,mikael,ilegivel,ilegivel,,,
PSP_EXTRATLEITIMPL_220526_0408_20000000011902961762_000.jpg,PSP_EXTRATLEITIMPL_220526_0408,valid,mikael,ilegivel,ilegivel,,,
PSP_EXTRATLEITIMPL_220526_0408_20000000011902969563_000.jpg,PSP_EXTRATLEITIMPL_220526_0408,valid,mikael,ilegivel,ilegivel,,,
PSP_EXTRATLEITIMPL_220526_0408_20000000011902971419_000.jpg,PSP_EXTRATLEITIMPL_220526_0408,valid,mikael,ilegivel,ilegivel,,,
PSP_EXTRATLEITIMPL_220526_0408_20000000011902976042_000.jpg,PSP_EXTRATLEITIMPL_220526_0408,valid,mikael,ilegivel,ilegivel,,,
PSP_EXTRATLEITIMPL_220526_0408_20000000011952958901_000.jpg,PSP_EXTRATLEITIMPL_220526_0408,valid,mikael,legivel,legivel,,3577,digitada_leiturista
PSP_EXTRATLEITIMPL_220526_0408_20000000011952960910_000.jpg,PSP_EXTRATLEITIMPL_220526_0408,valid,mikael,sem_medidor,sem_medidor,,,
PSP_EXTRATLEITIMPL_220526_0408_20000000011952966740_000.jpg,PSP_EXTRATLEITIMPL_220526_0408,valid,mikael,ilegivel,ilegivel,,,
PSP_EXTRATLEITIMPL_220526_0408_20000000011952967616_000.jpg,PSP_EXTRATLEITIMPL_220526_0408,valid,mikael,ilegivel,ilegivel,,,
PSP_EXTRATLEITIMPL_220526_0408_20000000011952972431_000.jpg,PSP_EXTRATLEITIMPL_220526_0408,valid,mikael+llama32v,legivel,ilegivel,legivel,70555,digitada_leiturista
PSP_EXTRATLEITIMPL_220526_0408_20000000011952974226_000.jpg,PSP_EXTRATLEITIMPL_220526_0408,valid,mikael,ilegivel,ilegivel,,,
PSP_EXTRATLEITIMPL_220526_0408_20000000011952975174_000.jpg,PSP_EXTRATLEITIMPL_220526_0408,valid,mikael,ilegivel,ilegivel,,,
PSP_EXTRATLEITIMPL_220526_0408_20000000011952975177_000.jpg,PSP_EXTRATLEITIMPL_220526_0408,valid,mikael+llama32v,ilegivel,ilegivel,ilegivel,,
PSP_EXTRATLEITIMPL_220526_0408_20000000011952977021_000.jpg,PSP_EXTRATLEITIMPL_220526_0408,valid,mikael+llama32v,legivel,ilegivel,legivel,43118,digitada_leiturista
PSP_EXTRATLEITIMPL_220526_0408_20000000012002954974_000.jpg,PSP_EXTRATLEITIMPL_220526_0408,valid,mikael+llama32v,ilegivel,ilegivel,sem_medidor,,
PSP_EXTRATLEITIMPL_220526_0408_20000000012002956985_000.jpg,PSP_EXTRATLEITIMPL_220526_0408,valid,mikael,ilegivel,ilegivel,,,
PSP_EXTRATLEITIMPL_220526_0408_20000000012002957932_000.jpg,PSP_EXTRATLEITIMPL_220526_0408,valid,mikael+llama32v,ilegivel,ilegivel,ilegivel,,
PSP_EXTRATLEITIMPL_220526_0408_20000000012002958923_000.jpg,PSP_EXTRATLEITIMPL_220526_0408,valid,mikael+llama32v,ilegivel,ilegivel,ilegivel,,
PSP_EXTRATLEITIMPL_220526_0408_20000000012002966747_000.jpg,PSP_EXTRATLEITIMPL_220526_0408,valid,mikael,ilegivel,ilegivel,,,
PSP_EXTRATLEITIMPL_220526_0408_20000000012002968719_000.jpg,PSP_EXTRATLEITIMPL_220526_0408,valid,mikael,ilegivel,ilegivel,,,
PSP_EXTRATLEITIMPL_220526_0408_20000000012002979104_000.jpg,PSP_EXTRATLEITIMPL_220526_0408,valid,mikael,ilegivel,ilegivel,,,
PSP_EXTRATLEITIMPL_220526_0408_20000000012052961916_000.jpg,PSP_EXTRATLEITIMPL_220526_0408,valid,mikael,ilegivel,ilegivel,,,
PSP_EXTRATLEITIMPL_220526_0408_20000000012052969814_000.jpg,PSP_EXTRATLEITIMPL_220526_0408,valid,mikael,ilegivel,ilegivel,,,
PSP_EXTRATLEITIMPL_220526_0408_20000000012052979472_000.jpg,PSP_EXTRATLEITIMPL_220526_0408,valid,mikael+llama32v,ilegivel,ilegivel,ilegivel,,
PSP_EXTRATLEITIMPL_220526_0408_20000000012052979475_000.jpg,PSP_EXTRATLEITIMPL_220526_0408,valid,mikael,legivel,legivel,,36591,digitada_leiturista
PSP_EXTRATLEITIMPL_220526_0408_20000000012052982248_001.jpg,PSP_EXTRATLEITIMPL_220526_0408,valid,mikael,ilegivel,ilegivel,,,
PSP_EXTRATLEITIMPL_220526_0408_20000000012052982263_000.jpg,PSP_EXTRATLEITIMPL_220526_0408,valid,mikael+llama32v,legivel,legivel,legivel,23407,digitada_leiturista
PSP_EXTRATLEITIMPL_220526_0408_20000000012102960902_000.jpg,PSP_EXTRATLEITIMPL_220526_0408,valid,mikael,ilegivel,ilegivel,,,
PSP_EXTRATLEITIMPL_220526_0408_20000000012102961950_000.jpg,PSP_EXTRATLEITIMPL_220526_0408,valid,mikael,ilegivel,ilegivel,,,
PSP_EXTRATLEITIMPL_220526_0408_20000000012102968863_000.jpg,PSP_EXTRATLEITIMPL_220526_0408,valid,mikael+llama32v,legivel,ilegivel,legivel,10082,digitada_leiturista
PSP_EXTRATLEITIMPL_220526_0408_20000000012102971729_000.jpg,PSP_EXTRATLEITIMPL_220526_0408,valid,mikael,ilegivel,ilegivel,,,
PSP_EXTRATLEITIMPL_220526_0408_20000000012102973658_000.jpg,PSP_EXTRATLEITIMPL_220526_0408,valid,mikael,ilegivel,ilegivel,,,
PSP_EXTRATLEITIMPL_220526_0408_20000000012102974683_000.jpg,PSP_EXTRATLEITIMPL_220526_0408,valid,mikael+llama32v,legivel,legivel,legivel,6077,digitada_leiturista
PSP_EXTRATLEITIMPL_220526_0408_20000000012102975637_000.jpg,PSP_EXTRATLEITIMPL_220526_0408,valid,mikael,ilegivel,ilegivel,,,
PSP_EXTRATLEITIMPL_220526_0408_20000000012102979487_000.jpg,PSP_EXTRATLEITIMPL_220526_0408,valid,mikael,sem_medidor,sem_medidor,,,
PSP_EXTRATLEITIMPL_220526_0408_20000000012102979490_000.jpg,PSP_EXTRATLEITIMPL_220526_0408,valid,mikael,ilegivel,ilegivel,,,
PSP_EXTRATLEITIMPL_220526_0408_20000000012102982272_000.jpg,PSP_EXTRATLEITIMPL_220526_0408,valid,mikael,legivel,legivel,,623,digitada_leiturista
PSP_EXTRATLEITIMPL_220526_0408_20000000012102983302_000.jpg,PSP_EXTRATLEITIMPL_220526_0408,valid,mikael,ilegivel,ilegivel,,,
PSP_EXTRATLEITIMPL_220526_0408_20000000012102986029_000.jpg,PSP_EXTRATLEITIMPL_220526_0408,valid,mikael,ilegivel,ilegivel,,,
PSP_EXTRATLEITIMPL_220526_0408_20000000012102987008_000.jpg,PSP_EXTRATLEITIMPL_220526_0408,valid,mikael,legivel,legivel,,6740,digitada_leiturista
PSP_EXTRATLEITIMPL_220526_0408_20000000012102987017_000.jpg,PSP_EXTRATLEITIMPL_220526_0408,valid,mikael,ilegivel,ilegivel,,,
PSP_EXTRATLEITIMPL_220526_0408_20000000012152946972_000.jpg,PSP_EXTRATLEITIMPL_220526_0408,valid,mikael+llama32v,legivel,ilegivel,legivel,26474,digitada_leiturista
PSP_EXTRATLEITIMPL_220526_0408_20000000012152953920_000.jpg,PSP_EXTRATLEITIMPL_220526_0408,valid,mikael,sem_medidor,sem_medidor,,,
PSP_EXTRATLEITIMPL_220526_0408_20000000012152961757_000.jpg,PSP_EXTRATLEITIMPL_220526_0408,valid,mikael,ilegivel,ilegivel,,,
PSP_EXTRATLEITIMPL_220526_0408_20000000012152966542_000.jpg,PSP_EXTRATLEITIMPL_220526_0408,valid,mikael+llama32v,legivel,ilegivel,legivel,1021,digitada_leiturista
PSP_EXTRATLEITIMPL_220526_0408_20000000012152969384_000.jpg,PSP_EXTRATLEITIMPL_220526_0408,valid,mikael,ilegivel,ilegivel,,,
PSP_EXTRATLEITIMPL_220526_0408_20000000012152971312_000.jpg,PSP_EXTRATLEITIMPL_220526_0408,valid,mikael+llama32v,legivel,ilegivel,legivel,2168,digitada_leiturista
PSP_EXTRATLEITIMPL_220526_0408_20000000012152974031_000.jpg,PSP_EXTRATLEITIMPL_220526_0408,valid,mikael,ilegivel,ilegivel,,,
PSP_EXTRATLEITIMPL_220526_0408_20000000012152976007_000.jpg,PSP_EXTRATLEITIMPL_220526_0408,valid,mikael,ilegivel,ilegivel,,,
PSP_EXTRATLEITIMPL_220526_0408_20000000012202953946_000.jpg,PSP_EXTRATLEITIMPL_220526_0408,valid,mikael+llama32v,ilegivel,ilegivel,ilegivel,,
PSP_EXTRATLEITIMPL_220526_0408_20000000012202971537_000.jpg,PSP_EXTRATLEITIMPL_220526_0408,valid,mikael,ilegivel,ilegivel,,,
PSP_EXTRATLEITIMPL_220526_0408_20000000012202973465_000.jpg,PSP_EXTRATLEITIMPL_220526_0408,valid,mikael,ilegivel,ilegivel,,,
PSP_EXTRATLEITIMPL_220526_0408_20000000012202977211_000.jpg,PSP_EXTRATLEITIMPL_220526_0408,valid,mikael+llama32v,sem_medidor,sem_medidor,sem_medidor,,
PSP_EXTRATLEITIMPL_220526_0408_20000000012202978152_000.jpg,PSP_EXTRATLEITIMPL_220526_0408,valid,mikael,ilegivel,ilegivel,,,
PSP_EXTRATLEITIMPL_220526_0408_20000000012202979035_000.jpg,PSP_EXTRATLEITIMPL_220526_0408,valid,mikael,sem_medidor,sem_medidor,,,
PSP_EXTRATLEITIMPL_220526_0408_20000000012202979042_000.jpg,PSP_EXTRATLEITIMPL_220526_0408,valid,mikael,ilegivel,ilegivel,,,
PSP_EXTRATLEITIMPL_220526_0408_20000000012252957953_000.jpg,PSP_EXTRATLEITIMPL_220526_0408,valid,mikael+llama32v,ilegivel,ilegivel,ilegivel,,
PSP_EXTRATLEITIMPL_220526_0408_20000000012252968720_000.jpg,PSP_EXTRATLEITIMPL_220526_0408,valid,mikael,ilegivel,ilegivel,,,
PSP_EXTRATLEITIMPL_220526_0408_20000000012252970648_000.jpg,PSP_EXTRATLEITIMPL_220526_0408,valid,mikael,legivel,legivel,,4649,digitada_leiturista
PSP_EXTRATLEITIMPL_220526_0408_20000000012252973613_000.jpg,PSP_EXTRATLEITIMPL_220526_0408,valid,mikael,ilegivel,ilegivel,,,
PSP_EXTRATLEITIMPL_220526_0408_20000000012252975390_000.jpg,PSP_EXTRATLEITIMPL_220526_0408,valid,mikael,ilegivel,ilegivel,,,
PSP_EXTRATLEITIMPL_220526_0408_20000000012252977290_000.jpg,PSP_EXTRATLEITIMPL_220526_0408,valid,mikael,sem_medidor,sem_medidor,,,
PSP_EXTRATLEITIMPL_220526_0408_20000000012252979199_000.jpg,PSP_EXTRATLEITIMPL_220526_0408,valid,mikael,ilegivel,ilegivel,,,
PSP_EXTRATLEITIMPL_220526_0408_20000000012252981052_000.jpg,PSP_EXTRATLEITIMPL_220526_0408,valid,mikael,ilegivel,ilegivel,,,
PSP_EXTRATLEITIMPL_220526_0408_20000000012252983016_000.jpg,PSP_EXTRATLEITIMPL_220526_0408,valid,mikael,ilegivel,ilegivel,,,
PSP_EXTRATLEITIMPL_220526_0408_20000000012252983036_000.jpg,PSP_EXTRATLEITIMPL_220526_0408,valid,mikael+llama32v,ilegivel,ilegivel,ilegivel,,
PSP_EXTRATLEITIMPL_220526_0408_20000000012302968969_000.jpg,PSP_EXTRATLEITIMPL_220526_0408,valid,mikael,ilegivel,ilegivel,,,
PSP_EXTRATLEITIMPL_220526_0408_20000000012302970915_000.jpg,PSP_EXTRATLEITIMPL_220526_0408,valid,mikael,ilegivel,ilegivel,,,
PSP_EXTRATLEITIMPL_220526_0408_20000000012302977715_000.jpg,PSP_EXTRATLEITIMPL_220526_0408,valid,mikael,ilegivel,ilegivel,,,
PSP_EXTRATLEITIMPL_220526_0408_20000000012302977717_000.jpg,PSP_EXTRATLEITIMPL_220526_0408,valid,mikael,ilegivel,ilegivel,,,
PSP_EXTRATLEITIMPL_220526_0408_20000000012302979643_000.jpg,PSP_EXTRATLEITIMPL_220526_0408,valid,mikael,ilegivel,ilegivel,,,
PSP_EXTRATLEITIMPL_220526_0408_20000000012302983395_000.jpg,PSP_EXTRATLEITIMPL_220526_0408,valid,mikael,ilegivel,ilegivel,,,
PSP_EXTRATLEITIMPL_220526_0408_20000000012302985304_000.jpg,PSP_EXTRATLEITIMPL_220526_0408,valid,mikael,ilegivel,ilegivel,,,
PSP_EXTRATLEITIMPL_220526_0408_20000000012352949964_000.jpg,PSP_EXTRATLEITIMPL_220526_0408,valid,mikael,ilegivel,ilegivel,,,
PSP_EXTRATLEITIMPL_220526_0408_20000000012352952888_000.jpg,PSP_EXTRATLEITIMPL_220526_0408,valid,mikael+llama32v,legivel,ilegivel,legivel,310189,digitada_leiturista
PSP_EXTRATLEITIMPL_220526_0408_20000000012352965481_000.jpg,PSP_EXTRATLEITIMPL_220526_0408,valid,mikael,ilegivel,ilegivel,,,
PSP_EXTRATLEITIMPL_220526_0408_20000000012352966396_000.jpg,PSP_EXTRATLEITIMPL_220526_0408,valid,mikael,ilegivel,ilegivel,,,
PSP_EXTRATLEITIMPL_220526_0408_20000000012352969333_000.jpg,PSP_EXTRATLEITIMPL_220526_0408,valid,mikael+llama32v,ilegivel,ilegivel,ilegivel,,
PSP_EXTRATLEITIMPL_220526_0408_20000000012352973043_000.jpg,PSP_EXTRATLEITIMPL_220526_0408,valid,mikael,legivel,legivel,,4295,digitada_leiturista
PSP_EXTRATLEITIMPL_220526_0408_20000000012402956887_000.jpg,PSP_EXTRATLEITIMPL_220526_0408,valid,mikael+llama32v,legivel,ilegivel,legivel,34315,digitada_leiturista
PSP_EXTRATLEITIMPL_220526_0408_20000000012402957845_000.jpg,PSP_EXTRATLEITIMPL_220526_0408,valid,mikael,ilegivel,ilegivel,,,
PSP_EXTRATLEITIMPL_220526_0408_20000000012402957847_000.jpg,PSP_EXTRATLEITIMPL_220526_0408,valid,mikael+llama32v,legivel,ilegivel,legivel,11007,digitada_leiturista
PSP_EXTRATLEITIMPL_220526_0408_20000000012402959880_000.jpg,PSP_EXTRATLEITIMPL_220526_0408,valid,mikael+llama32v,legivel,ilegivel,legivel,2246,digitada_leiturista
PSP_EXTRATLEITIMPL_220526_0408_20000000012402962810_000.jpg,PSP_EXTRATLEITIMPL_220526_0408,valid,mikael,ilegivel,ilegivel,,,
PSP_EXTRATLEITIMPL_220526_0408_20000000012402968594_000.jpg,PSP_EXTRATLEITIMPL_220526_0408,valid,mikael+llama32v,legivel,legivel,legivel,4057,digitada_leiturista
PSP_EXTRATLEITIMPL_220526_0408_20000000012402972399_000.jpg,PSP_EXTRATLEITIMPL_220526_0408,valid,mikael,legivel,legivel,,21514,digitada_leiturista
PSP_EXTRATLEITIMPL_220526_0408_20000000012402973335_000.jpg,PSP_EXTRATLEITIMPL_220526_0408,valid,mikael,legivel,legivel,,249438,digitada_leiturista
PSP_EXTRATLEITIMPL_220526_0408_20000000012402974171_000.jpg,PSP_EXTRATLEITIMPL_220526_0408,valid,mikael+llama32v,legivel,legivel,legivel,12311,digitada_leiturista
PSP_EXTRATLEITIMPL_220526_0408_20000000012402974185_000.jpg,PSP_EXTRATLEITIMPL_220526_0408,valid,mikael,legivel,legivel,,21366,digitada_leiturista
PSP_EXTRATLEITIMPL_220526_0408_20000000012452951886_000.jpg,PSP_EXTRATLEITIMPL_220526_0408,valid,mikael,ilegivel,ilegivel,,,
PSP_EXTRATLEITIMPL_220526_0408_20000000012452952877_000.jpg,PSP_EXTRATLEITIMPL_220526_0408,valid,mikael,ilegivel,ilegivel,,,
PSP_EXTRATLEITIMPL_220526_0408_20000000012452958779_000.jpg,PSP_EXTRATLEITIMPL_220526_0408,valid,mikael,ilegivel,ilegivel,,,
PSP_EXTRATLEITIMPL_220526_0408_20000000012452960793_000.jpg,PSP_EXTRATLEITIMPL_220526_0408,valid,mikael,ilegivel,ilegivel,,,
PSP_EXTRATLEITIMPL_220526_0408_20000000012452962638_000.jpg,PSP_EXTRATLEITIMPL_220526_0408,valid,mikael,ilegivel,ilegivel,,,
PSP_EXTRATLEITIMPL_220526_0408_20000000012452964538_001.jpg,PSP_EXTRATLEITIMPL_220526_0408,valid,mikael+llama32v,legivel,ilegivel,legivel,15542,digitada_leiturista
PSP_EXTRATLEITIMPL_220526_0408_20000000012452964541_000.jpg,PSP_EXTRATLEITIMPL_220526_0408,valid,mikael+llama32v,ilegivel,ilegivel,ilegivel,,
PSP_EXTRATLEITIMPL_220526_0408_20000000012452966417_000.jpg,PSP_EXTRATLEITIMPL_220526_0408,valid,mikael+llama32v,legivel,ilegivel,legivel,4026,digitada_leiturista
PSP_EXTRATLEITIMPL_220526_0408_20000000012452967376_001.jpg,PSP_EXTRATLEITIMPL_220526_0408,valid,mikael,legivel,legivel,,,
PSP_EXTRATLEITIMPL_220526_0408_20000000012452969280_001.jpg,PSP_EXTRATLEITIMPL_220526_0408,valid,mikael+llama32v,legivel,ilegivel,legivel,3189,digitada_leiturista
PSP_EXTRATLEITIMPL_220526_0408_20000000012452973004_000.jpg,PSP_EXTRATLEITIMPL_220526_0408,valid,mikael,sem_medidor,sem_medidor,,,
PSP_EXTRATLEITIMPL_220526_0408_20000000012452973006_000.jpg,PSP_EXTRATLEITIMPL_220526_0408,valid,mikael,ilegivel,ilegivel,,,
PSP_EXTRATLEITIMPL_220526_0408_20000000012502962950_000.jpg,PSP_EXTRATLEITIMPL_220526_0408,valid,mikael,ilegivel,ilegivel,,,
PSP_EXTRATLEITIMPL_220526_0408_20000000012502967977_000.jpg,PSP_EXTRATLEITIMPL_220526_0408,valid,mikael,ilegivel,ilegivel,,,
PSP_EXTRATLEITIMPL_220526_0408_20000000012502967981_000.jpg,PSP_EXTRATLEITIMPL_220526_0408,valid,mikael,ilegivel,ilegivel,,,
PSP_EXTRATLEITIMPL_220526_0408_20000000012502977668_000.jpg,PSP_EXTRATLEITIMPL_220526_0408,valid,mikael,ilegivel,ilegivel,,,
PSP_EXTRATLEITIMPL_220526_0408_20000000012502985275_000.jpg,PSP_EXTRATLEITIMPL_220526_0408,valid,mikael,ilegivel,ilegivel,,,
PSP_EXTRATLEITIMPL_220526_0408_20000000012502985293_000.jpg,PSP_EXTRATLEITIMPL_220526_0408,valid,mikael,ilegivel,ilegivel,,,
PSP_EXTRATLEITIMPL_220526_0408_20000000012502986213_000.jpg,PSP_EXTRATLEITIMPL_220526_0408,valid,mikael,legivel,legivel,,11281,digitada_leiturista
PSP_EXTRATLEITIMPL_220526_0408_20000000012502991033_000.jpg,PSP_EXTRATLEITIMPL_220526_0408,valid,mikael,sem_medidor,sem_medidor,,,
PSP_EXTRATLEITIMPL_220526_0408_20000000012502992005_000.jpg,PSP_EXTRATLEITIMPL_220526_0408,valid,mikael,ilegivel,ilegivel,,,
PSP_EXTRATLEITIMPL_220526_0408_20000000012502992008_000.jpg,PSP_EXTRATLEITIMPL_220526_0408,valid,mikael,ilegivel,ilegivel,,,
PSP_EXTRATLEITIMPL_220526_0408_20000000012502992010_000.jpg,PSP_EXTRATLEITIMPL_220526_0408,valid,mikael,ilegivel,ilegivel,,,
PSP_EXTRATLEITIMPL_220526_0408_20000000012552950978_000.jpg,PSP_EXTRATLEITIMPL_220526_0408,valid,mikael,ilegivel,ilegivel,,,
PSP_EXTRATLEITIMPL_220526_0408_20000000012552955876_000.jpg,PSP_EXTRATLEITIMPL_220526_0408,valid,mikael,legivel,legivel,,27230,digitada_leiturista
PSP_EXTRATLEITIMPL_220526_0408_20000000012552956926_000.jpg,PSP_EXTRATLEITIMPL_220526_0408,valid,mikael,ilegivel,ilegivel,,,
PSP_EXTRATLEITIMPL_220526_0408_20000000012552956939_000.jpg,PSP_EXTRATLEITIMPL_220526_0408,valid,mikael,ilegivel,ilegivel,,,
PSP_EXTRATLEITIMPL_220526_0408_20000000012552966705_000.jpg,PSP_EXTRATLEITIMPL_220526_0408,valid,mikael+llama32v,legivel,legivel,legivel,13754,digitada_leiturista
PSP_EXTRATLEITIMPL_220526_0408_20000000012552974426_000.jpg,PSP_EXTRATLEITIMPL_220526_0408,valid,mikael,ilegivel,ilegivel,,,
PSP_EXTRATLEITIMPL_220526_0408_20000000012552975290_000.jpg,PSP_EXTRATLEITIMPL_220526_0408,valid,mikael,ilegivel,ilegivel,,,
PSP_EXTRATLEITIMPL_220526_0408_20000000012552980029_000.jpg,PSP_EXTRATLEITIMPL_220526_0408,valid,mikael,ilegivel,ilegivel,,,
PSP_EXTRATLEITIMPL_220526_0408_20000000012602961995_001.jpg,PSP_EXTRATLEITIMPL_220526_0408,valid,mikael,ilegivel,ilegivel,,,
PSP_EXTRATLEITIMPL_220526_0408_20000000012602965922_000.jpg,PSP_EXTRATLEITIMPL_220526_0408,valid,mikael,legivel,legivel,,652,digitada_leiturista
PSP_EXTRATLEITIMPL_220526_0408_20000000012602970783_000.jpg,PSP_EXTRATLEITIMPL_220526_0408,valid,mikael,ilegivel,ilegivel,,,
PSP_EXTRATLEITIMPL_220526_0408_20000000012602972812_000.jpg,PSP_EXTRATLEITIMPL_220526_0408,valid,mikael,ilegivel,ilegivel,,,
PSP_EXTRATLEITIMPL_220526_0408_20000000012602973697_000.jpg,PSP_EXTRATLEITIMPL_220526_0408,valid,mikael,ilegivel,ilegivel,,,
PSP_EXTRATLEITIMPL_220526_0408_20000000012602973711_000.jpg,PSP_EXTRATLEITIMPL_220526_0408,valid,mikael,legivel,legivel,,,
PSP_EXTRATLEITIMPL_220526_0408_20000000012602979403_000.jpg,PSP_EXTRATLEITIMPL_220526_0408,valid,mikael+llama32v,sem_medidor,sem_medidor,sem_medidor,,
PSP_EXTRATLEITIMPL_220526_0408_20000000012602982282_000.jpg,PSP_EXTRATLEITIMPL_220526_0408,valid,mikael,ilegivel,ilegivel,,,
PSP_EXTRATLEITIMPL_220526_0408_20000000012602982285_000.jpg,PSP_EXTRATLEITIMPL_220526_0408,valid,mikael,legivel,legivel,,48706,digitada_leiturista
PSP_EXTRATLEITIMPL_220526_0408_20000000012652955946_000.jpg,PSP_EXTRATLEITIMPL_220526_0408,valid,mikael,legivel,legivel,,296,digitada_leiturista
PSP_EXTRATLEITIMPL_220526_0408_20000000012652959941_000.jpg,PSP_EXTRATLEITIMPL_220526_0408,valid,mikael,ilegivel,ilegivel,,,
PSP_EXTRATLEITIMPL_220526_0408_20000000012652968818_000.jpg,PSP_EXTRATLEITIMPL_220526_0408,valid,mikael,ilegivel,ilegivel,,,
PSP_EXTRATLEITIMPL_220526_0408_20000000012652973594_000.jpg,PSP_EXTRATLEITIMPL_220526_0408,valid,mikael,legivel,legivel,,5504,digitada_leiturista
PSP_EXTRATLEITIMPL_220526_0408_20000000012652975411_000.jpg,PSP_EXTRATLEITIMPL_220526_0408,valid,mikael,ilegivel,ilegivel,,,
PSP_EXTRATLEITIMPL_220526_0408_20000000012652976431_000.jpg,PSP_EXTRATLEITIMPL_220526_0408,valid,mikael,ilegivel,ilegivel,,,
PSP_EXTRATLEITIMPL_220526_0408_20000000012652976438_000.jpg,PSP_EXTRATLEITIMPL_220526_0408,valid,mikael,legivel,legivel,,1870,digitada_leiturista
PSP_EXTRATLEITIMPL_220526_0408_20000000012652982027_000.jpg,PSP_EXTRATLEITIMPL_220526_0408,valid,mikael+llama32v,legivel,ilegivel,legivel,45505,digitada_leiturista
PSP_EXTRATLEITIMPL_220526_0408_20000000012702952955_000.jpg,PSP_EXTRATLEITIMPL_220526_0408,valid,mikael+llama32v,legivel,ilegivel,legivel,129917,digitada_leiturista
PSP_EXTRATLEITIMPL_220526_0408_20000000012702952957_000.jpg,PSP_EXTRATLEITIMPL_220526_0408,valid,mikael,legivel,legivel,,37935,digitada_leiturista
PSP_EXTRATLEITIMPL_220526_0408_20000000012702952969_000.jpg,PSP_EXTRATLEITIMPL_220526_0408,valid,mikael,ilegivel,ilegivel,,,
PSP_EXTRATLEITIMPL_220526_0408_20000000012702961904_000.jpg,PSP_EXTRATLEITIMPL_220526_0408,valid,mikael,ilegivel,ilegivel,,,
PSP_EXTRATLEITIMPL_220526_0408_20000000012702961905_000.jpg,PSP_EXTRATLEITIMPL_220526_0408,valid,mikael,legivel,legivel,,41231,digitada_leiturista
PSP_EXTRATLEITIMPL_220526_0408_20000000012702966782_000.jpg,PSP_EXTRATLEITIMPL_220526_0408,valid,mikael,legivel,legivel,,4426,digitada_leiturista
PSP_EXTRATLEITIMPL_220526_0408_20000000012702967752_000.jpg,PSP_EXTRATLEITIMPL_220526_0408,valid,mikael,legivel,legivel,,7009,digitada_leiturista
PSP_EXTRATLEITIMPL_220526_0408_20000000012702968799_000.jpg,PSP_EXTRATLEITIMPL_220526_0408,valid,mikael,sem_medidor,sem_medidor,,,
PSP_EXTRATLEITIMPL_220526_0408_20000000012702968813_000.jpg,PSP_EXTRATLEITIMPL_220526_0408,valid,mikael,ilegivel,ilegivel,,,
PSP_EXTRATLEITIMPL_220526_0408_20000000012702977373_000.jpg,PSP_EXTRATLEITIMPL_220526_0408,valid,mikael+llama32v,legivel,ilegivel,legivel,75305,digitada_leiturista
PSP_EXTRATLEITIMPL_220526_0408_20000000012702982025_000.jpg,PSP_EXTRATLEITIMPL_220526_0408,valid,mikael,ilegivel,ilegivel,,,
PSP_EXTRATLEITIMPL_220526_0408_20000000012702982034_000.jpg,PSP_EXTRATLEITIMPL_220526_0408,valid,mikael,ilegivel,ilegivel,,,
PSP_EXTRATLEITIMPL_220526_0408_20000000012752958857_000.jpg,PSP_EXTRATLEITIMPL_220526_0408,valid,mikael,ilegivel,ilegivel,,,
PSP_EXTRATLEITIMPL_220526_0408_20000000012752962776_000.jpg,PSP_EXTRATLEITIMPL_220526_0408,valid,mikael,legivel,legivel,,2868,digitada_leiturista
PSP_EXTRATLEITIMPL_220526_0408_20000000012752975016_000.jpg,PSP_EXTRATLEITIMPL_220526_0408,valid,mikael,ilegivel,ilegivel,,,
PSP_EXTRATLEITIMPL_220526_0408_20000000012802951969_000.jpg,PSP_EXTRATLEITIMPL_220526_0408,valid,mikael,ilegivel,ilegivel,,,
PSP_EXTRATLEITIMPL_220526_0408_20000000012802954949_000.jpg,PSP_EXTRATLEITIMPL_220526_0408,valid,mikael,ilegivel,ilegivel,,,
PSP_EXTRATLEITIMPL_220526_0408_20000000012802965871_000.jpg,PSP_EXTRATLEITIMPL_220526_0408,valid,mikael,ilegivel,ilegivel,,,
PSP_EXTRATLEITIMPL_220526_0408_20000000012802966803_000.jpg,PSP_EXTRATLEITIMPL_220526_0408,valid,mikael,ilegivel,ilegivel,,,
PSP_EXTRATLEITIMPL_220526_0408_20000000012802971710_000.jpg,PSP_EXTRATLEITIMPL_220526_0408,valid,mikael,ilegivel,ilegivel,,,
PSP_EXTRATLEITIMPL_220526_0408_20000000012802972644_000.jpg,PSP_EXTRATLEITIMPL_220526_0408,valid,mikael,sem_medidor,sem_medidor,,,
PSP_EXTRATLEITIMPL_220526_0408_20000000012802973634_000.jpg,PSP_EXTRATLEITIMPL_220526_0408,valid,mikael,ilegivel,ilegivel,,,
PSP_EXTRATLEITIMPL_220526_0408_20000000012802975485_000.jpg,PSP_EXTRATLEITIMPL_220526_0408,valid,mikael,ilegivel,ilegivel,,,
PSP_EXTRATLEITIMPL_220526_0408_20000000012802980282_000.jpg,PSP_EXTRATLEITIMPL_220526_0408,valid,mikael,ilegivel,ilegivel,,,
PSP_EXTRATLEITIMPL_220526_0408_20000000012802980283_000.jpg,PSP_EXTRATLEITIMPL_220526_0408,valid,mikael,ilegivel,ilegivel,,,
PSP_EXTRATLEITIMPL_220526_0408_20000000012852953897_000.jpg,PSP_EXTRATLEITIMPL_220526_0408,valid,mikael,ilegivel,ilegivel,,,
PSP_EXTRATLEITIMPL_220526_0408_20000000012852961910_000.jpg,PSP_EXTRATLEITIMPL_220526_0408,valid,mikael,ilegivel,ilegivel,,,
PSP_EXTRATLEITIMPL_220526_0408_20000000012852967649_000.jpg,PSP_EXTRATLEITIMPL_220526_0408,valid,mikael,ilegivel,ilegivel,,,
PSP_EXTRATLEITIMPL_220526_0408_20000000012852968645_000.jpg,PSP_EXTRATLEITIMPL_220526_0408,valid,mikael,ilegivel,ilegivel,,,
PSP_EXTRATLEITIMPL_220526_0408_20000000012852971568_000.jpg,PSP_EXTRATLEITIMPL_220526_0408,valid,mikael,ilegivel,ilegivel,,,
PSP_EXTRATLEITIMPL_220526_0408_20000000012852974438_000.jpg,PSP_EXTRATLEITIMPL_220526_0408,valid,mikael,legivel,legivel,,5289,digitada_leiturista
PSP_EXTRATLEITIMPL_220526_0408_20000000012852976298_000.jpg,PSP_EXTRATLEITIMPL_220526_0408,valid,mikael,legivel,legivel,,14444,digitada_leiturista
PSP_EXTRATLEITIMPL_220526_0408_20000000012852977200_000.jpg,PSP_EXTRATLEITIMPL_220526_0408,valid,mikael,legivel,legivel,,35162,digitada_leiturista
PSP_EXTRATLEITIMPL_220526_0408_20000000012852979073_000.jpg,PSP_EXTRATLEITIMPL_220526_0408,valid,mikael,sem_medidor,sem_medidor,,,
PSP_EXTRATLEITIMPL_220526_0408_20000000012852980016_000.jpg,PSP_EXTRATLEITIMPL_220526_0408,valid,mikael,ilegivel,ilegivel,,,
PSP_EXTRATLEITIMPL_220526_0408_20000000012902949966_000.jpg,PSP_EXTRATLEITIMPL_220526_0408,valid,mikael+llama32v,ilegivel,ilegivel,ilegivel,,
PSP_EXTRATLEITIMPL_220526_0408_20000000012902949970_000.jpg,PSP_EXTRATLEITIMPL_220526_0408,valid,mikael,sem_medidor,sem_medidor,,,
PSP_EXTRATLEITIMPL_220526_0408_20000000012902968647_000.jpg,PSP_EXTRATLEITIMPL_220526_0408,valid,mikael,sem_medidor,sem_medidor,,,
PSP_EXTRATLEITIMPL_220526_0408_20000000012902968668_000.jpg,PSP_EXTRATLEITIMPL_220526_0408,valid,mikael,ilegivel,ilegivel,,,
PSP_EXTRATLEITIMPL_220526_0408_20000000012902970579_000.jpg,PSP_EXTRATLEITIMPL_220526_0408,valid,mikael+llama32v,ilegivel,ilegivel,ilegivel,,
PSP_EXTRATLEITIMPL_220526_0408_20000000012902979008_000.jpg,PSP_EXTRATLEITIMPL_220526_0408,valid,mikael,legivel,legivel,,3213,digitada_leiturista
PSP_EXTRATLEITIMPL_220526_0408_20000000012902980007_000.jpg,PSP_EXTRATLEITIMPL_220526_0408,valid,mikael,ilegivel,ilegivel,,,
PSP_EXTRATLEITIMPL_220526_0408_20000000012952958678_000.jpg,PSP_EXTRATLEITIMPL_220526_0408,valid,mikael,sem_medidor,sem_medidor,,,
PSP_EXTRATLEITIMPL_220526_0408_20000000012952962523_000.jpg,PSP_EXTRATLEITIMPL_220526_0408,valid,mikael,legivel,legivel,,21108,digitada_leiturista
PSP_EXTRATLEITIMPL_220526_0408_20000000012952962532_000.jpg,PSP_EXTRATLEITIMPL_220526_0408,valid,mikael,ilegivel,ilegivel,,,
PSP_EXTRATLEITIMPL_220526_0408_20000000012952969098_000.jpg,PSP_EXTRATLEITIMPL_220526_0408,valid,mikael,sem_medidor,sem_medidor,,,
PSP_EXTRATLEITIMPL_220526_0408_20000000012952970108_000.jpg,PSP_EXTRATLEITIMPL_220526_0408,valid,mikael,ilegivel,ilegivel,,,
PSP_EXTRATLEITIMPL_220526_0408_20000000012952971061_000.jpg,PSP_EXTRATLEITIMPL_220526_0408,valid,mikael,ilegivel,ilegivel,,,
PSP_EXTRATLEITIMPL_220526_0408_20000000012952973010_000.jpg,PSP_EXTRATLEITIMPL_220526_0408,valid,mikael,ilegivel,ilegivel,,,
PSP_EXTRATLEITIMPL_220526_0408_20000000013002941939_000.jpg,PSP_EXTRATLEITIMPL_220526_0408,valid,mikael+llama32v,legivel,legivel,legivel,207766,digitada_leiturista
PSP_EXTRATLEITIMPL_220526_0408_20000000013002944962_000.jpg,PSP_EXTRATLEITIMPL_220526_0408,valid,mikael,ilegivel,ilegivel,,,
PSP_EXTRATLEITIMPL_220526_0408_20000000013002944966_000.jpg,PSP_EXTRATLEITIMPL_220526_0408,valid,mikael+llama32v,legivel,ilegivel,legivel,3,digitada_leiturista
PSP_EXTRATLEITIMPL_220526_0408_20000000013002951781_000.jpg,PSP_EXTRATLEITIMPL_220526_0408,valid,mikael,ilegivel,ilegivel,,,
PSP_EXTRATLEITIMPL_220526_0408_20000000013002951782_000.jpg,PSP_EXTRATLEITIMPL_220526_0408,valid,mikael,ilegivel,ilegivel,,,
PSP_EXTRATLEITIMPL_220526_0408_20000000013002957513_000.jpg,PSP_EXTRATLEITIMPL_220526_0408,valid,mikael,ilegivel,ilegivel,,,
PSP_EXTRATLEITIMPL_220526_0408_20000000013002961179_000.jpg,PSP_EXTRATLEITIMPL_220526_0408,valid,mikael,legivel,legivel,,383,digitada_leiturista
PSP_EXTRATLEITIMPL_220526_0408_20000000013002962176_000.jpg,PSP_EXTRATLEITIMPL_220526_0408,valid,mikael,ilegivel,ilegivel,,,
PSP_EXTRATLEITIMPL_220526_0408_20000000013052961806_000.jpg,PSP_EXTRATLEITIMPL_220526_0408,valid,mikael,ilegivel,ilegivel,,,
PSP_EXTRATLEITIMPL_220526_0408_20000000013052966700_000.jpg,PSP_EXTRATLEITIMPL_220526_0408,valid,mikael,ilegivel,ilegivel,,,
PSP_EXTRATLEITIMPL_220526_0408_20000000013052970548_000.jpg,PSP_EXTRATLEITIMPL_220526_0408,valid,mikael+llama32v,sem_medidor,sem_medidor,sem_medidor,,
PSP_EXTRATLEITIMPL_220526_0408_20000000013052970554_000.jpg,PSP_EXTRATLEITIMPL_220526_0408,valid,mikael,ilegivel,ilegivel,,,
PSP_EXTRATLEITIMPL_220526_0408_20000000013052972396_000.jpg,PSP_EXTRATLEITIMPL_220526_0408,valid,mikael,ilegivel,ilegivel,,,
PSP_EXTRATLEITIMPL_220526_0408_20000000013052973426_000.jpg,PSP_EXTRATLEITIMPL_220526_0408,valid,mikael,legivel,legivel,,149639,digitada_leiturista
PSP_EXTRATLEITIMPL_220526_0408_20000000013052977087_000.jpg,PSP_EXTRATLEITIMPL_220526_0408,valid,mikael,ilegivel,ilegivel,,,
PSP_EXTRATLEITIMPL_220526_0408_20000000013052980016_000.jpg,PSP_EXTRATLEITIMPL_220526_0408,valid,mikael,ilegivel,ilegivel,,,
PSP_EXTRATLEITIMPL_220526_0408_20000000013102959982_000.jpg,PSP_EXTRATLEITIMPL_220526_0408,valid,mikael,legivel,legivel,,1216,digitada_leiturista
PSP_EXTRATLEITIMPL_220526_0408_20000000013102959996_000.jpg,PSP_EXTRATLEITIMPL_220526_0408,valid,mikael+llama32v,legivel,ilegivel,legivel,29955,digitada_leiturista
PSP_EXTRATLEITIMPL_220526_0408_20000000013102966897_000.jpg,PSP_EXTRATLEITIMPL_220526_0408,valid,mikael,sem_medidor,sem_medidor,,,
PSP_EXTRATLEITIMPL_220526_0408_20000000013102969943_000.jpg,PSP_EXTRATLEITIMPL_220526_0408,valid,mikael+llama32v,legivel,ilegivel,legivel,4,digitada_leiturista
PSP_EXTRATLEITIMPL_220526_0408_20000000013102970866_000.jpg,PSP_EXTRATLEITIMPL_220526_0408,valid,mikael,ilegivel,ilegivel,,,
PSP_EXTRATLEITIMPL_220526_0408_20000000013102977542_000.jpg,PSP_EXTRATLEITIMPL_220526_0408,valid,mikael+llama32v,legivel,legivel,legivel,4594,digitada_leiturista
PSP_EXTRATLEITIMPL_220526_0408_20000000013102979504_000.jpg,PSP_EXTRATLEITIMPL_220526_0408,valid,mikael,ilegivel,ilegivel,,,
PSP_EXTRATLEITIMPL_220526_0408_20000000013102985131_000.jpg,PSP_EXTRATLEITIMPL_220526_0408,valid,mikael,legivel,legivel,,,
PSP_EXTRATLEITIMPL_220526_0408_20000000013102986003_000.jpg,PSP_EXTRATLEITIMPL_220526_0408,valid,mikael,ilegivel,ilegivel,,,
PSP_EXTRATLEITIMPL_220526_0408_20000000013102986006_000.jpg,PSP_EXTRATLEITIMPL_220526_0408,valid,mikael,ilegivel,ilegivel,,,
PSP_EXTRATLEITIMPL_220526_0408_20000000013152951952_000.jpg,PSP_EXTRATLEITIMPL_220526_0408,valid,mikael+llama32v,ilegivel,ilegivel,ilegivel,,
PSP_EXTRATLEITIMPL_220526_0408_20000000013152961895_000.jpg,PSP_EXTRATLEITIMPL_220526_0408,valid,mikael+llama32v,ilegivel,ilegivel,ilegivel,,
PSP_EXTRATLEITIMPL_220526_0408_20000000013152968766_000.jpg,PSP_EXTRATLEITIMPL_220526_0408,valid,mikael,legivel,legivel,,129897,digitada_leiturista
PSP_EXTRATLEITIMPL_220526_0408_20000000013152977332_000.jpg,PSP_EXTRATLEITIMPL_220526_0408,valid,mikael,legivel,legivel,,,
PSP_EXTRATLEITIMPL_220526_0408_20000000013152978203_000.jpg,PSP_EXTRATLEITIMPL_220526_0408,valid,mikael,legivel,legivel,,54,digitada_leiturista
PSP_EXTRATLEITIMPL_220526_0408_20000000013152981005_000.jpg,PSP_EXTRATLEITIMPL_220526_0408,valid,mikael,ilegivel,ilegivel,,,
PSP_EXTRATLEITIMPL_220526_0408_20000000013202950997_000.jpg,PSP_EXTRATLEITIMPL_220526_0408,valid,mikael,ilegivel,ilegivel,,,
PSP_EXTRATLEITIMPL_220526_0408_20000000013202954931_000.jpg,PSP_EXTRATLEITIMPL_220526_0408,valid,mikael,legivel,legivel,,704,digitada_leiturista
PSP_EXTRATLEITIMPL_220526_0408_20000000013202955930_000.jpg,PSP_EXTRATLEITIMPL_220526_0408,valid,mikael,ilegivel,ilegivel,,,
PSP_EXTRATLEITIMPL_220526_0408_20000000013202964755_000.jpg,PSP_EXTRATLEITIMPL_220526_0408,valid,mikael,ilegivel,ilegivel,,,
PSP_EXTRATLEITIMPL_220526_0408_20000000013202967728_000.jpg,PSP_EXTRATLEITIMPL_220526_0408,valid,mikael,legivel,legivel,,270,digitada_leiturista
PSP_EXTRATLEITIMPL_220526_0408_20000000013202967745_000.jpg,PSP_EXTRATLEITIMPL_220526_0408,valid,mikael,ilegivel,ilegivel,,,
PSP_EXTRATLEITIMPL_220526_0408_20000000013202971579_000.jpg,PSP_EXTRATLEITIMPL_220526_0408,valid,mikael,sem_medidor,sem_medidor,,,
PSP_EXTRATLEITIMPL_220526_0408_20000000013202974417_000.jpg,PSP_EXTRATLEITIMPL_220526_0408,valid,mikael,ilegivel,ilegivel,,,
PSP_EXTRATLEITIMPL_220526_0408_20000000013202974418_000.jpg,PSP_EXTRATLEITIMPL_220526_0408,valid,mikael,ilegivel,ilegivel,,,
PSP_EXTRATLEITIMPL_220526_0408_20000000013202977263_000.jpg,PSP_EXTRATLEITIMPL_220526_0408,valid,mikael,ilegivel,ilegivel,,,
PSP_EXTRATLEITIMPL_220526_0408_20000000013202979089_000.jpg,PSP_EXTRATLEITIMPL_220526_0408,valid,mikael+llama32v,ilegivel,ilegivel,ilegivel,,
PSP_EXTRATLEITIMPL_220526_0408_20000000013202981005_000.jpg,PSP_EXTRATLEITIMPL_220526_0408,valid,mikael,ilegivel,ilegivel,,,
PSP_EXTRATLEITIMPL_220526_0408_20000000013252953937_000.jpg,PSP_EXTRATLEITIMPL_220526_0408,valid,mikael,ilegivel,ilegivel,,,
PSP_EXTRATLEITIMPL_220526_0408_20000000013252959843_000.jpg,PSP_EXTRATLEITIMPL_220526_0408,valid,mikael,ilegivel,ilegivel,,,
PSP_EXTRATLEITIMPL_220526_0408_20000000013252961754_000.jpg,PSP_EXTRATLEITIMPL_220526_0408,valid,mikael,ilegivel,ilegivel,,,
PSP_EXTRATLEITIMPL_220526_0408_20000000013252962738_000.jpg,PSP_EXTRATLEITIMPL_220526_0408,valid,mikael+llama32v,ilegivel,ilegivel,ilegivel,,
PSP_EXTRATLEITIMPL_220526_0408_20000000013252967425_000.jpg,PSP_EXTRATLEITIMPL_220526_0408,valid,mikael,ilegivel,ilegivel,,,
PSP_EXTRATLEITIMPL_220526_0408_20000000013252970267_000.jpg,PSP_EXTRATLEITIMPL_220526_0408,valid,mikael,legivel,legivel,,13,digitada_leiturista
PSP_EXTRATLEITIMPL_220526_0408_20000000013252971158_000.jpg,PSP_EXTRATLEITIMPL_220526_0408,valid,mikael,ilegivel,ilegivel,,,
PSP_EXTRATLEITIMPL_220526_0408_20000000013252972100_000.jpg,PSP_EXTRATLEITIMPL_220526_0408,valid,mikael,ilegivel,ilegivel,,,
PSP_EXTRATLEITIMPL_220526_0408_20000000013252975012_000.jpg,PSP_EXTRATLEITIMPL_220526_0408,valid,mikael,legivel,legivel,,1286,digitada_leiturista
PSP_EXTRATLEITIMPL_220526_0408_20000000013302954969_000.jpg,PSP_EXTRATLEITIMPL_220526_0408,valid,mikael,ilegivel,ilegivel,,,
PSP_EXTRATLEITIMPL_220526_0408_20000000013302956884_000.jpg,PSP_EXTRATLEITIMPL_220526_0408,valid,mikael,legivel,legivel,,548,digitada_leiturista
PSP_EXTRATLEITIMPL_220526_0408_20000000013302960923_001.jpg,PSP_EXTRATLEITIMPL_220526_0408,valid,mikael+llama32v,legivel,ilegivel,legivel,11892,digitada_leiturista
PSP_EXTRATLEITIMPL_220526_0408_20000000013302966794_000.jpg,PSP_EXTRATLEITIMPL_220526_0408,valid,mikael,ilegivel,ilegivel,,,
PSP_EXTRATLEITIMPL_220526_0408_20000000013302969709_000.jpg,PSP_EXTRATLEITIMPL_220526_0408,valid,mikael,ilegivel,ilegivel,,,
PSP_EXTRATLEITIMPL_220526_0408_20000000013302971503_000.jpg,PSP_EXTRATLEITIMPL_220526_0408,valid,mikael,legivel,legivel,,0,digitada_leiturista
PSP_EXTRATLEITIMPL_220526_0408_20000000013302971504_000.jpg,PSP_EXTRATLEITIMPL_220526_0408,valid,mikael,ilegivel,ilegivel,,,
PSP_EXTRATLEITIMPL_220526_0408_20000000013302971510_000.jpg,PSP_EXTRATLEITIMPL_220526_0408,valid,mikael,ilegivel,ilegivel,,,
PSP_EXTRATLEITIMPL_220526_0408_20000000013302977207_000.jpg,PSP_EXTRATLEITIMPL_220526_0408,valid,mikael,ilegivel,ilegivel,,,
PSP_EXTRATLEITIMPL_220526_0408_20000000013352953938_000.jpg,PSP_EXTRATLEITIMPL_220526_0408,valid,mikael,ilegivel,ilegivel,,,
PSP_EXTRATLEITIMPL_220526_0408_20000000013352956935_000.jpg,PSP_EXTRATLEITIMPL_220526_0408,valid,mikael,sem_medidor,sem_medidor,,,
PSP_EXTRATLEITIMPL_220526_0408_20000000013352965671_000.jpg,PSP_EXTRATLEITIMPL_220526_0408,valid,mikael+llama32v,legivel,legivel,legivel,31336,digitada_leiturista
PSP_EXTRATLEITIMPL_220526_0408_20000000013352966628_000.jpg,PSP_EXTRATLEITIMPL_220526_0408,valid,mikael,ilegivel,ilegivel,,,
PSP_EXTRATLEITIMPL_220526_0408_20000000013352968598_000.jpg,PSP_EXTRATLEITIMPL_220526_0408,valid,mikael,ilegivel,ilegivel,,,
PSP_EXTRATLEITIMPL_220526_0408_20000000013352970457_000.jpg,PSP_EXTRATLEITIMPL_220526_0408,valid,mikael,sem_medidor,sem_medidor,,,
PSP_EXTRATLEITIMPL_220526_0408_20000000013352977003_000.jpg,PSP_EXTRATLEITIMPL_220526_0408,valid,mikael,legivel,legivel,,15086,digitada_leiturista
PSP_EXTRATLEITIMPL_220526_0408_20000000013352979000_000.jpg,PSP_EXTRATLEITIMPL_220526_0408,valid,mikael,ilegivel,ilegivel,,,
PSP_EXTRATLEITIMPL_220526_0408_20000000013402969930_000.jpg,PSP_EXTRATLEITIMPL_220526_0408,valid,mikael,ilegivel,ilegivel,,,
PSP_EXTRATLEITIMPL_220526_0408_20000000013402985611_000.jpg,PSP_EXTRATLEITIMPL_220526_0408,valid,mikael,legivel,legivel,,,
PSP_EXTRATLEITIMPL_220526_0408_20000000013402989420_000.jpg,PSP_EXTRATLEITIMPL_220526_0408,valid,mikael,ilegivel,ilegivel,,,
PSP_EXTRATLEITIMPL_220526_0408_20000000013402989437_000.jpg,PSP_EXTRATLEITIMPL_220526_0408,valid,mikael,ilegivel,ilegivel,,,
PSP_EXTRATLEITIMPL_220526_0408_20000000013402990286_000.jpg,PSP_EXTRATLEITIMPL_220526_0408,valid,mikael,ilegivel,ilegivel,,,
PSP_EXTRATLEITIMPL_220526_0408_20000000013402992173_000.jpg,PSP_EXTRATLEITIMPL_220526_0408,valid,mikael,ilegivel,ilegivel,,,
PSP_EXTRATLEITIMPL_220526_0408_20000000013402995000_000.jpg,PSP_EXTRATLEITIMPL_220526_0408,valid,mikael,ilegivel,ilegivel,,,
PSP_EXTRATLEITIMPL_220526_0408_20000000013452964870_000.jpg,PSP_EXTRATLEITIMPL_220526_0408,valid,mikael,ilegivel,ilegivel,,,
PSP_EXTRATLEITIMPL_220526_0408_20000000013452967916_000.jpg,PSP_EXTRATLEITIMPL_220526_0408,valid,mikael,ilegivel,ilegivel,,,
PSP_EXTRATLEITIMPL_220526_0408_20000000013452967919_000.jpg,PSP_EXTRATLEITIMPL_220526_0408,valid,mikael+llama32v,legivel,ilegivel,legivel,153870,digitada_leiturista
PSP_EXTRATLEITIMPL_220526_0408_20000000013452974726_000.jpg,PSP_EXTRATLEITIMPL_220526_0408,valid,mikael,ilegivel,ilegivel,,,
PSP_EXTRATLEITIMPL_220526_0408_20000000013452978423_000.jpg,PSP_EXTRATLEITIMPL_220526_0408,valid,mikael,legivel,legivel,,83042,digitada_leiturista
PSP_EXTRATLEITIMPL_220526_0408_20000000013452983250_000.jpg,PSP_EXTRATLEITIMPL_220526_0408,valid,mikael,legivel,legivel,,26769,digitada_leiturista
PSP_EXTRATLEITIMPL_220526_0408_20000000013452984207_000.jpg,PSP_EXTRATLEITIMPL_220526_0408,valid,mikael+llama32v,legivel,ilegivel,legivel,23106,digitada_leiturista
PSP_EXTRATLEITIMPL_220526_0408_20000000013452985106_000.jpg,PSP_EXTRATLEITIMPL_220526_0408,valid,mikael+llama32v,ilegivel,ilegivel,ilegivel,,
PSP_EXTRATLEITIMPL_220526_0408_20000000013452987014_000.jpg,PSP_EXTRATLEITIMPL_220526_0408,valid,mikael+llama32v,sem_medidor,sem_medidor,sem_medidor,,
PSP_EXTRATLEITIMPL_220526_0408_20000000013452987024_000.jpg,PSP_EXTRATLEITIMPL_220526_0408,valid,mikael,ilegivel,ilegivel,,,
PSP_EXTRATLEITIMPL_220526_0408_20000000013452988007_000.jpg,PSP_EXTRATLEITIMPL_220526_0408,valid,mikael,ilegivel,ilegivel,,,
PSP_EXTRATLEITIMPL_220526_0408_20000000013502965828_000.jpg,PSP_EXTRATLEITIMPL_220526_0408,valid,mikael+llama32v,ilegivel,ilegivel,ilegivel,,
PSP_EXTRATLEITIMPL_220526_0408_20000000013502967773_000.jpg,PSP_EXTRATLEITIMPL_220526_0408,valid,mikael,legivel,legivel,,510253,digitada_leiturista
PSP_EXTRATLEITIMPL_220526_0408_20000000013502973588_000.jpg,PSP_EXTRATLEITIMPL_220526_0408,valid,mikael,ilegivel,ilegivel,,,
PSP_EXTRATLEITIMPL_220526_0408_20000000013502975413_000.jpg,PSP_EXTRATLEITIMPL_220526_0408,valid,mikael,ilegivel,ilegivel,,,
PSP_EXTRATLEITIMPL_220526_0408_20000000013502977200_000.jpg,PSP_EXTRATLEITIMPL_220526_0408,valid,mikael,legivel,legivel,,383,digitada_leiturista
PSP_EXTRATLEITIMPL_220526_0408_20000000013552959900_000.jpg,PSP_EXTRATLEITIMPL_220526_0408,valid,mikael,ilegivel,ilegivel,,,
PSP_EXTRATLEITIMPL_220526_0408_20000000013552959910_000.jpg,PSP_EXTRATLEITIMPL_220526_0408,valid,mikael+llama32v,legivel,ilegivel,legivel,72752,digitada_leiturista
PSP_EXTRATLEITIMPL_220526_0408_20000000013552960852_000.jpg,PSP_EXTRATLEITIMPL_220526_0408,valid,mikael,ilegivel,ilegivel,,,
PSP_EXTRATLEITIMPL_220526_0408_20000000013552973289_000.jpg,PSP_EXTRATLEITIMPL_220526_0408,valid,mikael,ilegivel,ilegivel,,,
PSP_EXTRATLEITIMPL_220526_0408_20000000013552974206_000.jpg,PSP_EXTRATLEITIMPL_220526_0408,valid,mikael,ilegivel,ilegivel,,,
PSP_EXTRATLEITIMPL_220526_0408_20000000013552977061_000.jpg,PSP_EXTRATLEITIMPL_220526_0408,valid,mikael,ilegivel,ilegivel,,,
PSP_EXTRATLEITIMPL_220526_0408_20000000013552978011_000.jpg,PSP_EXTRATLEITIMPL_220526_0408,valid,mikael,ilegivel,ilegivel,,,
PSP_EXTRATLEITIMPL_220526_0408_20000000013602953989_000.jpg,PSP_EXTRATLEITIMPL_220526_0408,valid,mikael,ilegivel,ilegivel,,,
PSP_EXTRATLEITIMPL_220526_0408_20000000013602955904_000.jpg,PSP_EXTRATLEITIMPL_220526_0408,valid,mikael,ilegivel,ilegivel,,,
PSP_EXTRATLEITIMPL_220526_0408_20000000013602956908_000.jpg,PSP_EXTRATLEITIMPL_220526_0408,valid,mikael,legivel,legivel,,25406,digitada_leiturista
PSP_EXTRATLEITIMPL_220526_0408_20000000013602961785_000.jpg,PSP_EXTRATLEITIMPL_220526_0408,valid,mikael,ilegivel,ilegivel,,,
PSP_EXTRATLEITIMPL_220526_0408_20000000013602964822_000.jpg,PSP_EXTRATLEITIMPL_220526_0408,valid,mikael+llama32v,legivel,ilegivel,legivel,234,digitada_leiturista
PSP_EXTRATLEITIMPL_220526_0408_20000000013602965790_000.jpg,PSP_EXTRATLEITIMPL_220526_0408,valid,mikael,ilegivel,ilegivel,,,
PSP_EXTRATLEITIMPL_220526_0408_20000000013602967704_000.jpg,PSP_EXTRATLEITIMPL_220526_0408,valid,mikael,ilegivel,ilegivel,,,
PSP_EXTRATLEITIMPL_220526_0408_20000000013602969610_000.jpg,PSP_EXTRATLEITIMPL_220526_0408,valid,mikael+llama32v,legivel,ilegivel,legivel,5618,digitada_leiturista
PSP_EXTRATLEITIMPL_220526_0408_20000000013602970503_000.jpg,PSP_EXTRATLEITIMPL_220526_0408,valid,mikael,ilegivel,ilegivel,,,
PSP_EXTRATLEITIMPL_220526_0408_20000000013602973380_000.jpg,PSP_EXTRATLEITIMPL_220526_0408,valid,mikael,ilegivel,ilegivel,,,
PSP_EXTRATLEITIMPL_220526_0408_20000000013602978081_000.jpg,PSP_EXTRATLEITIMPL_220526_0408,valid,mikael+llama32v,ilegivel,ilegivel,ilegivel,,
PSP_EXTRATLEITIMPL_220526_0408_20000000013602979002_000.jpg,PSP_EXTRATLEITIMPL_220526_0408,valid,mikael,ilegivel,ilegivel,,,
PSP_EXTRATLEITIMPL_220526_0408_20000000013602979006_000.jpg,PSP_EXTRATLEITIMPL_220526_0408,valid,mikael,ilegivel,ilegivel,,,
PSP_EXTRATLEITIMPL_220526_0408_20000000013602979016_000.jpg,PSP_EXTRATLEITIMPL_220526_0408,valid,mikael,legivel,legivel,,18909,digitada_leiturista
PSP_EXTRATLEITIMPL_220526_0408_20000000013652951998_000.jpg,PSP_EXTRATLEITIMPL_220526_0408,valid,mikael,sem_medidor,sem_medidor,,,
PSP_EXTRATLEITIMPL_220526_0408_20000000013652962861_000.jpg,PSP_EXTRATLEITIMPL_220526_0408,valid,mikael,ilegivel,ilegivel,,,
PSP_EXTRATLEITIMPL_220526_0408_20000000013652974539_000.jpg,PSP_EXTRATLEITIMPL_220526_0408,valid,mikael,ilegivel,ilegivel,,,
PSP_EXTRATLEITIMPL_220526_0408_20000000013652974544_000.jpg,PSP_EXTRATLEITIMPL_220526_0408,valid,mikael,ilegivel,ilegivel,,,
PSP_EXTRATLEITIMPL_220526_0408_20000000013652975403_000.jpg,PSP_EXTRATLEITIMPL_220526_0408,valid,mikael,ilegivel,ilegivel,,,
PSP_EXTRATLEITIMPL_220526_0408_20000000013652975409_000.jpg,PSP_EXTRATLEITIMPL_220526_0408,valid,mikael+llama32v,legivel,ilegivel,legivel,33842,digitada_leiturista
PSP_EXTRATLEITIMPL_220526_0408_20000000013702957871_000.jpg,PSP_EXTRATLEITIMPL_220526_0408,valid,mikael,ilegivel,ilegivel,,,
PSP_EXTRATLEITIMPL_220526_0408_20000000013702962877_000.jpg,PSP_EXTRATLEITIMPL_220526_0408,valid,mikael,ilegivel,ilegivel,,,
PSP_EXTRATLEITIMPL_220526_0408_20000000013702967810_000.jpg,PSP_EXTRATLEITIMPL_220526_0408,valid,mikael,legivel,legivel,,10645,digitada_leiturista
PSP_EXTRATLEITIMPL_220526_0408_20000000013702976232_000.jpg,PSP_EXTRATLEITIMPL_220526_0408,valid,mikael,ilegivel,ilegivel,,,
PSP_EXTRATLEITIMPL_220526_0408_20000000013702977149_000.jpg,PSP_EXTRATLEITIMPL_220526_0408,valid,mikael+llama32v,ilegivel,ilegivel,ilegivel,,
PSP_EXTRATLEITIMPL_220526_0408_20000000013752950944_000.jpg,PSP_EXTRATLEITIMPL_220526_0408,valid,mikael+llama32v,ilegivel,ilegivel,ilegivel,,
PSP_EXTRATLEITIMPL_220526_0408_20000000013752950954_000.jpg,PSP_EXTRATLEITIMPL_220526_0408,valid,mikael,ilegivel,ilegivel,,,
PSP_EXTRATLEITIMPL_220526_0408_20000000013752965768_000.jpg,PSP_EXTRATLEITIMPL_220526_0408,valid,mikael,legivel,legivel,,45567,digitada_leiturista
PSP_EXTRATLEITIMPL_220526_0408_20000000013752973383_000.jpg,PSP_EXTRATLEITIMPL_220526_0408,valid,mikael,ilegivel,ilegivel,,,
PSP_EXTRATLEITIMPL_220526_0408_20000000013752976186_000.jpg,PSP_EXTRATLEITIMPL_220526_0408,valid,mikael,sem_medidor,sem_medidor,,,
PSP_EXTRATLEITIMPL_220526_0408_20000000013752978083_000.jpg,PSP_EXTRATLEITIMPL_220526_0408,valid,mikael,ilegivel,ilegivel,,,
PSP_EXTRATLEITIMPL_220526_0408_20000000013752979027_000.jpg,PSP_EXTRATLEITIMPL_220526_0408,valid,mikael,ilegivel,ilegivel,,,
PSP_EXTRATLEITIMPL_220526_0408_20000000013752979041_000.jpg,PSP_EXTRATLEITIMPL_220526_0408,valid,mikael,ilegivel,ilegivel,,,
PSP_EXTRATLEITIMPL_220526_0408_20000000013752980029_000.jpg,PSP_EXTRATLEITIMPL_220526_0408,valid,mikael,ilegivel,ilegivel,,,
PSP_EXTRATLEITIMPL_220526_0408_20000000013752980038_000.jpg,PSP_EXTRATLEITIMPL_220526_0408,valid,mikael,ilegivel,ilegivel,,,
PSP_EXTRATLEITIMPL_220526_0408_20000000013752981016_000.jpg,PSP_EXTRATLEITIMPL_220526_0408,valid,mikael,ilegivel,ilegivel,,,
PSP_EXTRATLEITIMPL_220526_0408_20000000013802956945_000.jpg,PSP_EXTRATLEITIMPL_220526_0408,valid,mikael,legivel,legivel,,10100,digitada_leiturista
PSP_EXTRATLEITIMPL_220526_0408_20000000013802958938_001.jpg,PSP_EXTRATLEITIMPL_220526_0408,valid,mikael,ilegivel,ilegivel,,,
PSP_EXTRATLEITIMPL_220526_0408_20000000013802965787_000.jpg,PSP_EXTRATLEITIMPL_220526_0408,valid,mikael,legivel,legivel,,93155,digitada_leiturista
PSP_EXTRATLEITIMPL_220526_0408_20000000013802968648_000.jpg,PSP_EXTRATLEITIMPL_220526_0408,valid,mikael,ilegivel,ilegivel,,,
PSP_EXTRATLEITIMPL_220526_0408_20000000013802974423_000.jpg,PSP_EXTRATLEITIMPL_220526_0408,valid,mikael,ilegivel,ilegivel,,,
PSP_EXTRATLEITIMPL_220526_0408_20000000013802975292_000.jpg,PSP_EXTRATLEITIMPL_220526_0408,valid,mikael,ilegivel,ilegivel,,,
PSP_EXTRATLEITIMPL_220526_0408_20000000013802977185_000.jpg,PSP_EXTRATLEITIMPL_220526_0408,valid,mikael,legivel,legivel,,33615,digitada_leiturista
PSP_EXTRATLEITIMPL_220526_0408_20000000013852956987_000.jpg,PSP_EXTRATLEITIMPL_220526_0408,valid,mikael,ilegivel,ilegivel,,,
PSP_EXTRATLEITIMPL_220526_0408_20000000013852960981_000.jpg,PSP_EXTRATLEITIMPL_220526_0408,valid,mikael,ilegivel,ilegivel,,,
PSP_EXTRATLEITIMPL_220526_0408_20000000013852966898_000.jpg,PSP_EXTRATLEITIMPL_220526_0408,valid,mikael,ilegivel,ilegivel,,,
PSP_EXTRATLEITIMPL_220526_0408_20000000013852972790_000.jpg,PSP_EXTRATLEITIMPL_220526_0408,valid,mikael,ilegivel,ilegivel,,,
PSP_EXTRATLEITIMPL_220526_0408_20000000013852973676_000.jpg,PSP_EXTRATLEITIMPL_220526_0408,valid,mikael,sem_medidor,sem_medidor,,,
PSP_EXTRATLEITIMPL_220526_0408_20000000013852977432_000.jpg,PSP_EXTRATLEITIMPL_220526_0408,valid,mikael,sem_medidor,sem_medidor,,,
PSP_EXTRATLEITIMPL_220526_0408_20000000013852978386_000.jpg,PSP_EXTRATLEITIMPL_220526_0408,valid,mikael+llama32v,ilegivel,ilegivel,ilegivel,,
PSP_EXTRATLEITIMPL_220526_0408_20000000013852982201_000.jpg,PSP_EXTRATLEITIMPL_220526_0408,valid,mikael,legivel,legivel,,59261,digitada_leiturista
PSP_EXTRATLEITIMPL_220526_0408_20000000013852984013_000.jpg,PSP_EXTRATLEITIMPL_220526_0408,valid,mikael,ilegivel,ilegivel,,,
PSP_EXTRATLEITIMPL_220526_0408_20000000013902957961_000.jpg,PSP_EXTRATLEITIMPL_220526_0408,valid,mikael,legivel,legivel,,,
PSP_EXTRATLEITIMPL_220526_0408_20000000013902976459_000.jpg,PSP_EXTRATLEITIMPL_220526_0408,valid,mikael+llama32v,legivel,ilegivel,legivel,69681,digitada_leiturista
PSP_EXTRATLEITIMPL_220526_0408_20000000013902976469_000.jpg,PSP_EXTRATLEITIMPL_220526_0408,valid,mikael,ilegivel,ilegivel,,,
PSP_EXTRATLEITIMPL_220526_0408_20000000013902982166_000.jpg,PSP_EXTRATLEITIMPL_220526_0408,valid,mikael,sem_medidor,sem_medidor,,,
PSP_EXTRATLEITIMPL_220526_0408_20000000013902985013_000.jpg,PSP_EXTRATLEITIMPL_220526_0408,valid,mikael,ilegivel,ilegivel,,,
PSP_EXTRATLEITIMPL_220526_0408_20000000013952946963_000.jpg,PSP_EXTRATLEITIMPL_220526_0408,valid,mikael,ilegivel,ilegivel,,,
PSP_EXTRATLEITIMPL_220526_0408_20000000013952953903_000.jpg,PSP_EXTRATLEITIMPL_220526_0408,valid,mikael,sem_medidor,sem_medidor,,,
PSP_EXTRATLEITIMPL_220526_0408_20000000013952960823_000.jpg,PSP_EXTRATLEITIMPL_220526_0408,valid,mikael,ilegivel,ilegivel,,,
PSP_EXTRATLEITIMPL_220526_0408_20000000013952964558_000.jpg,PSP_EXTRATLEITIMPL_220526_0408,valid,mikael,ilegivel,ilegivel,,,
PSP_EXTRATLEITIMPL_220526_0408_20000000013952965574_000.jpg,PSP_EXTRATLEITIMPL_220526_0408,valid,mikael,ilegivel,ilegivel,,,
PSP_EXTRATLEITIMPL_220526_0408_20000000013952966484_000.jpg,PSP_EXTRATLEITIMPL_220526_0408,valid,mikael,sem_medidor,sem_medidor,,,
PSP_EXTRATLEITIMPL_220526_0408_20000000013952973020_000.jpg,PSP_EXTRATLEITIMPL_220526_0408,valid,mikael,ilegivel,ilegivel,,,
PSP_EXTRATLEITIMPL_220526_0408_20000000014002948925_000.jpg,PSP_EXTRATLEITIMPL_220526_0408,valid,mikael,legivel,legivel,,,
PSP_EXTRATLEITIMPL_220526_0408_20000000014002953901_000.jpg,PSP_EXTRATLEITIMPL_220526_0408,valid,mikael,ilegivel,ilegivel,,,
PSP_EXTRATLEITIMPL_220526_0408_20000000014002954876_000.jpg,PSP_EXTRATLEITIMPL_220526_0408,valid,mikael,ilegivel,ilegivel,,,
PSP_EXTRATLEITIMPL_220526_0408_20000000014002962644_000.jpg,PSP_EXTRATLEITIMPL_220526_0408,valid,mikael,ilegivel,ilegivel,,,
PSP_EXTRATLEITIMPL_220526_0408_20000000014002970302_000.jpg,PSP_EXTRATLEITIMPL_220526_0408,valid,mikael,ilegivel,ilegivel,,,
PSP_EXTRATLEITIMPL_220526_0408_20000000014002974052_000.jpg,PSP_EXTRATLEITIMPL_220526_0408,valid,mikael,ilegivel,ilegivel,,,
PSP_EXTRATLEITIMPL_220526_0408_20000000014002974065_000.jpg,PSP_EXTRATLEITIMPL_220526_0408,valid,mikael,legivel,legivel,,,
PSP_EXTRATLEITIMPL_220526_0408_20000000014052962950_000.jpg,PSP_EXTRATLEITIMPL_220526_0408,valid,mikael,ilegivel,ilegivel,,,
PSP_EXTRATLEITIMPL_220526_0408_20000000014052973798_000.jpg,PSP_EXTRATLEITIMPL_220526_0408,valid,mikael+llama32v,ilegivel,ilegivel,ilegivel,,
PSP_EXTRATLEITIMPL_220526_0408_20000000014052975650_000.jpg,PSP_EXTRATLEITIMPL_220526_0408,valid,mikael+llama32v,legivel,ilegivel,legivel,15,digitada_leiturista
PSP_EXTRATLEITIMPL_220526_0408_20000000014052978545_000.jpg,PSP_EXTRATLEITIMPL_220526_0408,valid,mikael,ilegivel,ilegivel,,,
PSP_EXTRATLEITIMPL_220526_0408_20000000014052984182_000.jpg,PSP_EXTRATLEITIMPL_220526_0408,valid,mikael+llama32v,legivel,ilegivel,legivel,43011,digitada_leiturista
PSP_EXTRATLEITIMPL_220526_0408_20000000014052984185_000.jpg,PSP_EXTRATLEITIMPL_220526_0408,valid,mikael+llama32v,legivel,legivel,legivel,8242,digitada_leiturista
PSP_EXTRATLEITIMPL_220526_0408_20000000014052985049_000.jpg,PSP_EXTRATLEITIMPL_220526_0408,valid,mikael,ilegivel,ilegivel,,,
PSP_EXTRATLEITIMPL_220526_0408_20000000014052988002_000.jpg,PSP_EXTRATLEITIMPL_220526_0408,valid,mikael,sem_medidor,sem_medidor,,,
PSP_EXTRATLEITIMPL_220526_0408_20000000014102940919_000.jpg,PSP_EXTRATLEITIMPL_220526_0408,valid,mikael+llama32v,sem_medidor,sem_medidor,sem_medidor,,
PSP_EXTRATLEITIMPL_220526_0408_20000000014102940922_000.jpg,PSP_EXTRATLEITIMPL_220526_0408,valid,mikael,ilegivel,ilegivel,,,
PSP_EXTRATLEITIMPL_220526_0408_20000000014102943952_000.jpg,PSP_EXTRATLEITIMPL_220526_0408,valid,mikael,ilegivel,ilegivel,,,
PSP_EXTRATLEITIMPL_220526_0408_20000000014102943965_000.jpg,PSP_EXTRATLEITIMPL_220526_0408,valid,mikael,ilegivel,ilegivel,,,
PSP_EXTRATLEITIMPL_220526_0408_20000000014102945895_000.jpg,PSP_EXTRATLEITIMPL_220526_0408,valid,mikael,ilegivel,ilegivel,,,
PSP_EXTRATLEITIMPL_220526_0408_20000000014102945899_000.jpg,PSP_EXTRATLEITIMPL_220526_0408,valid,mikael,ilegivel,ilegivel,,,
PSP_EXTRATLEITIMPL_220526_0408_20000000014102961500_000.jpg,PSP_EXTRATLEITIMPL_220526_0408,valid,mikael,ilegivel,ilegivel,,,
PSP_EXTRATLEITIMPL_220526_0408_20000000014102963464_000.jpg,PSP_EXTRATLEITIMPL_220526_0408,valid,mikael,ilegivel,ilegivel,,,
PSP_EXTRATLEITIMPL_220526_0408_20000000014102970007_000.jpg,PSP_EXTRATLEITIMPL_220526_0408,valid,mikael+llama32v,legivel,ilegivel,legivel,13716,digitada_leiturista
PSP_EXTRATLEITIMPL_220526_0408_20000000014152946998_000.jpg,PSP_EXTRATLEITIMPL_220526_0408,valid,mikael,ilegivel,ilegivel,,,
PSP_EXTRATLEITIMPL_220526_0408_20000000014152954954_000.jpg,PSP_EXTRATLEITIMPL_220526_0408,valid,mikael,ilegivel,ilegivel,,,
PSP_EXTRATLEITIMPL_220526_0408_20000000014152962630_000.jpg,PSP_EXTRATLEITIMPL_220526_0408,valid,mikael,ilegivel,ilegivel,,,
PSP_EXTRATLEITIMPL_220526_0408_20000000014152964566_000.jpg,PSP_EXTRATLEITIMPL_220526_0408,valid,mikael,legivel,legivel,,264,digitada_leiturista
PSP_EXTRATLEITIMPL_220526_0408_20000000014152964570_000.jpg,PSP_EXTRATLEITIMPL_220526_0408,valid,mikael,ilegivel,ilegivel,,,
PSP_EXTRATLEITIMPL_220526_0408_20000000014152964574_000.jpg,PSP_EXTRATLEITIMPL_220526_0408,valid,mikael+llama32v,legivel,ilegivel,legivel,114546,digitada_leiturista
PSP_EXTRATLEITIMPL_220526_0408_20000000014152975007_000.jpg,PSP_EXTRATLEITIMPL_220526_0408,valid,mikael,legivel,legivel,,55735,digitada_leiturista
PSP_EXTRATLEITIMPL_220526_0408_20000000014152976000_000.jpg,PSP_EXTRATLEITIMPL_220526_0408,valid,mikael,ilegivel,ilegivel,,,
PSP_EXTRATLEITIMPL_220526_0408_20000000014202945945_000.jpg,PSP_EXTRATLEITIMPL_220526_0408,valid,mikael,ilegivel,ilegivel,,,
PSP_EXTRATLEITIMPL_220526_0408_20000000014202946993_000.jpg,PSP_EXTRATLEITIMPL_220526_0408,valid,mikael,ilegivel,ilegivel,,,
PSP_EXTRATLEITIMPL_220526_0408_20000000014202957803_000.jpg,PSP_EXTRATLEITIMPL_220526_0408,valid,mikael,ilegivel,ilegivel,,,
PSP_EXTRATLEITIMPL_220526_0408_20000000014202964464_000.jpg,PSP_EXTRATLEITIMPL_220526_0408,valid,mikael+llama32v,legivel,ilegivel,legivel,3131,digitada_leiturista
PSP_EXTRATLEITIMPL_220526_0408_20000000014202967308_000.jpg,PSP_EXTRATLEITIMPL_220526_0408,valid,mikael,ilegivel,ilegivel,,,
PSP_EXTRATLEITIMPL_220526_0408_20000000014202967309_000.jpg,PSP_EXTRATLEITIMPL_220526_0408,valid,mikael+llama32v,legivel,ilegivel,legivel,21529,digitada_leiturista
PSP_EXTRATLEITIMPL_220526_0408_20000000014202971055_000.jpg,PSP_EXTRATLEITIMPL_220526_0408,valid,mikael,ilegivel,ilegivel,,,
PSP_EXTRATLEITIMPL_220526_0408_20000000014202972018_000.jpg,PSP_EXTRATLEITIMPL_220526_0408,valid,mikael+llama32v,ilegivel,ilegivel,ilegivel,,
PSP_EXTRATLEITIMPL_220526_0408_20000000014202973008_000.jpg,PSP_EXTRATLEITIMPL_220526_0408,valid,mikael+llama32v,sem_medidor,sem_medidor,sem_medidor,,
PSP_EXTRATLEITIMPL_220526_0408_20000000014252944978_000.jpg,PSP_EXTRATLEITIMPL_220526_0408,valid,mikael+llama32v,legivel,legivel,legivel,7,digitada_leiturista
PSP_EXTRATLEITIMPL_220526_0408_20000000014252945977_000.jpg,PSP_EXTRATLEITIMPL_220526_0408,valid,mikael,ilegivel,ilegivel,,,
PSP_EXTRATLEITIMPL_220526_0408_20000000014252954879_000.jpg,PSP_EXTRATLEITIMPL_220526_0408,valid,mikael,ilegivel,ilegivel,,,
PSP_EXTRATLEITIMPL_220526_0408_20000000014252958809_000.jpg,PSP_EXTRATLEITIMPL_220526_0408,valid,mikael+llama32v,legivel,ilegivel,legivel,41282,digitada_leiturista
PSP_EXTRATLEITIMPL_220526_0408_20000000014252960725_000.jpg,PSP_EXTRATLEITIMPL_220526_0408,valid,mikael+llama32v,legivel,ilegivel,legivel,626,digitada_leiturista
PSP_EXTRATLEITIMPL_220526_0408_20000000014252973011_000.jpg,PSP_EXTRATLEITIMPL_220526_0408,valid,mikael,ilegivel,ilegivel,,,
PSP_EXTRATLEITIMPL_220526_0408_20000000014302954922_000.jpg,PSP_EXTRATLEITIMPL_220526_0408,valid,mikael,legivel,legivel,,101734,digitada_leiturista
PSP_EXTRATLEITIMPL_220526_0408_20000000014302956916_000.jpg,PSP_EXTRATLEITIMPL_220526_0408,valid,mikael,legivel,legivel,,,
PSP_EXTRATLEITIMPL_220526_0408_20000000014302969552_000.jpg,PSP_EXTRATLEITIMPL_220526_0408,valid,mikael,ilegivel,ilegivel,,,
PSP_EXTRATLEITIMPL_220526_0408_20000000014302970508_002.jpg,PSP_EXTRATLEITIMPL_220526_0408,valid,mikael,ilegivel,ilegivel,,,
PSP_EXTRATLEITIMPL_220526_0408_20000000014302970513_000.jpg,PSP_EXTRATLEITIMPL_220526_0408,valid,mikael,legivel,legivel,,7092,digitada_leiturista
PSP_EXTRATLEITIMPL_220526_0408_20000000014302973456_000.jpg,PSP_EXTRATLEITIMPL_220526_0408,valid,mikael,ilegivel,ilegivel,,,
PSP_EXTRATLEITIMPL_220526_0408_20000000014302974362_000.jpg,PSP_EXTRATLEITIMPL_220526_0408,valid,mikael,ilegivel,ilegivel,,,
PSP_EXTRATLEITIMPL_220526_0408_20000000014302978018_000.jpg,PSP_EXTRATLEITIMPL_220526_0408,valid,mikael,ilegivel,ilegivel,,,
PSP_EXTRATLEITIMPL_220526_0408_20000000014302978020_000.jpg,PSP_EXTRATLEITIMPL_220526_0408,valid,mikael+llama32v,legivel,ilegivel,legivel,5000,digitada_leiturista
PSP_EXTRATLEITIMPL_220526_0408_20000000014302979025_000.jpg,PSP_EXTRATLEITIMPL_220526_0408,valid,mikael,ilegivel,ilegivel,,,
PSP_EXTRATLEITIMPL_220526_0408_20000000014352943942_000.jpg,PSP_EXTRATLEITIMPL_220526_0408,valid,mikael,ilegivel,ilegivel,,,
PSP_EXTRATLEITIMPL_220526_0408_20000000014352945872_000.jpg,PSP_EXTRATLEITIMPL_220526_0408,valid,mikael+llama32v,ilegivel,ilegivel,ilegivel,,
PSP_EXTRATLEITIMPL_220526_0408_20000000014352950733_000.jpg,PSP_EXTRATLEITIMPL_220526_0408,valid,mikael+llama32v,legivel,legivel,legivel,16505,digitada_leiturista
PSP_EXTRATLEITIMPL_220526_0408_20000000014352951763_001.jpg,PSP_EXTRATLEITIMPL_220526_0408,valid,mikael,legivel,legivel,,,
PSP_EXTRATLEITIMPL_220526_0408_20000000014352953658_000.jpg,PSP_EXTRATLEITIMPL_220526_0408,valid,mikael,ilegivel,ilegivel,,,
PSP_EXTRATLEITIMPL_220526_0408_20000000014352955568_000.jpg,PSP_EXTRATLEITIMPL_220526_0408,valid,mikael,ilegivel,ilegivel,,,
PSP_EXTRATLEITIMPL_220526_0408_20000000014352957359_000.jpg,PSP_EXTRATLEITIMPL_220526_0408,valid,mikael,ilegivel,ilegivel,,,
PSP_EXTRATLEITIMPL_220526_0408_20000000014352960187_000.jpg,PSP_EXTRATLEITIMPL_220526_0408,valid,mikael,ilegivel,ilegivel,,,
PSP_EXTRATLEITIMPL_220526_0408_20000000014402960827_001.jpg,PSP_EXTRATLEITIMPL_220526_0408,valid,mikael+llama32v,legivel,legivel,legivel,46410,digitada_leiturista
PSP_EXTRATLEITIMPL_220526_0408_20000000014402961758_000.jpg,PSP_EXTRATLEITIMPL_220526_0408,valid,mikael,ilegivel,ilegivel,,,
PSP_EXTRATLEITIMPL_220526_0408_20000000014402961760_000.jpg,PSP_EXTRATLEITIMPL_220526_0408,valid,mikael+llama32v,legivel,ilegivel,legivel,50931,digitada_leiturista
PSP_EXTRATLEITIMPL_220526_0408_20000000014402961765_000.jpg,PSP_EXTRATLEITIMPL_220526_0408,valid,mikael,ilegivel,ilegivel,,,
PSP_EXTRATLEITIMPL_220526_0408_20000000014402962801_000.jpg,PSP_EXTRATLEITIMPL_220526_0408,valid,mikael+llama32v,ilegivel,ilegivel,ilegivel,,
PSP_EXTRATLEITIMPL_220526_0408_20000000014402967567_000.jpg,PSP_EXTRATLEITIMPL_220526_0408,valid,mikael+llama32v,ilegivel,ilegivel,ilegivel,,
PSP_EXTRATLEITIMPL_220526_0408_20000000014402967570_000.jpg,PSP_EXTRATLEITIMPL_220526_0408,valid,mikael,ilegivel,ilegivel,,,
PSP_EXTRATLEITIMPL_220526_0408_20000000014402968551_000.jpg,PSP_EXTRATLEITIMPL_220526_0408,valid,mikael+llama32v,legivel,legivel,legivel,72729,digitada_leiturista
PSP_EXTRATLEITIMPL_220526_0408_20000000014402970412_000.jpg,PSP_EXTRATLEITIMPL_220526_0408,valid,mikael,ilegivel,ilegivel,,,
PSP_EXTRATLEITIMPL_220526_0408_20000000014452946935_001.jpg,PSP_EXTRATLEITIMPL_220526_0408,valid,mikael,legivel,legivel,,,
PSP_EXTRATLEITIMPL_220526_0408_20000000014452946960_000.jpg,PSP_EXTRATLEITIMPL_220526_0408,valid,mikael,ilegivel,ilegivel,,,
PSP_EXTRATLEITIMPL_220526_0408_20000000014452947941_000.jpg,PSP_EXTRATLEITIMPL_220526_0408,valid,mikael,ilegivel,ilegivel,,,
PSP_EXTRATLEITIMPL_220526_0408_20000000014452955860_000.jpg,PSP_EXTRATLEITIMPL_220526_0408,valid,mikael,ilegivel,ilegivel,,,
PSP_EXTRATLEITIMPL_220526_0408_20000000014452959810_000.jpg,PSP_EXTRATLEITIMPL_220526_0408,valid,mikael,ilegivel,ilegivel,,,
PSP_EXTRATLEITIMPL_220526_0408_20000000014502948920_000.jpg,PSP_EXTRATLEITIMPL_220526_0408,valid,mikael,ilegivel,ilegivel,,,
PSP_EXTRATLEITIMPL_220526_0408_20000000014502953955_000.jpg,PSP_EXTRATLEITIMPL_220526_0408,valid,mikael,legivel,legivel,,16982,digitada_leiturista
PSP_EXTRATLEITIMPL_220526_0408_20000000014502954888_000.jpg,PSP_EXTRATLEITIMPL_220526_0408,valid,mikael,ilegivel,ilegivel,,,
PSP_EXTRATLEITIMPL_220526_0408_20000000014502956874_000.jpg,PSP_EXTRATLEITIMPL_220526_0408,valid,mikael,ilegivel,ilegivel,,,
PSP_EXTRATLEITIMPL_220526_0408_20000000014502970627_000.jpg,PSP_EXTRATLEITIMPL_220526_0408,valid,mikael,ilegivel,ilegivel,,,
PSP_EXTRATLEITIMPL_220526_0408_20000000014552952963_000.jpg,PSP_EXTRATLEITIMPL_220526_0408,valid,mikael,sem_medidor,sem_medidor,,,
PSP_EXTRATLEITIMPL_220526_0408_20000000014552958955_000.jpg,PSP_EXTRATLEITIMPL_220526_0408,valid,mikael,ilegivel,ilegivel,,,
PSP_EXTRATLEITIMPL_220526_0408_20000000014552965858_000.jpg,PSP_EXTRATLEITIMPL_220526_0408,valid,mikael,sem_medidor,sem_medidor,,,
PSP_EXTRATLEITIMPL_220526_0408_20000000014552965861_001.jpg,PSP_EXTRATLEITIMPL_220526_0408,valid,mikael,sem_medidor,sem_medidor,,,
PSP_EXTRATLEITIMPL_220526_0408_20000000014552967865_000.jpg,PSP_EXTRATLEITIMPL_220526_0408,valid,mikael,ilegivel,ilegivel,,,
PSP_EXTRATLEITIMPL_220526_0408_20000000014552970655_000.jpg,PSP_EXTRATLEITIMPL_220526_0408,valid,mikael,sem_medidor,sem_medidor,,,
PSP_EXTRATLEITIMPL_220526_0408_20000000014552972623_000.jpg,PSP_EXTRATLEITIMPL_220526_0408,valid,mikael,ilegivel,ilegivel,,,
PSP_EXTRATLEITIMPL_220526_0408_20000000014552980157_000.jpg,PSP_EXTRATLEITIMPL_220526_0408,valid,mikael,ilegivel,ilegivel,,,
PSP_EXTRATLEITIMPL_220526_0408_20000000014552982015_000.jpg,PSP_EXTRATLEITIMPL_220526_0408,valid,mikael,legivel,legivel,,86051,digitada_leiturista
PSP_EXTRATLEITIMPL_220526_0408_20000000014552983003_000.jpg,PSP_EXTRATLEITIMPL_220526_0408,valid,mikael,ilegivel,ilegivel,,,
PSP_EXTRATLEITIMPL_220526_0408_20000000014602966958_000.jpg,PSP_EXTRATLEITIMPL_220526_0408,valid,mikael,sem_medidor,sem_medidor,,,
PSP_EXTRATLEITIMPL_220526_0408_20000000014602978694_000.jpg,PSP_EXTRATLEITIMPL_220526_0408,valid,mikael+llama32v,legivel,ilegivel,legivel,61422,digitada_leiturista
PSP_EXTRATLEITIMPL_220526_0408_20000000014602978697_000.jpg,PSP_EXTRATLEITIMPL_220526_0408,valid,mikael,ilegivel,ilegivel,,,
PSP_EXTRATLEITIMPL_220526_0408_20000000014602986335_000.jpg,PSP_EXTRATLEITIMPL_220526_0408,valid,mikael,ilegivel,ilegivel,,,
PSP_EXTRATLEITIMPL_220526_0408_20000000014602989079_000.jpg,PSP_EXTRATLEITIMPL_220526_0408,valid,mikael,ilegivel,ilegivel,,,
PSP_EXTRATLEITIMPL_220526_0408_20000000014602990007_000.jpg,PSP_EXTRATLEITIMPL_220526_0408,valid,mikael,ilegivel,ilegivel,,,
PSP_EXTRATLEITIMPL_220526_0408_20000000014652951968_000.jpg,PSP_EXTRATLEITIMPL_220526_0408,valid,mikael,ilegivel,ilegivel,,,
PSP_EXTRATLEITIMPL_220526_0408_20000000014652963975_000.jpg,PSP_EXTRATLEITIMPL_220526_0408,valid,mikael,ilegivel,ilegivel,,,
PSP_EXTRATLEITIMPL_220526_0408_20000000014652964901_000.jpg,PSP_EXTRATLEITIMPL_220526_0408,valid,mikael,ilegivel,ilegivel,,,
PSP_EXTRATLEITIMPL_220526_0408_20000000014652967773_000.jpg,PSP_EXTRATLEITIMPL_220526_0408,valid,mikael,ilegivel,ilegivel,,,
PSP_EXTRATLEITIMPL_220526_0408_20000000014652968765_000.jpg,PSP_EXTRATLEITIMPL_220526_0408,valid,mikael,sem_medidor,sem_medidor,,,
PSP_EXTRATLEITIMPL_220526_0408_20000000014652969685_000.jpg,PSP_EXTRATLEITIMPL_220526_0408,valid,mikael,ilegivel,ilegivel,,,
PSP_EXTRATLEITIMPL_220526_0408_20000000014652972545_000.jpg,PSP_EXTRATLEITIMPL_220526_0408,valid,mikael,ilegivel,ilegivel,,,
PSP_EXTRATLEITIMPL_220526_0408_20000000014702950971_000.jpg,PSP_EXTRATLEITIMPL_220526_0408,valid,mikael+llama32v,legivel,ilegivel,legivel,5814,digitada_leiturista
PSP_EXTRATLEITIMPL_220526_0408_20000000014702950988_000.jpg,PSP_EXTRATLEITIMPL_220526_0408,valid,mikael,ilegivel,ilegivel,,,
PSP_EXTRATLEITIMPL_220526_0408_20000000014702964757_000.jpg,PSP_EXTRATLEITIMPL_220526_0408,valid,mikael,ilegivel,ilegivel,,,
PSP_EXTRATLEITIMPL_220526_0408_20000000014702968625_000.jpg,PSP_EXTRATLEITIMPL_220526_0408,valid,mikael,ilegivel,ilegivel,,,
PSP_EXTRATLEITIMPL_220526_0408_20000000014702971460_000.jpg,PSP_EXTRATLEITIMPL_220526_0408,valid,mikael,ilegivel,ilegivel,,,
PSP_EXTRATLEITIMPL_220526_0408_20000000014702974268_000.jpg,PSP_EXTRATLEITIMPL_220526_0408,valid,mikael,ilegivel,ilegivel,,,
PSP_EXTRATLEITIMPL_220526_0408_20000000014702974271_001.jpg,PSP_EXTRATLEITIMPL_220526_0408,valid,mikael,ilegivel,ilegivel,,,
PSP_EXTRATLEITIMPL_220526_0408_20000000014702975202_000.jpg,PSP_EXTRATLEITIMPL_220526_0408,valid,mikael,ilegivel,ilegivel,,,
PSP_EXTRATLEITIMPL_220526_0408_20000000014702975219_000.jpg,PSP_EXTRATLEITIMPL_220526_0408,valid,mikael+llama32v,legivel,ilegivel,legivel,477,digitada_leiturista
PSP_EXTRATLEITIMPL_220526_0408_20000000014752953858_000.jpg,PSP_EXTRATLEITIMPL_220526_0408,valid,mikael+llama32v,ilegivel,ilegivel,ilegivel,,
PSP_EXTRATLEITIMPL_220526_0408_20000000014752954920_000.jpg,PSP_EXTRATLEITIMPL_220526_0408,valid,mikael,ilegivel,ilegivel,,,
PSP_EXTRATLEITIMPL_220526_0408_20000000014752961806_000.jpg,PSP_EXTRATLEITIMPL_220526_0408,valid,mikael,ilegivel,ilegivel,,,
PSP_EXTRATLEITIMPL_220526_0408_20000000014752972177_000.jpg,PSP_EXTRATLEITIMPL_220526_0408,valid,mikael,ilegivel,ilegivel,,,
PSP_EXTRATLEITIMPL_220526_0408_20000000014752972184_000.jpg,PSP_EXTRATLEITIMPL_220526_0408,valid,mikael,ilegivel,ilegivel,,,
PSP_EXTRATLEITIMPL_220526_0408_20000000014752972186_000.jpg,PSP_EXTRATLEITIMPL_220526_0408,valid,mikael,ilegivel,ilegivel,,,
PSP_EXTRATLEITIMPL_220526_0408_20000000014752973156_000.jpg,PSP_EXTRATLEITIMPL_220526_0408,valid,mikael,ilegivel,ilegivel,,,
PSP_EXTRATLEITIMPL_220526_0408_20000000014802962934_000.jpg,PSP_EXTRATLEITIMPL_220526_0408,valid,mikael,ilegivel,ilegivel,,,
PSP_EXTRATLEITIMPL_220526_0408_20000000014802963905_000.jpg,PSP_EXTRATLEITIMPL_220526_0408,valid,mikael,legivel,legivel,,45535,digitada_leiturista
PSP_EXTRATLEITIMPL_220526_0408_20000000014802975739_000.jpg,PSP_EXTRATLEITIMPL_220526_0408,valid,mikael,ilegivel,ilegivel,,,
PSP_EXTRATLEITIMPL_220526_0408_20000000014802984365_000.jpg,PSP_EXTRATLEITIMPL_220526_0408,valid,mikael,ilegivel,ilegivel,,,
PSP_EXTRATLEITIMPL_220526_0408_20000000014802986254_000.jpg,PSP_EXTRATLEITIMPL_220526_0408,valid,mikael,ilegivel,ilegivel,,,
PSP_EXTRATLEITIMPL_220526_0408_20000000014802987166_000.jpg,PSP_EXTRATLEITIMPL_220526_0408,valid,mikael,ilegivel,ilegivel,,,
PSP_EXTRATLEITIMPL_220526_0408_20000000014852953900_000.jpg,PSP_EXTRATLEITIMPL_220526_0408,valid,mikael,ilegivel,ilegivel,,,
PSP_EXTRATLEITIMPL_220526_0408_20000000014852959885_000.jpg,PSP_EXTRATLEITIMPL_220526_0408,valid,mikael,ilegivel,ilegivel,,,
PSP_EXTRATLEITIMPL_220526_0408_20000000014852964649_002.jpg,PSP_EXTRATLEITIMPL_220526_0408,valid,mikael,sem_medidor,sem_medidor,,,
PSP_EXTRATLEITIMPL_220526_0408_20000000014852964658_000.jpg,PSP_EXTRATLEITIMPL_220526_0408,valid,mikael,ilegivel,ilegivel,,,
PSP_EXTRATLEITIMPL_220526_0408_20000000014852965583_001.jpg,PSP_EXTRATLEITIMPL_220526_0408,valid,mikael,ilegivel,ilegivel,,,
PSP_EXTRATLEITIMPL_220526_0408_20000000014852975012_000.jpg,PSP_EXTRATLEITIMPL_220526_0408,valid,mikael,legivel,legivel,,17883,digitada_leiturista
PSP_EXTRATLEITIMPL_220526_0408_20000000014902957887_000.jpg,PSP_EXTRATLEITIMPL_220526_0408,valid,mikael,ilegivel,ilegivel,,,
PSP_EXTRATLEITIMPL_220526_0408_20000000014902960910_000.jpg,PSP_EXTRATLEITIMPL_220526_0408,valid,mikael,ilegivel,ilegivel,,,
PSP_EXTRATLEITIMPL_220526_0408_20000000014902961905_000.jpg,PSP_EXTRATLEITIMPL_220526_0408,valid,mikael,ilegivel,ilegivel,,,
PSP_EXTRATLEITIMPL_220526_0408_20000000014902966783_000.jpg,PSP_EXTRATLEITIMPL_220526_0408,valid,mikael,sem_medidor,sem_medidor,,,
PSP_EXTRATLEITIMPL_220526_0408_20000000014902970598_000.jpg,PSP_EXTRATLEITIMPL_220526_0408,valid,mikael,ilegivel,ilegivel,,,
PSP_EXTRATLEITIMPL_220526_0408_20000000014902974395_000.jpg,PSP_EXTRATLEITIMPL_220526_0408,valid,mikael,ilegivel,ilegivel,,,
PSP_EXTRATLEITIMPL_220526_0408_20000000014952954865_000.jpg,PSP_EXTRATLEITIMPL_220526_0408,valid,mikael,ilegivel,ilegivel,,,
PSP_EXTRATLEITIMPL_220526_0408_20000000014952955873_000.jpg,PSP_EXTRATLEITIMPL_220526_0408,valid,mikael+llama32v,legivel,legivel,legivel,53951,digitada_leiturista
PSP_EXTRATLEITIMPL_220526_0408_20000000014952955884_003.jpg,PSP_EXTRATLEITIMPL_220526_0408,valid,mikael,ilegivel,ilegivel,,,
PSP_EXTRATLEITIMPL_220526_0408_20000000014952964444_000.jpg,PSP_EXTRATLEITIMPL_220526_0408,valid,mikael+llama32v,legivel,ilegivel,legivel,82430,digitada_leiturista
PSP_EXTRATLEITIMPL_220526_0408_20000000014952965450_000.jpg,PSP_EXTRATLEITIMPL_220526_0408,valid,mikael,legivel,legivel,,85273,digitada_leiturista
PSP_EXTRATLEITIMPL_220526_0408_20000000014952967311_000.jpg,PSP_EXTRATLEITIMPL_220526_0408,valid,mikael,ilegivel,ilegivel,,,
PSP_EXTRATLEITIMPL_220526_0408_20000000014952970095_000.jpg,PSP_EXTRATLEITIMPL_220526_0408,valid,mikael,ilegivel,ilegivel,,,
PSP_EXTRATLEITIMPL_220526_0408_20000000014952972038_000.jpg,PSP_EXTRATLEITIMPL_220526_0408,valid,mikael,ilegivel,ilegivel,,,
PSP_EXTRATLEITIMPL_220526_0408_20000000015002958785_000.jpg,PSP_EXTRATLEITIMPL_220526_0408,valid,mikael,ilegivel,ilegivel,,,
PSP_EXTRATLEITIMPL_220526_0408_20000000015002961642_001.jpg,PSP_EXTRATLEITIMPL_220526_0408,valid,mikael,ilegivel,ilegivel,,,
PSP_EXTRATLEITIMPL_220526_0408_20000000015002969289_000.jpg,PSP_EXTRATLEITIMPL_220526_0408,valid,mikael,ilegivel,ilegivel,,,
PSP_EXTRATLEITIMPL_220526_0408_20000000015002969297_000.jpg,PSP_EXTRATLEITIMPL_220526_0408,valid,mikael,ilegivel,ilegivel,,,
PSP_EXTRATLEITIMPL_220526_0408_20000000015002972056_000.jpg,PSP_EXTRATLEITIMPL_220526_0408,valid,mikael+llama32v,legivel,ilegivel,legivel,2687,digitada_leiturista
PSP_EXTRATLEITIMPL_220526_0408_20000000015002973035_000.jpg,PSP_EXTRATLEITIMPL_220526_0408,valid,mikael,ilegivel,ilegivel,,,
PSP_EXTRATLEITIMPL_220526_0408_20000000015002973041_000.jpg,PSP_EXTRATLEITIMPL_220526_0408,valid,mikael,ilegivel,ilegivel,,,
PSP_EXTRATLEITIMPL_220526_0408_20000000015052944874_000.jpg,PSP_EXTRATLEITIMPL_220526_0408,valid,mikael,ilegivel,ilegivel,,,
PSP_EXTRATLEITIMPL_220526_0408_20000000015052944884_000.jpg,PSP_EXTRATLEITIMPL_220526_0408,valid,mikael,ilegivel,ilegivel,,,
PSP_EXTRATLEITIMPL_220526_0408_20000000015052946878_000.jpg,PSP_EXTRATLEITIMPL_220526_0408,valid,mikael,ilegivel,ilegivel,,,
PSP_EXTRATLEITIMPL_220526_0408_20000000015052956816_000.jpg,PSP_EXTRATLEITIMPL_220526_0408,valid,mikael,sem_medidor,sem_medidor,,,
PSP_EXTRATLEITIMPL_220526_0408_20000000015052962467_000.jpg,PSP_EXTRATLEITIMPL_220526_0408,valid,mikael,ilegivel,ilegivel,,,
PSP_EXTRATLEITIMPL_220526_0408_20000000015102961884_000.jpg,PSP_EXTRATLEITIMPL_220526_0408,valid,mikael+llama32v,ilegivel,ilegivel,ilegivel,,
PSP_EXTRATLEITIMPL_220526_0408_20000000015102969893_000.jpg,PSP_EXTRATLEITIMPL_220526_0408,valid,mikael,ilegivel,ilegivel,,,
PSP_EXTRATLEITIMPL_220526_0408_20000000015102977557_000.jpg,PSP_EXTRATLEITIMPL_220526_0408,valid,mikael+llama32v,ilegivel,ilegivel,ilegivel,,
PSP_EXTRATLEITIMPL_220526_0408_20000000015102979440_000.jpg,PSP_EXTRATLEITIMPL_220526_0408,valid,mikael,ilegivel,ilegivel,,,
PSP_EXTRATLEITIMPL_220526_0408_20000000015102983252_000.jpg,PSP_EXTRATLEITIMPL_220526_0408,valid,mikael,ilegivel,ilegivel,,,
PSP_EXTRATLEITIMPL_220526_0408_20000000015102983257_000.jpg,PSP_EXTRATLEITIMPL_220526_0408,valid,mikael,ilegivel,ilegivel,,,
PSP_EXTRATLEITIMPL_220526_0408_20000000015152958894_000.jpg,PSP_EXTRATLEITIMPL_220526_0408,valid,mikael+llama32v,ilegivel,ilegivel,ilegivel,,
PSP_EXTRATLEITIMPL_220526_0408_20000000015152968914_000.jpg,PSP_EXTRATLEITIMPL_220526_0408,valid,mikael,sem_medidor,sem_medidor,,,
PSP_EXTRATLEITIMPL_220526_0408_20000000015152977634_001.jpg,PSP_EXTRATLEITIMPL_220526_0408,valid,mikael,legivel,legivel,,0,digitada_leiturista
PSP_EXTRATLEITIMPL_220526_0408_20000000015152981463_000.jpg,PSP_EXTRATLEITIMPL_220526_0408,valid,mikael,ilegivel,ilegivel,,,
PSP_EXTRATLEITIMPL_220526_0408_20000000015152982432_000.jpg,PSP_EXTRATLEITIMPL_220526_0408,valid,mikael,ilegivel,ilegivel,,,
PSP_EXTRATLEITIMPL_220526_0408_20000000015152989017_000.jpg,PSP_EXTRATLEITIMPL_220526_0408,valid,mikael,ilegivel,ilegivel,,,
PSP_EXTRATLEITIMPL_220526_0408_20000000015152990007_000.jpg,PSP_EXTRATLEITIMPL_220526_0408,valid,mikael+llama32v,legivel,ilegivel,legivel,33,digitada_leiturista
PSP_EXTRATLEITIMPL_220526_0408_20000000015202961951_000.jpg,PSP_EXTRATLEITIMPL_220526_0408,valid,mikael,ilegivel,ilegivel,,,
PSP_EXTRATLEITIMPL_220526_0408_20000000015202965895_000.jpg,PSP_EXTRATLEITIMPL_220526_0408,valid,mikael+llama32v,legivel,ilegivel,legivel,998,digitada_leiturista
PSP_EXTRATLEITIMPL_220526_0408_20000000015202971777_000.jpg,PSP_EXTRATLEITIMPL_220526_0408,valid,mikael,sem_medidor,sem_medidor,,,
PSP_EXTRATLEITIMPL_220526_0408_20000000015202972794_000.jpg,PSP_EXTRATLEITIMPL_220526_0408,valid,mikael,ilegivel,ilegivel,,,
PSP_EXTRATLEITIMPL_220526_0408_20000000015202978525_000.jpg,PSP_EXTRATLEITIMPL_220526_0408,valid,mikael,ilegivel,ilegivel,,,
PSP_EXTRATLEITIMPL_220526_0408_20000000015202980392_000.jpg,PSP_EXTRATLEITIMPL_220526_0408,valid,mikael,ilegivel,ilegivel,,,
PSP_EXTRATLEITIMPL_220526_0408_20000000015202985077_000.jpg,PSP_EXTRATLEITIMPL_220526_0408,valid,mikael+llama32v,legivel,ilegivel,legivel,7320,digitada_leiturista
PSP_EXTRATLEITIMPL_220526_0408_20000000015202988008_000.jpg,PSP_EXTRATLEITIMPL_220526_0408,valid,mikael,ilegivel,ilegivel,,,
PSP_EXTRATLEITIMPL_220526_0408_20000000015252978787_001.jpg,PSP_EXTRATLEITIMPL_220526_0408,valid,mikael,ilegivel,ilegivel,,,
PSP_EXTRATLEITIMPL_220526_0408_20000000015252986377_000.jpg,PSP_EXTRATLEITIMPL_220526_0408,valid,mikael,ilegivel,ilegivel,,,
PSP_EXTRATLEITIMPL_220526_0408_20000000015252986396_000.jpg,PSP_EXTRATLEITIMPL_220526_0408,valid,mikael,ilegivel,ilegivel,,,
PSP_EXTRATLEITIMPL_220526_0408_20000000015252987400_000.jpg,PSP_EXTRATLEITIMPL_220526_0408,valid,mikael,ilegivel,ilegivel,,,
PSP_EXTRATLEITIMPL_220526_0408_20000000015252987417_000.jpg,PSP_EXTRATLEITIMPL_220526_0408,valid,mikael,ilegivel,ilegivel,,,
PSP_EXTRATLEITIMPL_220526_0408_20000000015252988311_000.jpg,PSP_EXTRATLEITIMPL_220526_0408,valid,mikael,ilegivel,ilegivel,,,
PSP_EXTRATLEITIMPL_220526_0408_20000000015252988317_000.jpg,PSP_EXTRATLEITIMPL_220526_0408,valid,mikael,legivel,legivel,,6899,digitada_leiturista
PSP_EXTRATLEITIMPL_220526_0408_20000000015252991063_000.jpg,PSP_EXTRATLEITIMPL_220526_0408,valid,mikael+llama32v,legivel,ilegivel,legivel,20172,digitada_leiturista
PSP_EXTRATLEITIMPL_220526_0408_20000000015302975985_000.jpg,PSP_EXTRATLEITIMPL_220526_0408,valid,mikael,ilegivel,ilegivel,,,
PSP_EXTRATLEITIMPL_220526_0408_20000000015302984834_000.jpg,PSP_EXTRATLEITIMPL_220526_0408,valid,mikael,ilegivel,ilegivel,,,
PSP_EXTRATLEITIMPL_220526_0408_20000000015302987668_000.jpg,PSP_EXTRATLEITIMPL_220526_0408,valid,mikael,legivel,legivel,,61,digitada_leiturista
PSP_EXTRATLEITIMPL_220526_0408_20000000015302989591_000.jpg,PSP_EXTRATLEITIMPL_220526_0408,valid,mikael,ilegivel,ilegivel,,,
PSP_EXTRATLEITIMPL_220526_0408_20000000015302991603_000.jpg,PSP_EXTRATLEITIMPL_220526_0408,valid,mikael,ilegivel,ilegivel,,,
PSP_EXTRATLEITIMPL_220526_0408_20000000015302994264_000.jpg,PSP_EXTRATLEITIMPL_220526_0408,valid,mikael,ilegivel,ilegivel,,,
PSP_EXTRATLEITIMPL_220526_0408_20000000015302997168_000.jpg,PSP_EXTRATLEITIMPL_220526_0408,valid,mikael,ilegivel,ilegivel,,,
PSP_EXTRATLEITIMPL_220526_0408_20000000015302999002_000.jpg,PSP_EXTRATLEITIMPL_220526_0408,valid,mikael+llama32v,legivel,ilegivel,legivel,6001,digitada_leiturista
PSP_EXTRATLEITIMPL_220526_0408_20000000015302999021_000.jpg,PSP_EXTRATLEITIMPL_220526_0408,valid,mikael,ilegivel,ilegivel,,,
PSP_EXTRATLEITIMPL_220526_0408_20000000015352958949_000.jpg,PSP_EXTRATLEITIMPL_220526_0408,valid,mikael,ilegivel,ilegivel,,,
PSP_EXTRATLEITIMPL_220526_0408_20000000015352963963_000.jpg,PSP_EXTRATLEITIMPL_220526_0408,valid,mikael+llama32v,legivel,legivel,legivel,12703,digitada_leiturista
PSP_EXTRATLEITIMPL_220526_0408_20000000015352963968_000.jpg,PSP_EXTRATLEITIMPL_220526_0408,valid,mikael,ilegivel,ilegivel,,,
PSP_EXTRATLEITIMPL_220526_0408_20000000015352970904_000.jpg,PSP_EXTRATLEITIMPL_220526_0408,valid,mikael,ilegivel,ilegivel,,,
PSP_EXTRATLEITIMPL_220526_0408_20000000015352971870_000.jpg,PSP_EXTRATLEITIMPL_220526_0408,valid,mikael+llama32v,ilegivel,ilegivel,ilegivel,,
PSP_EXTRATLEITIMPL_220526_0408_20000000015352975699_000.jpg,PSP_EXTRATLEITIMPL_220526_0408,valid,mikael,ilegivel,ilegivel,,,
PSP_EXTRATLEITIMPL_220526_0408_20000000015352985202_000.jpg,PSP_EXTRATLEITIMPL_220526_0408,valid,mikael+llama32v,legivel,ilegivel,legivel,158346,digitada_leiturista
PSP_EXTRATLEITIMPL_220526_0408_20000000015352987033_000.jpg,PSP_EXTRATLEITIMPL_220526_0408,valid,mikael+llama32v,legivel,ilegivel,legivel,949,digitada_leiturista
PSP_EXTRATLEITIMPL_220526_0408_20000000015352988006_000.jpg,PSP_EXTRATLEITIMPL_220526_0408,valid,mikael+llama32v,ilegivel,ilegivel,ilegivel,,
PSP_EXTRATLEITIMPL_220526_0408_20000000015352989025_000.jpg,PSP_EXTRATLEITIMPL_220526_0408,valid,mikael,ilegivel,ilegivel,,,
PSP_EXTRATLEITIMPL_220526_0408_20000000015402943985_000.jpg,PSP_EXTRATLEITIMPL_220526_0408,valid,mikael,ilegivel,ilegivel,,,
PSP_EXTRATLEITIMPL_220526_0408_20000000015402952937_000.jpg,PSP_EXTRATLEITIMPL_220526_0408,valid,mikael,ilegivel,ilegivel,,,
PSP_EXTRATLEITIMPL_220526_0408_20000000015402952938_000.jpg,PSP_EXTRATLEITIMPL_220526_0408,valid,mikael,ilegivel,ilegivel,,,
PSP_EXTRATLEITIMPL_220526_0408_20000000015402956905_000.jpg,PSP_EXTRATLEITIMPL_220526_0408,valid,mikael+llama32v,ilegivel,ilegivel,ilegivel,,
PSP_EXTRATLEITIMPL_220526_0408_20000000015402957868_000.jpg,PSP_EXTRATLEITIMPL_220526_0408,valid,mikael,ilegivel,ilegivel,,,
PSP_EXTRATLEITIMPL_220526_0408_20000000015402959819_000.jpg,PSP_EXTRATLEITIMPL_220526_0408,valid,mikael,sem_medidor,sem_medidor,,,
PSP_EXTRATLEITIMPL_220526_0408_20000000015402960783_000.jpg,PSP_EXTRATLEITIMPL_220526_0408,valid,mikael+llama32v,sem_medidor,sem_medidor,sem_medidor,,
PSP_EXTRATLEITIMPL_220526_0408_20000000015402962723_000.jpg,PSP_EXTRATLEITIMPL_220526_0408,valid,mikael,sem_medidor,sem_medidor,,,
PSP_EXTRATLEITIMPL_220526_0408_20000000015402964602_000.jpg,PSP_EXTRATLEITIMPL_220526_0408,valid,mikael,ilegivel,ilegivel,,,
PSP_EXTRATLEITIMPL_220526_0408_20000000015402965514_000.jpg,PSP_EXTRATLEITIMPL_220526_0408,valid,mikael,legivel,legivel,,2629,digitada_leiturista
PSP_EXTRATLEITIMPL_220526_0408_20000000015402966474_000.jpg,PSP_EXTRATLEITIMPL_220526_0408,valid,mikael,ilegivel,ilegivel,,,
PSP_EXTRATLEITIMPL_220526_0408_20000000015402974056_000.jpg,PSP_EXTRATLEITIMPL_220526_0408,valid,mikael+llama32v,ilegivel,ilegivel,ilegivel,,
PSP_EXTRATLEITIMPL_220526_0408_20000000015402975003_000.jpg,PSP_EXTRATLEITIMPL_220526_0408,valid,mikael+llama32v,ilegivel,ilegivel,ilegivel,,
PSP_EXTRATLEITIMPL_220526_0408_20000000015402975005_000.jpg,PSP_EXTRATLEITIMPL_220526_0408,valid,mikael,ilegivel,ilegivel,,,
PSP_EXTRATLEITIMPL_220526_0408_20000000015452963767_000.jpg,PSP_EXTRATLEITIMPL_220526_0408,valid,mikael,ilegivel,ilegivel,,,
PSP_EXTRATLEITIMPL_220526_0408_20000000015452967686_001.jpg,PSP_EXTRATLEITIMPL_220526_0408,valid,mikael,ilegivel,ilegivel,,,
PSP_EXTRATLEITIMPL_220526_0408_20000000015452971550_000.jpg,PSP_EXTRATLEITIMPL_220526_0408,valid,mikael,ilegivel,ilegivel,,,
PSP_EXTRATLEITIMPL_220526_0408_20000000015502943970_000.jpg,PSP_EXTRATLEITIMPL_220526_0408,valid,mikael,legivel,legivel,,1277,digitada_leiturista
PSP_EXTRATLEITIMPL_220526_0408_20000000015502948976_000.jpg,PSP_EXTRATLEITIMPL_220526_0408,valid,mikael,legivel,legivel,,12049,digitada_leiturista
PSP_EXTRATLEITIMPL_220526_0408_20000000015502957916_000.jpg,PSP_EXTRATLEITIMPL_220526_0408,valid,mikael+llama32v,ilegivel,ilegivel,ilegivel,,
PSP_EXTRATLEITIMPL_220526_0408_20000000015502958905_000.jpg,PSP_EXTRATLEITIMPL_220526_0408,valid,mikael,ilegivel,ilegivel,,,
PSP_EXTRATLEITIMPL_220526_0408_20000000015502961785_000.jpg,PSP_EXTRATLEITIMPL_220526_0408,valid,mikael,ilegivel,ilegivel,,,
PSP_EXTRATLEITIMPL_220526_0408_20000000015502963692_000.jpg,PSP_EXTRATLEITIMPL_220526_0408,valid,mikael,ilegivel,ilegivel,,,
PSP_EXTRATLEITIMPL_220526_0408_20000000015502967493_000.jpg,PSP_EXTRATLEITIMPL_220526_0408,valid,mikael,ilegivel,ilegivel,,,
PSP_EXTRATLEITIMPL_220526_0408_20000000015502974166_000.jpg,PSP_EXTRATLEITIMPL_220526_0408,valid,mikael+llama32v,legivel,ilegivel,legivel,884,digitada_leiturista
PSP_EXTRATLEITIMPL_220526_0408_20000000015502975055_000.jpg,PSP_EXTRATLEITIMPL_220526_0408,valid,mikael,ilegivel,ilegivel,,,
PSP_EXTRATLEITIMPL_220526_0408_20000000015502977019_000.jpg,PSP_EXTRATLEITIMPL_220526_0408,valid,mikael,ilegivel,ilegivel,,,
PSP_EXTRATLEITIMPL_220526_0408_20000000015552964427_000.jpg,PSP_EXTRATLEITIMPL_220526_0408,valid,mikael,ilegivel,ilegivel,,,
PSP_EXTRATLEITIMPL_220526_0408_20000000015552964438_000.jpg,PSP_EXTRATLEITIMPL_220526_0408,valid,mikael,ilegivel,ilegivel,,,
PSP_EXTRATLEITIMPL_220526_0408_20000000015552970032_000.jpg,PSP_EXTRATLEITIMPL_220526_0408,valid,mikael+llama32v,legivel,ilegivel,legivel,38948,digitada_leiturista
PSP_EXTRATLEITIMPL_220526_0408_20000000015552971008_000.jpg,PSP_EXTRATLEITIMPL_220526_0408,valid,mikael,ilegivel,ilegivel,,,
PSP_EXTRATLEITIMPL_220526_0408_20000000015552972001_000.jpg,PSP_EXTRATLEITIMPL_220526_0408,valid,mikael+llama32v,legivel,ilegivel,legivel,32727,digitada_leiturista
PSP_EXTRATLEITIMPL_220526_0408_20000000015602956932_000.jpg,PSP_EXTRATLEITIMPL_220526_0408,valid,mikael,ilegivel,ilegivel,,,
PSP_EXTRATLEITIMPL_220526_0408_20000000015602956933_000.jpg,PSP_EXTRATLEITIMPL_220526_0408,valid,mikael,ilegivel,ilegivel,,,
PSP_EXTRATLEITIMPL_220526_0408_20000000015602959991_000.jpg,PSP_EXTRATLEITIMPL_220526_0408,valid,mikael,legivel,legivel,,17699,digitada_leiturista
PSP_EXTRATLEITIMPL_220526_0408_20000000015602960937_000.jpg,PSP_EXTRATLEITIMPL_220526_0408,valid,mikael,ilegivel,ilegivel,,,
PSP_EXTRATLEITIMPL_220526_0408_20000000015602967916_000.jpg,PSP_EXTRATLEITIMPL_220526_0408,valid,mikael,ilegivel,ilegivel,,,
PSP_EXTRATLEITIMPL_220526_0408_20000000015602976556_000.jpg,PSP_EXTRATLEITIMPL_220526_0408,valid,mikael+llama32v,legivel,ilegivel,legivel,13548,digitada_leiturista
PSP_EXTRATLEITIMPL_220526_0408_20000000015602977469_000.jpg,PSP_EXTRATLEITIMPL_220526_0408,valid,mikael,ilegivel,ilegivel,,,
PSP_EXTRATLEITIMPL_220526_0408_20000000015602986001_000.jpg,PSP_EXTRATLEITIMPL_220526_0408,valid,mikael,sem_medidor,sem_medidor,,,
PSP_EXTRATLEITIMPL_220526_0408_20000000015652943964_000.jpg,PSP_EXTRATLEITIMPL_220526_0408,valid,mikael,ilegivel,ilegivel,,,
PSP_EXTRATLEITIMPL_220526_0408_20000000015652943977_001.jpg,PSP_EXTRATLEITIMPL_220526_0408,valid,mikael,ilegivel,ilegivel,,,
PSP_EXTRATLEITIMPL_220526_0408_20000000015652957873_000.jpg,PSP_EXTRATLEITIMPL_220526_0408,valid,mikael,ilegivel,ilegivel,,,
PSP_EXTRATLEITIMPL_220526_0408_20000000015652965607_000.jpg,PSP_EXTRATLEITIMPL_220526_0408,valid,mikael,ilegivel,ilegivel,,,
PSP_EXTRATLEITIMPL_220526_0408_20000000015652967500_000.jpg,PSP_EXTRATLEITIMPL_220526_0408,valid,mikael,ilegivel,ilegivel,,,
PSP_EXTRATLEITIMPL_220526_0408_20000000015652970459_000.jpg,PSP_EXTRATLEITIMPL_220526_0408,valid,mikael+llama32v,ilegivel,ilegivel,ilegivel,,
PSP_EXTRATLEITIMPL_220526_0408_20000000015652972159_000.jpg,PSP_EXTRATLEITIMPL_220526_0408,valid,mikael+llama32v,ilegivel,ilegivel,ilegivel,,
PSP_EXTRATLEITIMPL_220526_0408_20000000015652974019_000.jpg,PSP_EXTRATLEITIMPL_220526_0408,valid,mikael,ilegivel,ilegivel,,,
PSP_EXTRATLEITIMPL_220526_0408_20000000015652975007_000.jpg,PSP_EXTRATLEITIMPL_220526_0408,valid,mikael+llama32v,legivel,ilegivel,legivel,29080,digitada_leiturista
PSP_EXTRATLEITIMPL_220526_0408_20000000015652975009_000.jpg,PSP_EXTRATLEITIMPL_220526_0408,valid,mikael+llama32v,legivel,ilegivel,legivel,23586,digitada_leiturista
PSP_EXTRATLEITIMPL_220526_0408_20000000015702947945_000.jpg,PSP_EXTRATLEITIMPL_220526_0408,valid,mikael,ilegivel,ilegivel,,,
PSP_EXTRATLEITIMPL_220526_0408_20000000015702948968_000.jpg,PSP_EXTRATLEITIMPL_220526_0408,valid,mikael+llama32v,sem_medidor,sem_medidor,sem_medidor,,
PSP_EXTRATLEITIMPL_220526_0408_20000000015702960832_000.jpg,PSP_EXTRATLEITIMPL_220526_0408,valid,mikael,ilegivel,ilegivel,,,
PSP_EXTRATLEITIMPL_220526_0408_20000000015702969399_000.jpg,PSP_EXTRATLEITIMPL_220526_0408,valid,mikael,ilegivel,ilegivel,,,
PSP_EXTRATLEITIMPL_220526_0408_20000000015702970377_001.jpg,PSP_EXTRATLEITIMPL_220526_0408,valid,mikael,ilegivel,ilegivel,,,
PSP_EXTRATLEITIMPL_220526_0408_20000000015702976012_000.jpg,PSP_EXTRATLEITIMPL_220526_0408,valid,mikael,ilegivel,ilegivel,,,
PSP_EXTRATLEITIMPL_220526_0408_20000000015752948968_000.jpg,PSP_EXTRATLEITIMPL_220526_0408,valid,mikael,ilegivel,ilegivel,,,
PSP_EXTRATLEITIMPL_220526_0408_20000000015752950937_000.jpg,PSP_EXTRATLEITIMPL_220526_0408,valid,mikael,ilegivel,ilegivel,,,
PSP_EXTRATLEITIMPL_220526_0408_20000000015752953926_000.jpg,PSP_EXTRATLEITIMPL_220526_0408,valid,mikael+llama32v,legivel,ilegivel,legivel,14540,digitada_leiturista
PSP_EXTRATLEITIMPL_220526_0408_20000000015752953932_000.jpg,PSP_EXTRATLEITIMPL_220526_0408,valid,mikael,ilegivel,ilegivel,,,
PSP_EXTRATLEITIMPL_220526_0408_20000000015752953933_000.jpg,PSP_EXTRATLEITIMPL_220526_0408,valid,mikael,ilegivel,ilegivel,,,
PSP_EXTRATLEITIMPL_220526_0408_20000000015752958854_000.jpg,PSP_EXTRATLEITIMPL_220526_0408,valid,mikael,ilegivel,ilegivel,,,
PSP_EXTRATLEITIMPL_220526_0408_20000000015752963709_000.jpg,PSP_EXTRATLEITIMPL_220526_0408,valid,mikael,ilegivel,ilegivel,,,
PSP_EXTRATLEITIMPL_220526_0408_20000000015752964699_000.jpg,PSP_EXTRATLEITIMPL_220526_0408,valid,mikael,ilegivel,ilegivel,,,
PSP_EXTRATLEITIMPL_220526_0408_20000000015752967618_001.jpg,PSP_EXTRATLEITIMPL_220526_0408,valid,mikael,sem_medidor,sem_medidor,,,
PSP_EXTRATLEITIMPL_220526_0408_20000000015752971408_000.jpg,PSP_EXTRATLEITIMPL_220526_0408,valid,mikael,ilegivel,ilegivel,,,
PSP_EXTRATLEITIMPL_220526_0408_20000000015752972397_000.jpg,PSP_EXTRATLEITIMPL_220526_0408,valid,mikael,ilegivel,ilegivel,,,
PSP_EXTRATLEITIMPL_220526_0408_20000000015752974254_000.jpg,PSP_EXTRATLEITIMPL_220526_0408,valid,mikael,sem_medidor,sem_medidor,,,
PSP_EXTRATLEITIMPL_220526_0408_20000000015752978028_000.jpg,PSP_EXTRATLEITIMPL_220526_0408,valid,mikael,sem_medidor,sem_medidor,,,
PSP_EXTRATLEITIMPL_220526_0408_20000000015802937944_000.jpg,PSP_EXTRATLEITIMPL_220526_0408,valid,mikael,ilegivel,ilegivel,,,
PSP_EXTRATLEITIMPL_220526_0408_20000000015802945865_000.jpg,PSP_EXTRATLEITIMPL_220526_0408,valid,mikael,ilegivel,ilegivel,,,
PSP_EXTRATLEITIMPL_220526_0408_20000000015802945873_000.jpg,PSP_EXTRATLEITIMPL_220526_0408,valid,mikael,ilegivel,ilegivel,,,
PSP_EXTRATLEITIMPL_220526_0408_20000000015802963181_000.jpg,PSP_EXTRATLEITIMPL_220526_0408,valid,mikael,ilegivel,ilegivel,,,
PSP_EXTRATLEITIMPL_220526_0408_20000000015852957887_000.jpg,PSP_EXTRATLEITIMPL_220526_0408,valid,mikael,ilegivel,ilegivel,,,
PSP_EXTRATLEITIMPL_220526_0408_20000000015852959905_000.jpg,PSP_EXTRATLEITIMPL_220526_0408,valid,mikael,ilegivel,ilegivel,,,
PSP_EXTRATLEITIMPL_220526_0408_20000000015852966604_000.jpg,PSP_EXTRATLEITIMPL_220526_0408,valid,mikael,ilegivel,ilegivel,,,
PSP_EXTRATLEITIMPL_220526_0408_20000000015852968598_000.jpg,PSP_EXTRATLEITIMPL_220526_0408,valid,mikael,legivel,legivel,,122678,digitada_leiturista
PSP_EXTRATLEITIMPL_220526_0408_20000000015852974168_000.jpg,PSP_EXTRATLEITIMPL_220526_0408,valid,mikael,ilegivel,ilegivel,,,
PSP_EXTRATLEITIMPL_220526_0408_20000000015852976037_001.jpg,PSP_EXTRATLEITIMPL_220526_0408,valid,mikael,ilegivel,ilegivel,,,
PSP_EXTRATLEITIMPL_220526_0408_20000000015902969860_000.jpg,PSP_EXTRATLEITIMPL_220526_0408,valid,mikael+llama32v,ilegivel,ilegivel,ilegivel,,
PSP_EXTRATLEITIMPL_220526_0408_20000000015902971823_000.jpg,PSP_EXTRATLEITIMPL_220526_0408,valid,mikael,ilegivel,ilegivel,,,
PSP_EXTRATLEITIMPL_220526_0408_20000000015902980585_000.jpg,PSP_EXTRATLEITIMPL_220526_0408,valid,mikael+llama32v,ilegivel,ilegivel,ilegivel,,
PSP_EXTRATLEITIMPL_220526_0408_20000000015902980588_000.jpg,PSP_EXTRATLEITIMPL_220526_0408,valid,mikael,ilegivel,ilegivel,,,
PSP_EXTRATLEITIMPL_220526_0408_20000000015902985266_000.jpg,PSP_EXTRATLEITIMPL_220526_0408,valid,mikael,ilegivel,ilegivel,,,
PSP_EXTRATLEITIMPL_220526_0408_20000000015902987105_000.jpg,PSP_EXTRATLEITIMPL_220526_0408,valid,mikael+llama32v,legivel,ilegivel,legivel,29327,digitada_leiturista
PSP_EXTRATLEITIMPL_220526_0408_20000000015902988048_000.jpg,PSP_EXTRATLEITIMPL_220526_0408,valid,mikael,ilegivel,ilegivel,,,
PSP_EXTRATLEITIMPL_220526_0408_20000000015902990024_001.jpg,PSP_EXTRATLEITIMPL_220526_0408,valid,mikael,ilegivel,ilegivel,,,
PSP_EXTRATLEITIMPL_220526_0408_20000000015952948961_000.jpg,PSP_EXTRATLEITIMPL_220526_0408,valid,mikael,sem_medidor,sem_medidor,,,
PSP_EXTRATLEITIMPL_220526_0408_20000000015952954930_000.jpg,PSP_EXTRATLEITIMPL_220526_0408,valid,mikael,ilegivel,ilegivel,,,
PSP_EXTRATLEITIMPL_220526_0408_20000000015952954936_000.jpg,PSP_EXTRATLEITIMPL_220526_0408,valid,mikael,ilegivel,ilegivel,,,
PSP_EXTRATLEITIMPL_220526_0408_20000000015952954941_000.jpg,PSP_EXTRATLEITIMPL_220526_0408,valid,mikael,ilegivel,ilegivel,,,
PSP_EXTRATLEITIMPL_220526_0408_20000000015952958871_000.jpg,PSP_EXTRATLEITIMPL_220526_0408,valid,mikael,ilegivel,ilegivel,,,
PSP_EXTRATLEITIMPL_220526_0408_20000000015952962741_000.jpg,PSP_EXTRATLEITIMPL_220526_0408,valid,mikael,sem_medidor,sem_medidor,,,
PSP_EXTRATLEITIMPL_220526_0408_20000000015952964756_000.jpg,PSP_EXTRATLEITIMPL_220526_0408,valid,mikael,ilegivel,ilegivel,,,
PSP_EXTRATLEITIMPL_220526_0408_20000000015952965675_000.jpg,PSP_EXTRATLEITIMPL_220526_0408,valid,mikael,sem_medidor,sem_medidor,,,
PSP_EXTRATLEITIMPL_220526_0408_20000000015952966571_000.jpg,PSP_EXTRATLEITIMPL_220526_0408,valid,mikael+llama32v,legivel,ilegivel,legivel,31156,digitada_leiturista
PSP_EXTRATLEITIMPL_220526_0408_20000000015952970385_000.jpg,PSP_EXTRATLEITIMPL_220526_0408,valid,mikael,ilegivel,ilegivel,,,
PSP_EXTRATLEITIMPL_220526_0408_20000000015952971392_000.jpg,PSP_EXTRATLEITIMPL_220526_0408,valid,mikael,sem_medidor,sem_medidor,,,
PSP_EXTRATLEITIMPL_220526_0408_20000000016002944977_000.jpg,PSP_EXTRATLEITIMPL_220526_0408,valid,mikael,ilegivel,ilegivel,,,
PSP_EXTRATLEITIMPL_220526_0408_20000000016002945971_000.jpg,PSP_EXTRATLEITIMPL_220526_0408,valid,mikael+llama32v,legivel,ilegivel,legivel,51387,digitada_leiturista
PSP_EXTRATLEITIMPL_220526_0408_20000000016002945980_000.jpg,PSP_EXTRATLEITIMPL_220526_0408,valid,mikael,ilegivel,ilegivel,,,
PSP_EXTRATLEITIMPL_220526_0408_20000000016002947882_000.jpg,PSP_EXTRATLEITIMPL_220526_0408,valid,mikael,ilegivel,ilegivel,,,
PSP_EXTRATLEITIMPL_220526_0408_20000000016002947889_000.jpg,PSP_EXTRATLEITIMPL_220526_0408,valid,mikael,ilegivel,ilegivel,,,
PSP_EXTRATLEITIMPL_220526_0408_20000000016002954906_000.jpg,PSP_EXTRATLEITIMPL_220526_0408,valid,mikael,ilegivel,ilegivel,,,
PSP_EXTRATLEITIMPL_220526_0408_20000000016052957981_000.jpg,PSP_EXTRATLEITIMPL_220526_0408,valid,mikael,legivel,legivel,,45289,digitada_leiturista
PSP_EXTRATLEITIMPL_220526_0408_20000000016052967889_000.jpg,PSP_EXTRATLEITIMPL_220526_0408,valid,mikael+llama32v,legivel,ilegivel,legivel,89316,digitada_leiturista
PSP_EXTRATLEITIMPL_220526_0408_20000000016052972828_000.jpg,PSP_EXTRATLEITIMPL_220526_0408,valid,mikael,ilegivel,ilegivel,,,
PSP_EXTRATLEITIMPL_220526_0408_20000000016052972831_000.jpg,PSP_EXTRATLEITIMPL_220526_0408,valid,mikael+llama32v,legivel,ilegivel,legivel,2,digitada_leiturista
PSP_EXTRATLEITIMPL_220526_0408_20000000016052983228_000.jpg,PSP_EXTRATLEITIMPL_220526_0408,valid,mikael,ilegivel,ilegivel,,,
PSP_EXTRATLEITIMPL_220526_0408_20000000016052984184_000.jpg,PSP_EXTRATLEITIMPL_220526_0408,valid,mikael,ilegivel,ilegivel,,,
PSP_EXTRATLEITIMPL_220526_0408_20000000016052986001_000.jpg,PSP_EXTRATLEITIMPL_220526_0408,valid,mikael+llama32v,legivel,ilegivel,legivel,5261,digitada_leiturista
PSP_EXTRATLEITIMPL_220526_0408_20000000016102936991_000.jpg,PSP_EXTRATLEITIMPL_220526_0408,valid,mikael,ilegivel,ilegivel,,,
PSP_EXTRATLEITIMPL_220526_0408_20000000016102937961_000.jpg,PSP_EXTRATLEITIMPL_220526_0408,valid,mikael+llama32v,ilegivel,ilegivel,ilegivel,,
PSP_EXTRATLEITIMPL_220526_0408_20000000016102949849_000.jpg,PSP_EXTRATLEITIMPL_220526_0408,valid,mikael+llama32v,ilegivel,ilegivel,ilegivel,,
PSP_EXTRATLEITIMPL_220526_0408_20000000016102955639_000.jpg,PSP_EXTRATLEITIMPL_220526_0408,valid,mikael,ilegivel,ilegivel,,,
PSP_EXTRATLEITIMPL_220526_0408_20000000016102962400_000.jpg,PSP_EXTRATLEITIMPL_220526_0408,valid,mikael,legivel,legivel,,54,digitada_leiturista
PSP_EXTRATLEITIMPL_220526_0408_20000000016102963309_000.jpg,PSP_EXTRATLEITIMPL_220526_0408,valid,mikael,ilegivel,ilegivel,,,
PSP_EXTRATLEITIMPL_220526_0408_20000000016152952902_000.jpg,PSP_EXTRATLEITIMPL_220526_0408,valid,mikael,ilegivel,ilegivel,,,
PSP_EXTRATLEITIMPL_220526_0408_20000000016152954926_000.jpg,PSP_EXTRATLEITIMPL_220526_0408,valid,mikael,ilegivel,ilegivel,,,
PSP_EXTRATLEITIMPL_220526_0408_20000000016152957896_000.jpg,PSP_EXTRATLEITIMPL_220526_0408,valid,mikael,ilegivel,ilegivel,,,
PSP_EXTRATLEITIMPL_220526_0408_20000000016152967593_000.jpg,PSP_EXTRATLEITIMPL_220526_0408,valid,mikael,ilegivel,ilegivel,,,
PSP_EXTRATLEITIMPL_220526_0408_20000000016152968588_000.jpg,PSP_EXTRATLEITIMPL_220526_0408,valid,mikael,ilegivel,ilegivel,,,
PSP_EXTRATLEITIMPL_220526_0408_20000000016152970398_000.jpg,PSP_EXTRATLEITIMPL_220526_0408,valid,mikael,ilegivel,ilegivel,,,
PSP_EXTRATLEITIMPL_220526_0408_20000000016152973291_000.jpg,PSP_EXTRATLEITIMPL_220526_0408,valid,mikael,legivel,legivel,,13118,digitada_leiturista
PSP_EXTRATLEITIMPL_220526_0408_20000000016152975189_000.jpg,PSP_EXTRATLEITIMPL_220526_0408,valid,mikael+llama32v,ilegivel,ilegivel,ilegivel,,
PSP_EXTRATLEITIMPL_220526_0408_20000000016202967563_000.jpg,PSP_EXTRATLEITIMPL_220526_0408,valid,mikael,ilegivel,ilegivel,,,
PSP_EXTRATLEITIMPL_220526_0408_20000000016202969402_000.jpg,PSP_EXTRATLEITIMPL_220526_0408,valid,mikael,ilegivel,ilegivel,,,
PSP_EXTRATLEITIMPL_220526_0408_20000000016202970347_001.jpg,PSP_EXTRATLEITIMPL_220526_0408,valid,mikael,ilegivel,ilegivel,,,
PSP_EXTRATLEITIMPL_220526_0408_20000000016202970352_000.jpg,PSP_EXTRATLEITIMPL_220526_0408,valid,mikael,ilegivel,ilegivel,,,
PSP_EXTRATLEITIMPL_220526_0408_20000000016202971360_000.jpg,PSP_EXTRATLEITIMPL_220526_0408,valid,mikael+llama32v,legivel,ilegivel,legivel,4442,digitada_leiturista
PSP_EXTRATLEITIMPL_220526_0408_20000000016202975015_000.jpg,PSP_EXTRATLEITIMPL_220526_0408,valid,mikael+llama32v,legivel,legivel,legivel,5986,digitada_leiturista
PSP_EXTRATLEITIMPL_220526_0408_20000000016202977006_000.jpg,PSP_EXTRATLEITIMPL_220526_0408,valid,mikael,sem_medidor,sem_medidor,,,
PSP_EXTRATLEITIMPL_220526_0408_20000000016252947961_000.jpg,PSP_EXTRATLEITIMPL_220526_0408,valid,mikael,ilegivel,ilegivel,,,
PSP_EXTRATLEITIMPL_220526_0408_20000000016252951969_000.jpg,PSP_EXTRATLEITIMPL_220526_0408,valid,mikael,ilegivel,ilegivel,,,
PSP_EXTRATLEITIMPL_220526_0408_20000000016252954942_000.jpg,PSP_EXTRATLEITIMPL_220526_0408,valid,mikael+llama32v,sem_medidor,sem_medidor,sem_medidor,,
PSP_EXTRATLEITIMPL_220526_0408_20000000016252960887_000.jpg,PSP_EXTRATLEITIMPL_220526_0408,valid,mikael+llama32v,sem_medidor,sem_medidor,sem_medidor,,
PSP_EXTRATLEITIMPL_220526_0408_20000000016252964804_000.jpg,PSP_EXTRATLEITIMPL_220526_0408,valid,mikael+llama32v,legivel,legivel,legivel,32391,digitada_leiturista
PSP_EXTRATLEITIMPL_220526_0408_20000000016252965780_000.jpg,PSP_EXTRATLEITIMPL_220526_0408,valid,mikael,sem_medidor,sem_medidor,,,
PSP_EXTRATLEITIMPL_220526_0408_20000000016252966648_000.jpg,PSP_EXTRATLEITIMPL_220526_0408,valid,mikael,ilegivel,ilegivel,,,
PSP_EXTRATLEITIMPL_220526_0408_20000000016252967658_000.jpg,PSP_EXTRATLEITIMPL_220526_0408,valid,mikael+llama32v,ilegivel,sem_medidor,ilegivel,,
PSP_EXTRATLEITIMPL_220526_0408_20000000016252970584_000.jpg,PSP_EXTRATLEITIMPL_220526_0408,valid,mikael,ilegivel,ilegivel,,,
PSP_EXTRATLEITIMPL_220526_0408_20000000016252976187_000.jpg,PSP_EXTRATLEITIMPL_220526_0408,valid,mikael,ilegivel,ilegivel,,,
PSP_EXTRATLEITIMPL_220526_0408_20000000016252978033_000.jpg,PSP_EXTRATLEITIMPL_220526_0408,valid,mikael,ilegivel,ilegivel,,,
PSP_EXTRATLEITIMPL_220526_0408_20000000016302954973_000.jpg,PSP_EXTRATLEITIMPL_220526_0408,valid,mikael+llama32v,ilegivel,ilegivel,ilegivel,,
PSP_EXTRATLEITIMPL_220526_0408_20000000016302965856_000.jpg,PSP_EXTRATLEITIMPL_220526_0408,valid,mikael,ilegivel,ilegivel,,,
PSP_EXTRATLEITIMPL_220526_0408_20000000016302967780_000.jpg,PSP_EXTRATLEITIMPL_220526_0408,valid,mikael,ilegivel,ilegivel,,,
PSP_EXTRATLEITIMPL_220526_0408_20000000016302969710_000.jpg,PSP_EXTRATLEITIMPL_220526_0408,valid,mikael,ilegivel,ilegivel,,,
PSP_EXTRATLEITIMPL_220526_0408_20000000016302969713_001.jpg,PSP_EXTRATLEITIMPL_220526_0408,valid,mikael,legivel,legivel,,,
PSP_EXTRATLEITIMPL_220526_0408_20000000016302978195_000.jpg,PSP_EXTRATLEITIMPL_220526_0408,valid,mikael+llama32v,legivel,ilegivel,legivel,79404,digitada_leiturista
PSP_EXTRATLEITIMPL_220526_0408_20000000016302982015_000.jpg,PSP_EXTRATLEITIMPL_220526_0408,valid,mikael,ilegivel,ilegivel,,,
PSP_EXTRATLEITIMPL_220526_0408_20000000016302983013_000.jpg,PSP_EXTRATLEITIMPL_220526_0408,valid,mikael,ilegivel,ilegivel,,,
PSP_EXTRATLEITIMPL_220526_0408_20000000016302984006_000.jpg,PSP_EXTRATLEITIMPL_220526_0408,valid,mikael,ilegivel,ilegivel,,,
PSP_EXTRATLEITIMPL_220526_0408_20000000016352954982_000.jpg,PSP_EXTRATLEITIMPL_220526_0408,valid,mikael,ilegivel,ilegivel,,,
PSP_EXTRATLEITIMPL_220526_0408_20000000016352971506_000.jpg,PSP_EXTRATLEITIMPL_220526_0408,valid,mikael+llama32v,ilegivel,ilegivel,ilegivel,,
PSP_EXTRATLEITIMPL_220526_0408_20000000016352972550_001.jpg,PSP_EXTRATLEITIMPL_220526_0408,valid,mikael,ilegivel,ilegivel,,,
PSP_EXTRATLEITIMPL_220526_0408_20000000016352972570_000.jpg,PSP_EXTRATLEITIMPL_220526_0408,valid,mikael,ilegivel,ilegivel,,,
PSP_EXTRATLEITIMPL_220526_0408_20000000016352980009_000.jpg,PSP_EXTRATLEITIMPL_220526_0408,valid,mikael,ilegivel,ilegivel,,,
PSP_EXTRATLEITIMPL_220526_0408_20000000016402950889_000.jpg,PSP_EXTRATLEITIMPL_220526_0408,valid,mikael+llama32v,legivel,ilegivel,legivel,112873,digitada_leiturista
PSP_EXTRATLEITIMPL_220526_0408_20000000016402956813_000.jpg,PSP_EXTRATLEITIMPL_220526_0408,valid,mikael,ilegivel,ilegivel,,,
PSP_EXTRATLEITIMPL_220526_0408_20000000016402976073_000.jpg,PSP_EXTRATLEITIMPL_220526_0408,valid,mikael,ilegivel,ilegivel,,,
PSP_EXTRATLEITIMPL_220526_0408_20000000016452969871_000.jpg,PSP_EXTRATLEITIMPL_220526_0408,valid,mikael,legivel,legivel,,11896,digitada_leiturista
PSP_EXTRATLEITIMPL_220526_0408_20000000016452972916_000.jpg,PSP_EXTRATLEITIMPL_220526_0408,valid,mikael,ilegivel,ilegivel,,,
PSP_EXTRATLEITIMPL_220526_0408_20000000016452972920_000.jpg,PSP_EXTRATLEITIMPL_220526_0408,valid,mikael,ilegivel,ilegivel,,,
PSP_EXTRATLEITIMPL_220526_0408_20000000016452975823_001.jpg,PSP_EXTRATLEITIMPL_220526_0408,valid,mikael,legivel,legivel,,327,digitada_leiturista
PSP_EXTRATLEITIMPL_220526_0408_20000000016452977683_000.jpg,PSP_EXTRATLEITIMPL_220526_0408,valid,mikael,ilegivel,ilegivel,,,
PSP_EXTRATLEITIMPL_220526_0408_20000000016452977695_000.jpg,PSP_EXTRATLEITIMPL_220526_0408,valid,mikael,legivel,legivel,,8,digitada_leiturista
PSP_EXTRATLEITIMPL_220526_0408_20000000016452979609_000.jpg,PSP_EXTRATLEITIMPL_220526_0408,valid,mikael+llama32v,legivel,ilegivel,legivel,38241,digitada_leiturista
PSP_EXTRATLEITIMPL_220526_0408_20000000016452986277_003.jpg,PSP_EXTRATLEITIMPL_220526_0408,valid,mikael,ilegivel,ilegivel,,,
PSP_EXTRATLEITIMPL_220526_0408_20000000016452987174_000.jpg,PSP_EXTRATLEITIMPL_220526_0408,valid,mikael+llama32v,legivel,legivel,legivel,58427,digitada_leiturista
PSP_EXTRATLEITIMPL_220526_0408_20000000016452989020_000.jpg,PSP_EXTRATLEITIMPL_220526_0408,valid,mikael,sem_medidor,sem_medidor,,,
PSP_EXTRATLEITIMPL_220526_0408_20000000016452989042_000.jpg,PSP_EXTRATLEITIMPL_220526_0408,valid,mikael,ilegivel,ilegivel,,,
PSP_EXTRATLEITIMPL_220526_0408_20000000016452990014_000.jpg,PSP_EXTRATLEITIMPL_220526_0408,valid,mikael+llama32v,legivel,ilegivel,legivel,4528,digitada_leiturista
PSP_EXTRATLEITIMPL_220526_0408_20000000016502954903_000.jpg,PSP_EXTRATLEITIMPL_220526_0408,valid,mikael+llama32v,legivel,ilegivel,legivel,379684,digitada_leiturista
PSP_EXTRATLEITIMPL_220526_0408_20000000016502962632_000.jpg,PSP_EXTRATLEITIMPL_220526_0408,valid,mikael+llama32v,sem_medidor,sem_medidor,sem_medidor,,
PSP_EXTRATLEITIMPL_220526_0408_20000000016502962638_000.jpg,PSP_EXTRATLEITIMPL_220526_0408,valid,mikael,ilegivel,ilegivel,,,
PSP_EXTRATLEITIMPL_220526_0408_20000000016502963579_000.jpg,PSP_EXTRATLEITIMPL_220526_0408,valid,mikael,legivel,legivel,,5649,digitada_leiturista
PSP_EXTRATLEITIMPL_220526_0408_20000000016502975001_000.jpg,PSP_EXTRATLEITIMPL_220526_0408,valid,mikael,legivel,legivel,,209,digitada_leiturista
PSP_EXTRATLEITIMPL_220526_0408_20000000016552955992_000.jpg,PSP_EXTRATLEITIMPL_220526_0408,valid,mikael,ilegivel,ilegivel,,,
PSP_EXTRATLEITIMPL_220526_0408_20000000016552957941_000.jpg,PSP_EXTRATLEITIMPL_220526_0408,valid,mikael,legivel,legivel,,7318,digitada_leiturista
PSP_EXTRATLEITIMPL_220526_0408_20000000016552959984_000.jpg,PSP_EXTRATLEITIMPL_220526_0408,valid,mikael,ilegivel,ilegivel,,,
PSP_EXTRATLEITIMPL_220526_0408_20000000016552966844_000.jpg,PSP_EXTRATLEITIMPL_220526_0408,valid,mikael+llama32v,legivel,legivel,legivel,30603,digitada_leiturista
PSP_EXTRATLEITIMPL_220526_0408_20000000016552967772_000.jpg,PSP_EXTRATLEITIMPL_220526_0408,valid,mikael,sem_medidor,sem_medidor,,,
PSP_EXTRATLEITIMPL_220526_0408_20000000016552977330_000.jpg,PSP_EXTRATLEITIMPL_220526_0408,valid,mikael+llama32v,legivel,ilegivel,legivel,99999,digitada_leiturista
PSP_EXTRATLEITIMPL_220526_0408_20000000016552982013_000.jpg,PSP_EXTRATLEITIMPL_220526_0408,valid,mikael+llama32v,legivel,ilegivel,legivel,28434,digitada_leiturista
PSP_EXTRATLEITIMPL_220526_0408_20000000016602988956_000.jpg,PSP_EXTRATLEITIMPL_220526_0408,valid,mikael,ilegivel,ilegivel,,,
PSP_EXTRATLEITIMPL_220526_0408_20000000016602993685_000.jpg,PSP_EXTRATLEITIMPL_220526_0408,valid,mikael,ilegivel,ilegivel,,,
PSP_EXTRATLEITIMPL_220526_0408_20000000016602996623_000.jpg,PSP_EXTRATLEITIMPL_220526_0408,valid,mikael+llama32v,legivel,ilegivel,legivel,54050,digitada_leiturista
PSP_EXTRATLEITIMPL_220526_0408_20000000016602997547_000.jpg,PSP_EXTRATLEITIMPL_220526_0408,valid,mikael+llama32v,legivel,ilegivel,legivel,15921,digitada_leiturista
PSP_EXTRATLEITIMPL_220526_0408_20000000016603003195_000.jpg,PSP_EXTRATLEITIMPL_220526_0408,valid,mikael,ilegivel,ilegivel,,,
PSP_EXTRATLEITIMPL_220526_0408_20000000016603003208_000.jpg,PSP_EXTRATLEITIMPL_220526_0408,valid,mikael,legivel,legivel,,86079,digitada_leiturista
PSP_EXTRATLEITIMPL_220526_0408_20000000016603010024_000.jpg,PSP_EXTRATLEITIMPL_220526_0408,valid,mikael,ilegivel,ilegivel,,,
PSP_EXTRATLEITIMPL_220526_0408_20000000016652984765_000.jpg,PSP_EXTRATLEITIMPL_220526_0408,valid,mikael,ilegivel,ilegivel,,,
PSP_EXTRATLEITIMPL_220526_0408_20000000016652985810_000.jpg,PSP_EXTRATLEITIMPL_220526_0408,valid,mikael,ilegivel,ilegivel,,,
PSP_EXTRATLEITIMPL_220526_0408_20000000016652985814_000.jpg,PSP_EXTRATLEITIMPL_220526_0408,valid,mikael,sem_medidor,sem_medidor,,,
PSP_EXTRATLEITIMPL_220526_0408_20000000016652985827_000.jpg,PSP_EXTRATLEITIMPL_220526_0408,valid,mikael,sem_medidor,sem_medidor,,,
PSP_EXTRATLEITIMPL_220526_0408_20000000016652988592_000.jpg,PSP_EXTRATLEITIMPL_220526_0408,valid,mikael,legivel,legivel,,2815,digitada_leiturista
PSP_EXTRATLEITIMPL_220526_0408_20000000016652988594_000.jpg,PSP_EXTRATLEITIMPL_220526_0408,valid,mikael,legivel,legivel,,,
PSP_EXTRATLEITIMPL_220526_0408_20000000016652988598_000.jpg,PSP_EXTRATLEITIMPL_220526_0408,valid,mikael,ilegivel,ilegivel,,,
PSP_EXTRATLEITIMPL_220526_0408_20000000016652993399_000.jpg,PSP_EXTRATLEITIMPL_220526_0408,valid,mikael,ilegivel,ilegivel,,,
PSP_EXTRATLEITIMPL_220526_0408_20000000016702982906_000.jpg,PSP_EXTRATLEITIMPL_220526_0408,valid,mikael,ilegivel,ilegivel,,,
PSP_EXTRATLEITIMPL_220526_0408_20000000016702990781_000.jpg,PSP_EXTRATLEITIMPL_220526_0408,valid,mikael,ilegivel,ilegivel,,,
PSP_EXTRATLEITIMPL_220526_0408_20000000016702992680_000.jpg,PSP_EXTRATLEITIMPL_220526_0408,valid,mikael,sem_medidor,sem_medidor,,,
PSP_EXTRATLEITIMPL_220526_0408_20000000016703000395_000.jpg,PSP_EXTRATLEITIMPL_220526_0408,valid,mikael,legivel,legivel,,20,digitada_leiturista
PSP_EXTRATLEITIMPL_220526_0408_20000000016703004126_000.jpg,PSP_EXTRATLEITIMPL_220526_0408,valid,mikael,sem_medidor,sem_medidor,,,
PSP_EXTRATLEITIMPL_220526_0408_20000000016703009051_000.jpg,PSP_EXTRATLEITIMPL_220526_0408,valid,mikael,ilegivel,ilegivel,,,
PSP_EXTRATLEITIMPL_220526_0408_20000000016752966983_000.jpg,PSP_EXTRATLEITIMPL_220526_0408,valid,mikael,ilegivel,ilegivel,,,
PSP_EXTRATLEITIMPL_220526_0408_20000000016752966999_000.jpg,PSP_EXTRATLEITIMPL_220526_0408,valid,mikael+llama32v,legivel,ilegivel,legivel,2524,digitada_leiturista
PSP_EXTRATLEITIMPL_220526_0408_20000000016752974883_000.jpg,PSP_EXTRATLEITIMPL_220526_0408,valid,mikael,ilegivel,ilegivel,,,
PSP_EXTRATLEITIMPL_220526_0408_20000000016752978753_000.jpg,PSP_EXTRATLEITIMPL_220526_0408,valid,mikael+llama32v,legivel,legivel,legivel,10105,digitada_leiturista
PSP_EXTRATLEITIMPL_220526_0408_20000000016752983598_000.jpg,PSP_EXTRATLEITIMPL_220526_0408,valid,mikael+llama32v,ilegivel,ilegivel,ilegivel,,
PSP_EXTRATLEITIMPL_220526_0408_20000000016752990212_000.jpg,PSP_EXTRATLEITIMPL_220526_0408,valid,mikael+llama32v,legivel,ilegivel,legivel,1467,digitada_leiturista
PSP_EXTRATLEITIMPL_220526_0408_20000000016752991056_000.jpg,PSP_EXTRATLEITIMPL_220526_0408,valid,mikael,ilegivel,ilegivel,,,
PSP_EXTRATLEITIMPL_220526_0408_20000000016752994000_000.jpg,PSP_EXTRATLEITIMPL_220526_0408,valid,mikael,ilegivel,ilegivel,,,
PSP_EXTRATLEITIMPL_220526_0408_20000000016802983830_000.jpg,PSP_EXTRATLEITIMPL_220526_0408,valid,mikael,ilegivel,ilegivel,,,
PSP_EXTRATLEITIMPL_220526_0408_20000000016802986787_000.jpg,PSP_EXTRATLEITIMPL_220526_0408,valid,mikael,sem_medidor,sem_medidor,,,
PSP_EXTRATLEITIMPL_220526_0408_20000000016802997178_000.jpg,PSP_EXTRATLEITIMPL_220526_0408,valid,mikael,ilegivel,ilegivel,,,
PSP_EXTRATLEITIMPL_220526_0408_20000000016803000074_000.jpg,PSP_EXTRATLEITIMPL_220526_0408,valid,mikael,sem_medidor,sem_medidor,,,
PSP_EXTRATLEITIMPL_220526_0408_20000000016852987737_000.jpg,PSP_EXTRATLEITIMPL_220526_0408,valid,mikael,sem_medidor,sem_medidor,,,
PSP_EXTRATLEITIMPL_220526_0408_20000000016852997117_000.jpg,PSP_EXTRATLEITIMPL_220526_0408,valid,mikael,ilegivel,ilegivel,,,
PSP_EXTRATLEITIMPL_220526_0408_20000000016852998106_000.jpg,PSP_EXTRATLEITIMPL_220526_0408,valid,mikael,ilegivel,ilegivel,,,
PSP_EXTRATLEITIMPL_220526_0408_20000000016853000054_000.jpg,PSP_EXTRATLEITIMPL_220526_0408,valid,mikael+llama32v,legivel,ilegivel,legivel,12876,digitada_leiturista
PSP_EXTRATLEITIMPL_220526_0408_20000000016853005003_000.jpg,PSP_EXTRATLEITIMPL_220526_0408,valid,mikael,sem_medidor,sem_medidor,,,
PSP_EXTRATLEITIMPL_220526_0408_20000000016853006002_000.jpg,PSP_EXTRATLEITIMPL_220526_0408,valid,mikael,legivel,legivel,,4076,digitada_leiturista
PSP_EXTRATLEITIMPL_220526_0408_20000000016902982991_000.jpg,PSP_EXTRATLEITIMPL_220526_0408,valid,mikael,ilegivel,ilegivel,,,
PSP_EXTRATLEITIMPL_220526_0408_20000000016902990729_000.jpg,PSP_EXTRATLEITIMPL_220526_0408,valid,mikael,ilegivel,ilegivel,,,
PSP_EXTRATLEITIMPL_220526_0408_20000000016902991677_000.jpg,PSP_EXTRATLEITIMPL_220526_0408,valid,mikael+llama32v,ilegivel,ilegivel,ilegivel,,
PSP_EXTRATLEITIMPL_220526_0408_20000000016902991694_000.jpg,PSP_EXTRATLEITIMPL_220526_0408,valid,mikael,ilegivel,ilegivel,,,
PSP_EXTRATLEITIMPL_220526_0408_20000000016902991699_001.jpg,PSP_EXTRATLEITIMPL_220526_0408,valid,mikael,ilegivel,ilegivel,,,
PSP_EXTRATLEITIMPL_220526_0408_20000000016902992659_000.jpg,PSP_EXTRATLEITIMPL_220526_0408,valid,mikael,legivel,legivel,,7291,digitada_leiturista
PSP_EXTRATLEITIMPL_220526_0408_20000000016902993585_000.jpg,PSP_EXTRATLEITIMPL_220526_0408,valid,mikael,sem_medidor,sem_medidor,,,
PSP_EXTRATLEITIMPL_220526_0408_20000000016902993599_000.jpg,PSP_EXTRATLEITIMPL_220526_0408,valid,mikael+llama32v,ilegivel,ilegivel,ilegivel,,
PSP_EXTRATLEITIMPL_220526_0408_20000000016902996509_000.jpg,PSP_EXTRATLEITIMPL_220526_0408,valid,mikael,ilegivel,ilegivel,,,
PSP_EXTRATLEITIMPL_220526_0408_20000000016902997393_000.jpg,PSP_EXTRATLEITIMPL_220526_0408,valid,mikael,ilegivel,ilegivel,,,
PSP_EXTRATLEITIMPL_220526_0408_20000000016902998426_000.jpg,PSP_EXTRATLEITIMPL_220526_0408,valid,mikael,ilegivel,ilegivel,,,
PSP_EXTRATLEITIMPL_220526_0408_20000000016903002193_000.jpg,PSP_EXTRATLEITIMPL_220526_0408,valid,mikael,ilegivel,ilegivel,,,
PSP_EXTRATLEITIMPL_220526_0408_20000000016903008013_000.jpg,PSP_EXTRATLEITIMPL_220526_0408,valid,mikael+llama32v,legivel,ilegivel,legivel,4412,digitada_leiturista
PSP_EXTRATLEITIMPL_220526_0408_20000000016952982819_000.jpg,PSP_EXTRATLEITIMPL_220526_0408,valid,mikael+llama32v,legivel,ilegivel,legivel,15064,digitada_leiturista
PSP_EXTRATLEITIMPL_220526_0408_20000000016952986603_000.jpg,PSP_EXTRATLEITIMPL_220526_0408,valid,mikael+llama32v,legivel,legivel,legivel,1852,digitada_leiturista
PSP_EXTRATLEITIMPL_220526_0408_20000000016952987641_000.jpg,PSP_EXTRATLEITIMPL_220526_0408,valid,mikael,sem_medidor,sem_medidor,,,
PSP_EXTRATLEITIMPL_220526_0408_20000000016952992255_000.jpg,PSP_EXTRATLEITIMPL_220526_0408,valid,mikael,ilegivel,ilegivel,,,
PSP_EXTRATLEITIMPL_220526_0408_20000000016952992260_000.jpg,PSP_EXTRATLEITIMPL_220526_0408,valid,mikael,ilegivel,ilegivel,,,
PSP_EXTRATLEITIMPL_220526_0408_20000000016952994101_000.jpg,PSP_EXTRATLEITIMPL_220526_0408,valid,mikael,ilegivel,ilegivel,,,
PSP_EXTRATLEITIMPL_220526_0408_20000000016952996062_000.jpg,PSP_EXTRATLEITIMPL_220526_0408,valid,mikael,ilegivel,ilegivel,,,
PSP_EXTRATLEITIMPL_220526_0408_20000000016952998019_000.jpg,PSP_EXTRATLEITIMPL_220526_0408,valid,mikael,ilegivel,ilegivel,,,
PSP_EXTRATLEITIMPL_220526_0408_20000000016953001013_000.jpg,PSP_EXTRATLEITIMPL_220526_0408,valid,mikael+llama32v,legivel,ilegivel,legivel,3419,digitada_leiturista
PSP_EXTRATLEITIMPL_220526_0408_20000000017002989969_000.jpg,PSP_EXTRATLEITIMPL_220526_0408,valid,mikael,ilegivel,ilegivel,,,
PSP_EXTRATLEITIMPL_220526_0408_20000000017002992786_001.jpg,PSP_EXTRATLEITIMPL_220526_0408,valid,mikael,ilegivel,ilegivel,,,
PSP_EXTRATLEITIMPL_220526_0408_20000000017002994784_000.jpg,PSP_EXTRATLEITIMPL_220526_0408,valid,mikael,ilegivel,ilegivel,,,
PSP_EXTRATLEITIMPL_220526_0408_20000000017003005198_000.jpg,PSP_EXTRATLEITIMPL_220526_0408,valid,mikael+llama32v,sem_medidor,sem_medidor,sem_medidor,,
PSP_EXTRATLEITIMPL_220526_0408_20000000017003008039_000.jpg,PSP_EXTRATLEITIMPL_220526_0408,valid,mikael+llama32v,ilegivel,ilegivel,ilegivel,,
PSP_EXTRATLEITIMPL_220526_0408_20000000017052976971_000.jpg,PSP_EXTRATLEITIMPL_220526_0408,valid,mikael,ilegivel,ilegivel,,,
PSP_EXTRATLEITIMPL_220526_0408_20000000017052982814_000.jpg,PSP_EXTRATLEITIMPL_220526_0408,valid,mikael,ilegivel,ilegivel,,,
PSP_EXTRATLEITIMPL_220526_0408_20000000017052986674_000.jpg,PSP_EXTRATLEITIMPL_220526_0408,valid,mikael,ilegivel,ilegivel,,,
PSP_EXTRATLEITIMPL_220526_0408_20000000017052992405_000.jpg,PSP_EXTRATLEITIMPL_220526_0408,valid,mikael,ilegivel,ilegivel,,,
PSP_EXTRATLEITIMPL_220526_0408_20000000017052995166_000.jpg,PSP_EXTRATLEITIMPL_220526_0408,valid,mikael+llama32v,legivel,ilegivel,legivel,5501,digitada_leiturista
PSP_EXTRATLEITIMPL_220526_0408_20000000017052996147_000.jpg,PSP_EXTRATLEITIMPL_220526_0408,valid,mikael,ilegivel,ilegivel,,,
PSP_EXTRATLEITIMPL_220526_0408_20000000017053001001_000.jpg,PSP_EXTRATLEITIMPL_220526_0408,valid,mikael,ilegivel,ilegivel,,,
PSP_EXTRATLEITIMPL_220526_0408_20000000017102969943_000.jpg,PSP_EXTRATLEITIMPL_220526_0408,valid,mikael,ilegivel,ilegivel,,,
PSP_EXTRATLEITIMPL_220526_0408_20000000017102988298_000.jpg,PSP_EXTRATLEITIMPL_220526_0408,valid,mikael+llama32v,legivel,ilegivel,legivel,14936,digitada_leiturista
PSP_EXTRATLEITIMPL_220526_0408_20000000017102996019_001.jpg,PSP_EXTRATLEITIMPL_220526_0408,valid,mikael,sem_medidor,sem_medidor,,,
PSP_EXTRATLEITIMPL_220526_0408_20000000017152980993_000.jpg,PSP_EXTRATLEITIMPL_220526_0408,valid,mikael,ilegivel,ilegivel,,,
PSP_EXTRATLEITIMPL_220526_0408_20000000017152985943_000.jpg,PSP_EXTRATLEITIMPL_220526_0408,valid,mikael+llama32v,legivel,legivel,legivel,23351,digitada_leiturista
PSP_EXTRATLEITIMPL_220526_0408_20000000017152994614_000.jpg,PSP_EXTRATLEITIMPL_220526_0408,valid,mikael,ilegivel,ilegivel,,,
PSP_EXTRATLEITIMPL_220526_0408_20000000017152994617_000.jpg,PSP_EXTRATLEITIMPL_220526_0408,valid,mikael,legivel,legivel,,16991,digitada_leiturista
PSP_EXTRATLEITIMPL_220526_0408_20000000017152997385_000.jpg,PSP_EXTRATLEITIMPL_220526_0408,valid,mikael+llama32v,legivel,ilegivel,legivel,1645,digitada_leiturista
PSP_EXTRATLEITIMPL_220526_0408_20000000017153000165_000.jpg,PSP_EXTRATLEITIMPL_220526_0408,valid,mikael+llama32v,ilegivel,ilegivel,ilegivel,,
PSP_EXTRATLEITIMPL_220526_0408_20000000017202963992_000.jpg,PSP_EXTRATLEITIMPL_220526_0408,valid,mikael+llama32v,legivel,ilegivel,legivel,21970,digitada_leiturista
PSP_EXTRATLEITIMPL_220526_0408_20000000017202963995_000.jpg,PSP_EXTRATLEITIMPL_220526_0408,valid,mikael,ilegivel,ilegivel,,,
PSP_EXTRATLEITIMPL_220526_0408_20000000017202970875_000.jpg,PSP_EXTRATLEITIMPL_220526_0408,valid,mikael+llama32v,legivel,ilegivel,legivel,1142,digitada_leiturista
PSP_EXTRATLEITIMPL_220526_0408_20000000017202976721_003.jpg,PSP_EXTRATLEITIMPL_220526_0408,valid,mikael,ilegivel,ilegivel,,,
PSP_EXTRATLEITIMPL_220526_0408_20000000017202976736_000.jpg,PSP_EXTRATLEITIMPL_220526_0408,valid,mikael,legivel,legivel,,411,digitada_leiturista
PSP_EXTRATLEITIMPL_220526_0408_20000000017202980578_000.jpg,PSP_EXTRATLEITIMPL_220526_0408,valid,mikael+llama32v,legivel,legivel,legivel,4242,digitada_leiturista
PSP_EXTRATLEITIMPL_220526_0408_20000000017202984337_000.jpg,PSP_EXTRATLEITIMPL_220526_0408,valid,mikael+llama32v,legivel,legivel,legivel,2381,digitada_leiturista
PSP_EXTRATLEITIMPL_220526_0408_20000000017202986191_000.jpg,PSP_EXTRATLEITIMPL_220526_0408,valid,mikael,ilegivel,ilegivel,,,
PSP_EXTRATLEITIMPL_220526_0408_20000000017202986192_000.jpg,PSP_EXTRATLEITIMPL_220526_0408,valid,mikael,ilegivel,ilegivel,,,
PSP_EXTRATLEITIMPL_220526_0408_20000000017202993009_001.jpg,PSP_EXTRATLEITIMPL_220526_0408,valid,mikael,legivel,legivel,,7684,digitada_leiturista
PSP_EXTRATLEITIMPL_220526_0408_20000000017252977959_000.jpg,PSP_EXTRATLEITIMPL_220526_0408,valid,mikael,ilegivel,ilegivel,,,
PSP_EXTRATLEITIMPL_220526_0408_20000000017252983846_000.jpg,PSP_EXTRATLEITIMPL_220526_0408,valid,mikael,sem_medidor,sem_medidor,,,
PSP_EXTRATLEITIMPL_220526_0408_20000000017252985743_000.jpg,PSP_EXTRATLEITIMPL_220526_0408,valid,mikael,legivel,legivel,,5643,digitada_leiturista
PSP_EXTRATLEITIMPL_220526_0408_20000000017252989560_000.jpg,PSP_EXTRATLEITIMPL_220526_0408,valid,mikael,ilegivel,ilegivel,,,
PSP_EXTRATLEITIMPL_220526_0408_20000000017252991455_000.jpg,PSP_EXTRATLEITIMPL_220526_0408,valid,mikael,ilegivel,ilegivel,,,
PSP_EXTRATLEITIMPL_220526_0408_20000000017252992434_000.jpg,PSP_EXTRATLEITIMPL_220526_0408,valid,mikael,ilegivel,ilegivel,,,
PSP_EXTRATLEITIMPL_220526_0408_20000000017252993321_000.jpg,PSP_EXTRATLEITIMPL_220526_0408,valid,mikael,ilegivel,ilegivel,,,
PSP_EXTRATLEITIMPL_220526_0408_20000000017252998062_000.jpg,PSP_EXTRATLEITIMPL_220526_0408,valid,mikael,sem_medidor,sem_medidor,,,
PSP_EXTRATLEITIMPL_220526_0408_20000000017253003040_000.jpg,PSP_EXTRATLEITIMPL_220526_0408,valid,mikael,ilegivel,ilegivel,,,
PSP_EXTRATLEITIMPL_220526_0408_20000000017253004011_000.jpg,PSP_EXTRATLEITIMPL_220526_0408,valid,mikael,ilegivel,ilegivel,,,
PSP_EXTRATLEITIMPL_220526_0408_20000000017253004015_001.jpg,PSP_EXTRATLEITIMPL_220526_0408,valid,mikael,ilegivel,ilegivel,,,
PSP_EXTRATLEITIMPL_220526_0408_20000000017302977953_000.jpg,PSP_EXTRATLEITIMPL_220526_0408,valid,mikael,legivel,legivel,,,
PSP_EXTRATLEITIMPL_220526_0408_20000000017302980975_000.jpg,PSP_EXTRATLEITIMPL_220526_0408,valid,mikael+llama32v,legivel,ilegivel,legivel,68984,digitada_leiturista
PSP_EXTRATLEITIMPL_220526_0408_20000000017302984920_000.jpg,PSP_EXTRATLEITIMPL_220526_0408,valid,mikael,ilegivel,ilegivel,,,
PSP_EXTRATLEITIMPL_220526_0408_20000000017302984923_000.jpg,PSP_EXTRATLEITIMPL_220526_0408,valid,mikael+llama32v,legivel,ilegivel,legivel,22027,digitada_leiturista
PSP_EXTRATLEITIMPL_220526_0408_20000000017302987928_000.jpg,PSP_EXTRATLEITIMPL_220526_0408,valid,mikael,sem_medidor,sem_medidor,,,
PSP_EXTRATLEITIMPL_220526_0408_20000000017302994622_000.jpg,PSP_EXTRATLEITIMPL_220526_0408,valid,mikael,ilegivel,ilegivel,,,
PSP_EXTRATLEITIMPL_220526_0408_20000000017302994627_000.jpg,PSP_EXTRATLEITIMPL_220526_0408,valid,mikael,legivel,legivel,,,
PSP_EXTRATLEITIMPL_220526_0408_20000000017302998408_000.jpg,PSP_EXTRATLEITIMPL_220526_0408,valid,mikael,ilegivel,ilegivel,,,
PSP_EXTRATLEITIMPL_220526_0408_20000000017302999444_000.jpg,PSP_EXTRATLEITIMPL_220526_0408,valid,mikael,ilegivel,ilegivel,,,
PSP_EXTRATLEITIMPL_220526_0408_20000000017303000262_000.jpg,PSP_EXTRATLEITIMPL_220526_0408,valid,mikael,ilegivel,ilegivel,,,
PSP_EXTRATLEITIMPL_220526_0408_20000000017303002187_000.jpg,PSP_EXTRATLEITIMPL_220526_0408,valid,mikael+llama32v,legivel,ilegivel,legivel,69110,digitada_leiturista
PSP_EXTRATLEITIMPL_220526_0408_20000000017303006024_000.jpg,PSP_EXTRATLEITIMPL_220526_0408,valid,mikael+llama32v,ilegivel,ilegivel,ilegivel,,
PSP_EXTRATLEITIMPL_220526_0408_20000000017303006031_000.jpg,PSP_EXTRATLEITIMPL_220526_0408,valid,mikael+llama32v,sem_medidor,sem_medidor,sem_medidor,,
PSP_EXTRATLEITIMPL_220526_0408_20000000017303007009_000.jpg,PSP_EXTRATLEITIMPL_220526_0408,valid,mikael,legivel,legivel,,21367,digitada_leiturista
PSP_EXTRATLEITIMPL_220526_0408_20000000017352989968_000.jpg,PSP_EXTRATLEITIMPL_220526_0408,valid,mikael,ilegivel,ilegivel,,,
PSP_EXTRATLEITIMPL_220526_0408_20000000017352991909_000.jpg,PSP_EXTRATLEITIMPL_220526_0408,valid,mikael+llama32v,legivel,ilegivel,legivel,42252,digitada_leiturista
PSP_EXTRATLEITIMPL_220526_0408_20000000017352999657_000.jpg,PSP_EXTRATLEITIMPL_220526_0408,valid,mikael+llama32v,sem_medidor,sem_medidor,sem_medidor,,
PSP_EXTRATLEITIMPL_220526_0408_20000000017352999662_000.jpg,PSP_EXTRATLEITIMPL_220526_0408,valid,mikael,ilegivel,ilegivel,,,
PSP_EXTRATLEITIMPL_220526_0408_20000000017353002634_000.jpg,PSP_EXTRATLEITIMPL_220526_0408,valid,mikael,legivel,legivel,,458,digitada_leiturista
PSP_EXTRATLEITIMPL_220526_0408_20000000017353005427_001.jpg,PSP_EXTRATLEITIMPL_220526_0408,valid,mikael,sem_medidor,sem_medidor,,,
PSP_EXTRATLEITIMPL_220526_0408_20000000017353006367_000.jpg,PSP_EXTRATLEITIMPL_220526_0408,valid,mikael+llama32v,ilegivel,ilegivel,ilegivel,,
PSP_EXTRATLEITIMPL_220526_0408_20000000017353007390_000.jpg,PSP_EXTRATLEITIMPL_220526_0408,valid,mikael,ilegivel,ilegivel,,,
PSP_EXTRATLEITIMPL_220526_0408_20000000017353008308_000.jpg,PSP_EXTRATLEITIMPL_220526_0408,valid,mikael,ilegivel,ilegivel,,,
PSP_EXTRATLEITIMPL_220526_0408_20000000017353011090_000.jpg,PSP_EXTRATLEITIMPL_220526_0408,valid,mikael,ilegivel,ilegivel,,,
PSP_EXTRATLEITIMPL_220526_0408_20000000017402983871_000.jpg,PSP_EXTRATLEITIMPL_220526_0408,valid,mikael,legivel,legivel,,27053,digitada_leiturista
PSP_EXTRATLEITIMPL_220526_0408_20000000017402986834_000.jpg,PSP_EXTRATLEITIMPL_220526_0408,valid,mikael,ilegivel,ilegivel,,,
PSP_EXTRATLEITIMPL_220526_0408_20000000017402989690_001.jpg,PSP_EXTRATLEITIMPL_220526_0408,valid,mikael,sem_medidor,sem_medidor,,,
PSP_EXTRATLEITIMPL_220526_0408_20000000017402989698_000.jpg,PSP_EXTRATLEITIMPL_220526_0408,valid,mikael+llama32v,sem_medidor,sem_medidor,sem_medidor,,
PSP_EXTRATLEITIMPL_220526_0408_20000000017402991622_000.jpg,PSP_EXTRATLEITIMPL_220526_0408,valid,mikael,ilegivel,ilegivel,,,
PSP_EXTRATLEITIMPL_220526_0408_20000000017402994456_000.jpg,PSP_EXTRATLEITIMPL_220526_0408,valid,mikael,ilegivel,ilegivel,,,
PSP_EXTRATLEITIMPL_220526_0408_20000000017402995397_000.jpg,PSP_EXTRATLEITIMPL_220526_0408,valid,mikael,sem_medidor,sem_medidor,,,
PSP_EXTRATLEITIMPL_220526_0408_20000000017403000148_000.jpg,PSP_EXTRATLEITIMPL_220526_0408,valid,mikael+llama32v,legivel,ilegivel,legivel,152,digitada_leiturista
PSP_EXTRATLEITIMPL_220526_0408_20000000017403001075_000.jpg,PSP_EXTRATLEITIMPL_220526_0408,valid,mikael,ilegivel,ilegivel,,,
PSP_EXTRATLEITIMPL_220526_0408_20000000017403001080_000.jpg,PSP_EXTRATLEITIMPL_220526_0408,valid,mikael+llama32v,legivel,legivel,legivel,99999,digitada_leiturista
PSP_EXTRATLEITIMPL_220526_0408_20000000017403003021_000.jpg,PSP_EXTRATLEITIMPL_220526_0408,valid,mikael,sem_medidor,sem_medidor,,,
PSP_EXTRATLEITIMPL_220526_0408_20000000017403004010_000.jpg,PSP_EXTRATLEITIMPL_220526_0408,valid,mikael,ilegivel,ilegivel,,,
PSP_EXTRATLEITIMPL_220526_0408_20000000017403004013_000.jpg,PSP_EXTRATLEITIMPL_220526_0408,valid,mikael,legivel,legivel,,28296,digitada_leiturista
PSP_EXTRATLEITIMPL_220526_0408_20000000017452969917_000.jpg,PSP_EXTRATLEITIMPL_220526_0408,valid,mikael,ilegivel,ilegivel,,,
PSP_EXTRATLEITIMPL_220526_0408_20000000017452991070_000.jpg,PSP_EXTRATLEITIMPL_220526_0408,valid,mikael+llama32v,legivel,legivel,legivel,5454,digitada_leiturista
PSP_EXTRATLEITIMPL_220526_0408_20000000017452993058_000.jpg,PSP_EXTRATLEITIMPL_220526_0408,valid,mikael,ilegivel,ilegivel,,,
PSP_EXTRATLEITIMPL_220526_0408_20000000017452993063_000.jpg,PSP_EXTRATLEITIMPL_220526_0408,valid,mikael,ilegivel,ilegivel,,,
PSP_EXTRATLEITIMPL_220526_0408_20000000017502972994_000.jpg,PSP_EXTRATLEITIMPL_220526_0408,valid,mikael,ilegivel,ilegivel,,,
PSP_EXTRATLEITIMPL_220526_0408_20000000017502979808_000.jpg,PSP_EXTRATLEITIMPL_220526_0408,valid,mikael,legivel,legivel,,28832,digitada_leiturista
PSP_EXTRATLEITIMPL_220526_0408_20000000017502981761_000.jpg,PSP_EXTRATLEITIMPL_220526_0408,valid,mikael,ilegivel,ilegivel,,,
PSP_EXTRATLEITIMPL_220526_0408_20000000017502984645_000.jpg,PSP_EXTRATLEITIMPL_220526_0408,valid,mikael,legivel,legivel,,86832,digitada_leiturista
PSP_EXTRATLEITIMPL_220526_0408_20000000017502988444_000.jpg,PSP_EXTRATLEITIMPL_220526_0408,valid,mikael,ilegivel,ilegivel,,,
PSP_EXTRATLEITIMPL_220526_0408_20000000017502994024_000.jpg,PSP_EXTRATLEITIMPL_220526_0408,valid,mikael+llama32v,legivel,ilegivel,legivel,8539,digitada_leiturista
PSP_EXTRATLEITIMPL_220526_0408_20000000017552992543_000.jpg,PSP_EXTRATLEITIMPL_220526_0408,valid,mikael,ilegivel,ilegivel,,,
PSP_EXTRATLEITIMPL_220526_0408_20000000017552999228_000.jpg,PSP_EXTRATLEITIMPL_220526_0408,valid,mikael,ilegivel,ilegivel,,,
PSP_EXTRATLEITIMPL_220526_0408_20000000017553005014_000.jpg,PSP_EXTRATLEITIMPL_220526_0408,valid,mikael,ilegivel,ilegivel,,,
PSP_EXTRATLEITIMPL_220526_0408_20000000017553005021_000.jpg,PSP_EXTRATLEITIMPL_220526_0408,valid,mikael+llama32v,legivel,ilegivel,legivel,8796,digitada_leiturista
PSP_EXTRATLEITIMPL_220526_0408_20000000017602974425_000.jpg,PSP_EXTRATLEITIMPL_220526_0408,valid,mikael,legivel,legivel,,23710,digitada_leiturista
PSP_EXTRATLEITIMPL_220526_0408_20000000017602984000_001.jpg,PSP_EXTRATLEITIMPL_220526_0408,valid,mikael,ilegivel,ilegivel,,,
PSP_EXTRATLEITIMPL_220526_0408_20000000017602985004_000.jpg,PSP_EXTRATLEITIMPL_220526_0408,valid,mikael,sem_medidor,sem_medidor,,,
PSP_EXTRATLEITIMPL_220526_0408_20000000017602985024_000.jpg,PSP_EXTRATLEITIMPL_220526_0408,valid,mikael,ilegivel,ilegivel,,,
PSP_EXTRATLEITIMPL_220526_0408_20000000017652984806_000.jpg,PSP_EXTRATLEITIMPL_220526_0408,valid,mikael,legivel,legivel,,86056,digitada_leiturista
PSP_EXTRATLEITIMPL_220526_0408_20000000017652985824_000.jpg,PSP_EXTRATLEITIMPL_220526_0408,valid,mikael+llama32v,ilegivel,sem_medidor,ilegivel,,
PSP_EXTRATLEITIMPL_220526_0408_20000000017652985829_000.jpg,PSP_EXTRATLEITIMPL_220526_0408,valid,mikael,legivel,legivel,,5464,digitada_leiturista
PSP_EXTRATLEITIMPL_220526_0408_20000000017652986764_000.jpg,PSP_EXTRATLEITIMPL_220526_0408,valid,mikael,ilegivel,ilegivel,,,
PSP_EXTRATLEITIMPL_220526_0408_20000000017652988683_000.jpg,PSP_EXTRATLEITIMPL_220526_0408,valid,mikael,legivel,legivel,,,
PSP_EXTRATLEITIMPL_220526_0408_20000000017652990636_000.jpg,PSP_EXTRATLEITIMPL_220526_0408,valid,mikael,ilegivel,ilegivel,,,
PSP_EXTRATLEITIMPL_220526_0408_20000000017652994464_000.jpg,PSP_EXTRATLEITIMPL_220526_0408,valid,mikael,ilegivel,ilegivel,,,
PSP_EXTRATLEITIMPL_220526_0408_20000000017653000099_000.jpg,PSP_EXTRATLEITIMPL_220526_0408,valid,mikael,ilegivel,ilegivel,,,
PSP_EXTRATLEITIMPL_220526_0408_20000000017653002044_000.jpg,PSP_EXTRATLEITIMPL_220526_0408,valid,mikael,ilegivel,ilegivel,,,
PSP_EXTRATLEITIMPL_220526_0408_20000000017653004020_000.jpg,PSP_EXTRATLEITIMPL_220526_0408,valid,mikael,sem_medidor,sem_medidor,,,
PSP_EXTRATLEITIMPL_220526_0408_20000000017702979973_000.jpg,PSP_EXTRATLEITIMPL_220526_0408,valid,mikael+llama32v,legivel,ilegivel,legivel,11362,digitada_leiturista
PSP_EXTRATLEITIMPL_220526_0408_20000000017702982806_000.jpg,PSP_EXTRATLEITIMPL_220526_0408,valid,mikael+llama32v,ilegivel,ilegivel,ilegivel,,
PSP_EXTRATLEITIMPL_220526_0408_20000000017702987677_000.jpg,PSP_EXTRATLEITIMPL_220526_0408,valid,mikael+llama32v,ilegivel,ilegivel,ilegivel,,
PSP_EXTRATLEITIMPL_220526_0408_20000000017702988629_000.jpg,PSP_EXTRATLEITIMPL_220526_0408,valid,mikael,ilegivel,ilegivel,,,
PSP_EXTRATLEITIMPL_220526_0408_20000000017702992444_000.jpg,PSP_EXTRATLEITIMPL_220526_0408,valid,mikael,legivel,legivel,,7103,digitada_leiturista
PSP_EXTRATLEITIMPL_220526_0408_20000000017702999080_000.jpg,PSP_EXTRATLEITIMPL_220526_0408,valid,mikael,ilegivel,ilegivel,,,
PSP_EXTRATLEITIMPL_220526_0408_20000000017702999088_000.jpg,PSP_EXTRATLEITIMPL_220526_0408,valid,mikael,ilegivel,ilegivel,,,
PSP_EXTRATLEITIMPL_220526_0408_20000000017703000048_000.jpg,PSP_EXTRATLEITIMPL_220526_0408,valid,mikael,ilegivel,ilegivel,,,
PSP_EXTRATLEITIMPL_220526_0408_20000000017752972985_000.jpg,PSP_EXTRATLEITIMPL_220526_0408,valid,mikael,ilegivel,ilegivel,,,
PSP_EXTRATLEITIMPL_220526_0408_20000000017752973978_000.jpg,PSP_EXTRATLEITIMPL_220526_0408,valid,mikael,ilegivel,ilegivel,,,
PSP_EXTRATLEITIMPL_220526_0408_20000000017752974941_000.jpg,PSP_EXTRATLEITIMPL_220526_0408,valid,mikael,ilegivel,ilegivel,,,
PSP_EXTRATLEITIMPL_220526_0408_20000000017752981837_000.jpg,PSP_EXTRATLEITIMPL_220526_0408,valid,mikael,ilegivel,ilegivel,,,
PSP_EXTRATLEITIMPL_220526_0408_20000000017752983769_000.jpg,PSP_EXTRATLEITIMPL_220526_0408,valid,mikael,ilegivel,ilegivel,,,
PSP_EXTRATLEITIMPL_220526_0408_20000000017752983771_000.jpg,PSP_EXTRATLEITIMPL_220526_0408,valid,mikael,ilegivel,ilegivel,,,
PSP_EXTRATLEITIMPL_220526_0408_20000000017752984671_000.jpg,PSP_EXTRATLEITIMPL_220526_0408,valid,mikael,ilegivel,ilegivel,,,
PSP_EXTRATLEITIMPL_220526_0408_20000000017752989450_000.jpg,PSP_EXTRATLEITIMPL_220526_0408,valid,mikael,ilegivel,ilegivel,,,
PSP_EXTRATLEITIMPL_220526_0408_20000000017752990418_000.jpg,PSP_EXTRATLEITIMPL_220526_0408,valid,mikael,ilegivel,ilegivel,,,
PSP_EXTRATLEITIMPL_220526_0408_20000000017752992243_000.jpg,PSP_EXTRATLEITIMPL_220526_0408,valid,mikael+llama32v,legivel,ilegivel,legivel,98227,digitada_leiturista
PSP_EXTRATLEITIMPL_220526_0408_20000000017752995031_000.jpg,PSP_EXTRATLEITIMPL_220526_0408,valid,mikael,ilegivel,ilegivel,,,
PSP_EXTRATLEITIMPL_220526_0408_20000000017752996033_000.jpg,PSP_EXTRATLEITIMPL_220526_0408,valid,mikael,ilegivel,ilegivel,,,
PSP_EXTRATLEITIMPL_220526_0408_20000000017752996041_000.jpg,PSP_EXTRATLEITIMPL_220526_0408,valid,mikael,ilegivel,ilegivel,,,
PSP_EXTRATLEITIMPL_220526_0408_20000000017752998022_000.jpg,PSP_EXTRATLEITIMPL_220526_0408,valid,mikael+llama32v,legivel,ilegivel,legivel,1300,digitada_leiturista
PSP_EXTRATLEITIMPL_220526_0408_20000000017802978999_000.jpg,PSP_EXTRATLEITIMPL_220526_0408,valid,mikael,ilegivel,ilegivel,,,
PSP_EXTRATLEITIMPL_220526_0408_20000000017802990570_000.jpg,PSP_EXTRATLEITIMPL_220526_0408,valid,mikael,ilegivel,ilegivel,,,
PSP_EXTRATLEITIMPL_220526_0408_20000000017802993482_001.jpg,PSP_EXTRATLEITIMPL_220526_0408,valid,mikael,ilegivel,ilegivel,,,
PSP_EXTRATLEITIMPL_220526_0408_20000000017802998164_000.jpg,PSP_EXTRATLEITIMPL_220526_0408,valid,mikael,ilegivel,ilegivel,,,
PSP_EXTRATLEITIMPL_220526_0408_20000000017803000010_000.jpg,PSP_EXTRATLEITIMPL_220526_0408,valid,mikael,ilegivel,ilegivel,,,
PSP_EXTRATLEITIMPL_220526_0408_20000000017803004015_000.jpg,PSP_EXTRATLEITIMPL_220526_0408,valid,mikael+llama32v,legivel,ilegivel,legivel,9319,digitada_leiturista
PSP_EXTRATLEITIMPL_220526_0408_20000000017852979915_000.jpg,PSP_EXTRATLEITIMPL_220526_0408,valid,mikael,ilegivel,ilegivel,,,
PSP_EXTRATLEITIMPL_220526_0408_20000000017852986689_000.jpg,PSP_EXTRATLEITIMPL_220526_0408,valid,mikael,ilegivel,ilegivel,,,
PSP_EXTRATLEITIMPL_220526_0408_20000000017852992432_000.jpg,PSP_EXTRATLEITIMPL_220526_0408,valid,mikael,legivel,legivel,,26619,digitada_leiturista
PSP_EXTRATLEITIMPL_220526_0408_20000000017902976821_000.jpg,PSP_EXTRATLEITIMPL_220526_0408,valid,mikael,sem_medidor,sem_medidor,,,
PSP_EXTRATLEITIMPL_220526_0408_20000000017902978675_000.jpg,PSP_EXTRATLEITIMPL_220526_0408,valid,mikael,ilegivel,ilegivel,,,
PSP_EXTRATLEITIMPL_220526_0408_20000000017902980665_000.jpg,PSP_EXTRATLEITIMPL_220526_0408,valid,mikael,ilegivel,ilegivel,,,
PSP_EXTRATLEITIMPL_220526_0408_20000000017902982465_000.jpg,PSP_EXTRATLEITIMPL_220526_0408,valid,mikael,sem_medidor,sem_medidor,,,
PSP_EXTRATLEITIMPL_220526_0408_20000000017902983426_000.jpg,PSP_EXTRATLEITIMPL_220526_0408,valid,mikael+llama32v,ilegivel,ilegivel,ilegivel,,
PSP_EXTRATLEITIMPL_220526_0408_20000000017902986283_000.jpg,PSP_EXTRATLEITIMPL_220526_0408,valid,mikael+llama32v,legivel,legivel,legivel,1504,digitada_leiturista
PSP_EXTRATLEITIMPL_220526_0408_20000000017902990049_000.jpg,PSP_EXTRATLEITIMPL_220526_0408,valid,mikael,ilegivel,ilegivel,,,
PSP_EXTRATLEITIMPL_220526_0408_20000000017952961922_000.jpg,PSP_EXTRATLEITIMPL_220526_0408,valid,mikael,ilegivel,ilegivel,,,
PSP_EXTRATLEITIMPL_220526_0408_20000000017952968825_000.jpg,PSP_EXTRATLEITIMPL_220526_0408,valid,mikael+llama32v,ilegivel,sem_medidor,ilegivel,,
PSP_EXTRATLEITIMPL_220526_0408_20000000017952973617_000.jpg,PSP_EXTRATLEITIMPL_220526_0408,valid,mikael,ilegivel,ilegivel,,,
PSP_EXTRATLEITIMPL_220526_0408_20000000017952982086_000.jpg,PSP_EXTRATLEITIMPL_220526_0408,valid,mikael+llama32v,ilegivel,ilegivel,ilegivel,,
PSP_EXTRATLEITIMPL_220526_0408_20000000017952985028_000.jpg,PSP_EXTRATLEITIMPL_220526_0408,valid,mikael,ilegivel,ilegivel,,,
PSP_EXTRATLEITIMPL_220526_0408_20000000017952986007_000.jpg,PSP_EXTRATLEITIMPL_220526_0408,valid,mikael,ilegivel,ilegivel,,,
PSP_EXTRATLEITIMPL_220526_0408_20000000017952986008_000.jpg,PSP_EXTRATLEITIMPL_220526_0408,valid,mikael+llama32v,legivel,ilegivel,legivel,57178,digitada_leiturista
PSP_EXTRATLEITIMPL_220526_0408_20000000018002973927_000.jpg,PSP_EXTRATLEITIMPL_220526_0408,valid,mikael+llama32v,legivel,ilegivel,legivel,292,digitada_leiturista
PSP_EXTRATLEITIMPL_220526_0408_20000000018002977952_000.jpg,PSP_EXTRATLEITIMPL_220526_0408,valid,mikael,ilegivel,ilegivel,,,
PSP_EXTRATLEITIMPL_220526_0408_20000000018002985734_000.jpg,PSP_EXTRATLEITIMPL_220526_0408,valid,mikael,ilegivel,ilegivel,,,
PSP_EXTRATLEITIMPL_220526_0408_20000000018002992449_000.jpg,PSP_EXTRATLEITIMPL_220526_0408,valid,mikael,ilegivel,ilegivel,,,
PSP_EXTRATLEITIMPL_220526_0408_20000000018002999105_000.jpg,PSP_EXTRATLEITIMPL_220526_0408,valid,mikael,ilegivel,ilegivel,,,
PSP_EXTRATLEITIMPL_220526_0408_20000000018052957998_000.jpg,PSP_EXTRATLEITIMPL_220526_0408,valid,mikael,ilegivel,ilegivel,,,
PSP_EXTRATLEITIMPL_220526_0408_20000000018052964827_000.jpg,PSP_EXTRATLEITIMPL_220526_0408,valid,mikael,ilegivel,ilegivel,,,
PSP_EXTRATLEITIMPL_220526_0408_20000000018052968612_000.jpg,PSP_EXTRATLEITIMPL_220526_0408,valid,mikael,ilegivel,ilegivel,,,
PSP_EXTRATLEITIMPL_220526_0408_20000000018052973384_000.jpg,PSP_EXTRATLEITIMPL_220526_0408,valid,mikael+llama32v,sem_medidor,sem_medidor,sem_medidor,,
PSP_EXTRATLEITIMPL_220526_0408_20000000018052974373_000.jpg,PSP_EXTRATLEITIMPL_220526_0408,valid,mikael+llama32v,legivel,legivel,legivel,275834,digitada_leiturista
PSP_EXTRATLEITIMPL_220526_0408_20000000018052976267_000.jpg,PSP_EXTRATLEITIMPL_220526_0408,valid,mikael+llama32v,legivel,ilegivel,legivel,5081,digitada_leiturista
PSP_EXTRATLEITIMPL_220526_0408_20000000018052976270_000.jpg,PSP_EXTRATLEITIMPL_220526_0408,valid,mikael,ilegivel,ilegivel,,,
PSP_EXTRATLEITIMPL_220526_0408_20000000018052977204_000.jpg,PSP_EXTRATLEITIMPL_220526_0408,valid,mikael,ilegivel,ilegivel,,,
PSP_EXTRATLEITIMPL_220526_0408_20000000018052981007_000.jpg,PSP_EXTRATLEITIMPL_220526_0408,valid,mikael,legivel,legivel,,2403,digitada_leiturista
PSP_EXTRATLEITIMPL_220526_0408_20000000018102982655_000.jpg,PSP_EXTRATLEITIMPL_220526_0408,valid,mikael,ilegivel,ilegivel,,,
PSP_EXTRATLEITIMPL_220526_0408_20000000018102984603_000.jpg,PSP_EXTRATLEITIMPL_220526_0408,valid,mikael,sem_medidor,sem_medidor,,,
PSP_EXTRATLEITIMPL_220526_0408_20000000018102992166_000.jpg,PSP_EXTRATLEITIMPL_220526_0408,valid,mikael,ilegivel,ilegivel,,,
PSP_EXTRATLEITIMPL_220526_0408_20000000018102995070_000.jpg,PSP_EXTRATLEITIMPL_220526_0408,valid,mikael,sem_medidor,sem_medidor,,,
PSP_EXTRATLEITIMPL_220526_0408_20000000018102999010_000.jpg,PSP_EXTRATLEITIMPL_220526_0408,valid,mikael+llama32v,legivel,ilegivel,legivel,11758,digitada_leiturista
PSP_EXTRATLEITIMPL_220526_0408_20000000018152964916_000.jpg,PSP_EXTRATLEITIMPL_220526_0408,valid,mikael,ilegivel,ilegivel,,,
PSP_EXTRATLEITIMPL_220526_0408_20000000018152968844_000.jpg,PSP_EXTRATLEITIMPL_220526_0408,valid,mikael,ilegivel,ilegivel,,,
PSP_EXTRATLEITIMPL_220526_0408_20000000018152980283_000.jpg,PSP_EXTRATLEITIMPL_220526_0408,valid,mikael,sem_medidor,sem_medidor,,,
PSP_EXTRATLEITIMPL_220526_0408_20000000018152982168_000.jpg,PSP_EXTRATLEITIMPL_220526_0408,valid,mikael,ilegivel,ilegivel,,,
PSP_EXTRATLEITIMPL_220526_0408_20000000018202964978_000.jpg,PSP_EXTRATLEITIMPL_220526_0408,valid,mikael,ilegivel,ilegivel,,,
PSP_EXTRATLEITIMPL_220526_0408_20000000018202965960_000.jpg,PSP_EXTRATLEITIMPL_220526_0408,valid,mikael,ilegivel,ilegivel,,,
PSP_EXTRATLEITIMPL_220526_0408_20000000018202967951_000.jpg,PSP_EXTRATLEITIMPL_220526_0408,valid,mikael,ilegivel,ilegivel,,,
PSP_EXTRATLEITIMPL_220526_0408_20000000018202975762_000.jpg,PSP_EXTRATLEITIMPL_220526_0408,valid,mikael,ilegivel,ilegivel,,,
PSP_EXTRATLEITIMPL_220526_0408_20000000018202975765_000.jpg,PSP_EXTRATLEITIMPL_220526_0408,valid,mikael+llama32v,legivel,ilegivel,legivel,0,digitada_leiturista
PSP_EXTRATLEITIMPL_220526_0408_20000000018202976682_000.jpg,PSP_EXTRATLEITIMPL_220526_0408,valid,mikael,ilegivel,ilegivel,,,
PSP_EXTRATLEITIMPL_220526_0408_20000000018202984299_000.jpg,PSP_EXTRATLEITIMPL_220526_0408,valid,mikael,ilegivel,ilegivel,,,
PSP_EXTRATLEITIMPL_220526_0408_20000000018202990025_000.jpg,PSP_EXTRATLEITIMPL_220526_0408,valid,mikael+llama32v,legivel,ilegivel,legivel,116018,digitada_leiturista
PSP_EXTRATLEITIMPL_220526_0408_20000000018252976543_000.jpg,PSP_EXTRATLEITIMPL_220526_0408,valid,mikael,ilegivel,ilegivel,,,
PSP_EXTRATLEITIMPL_220526_0408_20000000018252979443_000.jpg,PSP_EXTRATLEITIMPL_220526_0408,valid,mikael,ilegivel,ilegivel,,,
PSP_EXTRATLEITIMPL_220526_0408_20000000018252981250_000.jpg,PSP_EXTRATLEITIMPL_220526_0408,valid,mikael,ilegivel,ilegivel,,,
PSP_EXTRATLEITIMPL_220526_0408_20000000018252984099_000.jpg,PSP_EXTRATLEITIMPL_220526_0408,valid,mikael,ilegivel,ilegivel,,,
PSP_EXTRATLEITIMPL_220526_0408_20000000018252987038_000.jpg,PSP_EXTRATLEITIMPL_220526_0408,valid,mikael,legivel,legivel,,0,digitada_leiturista
PSP_EXTRATLEITIMPL_220526_0408_20000000018252989003_000.jpg,PSP_EXTRATLEITIMPL_220526_0408,valid,mikael+llama32v,legivel,legivel,legivel,3759,digitada_leiturista
PSP_EXTRATLEITIMPL_220526_0408_20000000018302965988_000.jpg,PSP_EXTRATLEITIMPL_220526_0408,valid,mikael,legivel,legivel,,3,digitada_leiturista
PSP_EXTRATLEITIMPL_220526_0408_20000000018302975726_000.jpg,PSP_EXTRATLEITIMPL_220526_0408,valid,mikael,legivel,legivel,,54418,digitada_leiturista
PSP_EXTRATLEITIMPL_220526_0408_20000000018302978620_000.jpg,PSP_EXTRATLEITIMPL_220526_0408,valid,mikael+llama32v,legivel,ilegivel,legivel,17333,digitada_leiturista
PSP_EXTRATLEITIMPL_220526_0408_20000000018302979602_000.jpg,PSP_EXTRATLEITIMPL_220526_0408,valid,mikael,ilegivel,ilegivel,,,
PSP_EXTRATLEITIMPL_220526_0408_20000000018302989002_000.jpg,PSP_EXTRATLEITIMPL_220526_0408,valid,mikael,sem_medidor,sem_medidor,,,
PSP_EXTRATLEITIMPL_220526_0408_20000000018352966906_000.jpg,PSP_EXTRATLEITIMPL_220526_0408,valid,mikael,ilegivel,ilegivel,,,
PSP_EXTRATLEITIMPL_220526_0408_20000000018352966915_000.jpg,PSP_EXTRATLEITIMPL_220526_0408,valid,mikael,ilegivel,ilegivel,,,
PSP_EXTRATLEITIMPL_220526_0408_20000000018352976666_000.jpg,PSP_EXTRATLEITIMPL_220526_0408,valid,mikael,ilegivel,ilegivel,,,
PSP_EXTRATLEITIMPL_220526_0408_20000000018352976677_000.jpg,PSP_EXTRATLEITIMPL_220526_0408,valid,mikael+llama32v,legivel,ilegivel,legivel,6166,digitada_leiturista
PSP_EXTRATLEITIMPL_220526_0408_20000000018352983299_000.jpg,PSP_EXTRATLEITIMPL_220526_0408,valid,mikael,ilegivel,ilegivel,,,
PSP_EXTRATLEITIMPL_220526_0408_20000000018352987068_002.jpg,PSP_EXTRATLEITIMPL_220526_0408,valid,mikael,ilegivel,ilegivel,,,
PSP_EXTRATLEITIMPL_220526_0408_20000000018402965965_000.jpg,PSP_EXTRATLEITIMPL_220526_0408,valid,mikael,legivel,legivel,,3561,digitada_leiturista
PSP_EXTRATLEITIMPL_220526_0408_20000000018402974768_000.jpg,PSP_EXTRATLEITIMPL_220526_0408,valid,mikael+llama32v,legivel,ilegivel,legivel,1861,digitada_leiturista
PSP_EXTRATLEITIMPL_220526_0408_20000000018402976726_001.jpg,PSP_EXTRATLEITIMPL_220526_0408,valid,mikael,ilegivel,ilegivel,,,
PSP_EXTRATLEITIMPL_220526_0408_20000000018402976727_000.jpg,PSP_EXTRATLEITIMPL_220526_0408,valid,mikael,ilegivel,ilegivel,,,
PSP_EXTRATLEITIMPL_220526_0408_20000000018402977663_000.jpg,PSP_EXTRATLEITIMPL_220526_0408,valid,mikael,ilegivel,ilegivel,,,
PSP_EXTRATLEITIMPL_220526_0408_20000000018402978599_000.jpg,PSP_EXTRATLEITIMPL_220526_0408,valid,mikael,ilegivel,ilegivel,,,
PSP_EXTRATLEITIMPL_220526_0408_20000000018402988023_000.jpg,PSP_EXTRATLEITIMPL_220526_0408,valid,mikael,ilegivel,ilegivel,,,
PSP_EXTRATLEITIMPL_220526_0408_20000000018452960946_000.jpg,PSP_EXTRATLEITIMPL_220526_0408,valid,mikael,legivel,legivel,,80474,digitada_leiturista
PSP_EXTRATLEITIMPL_220526_0408_20000000018452961977_000.jpg,PSP_EXTRATLEITIMPL_220526_0408,valid,mikael,ilegivel,ilegivel,,,
PSP_EXTRATLEITIMPL_220526_0408_20000000018452964973_000.jpg,PSP_EXTRATLEITIMPL_220526_0408,valid,mikael,ilegivel,ilegivel,,,
PSP_EXTRATLEITIMPL_220526_0408_20000000018452974802_000.jpg,PSP_EXTRATLEITIMPL_220526_0408,valid,mikael+llama32v,legivel,ilegivel,legivel,24515,digitada_leiturista
PSP_EXTRATLEITIMPL_220526_0408_20000000018452975794_000.jpg,PSP_EXTRATLEITIMPL_220526_0408,valid,mikael,ilegivel,ilegivel,,,
PSP_EXTRATLEITIMPL_220526_0408_20000000018452978599_000.jpg,PSP_EXTRATLEITIMPL_220526_0408,valid,mikael,legivel,legivel,,20,digitada_leiturista
PSP_EXTRATLEITIMPL_220526_0408_20000000018452980541_000.jpg,PSP_EXTRATLEITIMPL_220526_0408,valid,mikael,sem_medidor,sem_medidor,,,
PSP_EXTRATLEITIMPL_220526_0408_20000000018452983435_000.jpg,PSP_EXTRATLEITIMPL_220526_0408,valid,mikael,ilegivel,ilegivel,,,
PSP_EXTRATLEITIMPL_220526_0408_20000000018452989009_000.jpg,PSP_EXTRATLEITIMPL_220526_0408,valid,mikael+llama32v,legivel,ilegivel,legivel,54652,digitada_leiturista
PSP_EXTRATLEITIMPL_220526_0408_20000000018502961987_000.jpg,PSP_EXTRATLEITIMPL_220526_0408,valid,mikael,legivel,legivel,,50058,digitada_leiturista
PSP_EXTRATLEITIMPL_220526_0408_20000000018502968890_000.jpg,PSP_EXTRATLEITIMPL_220526_0408,valid,mikael+llama32v,legivel,legivel,legivel,11821,digitada_leiturista
PSP_EXTRATLEITIMPL_220526_0408_20000000018502969806_000.jpg,PSP_EXTRATLEITIMPL_220526_0408,valid,mikael,ilegivel,ilegivel,,,
PSP_EXTRATLEITIMPL_220526_0408_20000000018502975661_000.jpg,PSP_EXTRATLEITIMPL_220526_0408,valid,mikael,ilegivel,ilegivel,,,
PSP_EXTRATLEITIMPL_220526_0408_20000000018502975668_000.jpg,PSP_EXTRATLEITIMPL_220526_0408,valid,mikael,ilegivel,ilegivel,,,
PSP_EXTRATLEITIMPL_220526_0408_20000000018502978487_000.jpg,PSP_EXTRATLEITIMPL_220526_0408,valid,mikael,ilegivel,ilegivel,,,
PSP_EXTRATLEITIMPL_220526_0408_20000000018502980416_000.jpg,PSP_EXTRATLEITIMPL_220526_0408,valid,mikael+llama32v,ilegivel,ilegivel,ilegivel,,
PSP_EXTRATLEITIMPL_220526_0408_20000000018502981408_000.jpg,PSP_EXTRATLEITIMPL_220526_0408,valid,mikael+llama32v,legivel,ilegivel,legivel,195123,digitada_leiturista
PSP_EXTRATLEITIMPL_220526_0408_20000000018502985124_000.jpg,PSP_EXTRATLEITIMPL_220526_0408,valid,mikael+llama32v,ilegivel,ilegivel,ilegivel,,
PSP_EXTRATLEITIMPL_220526_0408_20000000018552978757_000.jpg,PSP_EXTRATLEITIMPL_220526_0408,valid,mikael,ilegivel,ilegivel,,,
PSP_EXTRATLEITIMPL_220526_0408_20000000018552978770_000.jpg,PSP_EXTRATLEITIMPL_220526_0408,valid,mikael,ilegivel,ilegivel,,,
PSP_EXTRATLEITIMPL_220526_0408_20000000018552991202_000.jpg,PSP_EXTRATLEITIMPL_220526_0408,valid,mikael,sem_medidor,sem_medidor,,,
PSP_EXTRATLEITIMPL_220526_0408_20000000018602970971_000.jpg,PSP_EXTRATLEITIMPL_220526_0408,valid,mikael,ilegivel,ilegivel,,,
PSP_EXTRATLEITIMPL_220526_0408_20000000018602973940_000.jpg,PSP_EXTRATLEITIMPL_220526_0408,valid,mikael,ilegivel,ilegivel,,,
PSP_EXTRATLEITIMPL_220526_0408_20000000018602982755_000.jpg,PSP_EXTRATLEITIMPL_220526_0408,valid,mikael,ilegivel,ilegivel,,,
PSP_EXTRATLEITIMPL_220526_0408_20000000018602985640_000.jpg,PSP_EXTRATLEITIMPL_220526_0408,valid,mikael,ilegivel,ilegivel,,,
PSP_EXTRATLEITIMPL_220526_0408_20000000018602986588_000.jpg,PSP_EXTRATLEITIMPL_220526_0408,valid,mikael+llama32v,ilegivel,ilegivel,ilegivel,,
PSP_EXTRATLEITIMPL_220526_0408_20000000018602989421_000.jpg,PSP_EXTRATLEITIMPL_220526_0408,valid,mikael+llama32v,sem_medidor,sem_medidor,sem_medidor,,
PSP_EXTRATLEITIMPL_220526_0408_20000000018602990282_000.jpg,PSP_EXTRATLEITIMPL_220526_0408,valid,mikael+llama32v,sem_medidor,sem_medidor,sem_medidor,,
PSP_EXTRATLEITIMPL_220526_0408_20000000018602991209_000.jpg,PSP_EXTRATLEITIMPL_220526_0408,valid,mikael,ilegivel,ilegivel,,,
PSP_EXTRATLEITIMPL_220526_0408_20000000018602991211_000.jpg,PSP_EXTRATLEITIMPL_220526_0408,valid,mikael,ilegivel,ilegivel,,,
PSP_EXTRATLEITIMPL_220526_0408_20000000018602994026_000.jpg,PSP_EXTRATLEITIMPL_220526_0408,valid,mikael+llama32v,legivel,ilegivel,legivel,10933,digitada_leiturista
PSP_EXTRATLEITIMPL_220526_0408_20000000018602996008_000.jpg,PSP_EXTRATLEITIMPL_220526_0408,valid,mikael+llama32v,legivel,ilegivel,legivel,27437,digitada_leiturista
PSP_EXTRATLEITIMPL_220526_0408_20000000018602996012_000.jpg,PSP_EXTRATLEITIMPL_220526_0408,valid,mikael,ilegivel,ilegivel,,,
PSP_EXTRATLEITIMPL_220526_0408_20000000018652986877_000.jpg,PSP_EXTRATLEITIMPL_220526_0408,valid,mikael,legivel,legivel,,36244,digitada_leiturista
PSP_EXTRATLEITIMPL_220526_0408_20000000018652993544_000.jpg,PSP_EXTRATLEITIMPL_220526_0408,valid,mikael,legivel,legivel,,9292,digitada_leiturista
PSP_EXTRATLEITIMPL_220526_0408_20000000018652997384_000.jpg,PSP_EXTRATLEITIMPL_220526_0408,valid,mikael+llama32v,legivel,ilegivel,legivel,232768,digitada_leiturista
PSP_EXTRATLEITIMPL_220526_0408_20000000018653004036_000.jpg,PSP_EXTRATLEITIMPL_220526_0408,valid,mikael+llama32v,ilegivel,ilegivel,ilegivel,,
PSP_EXTRATLEITIMPL_220526_0408_20000000018653006012_000.jpg,PSP_EXTRATLEITIMPL_220526_0408,valid,mikael,ilegivel,ilegivel,,,
PSP_EXTRATLEITIMPL_220526_0408_20000000018702962998_000.jpg,PSP_EXTRATLEITIMPL_220526_0408,valid,mikael,sem_medidor,sem_medidor,,,
PSP_EXTRATLEITIMPL_220526_0408_20000000018702973821_000.jpg,PSP_EXTRATLEITIMPL_220526_0408,valid,mikael,sem_medidor,sem_medidor,,,
PSP_EXTRATLEITIMPL_220526_0408_20000000018702978654_000.jpg,PSP_EXTRATLEITIMPL_220526_0408,valid,mikael,ilegivel,ilegivel,,,
PSP_EXTRATLEITIMPL_220526_0408_20000000018702983452_000.jpg,PSP_EXTRATLEITIMPL_220526_0408,valid,mikael+llama32v,ilegivel,ilegivel,ilegivel,,
PSP_EXTRATLEITIMPL_220526_0408_20000000018702984389_000.jpg,PSP_EXTRATLEITIMPL_220526_0408,valid,mikael,ilegivel,ilegivel,,,
PSP_EXTRATLEITIMPL_220526_0408_20000000018702985281_000.jpg,PSP_EXTRATLEITIMPL_220526_0408,valid,mikael,ilegivel,ilegivel,,,
PSP_EXTRATLEITIMPL_220526_0408_20000000018702990002_000.jpg,PSP_EXTRATLEITIMPL_220526_0408,valid,mikael,ilegivel,ilegivel,,,
PSP_EXTRATLEITIMPL_220526_0408_20000000018702991003_000.jpg,PSP_EXTRATLEITIMPL_220526_0408,valid,mikael+llama32v,legivel,legivel,legivel,56050,digitada_leiturista
PSP_EXTRATLEITIMPL_220526_0408_20000000018752968857_000.jpg,PSP_EXTRATLEITIMPL_220526_0408,valid,mikael,ilegivel,ilegivel,,,
PSP_EXTRATLEITIMPL_220526_0408_20000000018752972830_000.jpg,PSP_EXTRATLEITIMPL_220526_0408,valid,mikael,ilegivel,ilegivel,,,
PSP_EXTRATLEITIMPL_220526_0408_20000000018752974794_000.jpg,PSP_EXTRATLEITIMPL_220526_0408,valid,mikael,ilegivel,ilegivel,,,
PSP_EXTRATLEITIMPL_220526_0408_20000000018752976647_000.jpg,PSP_EXTRATLEITIMPL_220526_0408,valid,mikael,sem_medidor,sem_medidor,,,
PSP_EXTRATLEITIMPL_220526_0408_20000000018752976660_000.jpg,PSP_EXTRATLEITIMPL_220526_0408,valid,mikael,sem_medidor,sem_medidor,,,
PSP_EXTRATLEITIMPL_220526_0408_20000000018752976661_000.jpg,PSP_EXTRATLEITIMPL_220526_0408,valid,mikael+llama32v,legivel,ilegivel,legivel,3820,digitada_leiturista
PSP_EXTRATLEITIMPL_220526_0408_20000000018752978514_000.jpg,PSP_EXTRATLEITIMPL_220526_0408,valid,mikael+llama32v,legivel,ilegivel,legivel,33097,digitada_leiturista
PSP_EXTRATLEITIMPL_220526_0408_20000000018752978529_000.jpg,PSP_EXTRATLEITIMPL_220526_0408,valid,mikael,ilegivel,ilegivel,,,
PSP_EXTRATLEITIMPL_220526_0408_20000000018752982394_000.jpg,PSP_EXTRATLEITIMPL_220526_0408,valid,mikael+llama32v,ilegivel,sem_medidor,ilegivel,,
PSP_EXTRATLEITIMPL_220526_0408_20000000018752984188_000.jpg,PSP_EXTRATLEITIMPL_220526_0408,valid,mikael,ilegivel,ilegivel,,,
PSP_EXTRATLEITIMPL_220526_0408_20000000018752986108_000.jpg,PSP_EXTRATLEITIMPL_220526_0408,valid,mikael+llama32v,ilegivel,sem_medidor,ilegivel,,
PSP_EXTRATLEITIMPL_220526_0408_20000000018752986125_000.jpg,PSP_EXTRATLEITIMPL_220526_0408,valid,mikael,ilegivel,ilegivel,,,
PSP_EXTRATLEITIMPL_220526_0408_20000000018752986127_000.jpg,PSP_EXTRATLEITIMPL_220526_0408,valid,mikael,legivel,legivel,,3498,digitada_leiturista
PSP_EXTRATLEITIMPL_220526_0408_20000000018802959930_001.jpg,PSP_EXTRATLEITIMPL_220526_0408,valid,mikael,ilegivel,ilegivel,,,
PSP_EXTRATLEITIMPL_220526_0408_20000000018802962902_000.jpg,PSP_EXTRATLEITIMPL_220526_0408,valid,mikael,ilegivel,ilegivel,,,
PSP_EXTRATLEITIMPL_220526_0408_20000000018802968853_000.jpg,PSP_EXTRATLEITIMPL_220526_0408,valid,mikael,ilegivel,ilegivel,,,
PSP_EXTRATLEITIMPL_220526_0408_20000000018802970648_000.jpg,PSP_EXTRATLEITIMPL_220526_0408,valid,mikael+llama32v,ilegivel,ilegivel,ilegivel,,
PSP_EXTRATLEITIMPL_220526_0408_20000000018802972588_000.jpg,PSP_EXTRATLEITIMPL_220526_0408,valid,mikael,ilegivel,ilegivel,,,
PSP_EXTRATLEITIMPL_220526_0408_20000000018802972603_000.jpg,PSP_EXTRATLEITIMPL_220526_0408,valid,mikael+llama32v,legivel,ilegivel,legivel,99999,digitada_leiturista
PSP_EXTRATLEITIMPL_220526_0408_20000000018802977366_000.jpg,PSP_EXTRATLEITIMPL_220526_0408,valid,mikael,ilegivel,ilegivel,,,
PSP_EXTRATLEITIMPL_220526_0408_20000000018852963992_000.jpg,PSP_EXTRATLEITIMPL_220526_0408,valid,mikael+llama32v,legivel,ilegivel,legivel,74220,digitada_leiturista
PSP_EXTRATLEITIMPL_220526_0408_20000000018852967905_000.jpg,PSP_EXTRATLEITIMPL_220526_0408,valid,mikael+llama32v,legivel,ilegivel,legivel,2400,digitada_leiturista
PSP_EXTRATLEITIMPL_220526_0408_20000000018852972922_000.jpg,PSP_EXTRATLEITIMPL_220526_0408,valid,mikael,legivel,legivel,,83,digitada_leiturista
PSP_EXTRATLEITIMPL_220526_0408_20000000018852974802_000.jpg,PSP_EXTRATLEITIMPL_220526_0408,valid,mikael,legivel,legivel,,34411,digitada_leiturista
PSP_EXTRATLEITIMPL_220526_0408_20000000018852985298_000.jpg,PSP_EXTRATLEITIMPL_220526_0408,valid,mikael,ilegivel,ilegivel,,,
PSP_EXTRATLEITIMPL_220526_0408_20000000018852989017_000.jpg,PSP_EXTRATLEITIMPL_220526_0408,valid,mikael+llama32v,legivel,ilegivel,legivel,101121,digitada_leiturista
PSP_EXTRATLEITIMPL_220526_0408_20000000018852990007_000.jpg,PSP_EXTRATLEITIMPL_220526_0408,valid,mikael+llama32v,legivel,ilegivel,legivel,596047,digitada_leiturista
PSP_EXTRATLEITIMPL_220526_0408_20000000018902975885_000.jpg,PSP_EXTRATLEITIMPL_220526_0408,valid,mikael,ilegivel,ilegivel,,,
PSP_EXTRATLEITIMPL_220526_0408_20000000018902980759_000.jpg,PSP_EXTRATLEITIMPL_220526_0408,valid,mikael+llama32v,legivel,ilegivel,legivel,5167,digitada_leiturista
PSP_EXTRATLEITIMPL_220526_0408_20000000018902991098_000.jpg,PSP_EXTRATLEITIMPL_220526_0408,valid,mikael,ilegivel,ilegivel,,,
PSP_EXTRATLEITIMPL_220526_0408_20000000018902991104_000.jpg,PSP_EXTRATLEITIMPL_220526_0408,valid,mikael,ilegivel,ilegivel,,,
PSP_EXTRATLEITIMPL_220526_0408_20000000018952980630_000.jpg,PSP_EXTRATLEITIMPL_220526_0408,valid,mikael,ilegivel,ilegivel,,,
PSP_EXTRATLEITIMPL_220526_0408_20000000018952984417_000.jpg,PSP_EXTRATLEITIMPL_220526_0408,valid,mikael,ilegivel,ilegivel,,,
PSP_EXTRATLEITIMPL_220526_0408_20000000018952985263_000.jpg,PSP_EXTRATLEITIMPL_220526_0408,valid,mikael,legivel,legivel,,7196,digitada_leiturista
PSP_EXTRATLEITIMPL_220526_0408_20000000018952986261_000.jpg,PSP_EXTRATLEITIMPL_220526_0408,valid,mikael,legivel,legivel,,,
PSP_EXTRATLEITIMPL_220526_0408_20000000018952987230_000.jpg,PSP_EXTRATLEITIMPL_220526_0408,valid,mikael,ilegivel,ilegivel,,,
PSP_EXTRATLEITIMPL_220526_0408_20000000018952990033_000.jpg,PSP_EXTRATLEITIMPL_220526_0408,valid,mikael+llama32v,ilegivel,sem_medidor,ilegivel,,
PSP_EXTRATLEITIMPL_220526_0408_20000000018952994001_000.jpg,PSP_EXTRATLEITIMPL_220526_0408,valid,mikael+llama32v,ilegivel,ilegivel,ilegivel,,
PSP_EXTRATLEITIMPL_220526_0408_20000000019002954953_000.jpg,PSP_EXTRATLEITIMPL_220526_0408,valid,mikael+llama32v,ilegivel,sem_medidor,ilegivel,,
PSP_EXTRATLEITIMPL_220526_0408_20000000019002960956_000.jpg,PSP_EXTRATLEITIMPL_220526_0408,valid,mikael,ilegivel,ilegivel,,,
PSP_EXTRATLEITIMPL_220526_0408_20000000019002968781_000.jpg,PSP_EXTRATLEITIMPL_220526_0408,valid,mikael,ilegivel,ilegivel,,,
PSP_EXTRATLEITIMPL_220526_0408_20000000019002971712_000.jpg,PSP_EXTRATLEITIMPL_220526_0408,valid,mikael,legivel,legivel,,3349,digitada_leiturista
PSP_EXTRATLEITIMPL_220526_0408_20000000019002973573_000.jpg,PSP_EXTRATLEITIMPL_220526_0408,valid,mikael,ilegivel,ilegivel,,,
PSP_EXTRATLEITIMPL_220526_0408_20000000019002975549_000.jpg,PSP_EXTRATLEITIMPL_220526_0408,valid,mikael+llama32v,legivel,ilegivel,legivel,19730,digitada_leiturista
PSP_EXTRATLEITIMPL_220526_0408_20000000019002975564_000.jpg,PSP_EXTRATLEITIMPL_220526_0408,valid,mikael+llama32v,ilegivel,ilegivel,ilegivel,,
PSP_EXTRATLEITIMPL_220526_0408_20000000019002980276_001.jpg,PSP_EXTRATLEITIMPL_220526_0408,valid,mikael,ilegivel,ilegivel,,,
PSP_EXTRATLEITIMPL_220526_0408_20000000019002981184_001.jpg,PSP_EXTRATLEITIMPL_220526_0408,valid,mikael,sem_medidor,sem_medidor,,,
PSP_EXTRATLEITIMPL_220526_0408_20000000019002982025_000.jpg,PSP_EXTRATLEITIMPL_220526_0408,valid,mikael,sem_medidor,sem_medidor,,,
PSP_EXTRATLEITIMPL_220526_0408_20000000019002983029_000.jpg,PSP_EXTRATLEITIMPL_220526_0408,valid,mikael,ilegivel,ilegivel,,,
PSP_EXTRATLEITIMPL_220526_0408_20000000019052959960_000.jpg,PSP_EXTRATLEITIMPL_220526_0408,valid,mikael,sem_medidor,sem_medidor,,,
PSP_EXTRATLEITIMPL_220526_0408_20000000019052964960_000.jpg,PSP_EXTRATLEITIMPL_220526_0408,valid,mikael+llama32v,legivel,ilegivel,legivel,3296,digitada_leiturista
PSP_EXTRATLEITIMPL_220526_0408_20000000019052974721_001.jpg,PSP_EXTRATLEITIMPL_220526_0408,valid,mikael,legivel,legivel,,,
PSP_EXTRATLEITIMPL_220526_0408_20000000019052977509_000.jpg,PSP_EXTRATLEITIMPL_220526_0408,valid,mikael,sem_medidor,sem_medidor,,,
PSP_EXTRATLEITIMPL_220526_0408_20000000019052978491_000.jpg,PSP_EXTRATLEITIMPL_220526_0408,valid,mikael+llama32v,legivel,legivel,legivel,45250,digitada_leiturista
PSP_EXTRATLEITIMPL_220526_0408_20000000019052982306_000.jpg,PSP_EXTRATLEITIMPL_220526_0408,valid,mikael,legivel,legivel,,28411,digitada_leiturista
PSP_EXTRATLEITIMPL_220526_0408_20000000019052985117_000.jpg,PSP_EXTRATLEITIMPL_220526_0408,valid,mikael+llama32v,ilegivel,ilegivel,ilegivel,,
PSP_EXTRATLEITIMPL_220526_0408_20000000019102968970_000.jpg,PSP_EXTRATLEITIMPL_220526_0408,valid,mikael+llama32v,ilegivel,sem_medidor,ilegivel,,
PSP_EXTRATLEITIMPL_220526_0408_20000000019102973842_000.jpg,PSP_EXTRATLEITIMPL_220526_0408,valid,mikael,ilegivel,ilegivel,,,
PSP_EXTRATLEITIMPL_220526_0408_20000000019102985396_000.jpg,PSP_EXTRATLEITIMPL_220526_0408,valid,mikael+llama32v,legivel,ilegivel,legivel,12318,digitada_leiturista
PSP_EXTRATLEITIMPL_220526_0408_20000000019102985409_000.jpg,PSP_EXTRATLEITIMPL_220526_0408,valid,mikael,ilegivel,ilegivel,,,
PSP_EXTRATLEITIMPL_220526_0408_20000000019102986309_000.jpg,PSP_EXTRATLEITIMPL_220526_0408,valid,mikael,ilegivel,ilegivel,,,
PSP_EXTRATLEITIMPL_220526_0408_20000000019152960976_000.jpg,PSP_EXTRATLEITIMPL_220526_0408,valid,mikael,ilegivel,ilegivel,,,
PSP_EXTRATLEITIMPL_220526_0408_20000000019152968980_000.jpg,PSP_EXTRATLEITIMPL_220526_0408,valid,mikael+llama32v,legivel,ilegivel,legivel,50456,digitada_leiturista
PSP_EXTRATLEITIMPL_220526_0408_20000000019152968994_000.jpg,PSP_EXTRATLEITIMPL_220526_0408,valid,mikael,ilegivel,ilegivel,,,
PSP_EXTRATLEITIMPL_220526_0408_20000000019152977791_000.jpg,PSP_EXTRATLEITIMPL_220526_0408,valid,mikael+llama32v,legivel,ilegivel,legivel,725,digitada_leiturista
PSP_EXTRATLEITIMPL_220526_0408_20000000019152979790_000.jpg,PSP_EXTRATLEITIMPL_220526_0408,valid,mikael+llama32v,legivel,ilegivel,legivel,20153,digitada_leiturista
PSP_EXTRATLEITIMPL_220526_0408_20000000019152979791_000.jpg,PSP_EXTRATLEITIMPL_220526_0408,valid,mikael,legivel,legivel,,19663,digitada_leiturista
PSP_EXTRATLEITIMPL_220526_0408_20000000019152981688_000.jpg,PSP_EXTRATLEITIMPL_220526_0408,valid,mikael,legivel,legivel,,31863,digitada_leiturista
PSP_EXTRATLEITIMPL_220526_0408_20000000019152981703_001.jpg,PSP_EXTRATLEITIMPL_220526_0408,valid,mikael,ilegivel,ilegivel,,,
PSP_EXTRATLEITIMPL_220526_0408_20000000019152987280_007.jpg,PSP_EXTRATLEITIMPL_220526_0408,valid,mikael,ilegivel,ilegivel,,,
PSP_EXTRATLEITIMPL_220526_0408_20000000019152988240_000.jpg,PSP_EXTRATLEITIMPL_220526_0408,valid,mikael,ilegivel,ilegivel,,,
PSP_EXTRATLEITIMPL_220526_0408_20000000019152989194_001.jpg,PSP_EXTRATLEITIMPL_220526_0408,valid,mikael,ilegivel,ilegivel,,,
PSP_EXTRATLEITIMPL_220526_0408_20000000019202957962_000.jpg,PSP_EXTRATLEITIMPL_220526_0408,valid,mikael,legivel,legivel,,5804,digitada_leiturista
PSP_EXTRATLEITIMPL_220526_0408_20000000019202958943_000.jpg,PSP_EXTRATLEITIMPL_220526_0408,valid,mikael,ilegivel,ilegivel,,,
PSP_EXTRATLEITIMPL_220526_0408_20000000019202960983_000.jpg,PSP_EXTRATLEITIMPL_220526_0408,valid,mikael,ilegivel,ilegivel,,,
PSP_EXTRATLEITIMPL_220526_0408_20000000019202979621_000.jpg,PSP_EXTRATLEITIMPL_220526_0408,valid,mikael,ilegivel,ilegivel,,,
PSP_EXTRATLEITIMPL_220526_0408_20000000019202981553_000.jpg,PSP_EXTRATLEITIMPL_220526_0408,valid,mikael,ilegivel,ilegivel,,,
PSP_EXTRATLEITIMPL_220526_0408_20000000019202981554_001.jpg,PSP_EXTRATLEITIMPL_220526_0408,valid,mikael,ilegivel,ilegivel,,,
PSP_EXTRATLEITIMPL_220526_0408_20000000019202983403_000.jpg,PSP_EXTRATLEITIMPL_220526_0408,valid,mikael,ilegivel,ilegivel,,,
PSP_EXTRATLEITIMPL_220526_0408_20000000019202985293_000.jpg,PSP_EXTRATLEITIMPL_220526_0408,valid,mikael,ilegivel,ilegivel,,,
PSP_EXTRATLEITIMPL_220526_0408_20000000019202986308_000.jpg,PSP_EXTRATLEITIMPL_220526_0408,valid,mikael,ilegivel,ilegivel,,,
PSP_EXTRATLEITIMPL_220526_0408_20000000019202987188_000.jpg,PSP_EXTRATLEITIMPL_220526_0408,valid,mikael,legivel,legivel,,99999,digitada_leiturista
PSP_EXTRATLEITIMPL_220526_0408_20000000019202988019_000.jpg,PSP_EXTRATLEITIMPL_220526_0408,valid,mikael,sem_medidor,sem_medidor,,,
PSP_EXTRATLEITIMPL_220526_0408_20000000019252973837_000.jpg,PSP_EXTRATLEITIMPL_220526_0408,valid,mikael,sem_medidor,sem_medidor,,,
PSP_EXTRATLEITIMPL_220526_0408_20000000019252974761_001.jpg,PSP_EXTRATLEITIMPL_220526_0408,valid,mikael,ilegivel,ilegivel,,,
PSP_EXTRATLEITIMPL_220526_0408_20000000019252974768_000.jpg,PSP_EXTRATLEITIMPL_220526_0408,valid,mikael+llama32v,legivel,ilegivel,legivel,538,digitada_leiturista
PSP_EXTRATLEITIMPL_220526_0408_20000000019252976784_000.jpg,PSP_EXTRATLEITIMPL_220526_0408,valid,mikael+llama32v,legivel,ilegivel,legivel,13216,digitada_leiturista
PSP_EXTRATLEITIMPL_220526_0408_20000000019252979663_000.jpg,PSP_EXTRATLEITIMPL_220526_0408,valid,mikael,ilegivel,ilegivel,,,
PSP_EXTRATLEITIMPL_220526_0408_20000000019252984427_000.jpg,PSP_EXTRATLEITIMPL_220526_0408,valid,mikael,ilegivel,ilegivel,,,
PSP_EXTRATLEITIMPL_220526_0408_20000000019252987312_000.jpg,PSP_EXTRATLEITIMPL_220526_0408,valid,mikael+llama32v,legivel,ilegivel,legivel,462255,digitada_leiturista
PSP_EXTRATLEITIMPL_220526_0408_20000000019252990076_000.jpg,PSP_EXTRATLEITIMPL_220526_0408,valid,mikael+llama32v,legivel,ilegivel,legivel,7622,digitada_leiturista
PSP_EXTRATLEITIMPL_220526_0408_20000000019252991053_000.jpg,PSP_EXTRATLEITIMPL_220526_0408,valid,mikael,ilegivel,ilegivel,,,
PSP_EXTRATLEITIMPL_220526_0408_20000000019302970915_000.jpg,PSP_EXTRATLEITIMPL_220526_0408,valid,mikael,ilegivel,ilegivel,,,
PSP_EXTRATLEITIMPL_220526_0408_20000000019302981682_000.jpg,PSP_EXTRATLEITIMPL_220526_0408,valid,mikael,ilegivel,ilegivel,,,
PSP_EXTRATLEITIMPL_220526_0408_20000000019302984612_000.jpg,PSP_EXTRATLEITIMPL_220526_0408,valid,mikael,ilegivel,ilegivel,,,
PSP_EXTRATLEITIMPL_220526_0408_20000000019302986394_000.jpg,PSP_EXTRATLEITIMPL_220526_0408,valid,mikael,ilegivel,ilegivel,,,
PSP_EXTRATLEITIMPL_220526_0408_20000000019302989228_000.jpg,PSP_EXTRATLEITIMPL_220526_0408,valid,mikael,ilegivel,ilegivel,,,
PSP_EXTRATLEITIMPL_220526_0408_20000000019302992066_000.jpg,PSP_EXTRATLEITIMPL_220526_0408,valid,mikael,sem_medidor,sem_medidor,,,
PSP_EXTRATLEITIMPL_220526_0408_20000000019352970946_000.jpg,PSP_EXTRATLEITIMPL_220526_0408,valid,mikael+llama32v,sem_medidor,sem_medidor,sem_medidor,,
PSP_EXTRATLEITIMPL_220526_0408_20000000019352982965_000.jpg,PSP_EXTRATLEITIMPL_220526_0408,valid,mikael,sem_medidor,sem_medidor,,,
PSP_EXTRATLEITIMPL_220526_0408_20000000019352994425_000.jpg,PSP_EXTRATLEITIMPL_220526_0408,valid,mikael+llama32v,ilegivel,ilegivel,ilegivel,,
PSP_EXTRATLEITIMPL_220526_0408_20000000019352994430_001.jpg,PSP_EXTRATLEITIMPL_220526_0408,valid,mikael,ilegivel,ilegivel,,,
PSP_EXTRATLEITIMPL_220526_0408_20000000019352998198_000.jpg,PSP_EXTRATLEITIMPL_220526_0408,valid,mikael,ilegivel,ilegivel,,,
PSP_EXTRATLEITIMPL_220526_0408_20000000019352999071_000.jpg,PSP_EXTRATLEITIMPL_220526_0408,valid,mikael+llama32v,ilegivel,ilegivel,sem_medidor,,
PSP_EXTRATLEITIMPL_220526_0408_20000000019402969933_000.jpg,PSP_EXTRATLEITIMPL_220526_0408,valid,mikael,ilegivel,ilegivel,,,
PSP_EXTRATLEITIMPL_220526_0408_20000000019402973877_000.jpg,PSP_EXTRATLEITIMPL_220526_0408,valid,mikael+llama32v,ilegivel,ilegivel,ilegivel,,
PSP_EXTRATLEITIMPL_220526_0408_20000000019402978728_000.jpg,PSP_EXTRATLEITIMPL_220526_0408,valid,mikael,ilegivel,ilegivel,,,
PSP_EXTRATLEITIMPL_220526_0408_20000000019402981665_000.jpg,PSP_EXTRATLEITIMPL_220526_0408,valid,mikael,sem_medidor,sem_medidor,,,
PSP_EXTRATLEITIMPL_220526_0408_20000000019402983507_000.jpg,PSP_EXTRATLEITIMPL_220526_0408,valid,mikael,ilegivel,ilegivel,,,
PSP_EXTRATLEITIMPL_220526_0408_20000000019402988305_000.jpg,PSP_EXTRATLEITIMPL_220526_0408,valid,mikael,ilegivel,ilegivel,,,
PSP_EXTRATLEITIMPL_220526_0408_20000000019402988314_000.jpg,PSP_EXTRATLEITIMPL_220526_0408,valid,mikael,ilegivel,ilegivel,,,
PSP_EXTRATLEITIMPL_220526_0408_20000000019402988320_001.jpg,PSP_EXTRATLEITIMPL_220526_0408,valid,mikael+llama32v,legivel,ilegivel,legivel,54454,digitada_leiturista
PSP_EXTRATLEITIMPL_220526_0408_20000000019452972941_000.jpg,PSP_EXTRATLEITIMPL_220526_0408,valid,mikael,ilegivel,ilegivel,,,
PSP_EXTRATLEITIMPL_220526_0408_20000000019452978722_000.jpg,PSP_EXTRATLEITIMPL_220526_0408,valid,mikael,sem_medidor,sem_medidor,,,
PSP_EXTRATLEITIMPL_220526_0408_20000000019452992062_000.jpg,PSP_EXTRATLEITIMPL_220526_0408,valid,mikael,ilegivel,ilegivel,,,
PSP_EXTRATLEITIMPL_220526_0408_20000000019452995005_000.jpg,PSP_EXTRATLEITIMPL_220526_0408,valid,mikael,ilegivel,ilegivel,,,
PSP_EXTRATLEITIMPL_220526_0408_20000000019502974645_000.jpg,PSP_EXTRATLEITIMPL_220526_0408,valid,mikael,ilegivel,ilegivel,,,
PSP_EXTRATLEITIMPL_220526_0408_20000000019502977630_000.jpg,PSP_EXTRATLEITIMPL_220526_0408,valid,mikael,ilegivel,ilegivel,,,
PSP_EXTRATLEITIMPL_220526_0408_20000000019502980403_000.jpg,PSP_EXTRATLEITIMPL_220526_0408,valid,mikael,ilegivel,ilegivel,,,
PSP_EXTRATLEITIMPL_220526_0408_20000000019552981959_000.jpg,PSP_EXTRATLEITIMPL_220526_0408,valid,mikael+llama32v,legivel,ilegivel,legivel,62414,digitada_leiturista
PSP_EXTRATLEITIMPL_220526_0408_20000000019552981961_000.jpg,PSP_EXTRATLEITIMPL_220526_0408,valid,mikael+llama32v,legivel,legivel,legivel,52599,digitada_leiturista
PSP_EXTRATLEITIMPL_220526_0408_20000000019552997347_000.jpg,PSP_EXTRATLEITIMPL_220526_0408,valid,mikael,ilegivel,ilegivel,,,
PSP_EXTRATLEITIMPL_220526_0408_20000000019552999174_000.jpg,PSP_EXTRATLEITIMPL_220526_0408,valid,mikael,legivel,legivel,,74,digitada_leiturista
PSP_EXTRATLEITIMPL_220526_0408_20000000019552999178_000.jpg,PSP_EXTRATLEITIMPL_220526_0408,valid,mikael,ilegivel,ilegivel,,,
PSP_EXTRATLEITIMPL_220526_0408_20000000019553000041_000.jpg,PSP_EXTRATLEITIMPL_220526_0408,valid,mikael+llama32v,sem_medidor,sem_medidor,sem_medidor,,
PSP_EXTRATLEITIMPL_220526_0408_20000000019553003012_000.jpg,PSP_EXTRATLEITIMPL_220526_0408,valid,mikael,sem_medidor,sem_medidor,,,
PSP_EXTRATLEITIMPL_220526_0408_20000000019602972791_000.jpg,PSP_EXTRATLEITIMPL_220526_0408,valid,mikael,ilegivel,ilegivel,,,
PSP_EXTRATLEITIMPL_220526_0408_20000000019602975718_000.jpg,PSP_EXTRATLEITIMPL_220526_0408,valid,mikael,sem_medidor,sem_medidor,,,
PSP_EXTRATLEITIMPL_220526_0408_20000000019602977607_000.jpg,PSP_EXTRATLEITIMPL_220526_0408,valid,mikael,ilegivel,ilegivel,,,
PSP_EXTRATLEITIMPL_220526_0408_20000000019602983279_000.jpg,PSP_EXTRATLEITIMPL_220526_0408,valid,mikael+llama32v,ilegivel,ilegivel,ilegivel,,
PSP_EXTRATLEITIMPL_220526_0408_20000000019602989010_000.jpg,PSP_EXTRATLEITIMPL_220526_0408,valid,mikael,ilegivel,ilegivel,,,
PSP_EXTRATLEITIMPL_220526_0408_20000000019602991017_000.jpg,PSP_EXTRATLEITIMPL_220526_0408,valid,mikael,ilegivel,ilegivel,,,
PSP_EXTRATLEITIMPL_220526_0408_20000000019652965997_000.jpg,PSP_EXTRATLEITIMPL_220526_0408,valid,mikael,ilegivel,ilegivel,,,
PSP_EXTRATLEITIMPL_220526_0408_20000000019652977776_000.jpg,PSP_EXTRATLEITIMPL_220526_0408,valid,mikael,ilegivel,ilegivel,,,
PSP_EXTRATLEITIMPL_220526_0408_20000000019652978782_001.jpg,PSP_EXTRATLEITIMPL_220526_0408,valid,mikael,legivel,legivel,,5084,digitada_leiturista
PSP_EXTRATLEITIMPL_220526_0408_20000000019652981520_000.jpg,PSP_EXTRATLEITIMPL_220526_0408,valid,mikael,ilegivel,ilegivel,,,
PSP_EXTRATLEITIMPL_220526_0408_20000000019652982531_000.jpg,PSP_EXTRATLEITIMPL_220526_0408,valid,mikael,legivel,legivel,,19496,digitada_leiturista
PSP_EXTRATLEITIMPL_220526_0408_20000000019652984416_000.jpg,PSP_EXTRATLEITIMPL_220526_0408,valid,mikael,ilegivel,ilegivel,,,
PSP_EXTRATLEITIMPL_220526_0408_20000000019652991018_000.jpg,PSP_EXTRATLEITIMPL_220526_0408,valid,mikael+llama32v,legivel,ilegivel,legivel,62708,digitada_leiturista
PSP_EXTRATLEITIMPL_220526_0408_20000000019652992001_000.jpg,PSP_EXTRATLEITIMPL_220526_0408,valid,mikael+llama32v,ilegivel,ilegivel,ilegivel,,
PSP_EXTRATLEITIMPL_220526_0408_20000000019702957991_000.jpg,PSP_EXTRATLEITIMPL_220526_0408,valid,mikael,ilegivel,ilegivel,,,
PSP_EXTRATLEITIMPL_220526_0408_20000000019702960875_000.jpg,PSP_EXTRATLEITIMPL_220526_0408,valid,mikael,ilegivel,ilegivel,,,
PSP_EXTRATLEITIMPL_220526_0408_20000000019702960889_000.jpg,PSP_EXTRATLEITIMPL_220526_0408,valid,mikael,ilegivel,ilegivel,,,
PSP_EXTRATLEITIMPL_220526_0408_20000000019702961887_000.jpg,PSP_EXTRATLEITIMPL_220526_0408,valid,mikael,ilegivel,ilegivel,,,
PSP_EXTRATLEITIMPL_220526_0408_20000000019702964903_000.jpg,PSP_EXTRATLEITIMPL_220526_0408,valid,mikael,sem_medidor,sem_medidor,,,
PSP_EXTRATLEITIMPL_220526_0408_20000000019702967765_000.jpg,PSP_EXTRATLEITIMPL_220526_0408,valid,mikael,ilegivel,ilegivel,,,
PSP_EXTRATLEITIMPL_220526_0408_20000000019702967775_000.jpg,PSP_EXTRATLEITIMPL_220526_0408,valid,mikael+llama32v,legivel,ilegivel,legivel,127522,digitada_leiturista
PSP_EXTRATLEITIMPL_220526_0408_20000000019702968807_000.jpg,PSP_EXTRATLEITIMPL_220526_0408,valid,mikael+llama32v,ilegivel,ilegivel,ilegivel,,
PSP_EXTRATLEITIMPL_220526_0408_20000000019702971531_000.jpg,PSP_EXTRATLEITIMPL_220526_0408,valid,mikael,ilegivel,ilegivel,,,
PSP_EXTRATLEITIMPL_220526_0408_20000000019702973466_004.jpg,PSP_EXTRATLEITIMPL_220526_0408,valid,mikael,ilegivel,ilegivel,,,
PSP_EXTRATLEITIMPL_220526_0408_20000000019702982045_000.jpg,PSP_EXTRATLEITIMPL_220526_0408,valid,mikael+llama32v,ilegivel,ilegivel,ilegivel,,
PSP_EXTRATLEITIMPL_220526_0408_20000000019752954993_000.jpg,PSP_EXTRATLEITIMPL_220526_0408,valid,mikael,ilegivel,ilegivel,,,
PSP_EXTRATLEITIMPL_220526_0408_20000000019752956979_000.jpg,PSP_EXTRATLEITIMPL_220526_0408,valid,mikael,ilegivel,ilegivel,,,
PSP_EXTRATLEITIMPL_220526_0408_20000000019752961986_000.jpg,PSP_EXTRATLEITIMPL_220526_0408,valid,mikael,sem_medidor,sem_medidor,,,
PSP_EXTRATLEITIMPL_220526_0408_20000000019752965920_000.jpg,PSP_EXTRATLEITIMPL_220526_0408,valid,mikael,sem_medidor,sem_medidor,,,
PSP_EXTRATLEITIMPL_220526_0408_20000000019752971781_000.jpg,PSP_EXTRATLEITIMPL_220526_0408,valid,mikael,sem_medidor,sem_medidor,,,
PSP_EXTRATLEITIMPL_220526_0408_20000000019752972838_000.jpg,PSP_EXTRATLEITIMPL_220526_0408,valid,mikael,ilegivel,ilegivel,,,
PSP_EXTRATLEITIMPL_220526_0408_20000000019752973756_001.jpg,PSP_EXTRATLEITIMPL_220526_0408,valid,mikael+llama32v,legivel,ilegivel,legivel,77412,digitada_leiturista
PSP_EXTRATLEITIMPL_220526_0408_20000000019752978503_000.jpg,PSP_EXTRATLEITIMPL_220526_0408,valid,mikael,ilegivel,ilegivel,,,
PSP_EXTRATLEITIMPL_220526_0408_20000000019752979432_000.jpg,PSP_EXTRATLEITIMPL_220526_0408,valid,mikael,ilegivel,ilegivel,,,
PSP_EXTRATLEITIMPL_220526_0408_20000000019752983228_000.jpg,PSP_EXTRATLEITIMPL_220526_0408,valid,mikael,ilegivel,ilegivel,,,
PSP_EXTRATLEITIMPL_220526_0408_20000000019752986023_000.jpg,PSP_EXTRATLEITIMPL_220526_0408,valid,mikael,legivel,legivel,,91698,digitada_leiturista
PSP_EXTRATLEITIMPL_220526_0408_20000000019802980889_000.jpg,PSP_EXTRATLEITIMPL_220526_0408,valid,mikael+llama32v,legivel,ilegivel,legivel,15760,digitada_leiturista
PSP_EXTRATLEITIMPL_220526_0408_20000000019802980908_000.jpg,PSP_EXTRATLEITIMPL_220526_0408,valid,mikael,ilegivel,ilegivel,,,
PSP_EXTRATLEITIMPL_220526_0408_20000000019802992585_000.jpg,PSP_EXTRATLEITIMPL_220526_0408,valid,mikael+llama32v,legivel,ilegivel,legivel,5736,digitada_leiturista
PSP_EXTRATLEITIMPL_220526_0408_20000000019802995288_000.jpg,PSP_EXTRATLEITIMPL_220526_0408,valid,mikael,ilegivel,ilegivel,,,
PSP_EXTRATLEITIMPL_220526_0408_20000000019803000036_000.jpg,PSP_EXTRATLEITIMPL_220526_0408,valid,mikael+llama32v,legivel,ilegivel,legivel,1582,digitada_leiturista
PSP_EXTRATLEITIMPL_220526_0408_20000000019803002023_000.jpg,PSP_EXTRATLEITIMPL_220526_0408,valid,mikael,ilegivel,ilegivel,,,
PSP_EXTRATLEITIMPL_220526_0408_20000000019852965929_000.jpg,PSP_EXTRATLEITIMPL_220526_0408,valid,mikael,ilegivel,ilegivel,,,
PSP_EXTRATLEITIMPL_220526_0408_20000000019852968871_000.jpg,PSP_EXTRATLEITIMPL_220526_0408,valid,mikael,ilegivel,ilegivel,,,
PSP_EXTRATLEITIMPL_220526_0408_20000000019852975748_000.jpg,PSP_EXTRATLEITIMPL_220526_0408,valid,mikael,ilegivel,ilegivel,,,
PSP_EXTRATLEITIMPL_220526_0408_20000000019852979606_000.jpg,PSP_EXTRATLEITIMPL_220526_0408,valid,mikael,sem_medidor,sem_medidor,,,
PSP_EXTRATLEITIMPL_220526_0408_20000000019852979614_000.jpg,PSP_EXTRATLEITIMPL_220526_0408,valid,mikael,ilegivel,ilegivel,,,
PSP_EXTRATLEITIMPL_220526_0408_20000000019852984206_000.jpg,PSP_EXTRATLEITIMPL_220526_0408,valid,mikael,legivel,legivel,,790,digitada_leiturista
PSP_EXTRATLEITIMPL_220526_0408_20000000019852986100_000.jpg,PSP_EXTRATLEITIMPL_220526_0408,valid,mikael,sem_medidor,sem_medidor,,,
PSP_EXTRATLEITIMPL_220526_0408_20000000019852986104_001.jpg,PSP_EXTRATLEITIMPL_220526_0408,valid,mikael,ilegivel,ilegivel,,,
PSP_EXTRATLEITIMPL_220526_0408_20000000019902994279_000.jpg,PSP_EXTRATLEITIMPL_220526_0408,valid,mikael,ilegivel,ilegivel,,,
PSP_EXTRATLEITIMPL_220526_0408_20000000019902996191_000.jpg,PSP_EXTRATLEITIMPL_220526_0408,valid,mikael,ilegivel,ilegivel,,,
PSP_EXTRATLEITIMPL_220526_0408_20000000019903001032_000.jpg,PSP_EXTRATLEITIMPL_220526_0408,valid,mikael,sem_medidor,sem_medidor,,,
PSP_EXTRATLEITIMPL_220526_0408_20000000019952970975_000.jpg,PSP_EXTRATLEITIMPL_220526_0408,valid,mikael,ilegivel,ilegivel,,,
PSP_EXTRATLEITIMPL_220526_0408_20000000019952976826_000.jpg,PSP_EXTRATLEITIMPL_220526_0408,valid,mikael,ilegivel,ilegivel,,,
PSP_EXTRATLEITIMPL_220526_0408_20000000019952984646_000.jpg,PSP_EXTRATLEITIMPL_220526_0408,valid,mikael,ilegivel,ilegivel,,,
PSP_EXTRATLEITIMPL_220526_0408_20000000019952985571_000.jpg,PSP_EXTRATLEITIMPL_220526_0408,valid,mikael+llama32v,legivel,legivel,legivel,5751,digitada_leiturista
PSP_EXTRATLEITIMPL_220526_0408_20000000019952988294_000.jpg,PSP_EXTRATLEITIMPL_220526_0408,valid,mikael+llama32v,ilegivel,ilegivel,ilegivel,,
PSP_EXTRATLEITIMPL_220526_0408_20000000019952991125_000.jpg,PSP_EXTRATLEITIMPL_220526_0408,valid,mikael,legivel,legivel,,10441,digitada_leiturista
