nome_arquivo,lote,rotulador,classe,leitura,observacao
PSP_EXTRATLEITIMPL_220526_0408_00000000000211733202_000.jpg,PSP_EXTRATLEITIMPL_220526_0408,mikael,sem_medidor,,pasta=ntem
PSP_EXTRATLEITIMPL_220526_0408_00000000000211742170_000.jpg,PSP_EXTRATLEITIMPL_220526_0408,mikael,ilegivel,,pasta=medidoruim
PSP_EXTRATLEITIMPL_220526_0408_00000000000211746115_000.jpg,PSP_EXTRATLEITIMPL_220526_0408,mikael,legivel,,pasta=medidor
PSP_EXTRATLEITIMPL_220526_0408_00000000000211746121_000.jpg,PSP_EXTRATLEITIMPL_220526_0408,mikael,ilegivel,,pasta=medidoruim
PSP_EXTRATLEITIMPL_220526_0408_00000000000211749086_000.jpg,PSP_EXTRATLEITIMPL_220526_0408,mikael,legivel,,pasta=medidor
PSP_EXTRATLEITIMPL_220526_0408_00000000000211749088_000.jpg,PSP_EXTRATLEITIMPL_220526_0408,mikael,legivel,,pasta=medidor
PSP_EXTRATLEITIMPL_220526_0408_00000000000211752033_000.jpg,PSP_EXTRATLEITIMPL_220526_0408,mikael,legivel,,pasta=medidor
PSP_EXTRATLEITIMPL_220526_0408_00000000000211754908_000.jpg,PSP_EXTRATLEITIMPL_220526_0408,mikael,legivel,,pasta=medidor
PSP_EXTRATLEITIMPL_220526_0408_00000000000211760517_000.jpg,PSP_EXTRATLEITIMPL_220526_0408,mikael,ilegivel,,pasta=medidoruim
PSP_EXTRATLEITIMPL_220526_0408_00000000000211764229_000.jpg,PSP_EXTRATLEITIMPL_220526_0408,mikael,ilegivel,,pasta=medidoruim
PSP_EXTRATLEITIMPL_220526_0408_20000000000002971943_000.jpg,PSP_EXTRATLEITIMPL_220526_0408,mikael,ilegivel,,pasta=medidoruim
PSP_EXTRATLEITIMPL_220526_0408_20000000000002973939_000.jpg,PSP_EXTRATLEITIMPL_220526_0408,mikael,sem_medidor,,pasta=ntem
PSP_EXTRATLEITIMPL_220526_0408_20000000000002980831_000.jpg,PSP_EXTRATLEITIMPL_220526_0408,mikael,ilegivel,,pasta=medidoruim
PSP_EXTRATLEITIMPL_220526_0408_20000000000002988623_000.jpg,PSP_EXTRATLEITIMPL_220526_0408,mikael,ilegivel,,pasta=medidoruim
PSP_EXTRATLEITIMPL_220526_0408_20000000000002991455_000.jpg,PSP_EXTRATLEITIMPL_220526_0408,mikael,ilegivel,,pasta=medidoruim
PSP_EXTRATLEITIMPL_220526_0408_20000000000002991463_000.jpg,PSP_EXTRATLEITIMPL_220526_0408,mikael,legivel,,pasta=medidor
PSP_EXTRATLEITIMPL_220526_0408_20000000000002992373_000.jpg,PSP_EXTRATLEITIMPL_220526_0408,mikael,ilegivel,,pasta=medidoruim
PSP_EXTRATLEITIMPL_220526_0408_20000000000002996201_000.jpg,PSP_EXTRATLEITIMPL_220526_0408,mikael,legivel,,pasta=medidor
PSP_EXTRATLEITIMPL_220526_0408_20000000000002997019_000.jpg,PSP_EXTRATLEITIMPL_220526_0408,mikael,ilegivel,,pasta=medidoruim
PSP_EXTRATLEITIMPL_220526_0408_20000000000052964889_000.jpg,PSP_EXTRATLEITIMPL_220526_0408,mikael,legivel,,pasta=medidor
PSP_EXTRATLEITIMPL_220526_0408_20000000000052972928_000.jpg,PSP_EXTRATLEITIMPL_220526_0408,mikael,legivel,,pasta=medidor
PSP_EXTRATLEITIMPL_220526_0408_20000000000052972939_000.jpg,PSP_EXTRATLEITIMPL_220526_0408,mikael,legivel,,pasta=medidor
PSP_EXTRATLEITIMPL_220526_0408_20000000000052981542_000.jpg,PSP_EXTRATLEITIMPL_220526_0408,mikael,ilegivel,,pasta=medidoruim
PSP_EXTRATLEITIMPL_220526_0408_20000000000052984403_000.jpg,PSP_EXTRATLEITIMPL_220526_0408,mikael,legivel,,pasta=medidor
PSP_EXTRATLEITIMPL_220526_0408_20000000000052988068_000.jpg,PSP_EXTRATLEITIMPL_220526_0408,mikael,ilegivel,,pasta=medidoruim
PSP_EXTRATLEITIMPL_220526_0408_20000000000052989016_000.jpg,PSP_EXTRATLEITIMPL_220526_0408,mikael,legivel,,pasta=medidor
PSP_EXTRATLEITIMPL_220526_0408_20000000000102949919_000.jpg,PSP_EXTRATLEITIMPL_220526_0408,mikael,ilegivel,,pasta=medidoruim
PSP_EXTRATLEITIMPL_220526_0408_20000000000102959870_000.jpg,PSP_EXTRATLEITIMPL_220526_0408,mikael,legivel,,pasta=medidor
PSP_EXTRATLEITIMPL_220526_0408_20000000000102965680_000.jpg,PSP_EXTRATLEITIMPL_220526_0408,mikael,sem_medidor,,pasta=ntem
PSP_EXTRATLEITIMPL_220526_0408_20000000000102966615_000.jpg,PSP_EXTRATLEITIMPL_220526_0408,mikael,legivel,,pasta=medidor
PSP_EXTRATLEITIMPL_220526_0408_20000000000102968503_001.jpg,PSP_EXTRATLEITIMPL_220526_0408,mikael,legivel,,pasta=medidor
PSP_EXTRATLEITIMPL_220526_0408_20000000000102976058_000.jpg,PSP_EXTRATLEITIMPL_220526_0408,mikael,legivel,,pasta=medidor
PSP_EXTRATLEITIMPL_220526_0408_20000000000102978023_000.jpg,PSP_EXTRATLEITIMPL_220526_0408,mikael,legivel,,pasta=medidor
PSP_EXTRATLEITIMPL_220526_0408_20000000000152964784_000.jpg,PSP_EXTRATLEITIMPL_220526_0408,mikael,legivel,,pasta=medidor
PSP_EXTRATLEITIMPL_220526_0408_20000000000152966734_000.jpg,PSP_EXTRATLEITIMPL_220526_0408,mikael,legivel,,pasta=medidor
PSP_EXTRATLEITIMPL_220526_0408_20000000000152968599_000.jpg,PSP_EXTRATLEITIMPL_220526_0408,mikael,sem_medidor,,pasta=ntem
PSP_EXTRATLEITIMPL_220526_0408_20000000000152968616_000.jpg,PSP_EXTRATLEITIMPL_220526_0408,mikael,legivel,,pasta=medidor
PSP_EXTRATLEITIMPL_220526_0408_20000000000152969511_000.jpg,PSP_EXTRATLEITIMPL_220526_0408,mikael,legivel,,pasta=medidor
PSP_EXTRATLEITIMPL_220526_0408_20000000000152970539_000.jpg,PSP_EXTRATLEITIMPL_220526_0408,mikael,legivel,,pasta=medidor
PSP_EXTRATLEITIMPL_220526_0408_20000000000152973383_000.jpg,PSP_EXTRATLEITIMPL_220526_0408,mikael,sem_medidor,,pasta=ntem
PSP_EXTRATLEITIMPL_220526_0408_20000000000152973389_000.jpg,PSP_EXTRATLEITIMPL_220526_0408,mikael,legivel,,pasta=medidor
PSP_EXTRATLEITIMPL_220526_0408_20000000000152976295_000.jpg,PSP_EXTRATLEITIMPL_220526_0408,mikael,ilegivel,,pasta=medidoruim
PSP_EXTRATLEITIMPL_220526_0408_20000000000152981019_000.jpg,PSP_EXTRATLEITIMPL_220526_0408,mikael,ilegivel,,pasta=medidoruim
PSP_EXTRATLEITIMPL_220526_0408_20000000000202943970_000.jpg,PSP_EXTRATLEITIMPL_220526_0408,mikael,ilegivel,,pasta=medidoruim
PSP_EXTRATLEITIMPL_220526_0408_20000000000202947913_000.jpg,PSP_EXTRATLEITIMPL_220526_0408,mikael,ilegivel,,pasta=medidoruim
PSP_EXTRATLEITIMPL_220526_0408_20000000000202959782_000.jpg,PSP_EXTRATLEITIMPL_220526_0408,mikael,ilegivel,,pasta=medidoruim
PSP_EXTRATLEITIMPL_220526_0408_20000000000202973023_000.jpg,PSP_EXTRATLEITIMPL_220526_0408,mikael,sem_medidor,,pasta=ntem
PSP_EXTRATLEITIMPL_220526_0408_20000000000252972984_000.jpg,PSP_EXTRATLEITIMPL_220526_0408,mikael,legivel,,pasta=medidor
PSP_EXTRATLEITIMPL_220526_0408_20000000000252985557_000.jpg,PSP_EXTRATLEITIMPL_220526_0408,mikael,ilegivel,,pasta=medidoruim
PSP_EXTRATLEITIMPL_220526_0408_20000000000252987487_000.jpg,PSP_EXTRATLEITIMPL_220526_0408,mikael,sem_medidor,,pasta=ntem
PSP_EXTRATLEITIMPL_220526_0408_20000000000252991324_000.jpg,PSP_EXTRATLEITIMPL_220526_0408,mikael,ilegivel,,pasta=medidoruim
PSP_EXTRATLEITIMPL_220526_0408_20000000000252993192_000.jpg,PSP_EXTRATLEITIMPL_220526_0408,mikael,ilegivel,,pasta=medidoruim
PSP_EXTRATLEITIMPL_220526_0408_20000000000252996023_000.jpg,PSP_EXTRATLEITIMPL_220526_0408,mikael,ilegivel,,pasta=medidoruim
PSP_EXTRATLEITIMPL_220526_0408_20000000000302952961_000.jpg,PSP_EXTRATLEITIMPL_220526_0408,mikael,ilegivel,,pasta=medidoruim
PSP_EXTRATLEITIMPL_220526_0408_20000000000302965632_000.jpg,PSP_EXTRATLEITIMPL_220526_0408,mikael,ilegivel,,pasta=medidoruim
PSP_EXTRATLEITIMPL_220526_0408_20000000000302965633_000.jpg,PSP_EXTRATLEITIMPL_220526_0408,mikael,ilegivel,,pasta=medidoruim
PSP_EXTRATLEITIMPL_220526_0408_20000000000302966643_000.jpg,PSP_EXTRATLEITIMPL_220526_0408,mikael,legivel,,pasta=medidor
PSP_EXTRATLEITIMPL_220526_0408_20000000000302968401_000.jpg,PSP_EXTRATLEITIMPL_220526_0408,mikael,ilegivel,,pasta=medidoruim
PSP_EXTRATLEITIMPL_220526_0408_20000000000302969335_000.jpg,PSP_EXTRATLEITIMPL_220526_0408,mikael,legivel,,pasta=medidor
PSP_EXTRATLEITIMPL_220526_0408_20000000000302974009_000.jpg,PSP_EXTRATLEITIMPL_220526_0408,mikael,sem_medidor,,pasta=ntem
PSP_EXTRATLEITIMPL_220526_0408_20000000000352963933_000.jpg,PSP_EXTRATLEITIMPL_220526_0408,mikael,ilegivel,,pasta=medidoruim
PSP_EXTRATLEITIMPL_220526_0408_20000000000352972869_000.jpg,PSP_EXTRATLEITIMPL_220526_0408,mikael,ilegivel,,pasta=medidoruim
PSP_EXTRATLEITIMPL_220526_0408_20000000000352972873_000.jpg,PSP_EXTRATLEITIMPL_220526_0408,mikael,ilegivel,,pasta=medidoruim
PSP_EXTRATLEITIMPL_220526_0408_20000000000352980626_000.jpg,PSP_EXTRATLEITIMPL_220526_0408,mikael,legivel,,pasta=medidor
PSP_EXTRATLEITIMPL_220526_0408_20000000000352983423_000.jpg,PSP_EXTRATLEITIMPL_220526_0408,mikael,ilegivel,,pasta=medidoruim
PSP_EXTRATLEITIMPL_220526_0408_20000000000352985229_000.jpg,PSP_EXTRATLEITIMPL_220526_0408,mikael,legivel,,pasta=medidor
PSP_EXTRATLEITIMPL_220526_0408_20000000000352985239_000.jpg,PSP_EXTRATLEITIMPL_220526_0408,mikael,ilegivel,,pasta=medidoruim
PSP_EXTRATLEITIMPL_220526_0408_20000000000352986172_000.jpg,PSP_EXTRATLEITIMPL_220526_0408,mikael,ilegivel,,pasta=medidoruim
PSP_EXTRATLEITIMPL_220526_0408_20000000000402968947_000.jpg,PSP_EXTRATLEITIMPL_220526_0408,mikael,legivel,,pasta=medidor
PSP_EXTRATLEITIMPL_220526_0408_20000000000402970900_000.jpg,PSP_EXTRATLEITIMPL_220526_0408,mikael,legivel,,pasta=medidor
PSP_EXTRATLEITIMPL_220526_0408_20000000000402971863_000.jpg,PSP_EXTRATLEITIMPL_220526_0408,mikael,legivel,,pasta=medidor
PSP_EXTRATLEITIMPL_220526_0408_20000000000452943942_000.jpg,PSP_EXTRATLEITIMPL_220526_0408,mikael,legivel,,pasta=medidor
PSP_EXTRATLEITIMPL_220526_0408_20000000000452948970_000.jpg,PSP_EXTRATLEITIMPL_220526_0408,mikael,ilegivel,,pasta=medidoruim
PSP_EXTRATLEITIMPL_220526_0408_20000000000452948972_000.jpg,PSP_EXTRATLEITIMPL_220526_0408,mikael,legivel,,pasta=medidor
PSP_EXTRATLEITIMPL_220526_0408_20000000000452951921_000.jpg,PSP_EXTRATLEITIMPL_220526_0408,mikael,ilegivel,,pasta=medidoruim
PSP_EXTRATLEITIMPL_220526_0408_20000000000452961654_000.jpg,PSP_EXTRATLEITIMPL_220526_0408,mikael,legivel,,pasta=medidor
PSP_EXTRATLEITIMPL_220526_0408_20000000000452971066_000.jpg,PSP_EXTRATLEITIMPL_220526_0408,mikael,legivel,,pasta=medidor
PSP_EXTRATLEITIMPL_220526_0408_20000000000502950922_000.jpg,PSP_EXTRATLEITIMPL_220526_0408,mikael,ilegivel,,pasta=medidoruim
PSP_EXTRATLEITIMPL_220526_0408_20000000000502954868_000.jpg,PSP_EXTRATLEITIMPL_220526_0408,mikael,ilegivel,,pasta=medidoruim
PSP_EXTRATLEITIMPL_220526_0408_20000000000502958786_000.jpg,PSP_EXTRATLEITIMPL_220526_0408,mikael,ilegivel,,pasta=medidoruim
PSP_EXTRATLEITIMPL_220526_0408_20000000000502958798_000.jpg,PSP_EXTRATLEITIMPL_220526_0408,mikael,ilegivel,,pasta=medidoruim
PSP_EXTRATLEITIMPL_220526_0408_20000000000502960745_000.jpg,PSP_EXTRATLEITIMPL_220526_0408,mikael,legivel,,pasta=medidor
PSP_EXTRATLEITIMPL_220526_0408_20000000000502960757_000.jpg,PSP_EXTRATLEITIMPL_220526_0408,mikael,ilegivel,,pasta=medidoruim
PSP_EXTRATLEITIMPL_220526_0408_20000000000502962625_000.jpg,PSP_EXTRATLEITIMPL_220526_0408,mikael,ilegivel,,pasta=medidoruim
PSP_EXTRATLEITIMPL_220526_0408_20000000000502964647_000.jpg,PSP_EXTRATLEITIMPL_220526_0408,mikael,ilegivel,,pasta=medidoruim
PSP_EXTRATLEITIMPL_220526_0408_20000000000502972030_000.jpg,PSP_EXTRATLEITIMPL_220526_0408,mikael,legivel,,pasta=medidor
PSP_EXTRATLEITIMPL_220526_0408_20000000000552951963_000.jpg,PSP_EXTRATLEITIMPL_220526_0408,mikael,legivel,,pasta=medidor
PSP_EXTRATLEITIMPL_220526_0408_20000000000552956896_000.jpg,PSP_EXTRATLEITIMPL_220526_0408,mikael,ilegivel,,pasta=medidoruim
PSP_EXTRATLEITIMPL_220526_0408_20000000000552957886_000.jpg,PSP_EXTRATLEITIMPL_220526_0408,mikael,ilegivel,,pasta=medidoruim
PSP_EXTRATLEITIMPL_220526_0408_20000000000552960806_000.jpg,PSP_EXTRATLEITIMPL_220526_0408,mikael,ilegivel,,pasta=medidoruim
PSP_EXTRATLEITIMPL_220526_0408_20000000000552964611_000.jpg,PSP_EXTRATLEITIMPL_220526_0408,mikael,ilegivel,,pasta=medidoruim
PSP_EXTRATLEITIMPL_220526_0408_20000000000552965521_000.jpg,PSP_EXTRATLEITIMPL_220526_0408,mikael,legivel,,pasta=medidor
PSP_EXTRATLEITIMPL_220526_0408_20000000000552969394_000.jpg,PSP_EXTRATLEITIMPL_220526_0408,mikael,legivel,,pasta=medidor
PSP_EXTRATLEITIMPL_220526_0408_20000000000552972210_000.jpg,PSP_EXTRATLEITIMPL_220526_0408,mikael,ilegivel,,pasta=medidoruim
PSP_EXTRATLEITIMPL_220526_0408_20000000000602962701_000.jpg,PSP_EXTRATLEITIMPL_220526_0408,mikael,ilegivel,,pasta=medidoruim
PSP_EXTRATLEITIMPL_220526_0408_20000000000602964601_000.jpg,PSP_EXTRATLEITIMPL_220526_0408,mikael,ilegivel,,pasta=medidoruim
PSP_EXTRATLEITIMPL_220526_0408_20000000000602969432_000.jpg,PSP_EXTRATLEITIMPL_220526_0408,mikael,ilegivel,,pasta=medidoruim
PSP_EXTRATLEITIMPL_220526_0408_20000000000602972191_000.jpg,PSP_EXTRATLEITIMPL_220526_0408,mikael,ilegivel,,pasta=medidoruim
PSP_EXTRATLEITIMPL_220526_0408_20000000000602975030_000.jpg,PSP_EXTRATLEITIMPL_220526_0408,mikael,sem_medidor,,pasta=ntem
PSP_EXTRATLEITIMPL_220526_0408_20000000000602975031_000.jpg,PSP_EXTRATLEITIMPL_220526_0408,mikael,ilegivel,,pasta=medidoruim
PSP_EXTRATLEITIMPL_220526_0408_20000000000652955951_000.jpg,PSP_EXTRATLEITIMPL_220526_0408,mikael,legivel,,pasta=medidor
PSP_EXTRATLEITIMPL_220526_0408_20000000000652967694_000.jpg,PSP_EXTRATLEITIMPL_220526_0408,mikael,ilegivel,,pasta=medidoruim
PSP_EXTRATLEITIMPL_220526_0408_20000000000652971416_000.jpg,PSP_EXTRATLEITIMPL_220526_0408,mikael,ilegivel,,pasta=medidoruim
PSP_EXTRATLEITIMPL_220526_0408_20000000000652975195_000.jpg,PSP_EXTRATLEITIMPL_220526_0408,mikael,legivel,,pasta=medidor
PSP_EXTRATLEITIMPL_220526_0408_20000000000652975199_000.jpg,PSP_EXTRATLEITIMPL_220526_0408,mikael,legivel,,pasta=medidor
PSP_EXTRATLEITIMPL_220526_0408_20000000000652975203_000.jpg,PSP_EXTRATLEITIMPL_220526_0408,mikael,legivel,,pasta=medidor
PSP_EXTRATLEITIMPL_220526_0408_20000000000652978013_000.jpg,PSP_EXTRATLEITIMPL_220526_0408,mikael,legivel,,pasta=medidor
PSP_EXTRATLEITIMPL_220526_0408_20000000000652979007_000.jpg,PSP_EXTRATLEITIMPL_220526_0408,mikael,ilegivel,,pasta=medidoruim
PSP_EXTRATLEITIMPL_220526_0408_20000000000702952828_000.jpg,PSP_EXTRATLEITIMPL_220526_0408,mikael,legivel,,pasta=medidor
PSP_EXTRATLEITIMPL_220526_0408_20000000000702957802_000.jpg,PSP_EXTRATLEITIMPL_220526_0408,mikael,legivel,,pasta=medidor
PSP_EXTRATLEITIMPL_220526_0408_20000000000702958692_000.jpg,PSP_EXTRATLEITIMPL_220526_0408,mikael,ilegivel,,pasta=medidoruim
PSP_EXTRATLEITIMPL_220526_0408_20000000000702959684_000.jpg,PSP_EXTRATLEITIMPL_220526_0408,mikael,ilegivel,,pasta=medidoruim
PSP_EXTRATLEITIMPL_220526_0408_20000000000702964377_000.jpg,PSP_EXTRATLEITIMPL_220526_0408,mikael,legivel,,pasta=medidor
PSP_EXTRATLEITIMPL_220526_0408_20000000000702964391_000.jpg,PSP_EXTRATLEITIMPL_220526_0408,mikael,legivel,,pasta=medidor
PSP_EXTRATLEITIMPL_220526_0408_20000000000702965283_002.jpg,PSP_EXTRATLEITIMPL_220526_0408,mikael,legivel,,pasta=medidor
PSP_EXTRATLEITIMPL_220526_0408_20000000000752962809_000.jpg,PSP_EXTRATLEITIMPL_220526_0408,mikael,legivel,,pasta=medidor
PSP_EXTRATLEITIMPL_220526_0408_20000000000752963863_000.jpg,PSP_EXTRATLEITIMPL_220526_0408,mikael,ilegivel,,pasta=medidoruim
PSP_EXTRATLEITIMPL_220526_0408_20000000000752967661_000.jpg,PSP_EXTRATLEITIMPL_220526_0408,mikael,ilegivel,,pasta=medidoruim
PSP_EXTRATLEITIMPL_220526_0408_20000000000752974189_000.jpg,PSP_EXTRATLEITIMPL_220526_0408,mikael,sem_medidor,,pasta=ntem
PSP_EXTRATLEITIMPL_220526_0408_20000000000752975177_000.jpg,PSP_EXTRATLEITIMPL_220526_0408,mikael,ilegivel,,pasta=medidoruim
PSP_EXTRATLEITIMPL_220526_0408_20000000000752975178_000.jpg,PSP_EXTRATLEITIMPL_220526_0408,mikael,ilegivel,,pasta=medidoruim
PSP_EXTRATLEITIMPL_220526_0408_20000000000752976036_000.jpg,PSP_EXTRATLEITIMPL_220526_0408,mikael,legivel,,pasta=medidor
PSP_EXTRATLEITIMPL_220526_0408_20000000000752977003_000.jpg,PSP_EXTRATLEITIMPL_220526_0408,mikael,ilegivel,,pasta=medidoruim
PSP_EXTRATLEITIMPL_220526_0408_20000000000752977015_000.jpg,PSP_EXTRATLEITIMPL_220526_0408,mikael,ilegivel,,pasta=medidoruim
PSP_EXTRATLEITIMPL_220526_0408_20000000000802956944_000.jpg,PSP_EXTRATLEITIMPL_220526_0408,mikael,ilegivel,,pasta=medidoruim
PSP_EXTRATLEITIMPL_220526_0408_20000000000802958890_000.jpg,PSP_EXTRATLEITIMPL_220526_0408,mikael,sem_medidor,,pasta=ntem
PSP_EXTRATLEITIMPL_220526_0408_20000000000802965686_000.jpg,PSP_EXTRATLEITIMPL_220526_0408,mikael,ilegivel,,pasta=medidoruim
PSP_EXTRATLEITIMPL_220526_0408_20000000000802968531_000.jpg,PSP_EXTRATLEITIMPL_220526_0408,mikael,ilegivel,,pasta=medidoruim
PSP_EXTRATLEITIMPL_220526_0408_20000000000802968543_000.jpg,PSP_EXTRATLEITIMPL_220526_0408,mikael,ilegivel,,pasta=medidoruim
PSP_EXTRATLEITIMPL_220526_0408_20000000000802974160_000.jpg,PSP_EXTRATLEITIMPL_220526_0408,mikael,legivel,,pasta=medidor
PSP_EXTRATLEITIMPL_220526_0408_20000000000852944975_000.jpg,PSP_EXTRATLEITIMPL_220526_0408,mikael,legivel,,pasta=medidor
PSP_EXTRATLEITIMPL_220526_0408_20000000000852951915_000.jpg,PSP_EXTRATLEITIMPL_220526_0408,mikael,ilegivel,,pasta=medidoruim
PSP_EXTRATLEITIMPL_220526_0408_20000000000852957888_000.jpg,PSP_EXTRATLEITIMPL_220526_0408,mikael,ilegivel,,pasta=medidoruim
PSP_EXTRATLEITIMPL_220526_0408_20000000000852959895_000.jpg,PSP_EXTRATLEITIMPL_220526_0408,mikael,ilegivel,,pasta=medidoruim
PSP_EXTRATLEITIMPL_220526_0408_20000000000852964696_000.jpg,PSP_EXTRATLEITIMPL_220526_0408,mikael,legivel,,pasta=medidor
PSP_EXTRATLEITIMPL_220526_0408_20000000000852964704_000.jpg,PSP_EXTRATLEITIMPL_220526_0408,mikael,legivel,,pasta=medidor
PSP_EXTRATLEITIMPL_220526_0408_20000000000852964707_000.jpg,PSP_EXTRATLEITIMPL_220526_0408,mikael,ilegivel,,pasta=medidoruim
PSP_EXTRATLEITIMPL_220526_0408_20000000000852965682_000.jpg,PSP_EXTRATLEITIMPL_220526_0408,mikael,ilegivel,,pasta=medidoruim
PSP_EXTRATLEITIMPL_220526_0408_20000000000852976079_000.jpg,PSP_EXTRATLEITIMPL_220526_0408,mikael,ilegivel,,pasta=medidoruim
PSP_EXTRATLEITIMPL_220526_0408_20000000000902953949_000.jpg,PSP_EXTRATLEITIMPL_220526_0408,mikael,legivel,,pasta=medidor
PSP_EXTRATLEITIMPL_220526_0408_20000000000902958913_000.jpg,PSP_EXTRATLEITIMPL_220526_0408,mikael,legivel,,pasta=medidor
PSP_EXTRATLEITIMPL_220526_0408_20000000000902960937_000.jpg,PSP_EXTRATLEITIMPL_220526_0408,mikael,ilegivel,,pasta=medidoruim
PSP_EXTRATLEITIMPL_220526_0408_20000000000902964928_000.jpg,PSP_EXTRATLEITIMPL_220526_0408,mikael,ilegivel,,pasta=medidoruim
PSP_EXTRATLEITIMPL_220526_0408_20000000000902975433_000.jpg,PSP_EXTRATLEITIMPL_220526_0408,mikael,sem_medidor,,pasta=ntem
PSP_EXTRATLEITIMPL_220526_0408_20000000000902977372_000.jpg,PSP_EXTRATLEITIMPL_220526_0408,mikael,ilegivel,,pasta=medidoruim
PSP_EXTRATLEITIMPL_220526_0408_20000000000902985008_000.jpg,PSP_EXTRATLEITIMPL_220526_0408,mikael,legivel,,pasta=medidor
PSP_EXTRATLEITIMPL_220526_0408_20000000000952945949_000.jpg,PSP_EXTRATLEITIMPL_220526_0408,mikael,ilegivel,,pasta=medidoruim
PSP_EXTRATLEITIMPL_220526_0408_20000000000952946919_000.jpg,PSP_EXTRATLEITIMPL_220526_0408,mikael,ilegivel,,pasta=medidoruim
PSP_EXTRATLEITIMPL_220526_0408_20000000000952960697_000.jpg,PSP_EXTRATLEITIMPL_220526_0408,mikael,ilegivel,,pasta=medidoruim
PSP_EXTRATLEITIMPL_220526_0408_20000000000952965450_000.jpg,PSP_EXTRATLEITIMPL_220526_0408,mikael,ilegivel,,pasta=medidoruim
PSP_EXTRATLEITIMPL_220526_0408_20000000000952966444_000.jpg,PSP_EXTRATLEITIMPL_220526_0408,mikael,sem_medidor,,pasta=ntem
PSP_EXTRATLEITIMPL_220526_0408_20000000000952969310_000.jpg,PSP_EXTRATLEITIMPL_220526_0408,mikael,legivel,,pasta=medidor
PSP_EXTRATLEITIMPL_220526_0408_20000000000952971192_000.jpg,PSP_EXTRATLEITIMPL_220526_0408,mikael,ilegivel,,pasta=medidoruim
PSP_EXTRATLEITIMPL_220526_0408_20000000001002952899_000.jpg,PSP_EXTRATLEITIMPL_220526_0408,mikael,legivel,,pasta=medidor
PSP_EXTRATLEITIMPL_220526_0408_20000000001002959830_000.jpg,PSP_EXTRATLEITIMPL_220526_0408,mikael,ilegivel,,pasta=medidoruim
PSP_EXTRATLEITIMPL_220526_0408_20000000001002960796_000.jpg,PSP_EXTRATLEITIMPL_220526_0408,mikael,ilegivel,,pasta=medidoruim
PSP_EXTRATLEITIMPL_220526_0408_20000000001002965475_000.jpg,PSP_EXTRATLEITIMPL_220526_0408,mikael,ilegivel,,pasta=medidoruim
PSP_EXTRATLEITIMPL_220526_0408_20000000001002965477_000.jpg,PSP_EXTRATLEITIMPL_220526_0408,mikael,legivel,,pasta=medidor
PSP_EXTRATLEITIMPL_220526_0408_20000000001002966490_000.jpg,PSP_EXTRATLEITIMPL_220526_0408,mikael,legivel,,pasta=medidor
PSP_EXTRATLEITIMPL_220526_0408_20000000001002969392_000.jpg,PSP_EXTRATLEITIMPL_220526_0408,mikael,legivel,,pasta=medidor
PSP_EXTRATLEITIMPL_220526_0408_20000000001002970321_000.jpg,PSP_EXTRATLEITIMPL_220526_0408,mikael,ilegivel,,pasta=medidoruim
PSP_EXTRATLEITIMPL_220526_0408_20000000001002973076_000.jpg,PSP_EXTRATLEITIMPL_220526_0408,mikael,legivel,,pasta=medidor
PSP_EXTRATLEITIMPL_220526_0408_20000000001002973077_000.jpg,PSP_EXTRATLEITIMPL_220526_0408,mikael,ilegivel,,pasta=medidoruim
PSP_EXTRATLEITIMPL_220526_0408_20000000001052978383_000.jpg,PSP_EXTRATLEITIMPL_220526_0408,mikael,legivel,,pasta=medidor
PSP_EXTRATLEITIMPL_220526_0408_20000000001052982027_000.jpg,PSP_EXTRATLEITIMPL_220526_0408,mikael,legivel,,pasta=medidor
PSP_EXTRATLEITIMPL_220526_0408_20000000001052983014_000.jpg,PSP_EXTRATLEITIMPL_220526_0408,mikael,ilegivel,,pasta=medidoruim
PSP_EXTRATLEITIMPL_220526_0408_20000000001102963801_001.jpg,PSP_EXTRATLEITIMPL_220526_0408,mikael,ilegivel,,pasta=medidoruim
PSP_EXTRATLEITIMPL_220526_0408_20000000001102970542_000.jpg,PSP_EXTRATLEITIMPL_220526_0408,mikael,legivel,,pasta=medidor
PSP_EXTRATLEITIMPL_220526_0408_20000000001102974315_000.jpg,PSP_EXTRATLEITIMPL_220526_0408,mikael,legivel,,pasta=medidor
PSP_EXTRATLEITIMPL_220526_0408_20000000001152952989_000.jpg,PSP_EXTRATLEITIMPL_220526_0408,mikael,legivel,,pasta=medidor
PSP_EXTRATLEITIMPL_220526_0408_20000000001152966764_000.jpg,PSP_EXTRATLEITIMPL_220526_0408,mikael,legivel,,pasta=medidor
PSP_EXTRATLEITIMPL_220526_0408_20000000001152969631_000.jpg,PSP_EXTRATLEITIMPL_220526_0408,mikael,legivel,,pasta=medidor
PSP_EXTRATLEITIMPL_220526_0408_20000000001152969637_000.jpg,PSP_EXTRATLEITIMPL_220526_0408,mikael,ilegivel,,pasta=medidoruim
PSP_EXTRATLEITIMPL_220526_0408_20000000001152976376_000.jpg,PSP_EXTRATLEITIMPL_220526_0408,mikael,ilegivel,,pasta=medidoruim
PSP_EXTRATLEITIMPL_220526_0408_20000000001152977287_000.jpg,PSP_EXTRATLEITIMPL_220526_0408,mikael,ilegivel,,pasta=medidoruim
PSP_EXTRATLEITIMPL_220526_0408_20000000001152980049_000.jpg,PSP_EXTRATLEITIMPL_220526_0408,mikael,ilegivel,,pasta=medidoruim
PSP_EXTRATLEITIMPL_220526_0408_20000000001202972798_000.jpg,PSP_EXTRATLEITIMPL_220526_0408,mikael,ilegivel,,pasta=medidoruim
PSP_EXTRATLEITIMPL_220526_0408_20000000001202972815_000.jpg,PSP_EXTRATLEITIMPL_220526_0408,mikael,ilegivel,,pasta=medidoruim
PSP_EXTRATLEITIMPL_220526_0408_20000000001202974657_000.jpg,PSP_EXTRATLEITIMPL_220526_0408,mikael,ilegivel,,pasta=medidoruim
PSP_EXTRATLEITIMPL_220526_0408_20000000001202975589_000.jpg,PSP_EXTRATLEITIMPL_220526_0408,mikael,ilegivel,,pasta=medidoruim
PSP_EXTRATLEITIMPL_220526_0408_20000000001202977533_000.jpg,PSP_EXTRATLEITIMPL_220526_0408,mikael,ilegivel,,pasta=medidoruim
PSP_EXTRATLEITIMPL_220526_0408_20000000001202980397_000.jpg,PSP_EXTRATLEITIMPL_220526_0408,mikael,sem_medidor,,pasta=ntem
PSP_EXTRATLEITIMPL_220526_0408_20000000001202981373_000.jpg,PSP_EXTRATLEITIMPL_220526_0408,mikael,ilegivel,,pasta=medidoruim
PSP_EXTRATLEITIMPL_220526_0408_20000000001202983181_000.jpg,PSP_EXTRATLEITIMPL_220526_0408,mikael,ilegivel,,pasta=medidoruim
PSP_EXTRATLEITIMPL_220526_0408_20000000001202983183_000.jpg,PSP_EXTRATLEITIMPL_220526_0408,mikael,ilegivel,,pasta=medidoruim
PSP_EXTRATLEITIMPL_220526_0408_20000000001202985097_000.jpg,PSP_EXTRATLEITIMPL_220526_0408,mikael,ilegivel,,pasta=medidoruim
PSP_EXTRATLEITIMPL_220526_0408_20000000001202986056_000.jpg,PSP_EXTRATLEITIMPL_220526_0408,mikael,ilegivel,,pasta=medidoruim
PSP_EXTRATLEITIMPL_220526_0408_20000000001252963965_000.jpg,PSP_EXTRATLEITIMPL_220526_0408,mikael,ilegivel,,pasta=medidoruim
PSP_EXTRATLEITIMPL_220526_0408_20000000001252963968_000.jpg,PSP_EXTRATLEITIMPL_220526_0408,mikael,ilegivel,,pasta=medidoruim
PSP_EXTRATLEITIMPL_220526_0408_20000000001252978658_000.jpg,PSP_EXTRATLEITIMPL_220526_0408,mikael,ilegivel,,pasta=medidoruim
PSP_EXTRATLEITIMPL_220526_0408_20000000001252981588_000.jpg,PSP_EXTRATLEITIMPL_220526_0408,mikael,ilegivel,,pasta=medidoruim
PSP_EXTRATLEITIMPL_220526_0408_20000000001252981607_000.jpg,PSP_EXTRATLEITIMPL_220526_0408,mikael,ilegivel,,pasta=medidoruim
PSP_EXTRATLEITIMPL_220526_0408_20000000001252988108_000.jpg,PSP_EXTRATLEITIMPL_220526_0408,mikael,ilegivel,,pasta=medidoruim
PSP_EXTRATLEITIMPL_220526_0408_20000000001252988116_000.jpg,PSP_EXTRATLEITIMPL_220526_0408,mikael,ilegivel,,pasta=medidoruim
PSP_EXTRATLEITIMPL_220526_0408_20000000001252991003_000.jpg,PSP_EXTRATLEITIMPL_220526_0408,mikael,ilegivel,,pasta=medidoruim
PSP_EXTRATLEITIMPL_220526_0408_20000000001302965976_000.jpg,PSP_EXTRATLEITIMPL_220526_0408,mikael,ilegivel,,pasta=medidoruim
PSP_EXTRATLEITIMPL_220526_0408_20000000001302965983_000.jpg,PSP_EXTRATLEITIMPL_220526_0408,mikael,ilegivel,,pasta=medidoruim
PSP_EXTRATLEITIMPL_220526_0408_20000000001302980759_000.jpg,PSP_EXTRATLEITIMPL_220526_0408,mikael,ilegivel,,pasta=medidoruim
PSP_EXTRATLEITIMPL_220526_0408_20000000001302988404_000.jpg,PSP_EXTRATLEITIMPL_220526_0408,mikael,ilegivel,,pasta=medidoruim
PSP_EXTRATLEITIMPL_220526_0408_20000000001302991212_000.jpg,PSP_EXTRATLEITIMPL_220526_0408,mikael,ilegivel,,pasta=medidoruim
PSP_EXTRATLEITIMPL_220526_0408_20000000001352969981_000.jpg,PSP_EXTRATLEITIMPL_220526_0408,mikael,ilegivel,,pasta=medidoruim
PSP_EXTRATLEITIMPL_220526_0408_20000000001352970998_000.jpg,PSP_EXTRATLEITIMPL_220526_0408,mikael,ilegivel,,pasta=medidoruim
PSP_EXTRATLEITIMPL_220526_0408_20000000001352970999_000.jpg,PSP_EXTRATLEITIMPL_220526_0408,mikael,ilegivel,,pasta=medidoruim
PSP_EXTRATLEITIMPL_220526_0408_20000000001352977900_000.jpg,PSP_EXTRATLEITIMPL_220526_0408,mikael,ilegivel,,pasta=medidoruim
PSP_EXTRATLEITIMPL_220526_0408_20000000001352981759_000.jpg,PSP_EXTRATLEITIMPL_220526_0408,mikael,ilegivel,,pasta=medidoruim
PSP_EXTRATLEITIMPL_220526_0408_20000000001352986539_000.jpg,PSP_EXTRATLEITIMPL_220526_0408,mikael,sem_medidor,,pasta=ntem
PSP_EXTRATLEITIMPL_220526_0408_20000000001352998015_000.jpg,PSP_EXTRATLEITIMPL_220526_0408,mikael,ilegivel,,pasta=medidoruim
PSP_EXTRATLEITIMPL_220526_0408_20000000001352998028_000.jpg,PSP_EXTRATLEITIMPL_220526_0408,mikael,ilegivel,,pasta=medidoruim
PSP_EXTRATLEITIMPL_220526_0408_20000000001352999005_000.jpg,PSP_EXTRATLEITIMPL_220526_0408,mikael,ilegivel,,pasta=medidoruim
PSP_EXTRATLEITIMPL_220526_0408_20000000001352999016_000.jpg,PSP_EXTRATLEITIMPL_220526_0408,mikael,ilegivel,,pasta=medidoruim
PSP_EXTRATLEITIMPL_220526_0408_20000000001402972894_000.jpg,PSP_EXTRATLEITIMPL_220526_0408,mikael,ilegivel,,pasta=medidoruim
PSP_EXTRATLEITIMPL_220526_0408_20000000001402975919_000.jpg,PSP_EXTRATLEITIMPL_220526_0408,mikael,ilegivel,,pasta=medidoruim
PSP_EXTRATLEITIMPL_220526_0408_20000000001402980675_000.jpg,PSP_EXTRATLEITIMPL_220526_0408,mikael,ilegivel,,pasta=medidoruim
PSP_EXTRATLEITIMPL_220526_0408_20000000001402981685_000.jpg,PSP_EXTRATLEITIMPL_220526_0408,mikael,ilegivel,,pasta=medidoruim
PSP_EXTRATLEITIMPL_220526_0408_20000000001402991137_000.jpg,PSP_EXTRATLEITIMPL_220526_0408,mikael,ilegivel,,pasta=medidoruim
PSP_EXTRATLEITIMPL_220526_0408_20000000001402993067_000.jpg,PSP_EXTRATLEITIMPL_220526_0408,mikael,ilegivel,,pasta=medidoruim
PSP_EXTRATLEITIMPL_220526_0408_20000000001402993078_000.jpg,PSP_EXTRATLEITIMPL_220526_0408,mikael,legivel,,pasta=medidor
PSP_EXTRATLEITIMPL_220526_0408_20000000001402995035_000.jpg,PSP_EXTRATLEITIMPL_220526_0408,mikael,ilegivel,,pasta=medidoruim
PSP_EXTRATLEITIMPL_220526_0408_20000000001402996006_000.jpg,PSP_EXTRATLEITIMPL_220526_0408,mikael,sem_medidor,,pasta=ntem
PSP_EXTRATLEITIMPL_220526_0408_20000000001402996016_000.jpg,PSP_EXTRATLEITIMPL_220526_0408,mikael,legivel,,pasta=medidor
PSP_EXTRATLEITIMPL_220526_0408_20000000001402996019_000.jpg,PSP_EXTRATLEITIMPL_220526_0408,mikael,ilegivel,,pasta=medidoruim
PSP_EXTRATLEITIMPL_220526_0408_20000000001452972916_000.jpg,PSP_EXTRATLEITIMPL_220526_0408,mikael,ilegivel,,pasta=medidoruim
PSP_EXTRATLEITIMPL_220526_0408_20000000001452972922_000.jpg,PSP_EXTRATLEITIMPL_220526_0408,mikael,ilegivel,,pasta=medidoruim
PSP_EXTRATLEITIMPL_220526_0408_20000000001452979894_000.jpg,PSP_EXTRATLEITIMPL_220526_0408,mikael,ilegivel,,pasta=medidoruim
PSP_EXTRATLEITIMPL_220526_0408_20000000001452992301_000.jpg,PSP_EXTRATLEITIMPL_220526_0408,mikael,ilegivel,,pasta=medidoruim
PSP_EXTRATLEITIMPL_220526_0408_20000000001452992314_000.jpg,PSP_EXTRATLEITIMPL_220526_0408,mikael,legivel,,pasta=medidor
PSP_EXTRATLEITIMPL_220526_0408_20000000001452994210_001.jpg,PSP_EXTRATLEITIMPL_220526_0408,mikael,ilegivel,,pasta=medidoruim
PSP_EXTRATLEITIMPL_220526_0408_20000000001452996085_000.jpg,PSP_EXTRATLEITIMPL_220526_0408,mikael,ilegivel,,pasta=medidoruim
PSP_EXTRATLEITIMPL_220526_0408_20000000001502967891_000.jpg,PSP_EXTRATLEITIMPL_220526_0408,mikael,ilegivel,,pasta=medidoruim
PSP_EXTRATLEITIMPL_220526_0408_20000000001502967898_000.jpg,PSP_EXTRATLEITIMPL_220526_0408,mikael,ilegivel,,pasta=medidoruim
PSP_EXTRATLEITIMPL_220526_0408_20000000001502967899_000.jpg,PSP_EXTRATLEITIMPL_220526_0408,mikael,ilegivel,,pasta=medidoruim
PSP_EXTRATLEITIMPL_220526_0408_20000000001502969909_000.jpg,PSP_EXTRATLEITIMPL_220526_0408,mikael,ilegivel,,pasta=medidoruim
PSP_EXTRATLEITIMPL_220526_0408_20000000001502970951_000.jpg,PSP_EXTRATLEITIMPL_220526_0408,mikael,ilegivel,,pasta=medidoruim
PSP_EXTRATLEITIMPL_220526_0408_20000000001502970964_000.jpg,PSP_EXTRATLEITIMPL_220526_0408,mikael,ilegivel,,pasta=medidoruim
PSP_EXTRATLEITIMPL_220526_0408_20000000001502974808_000.jpg,PSP_EXTRATLEITIMPL_220526_0408,mikael,ilegivel,,pasta=medidoruim
PSP_EXTRATLEITIMPL_220526_0408_20000000001502975787_000.jpg,PSP_EXTRATLEITIMPL_220526_0408,mikael,ilegivel,,pasta=medidoruim
PSP_EXTRATLEITIMPL_220526_0408_20000000001502979587_000.jpg,PSP_EXTRATLEITIMPL_220526_0408,mikael,ilegivel,,pasta=medidoruim
PSP_EXTRATLEITIMPL_220526_0408_20000000001502980598_001.jpg,PSP_EXTRATLEITIMPL_220526_0408,mikael,ilegivel,,pasta=medidoruim
PSP_EXTRATLEITIMPL_220526_0408_20000000001502980603_000.jpg,PSP_EXTRATLEITIMPL_220526_0408,mikael,ilegivel,,pasta=medidoruim
PSP_EXTRATLEITIMPL_220526_0408_20000000001502981414_000.jpg,PSP_EXTRATLEITIMPL_220526_0408,mikael,ilegivel,,pasta=medidoruim
PSP_EXTRATLEITIMPL_220526_0408_20000000001502981426_000.jpg,PSP_EXTRATLEITIMPL_220526_0408,mikael,ilegivel,,pasta=medidoruim
PSP_EXTRATLEITIMPL_220526_0408_20000000001502983300_000.jpg,PSP_EXTRATLEITIMPL_220526_0408,mikael,ilegivel,,pasta=medidoruim
PSP_EXTRATLEITIMPL_220526_0408_20000000001502986159_000.jpg,PSP_EXTRATLEITIMPL_220526_0408,mikael,ilegivel,,pasta=medidoruim
PSP_EXTRATLEITIMPL_220526_0408_20000000001502987088_000.jpg,PSP_EXTRATLEITIMPL_220526_0408,mikael,ilegivel,,pasta=medidoruim
PSP_EXTRATLEITIMPL_220526_0408_20000000001502991001_000.jpg,PSP_EXTRATLEITIMPL_220526_0408,mikael,ilegivel,,pasta=medidoruim
PSP_EXTRATLEITIMPL_220526_0408_20000000001552976874_000.jpg,PSP_EXTRATLEITIMPL_220526_0408,mikael,ilegivel,,pasta=medidoruim
PSP_EXTRATLEITIMPL_220526_0408_20000000001552979786_000.jpg,PSP_EXTRATLEITIMPL_220526_0408,mikael,legivel,,pasta=medidor
PSP_EXTRATLEITIMPL_220526_0408_20000000001552982549_000.jpg,PSP_EXTRATLEITIMPL_220526_0408,mikael,ilegivel,,pasta=medidoruim
PSP_EXTRATLEITIMPL_220526_0408_20000000001552982563_000.jpg,PSP_EXTRATLEITIMPL_220526_0408,mikael,ilegivel,,pasta=medidoruim
PSP_EXTRATLEITIMPL_220526_0408_20000000001552987439_000.jpg,PSP_EXTRATLEITIMPL_220526_0408,mikael,ilegivel,,pasta=medidoruim
PSP_EXTRATLEITIMPL_220526_0408_20000000001552988414_000.jpg,PSP_EXTRATLEITIMPL_220526_0408,mikael,ilegivel,,pasta=medidoruim
PSP_EXTRATLEITIMPL_220526_0408_20000000001552991178_000.jpg,PSP_EXTRATLEITIMPL_220526_0408,mikael,sem_medidor,,pasta=ntem
PSP_EXTRATLEITIMPL_220526_0408_20000000001552997011_000.jpg,PSP_EXTRATLEITIMPL_220526_0408,mikael,ilegivel,,pasta=medidoruim
PSP_EXTRATLEITIMPL_220526_0408_20000000001602982805_000.jpg,PSP_EXTRATLEITIMPL_220526_0408,mikael,ilegivel,,pasta=medidoruim
PSP_EXTRATLEITIMPL_220526_0408_20000000001602983685_000.jpg,PSP_EXTRATLEITIMPL_220526_0408,mikael,ilegivel,,pasta=medidoruim
PSP_EXTRATLEITIMPL_220526_0408_20000000001602986594_000.jpg,PSP_EXTRATLEITIMPL_220526_0408,mikael,sem_medidor,,pasta=ntem
PSP_EXTRATLEITIMPL_220526_0408_20000000001602987544_000.jpg,PSP_EXTRATLEITIMPL_220526_0408,mikael,legivel,,pasta=medidor
PSP_EXTRATLEITIMPL_220526_0408_20000000001602987555_000.jpg,PSP_EXTRATLEITIMPL_220526_0408,mikael,legivel,,pasta=medidor
PSP_EXTRATLEITIMPL_220526_0408_20000000001602999036_000.jpg,PSP_EXTRATLEITIMPL_220526_0408,mikael,legivel,,pasta=medidor
PSP_EXTRATLEITIMPL_220526_0408_20000000001603001001_000.jpg,PSP_EXTRATLEITIMPL_220526_0408,mikael,ilegivel,,pasta=medidoruim
PSP_EXTRATLEITIMPL_220526_0408_20000000001652971990_001.jpg,PSP_EXTRATLEITIMPL_220526_0408,mikael,ilegivel,,pasta=medidoruim
PSP_EXTRATLEITIMPL_220526_0408_20000000001652978799_000.jpg,PSP_EXTRATLEITIMPL_220526_0408,mikael,ilegivel,,pasta=medidoruim
PSP_EXTRATLEITIMPL_220526_0408_20000000001652992078_000.jpg,PSP_EXTRATLEITIMPL_220526_0408,mikael,legivel,,pasta=medidor
PSP_EXTRATLEITIMPL_220526_0408_20000000001702967788_000.jpg,PSP_EXTRATLEITIMPL_220526_0408,mikael,ilegivel,,pasta=medidoruim
PSP_EXTRATLEITIMPL_220526_0408_20000000001702968774_000.jpg,PSP_EXTRATLEITIMPL_220526_0408,mikael,sem_medidor,,pasta=ntem
PSP_EXTRATLEITIMPL_220526_0408_20000000001702971627_000.jpg,PSP_EXTRATLEITIMPL_220526_0408,mikael,ilegivel,,pasta=medidoruim
PSP_EXTRATLEITIMPL_220526_0408_20000000001702978364_000.jpg,PSP_EXTRATLEITIMPL_220526_0408,mikael,ilegivel,,pasta=medidoruim
PSP_EXTRATLEITIMPL_220526_0408_20000000001702981091_000.jpg,PSP_EXTRATLEITIMPL_220526_0408,mikael,ilegivel,,pasta=medidoruim
PSP_EXTRATLEITIMPL_220526_0408_20000000001702988013_000.jpg,PSP_EXTRATLEITIMPL_220526_0408,mikael,ilegivel,,pasta=medidoruim
PSP_EXTRATLEITIMPL_220526_0408_20000000001752966976_000.jpg,PSP_EXTRATLEITIMPL_220526_0408,mikael,legivel,,pasta=medidor
PSP_EXTRATLEITIMPL_220526_0408_20000000001752968920_000.jpg,PSP_EXTRATLEITIMPL_220526_0408,mikael,legivel,,pasta=medidor
PSP_EXTRATLEITIMPL_220526_0408_20000000001752968931_000.jpg,PSP_EXTRATLEITIMPL_220526_0408,mikael,ilegivel,,pasta=medidoruim
PSP_EXTRATLEITIMPL_220526_0408_20000000001752970866_000.jpg,PSP_EXTRATLEITIMPL_220526_0408,mikael,legivel,,pasta=medidor
PSP_EXTRATLEITIMPL_220526_0408_20000000001752978763_000.jpg,PSP_EXTRATLEITIMPL_220526_0408,mikael,legivel,,pasta=medidor
PSP_EXTRATLEITIMPL_220526_0408_20000000001752979697_000.jpg,PSP_EXTRATLEITIMPL_220526_0408,mikael,legivel,,pasta=medidor
PSP_EXTRATLEITIMPL_220526_0408_20000000001752982655_000.jpg,PSP_EXTRATLEITIMPL_220526_0408,mikael,ilegivel,,pasta=medidoruim
PSP_EXTRATLEITIMPL_220526_0408_20000000001752984440_000.jpg,PSP_EXTRATLEITIMPL_220526_0408,mikael,ilegivel,,pasta=medidoruim
PSP_EXTRATLEITIMPL_220526_0408_20000000001752988174_000.jpg,PSP_EXTRATLEITIMPL_220526_0408,mikael,legivel,,pasta=medidor
PSP_EXTRATLEITIMPL_220526_0408_20000000001752991044_000.jpg,PSP_EXTRATLEITIMPL_220526_0408,mikael,legivel,,pasta=medidor
PSP_EXTRATLEITIMPL_220526_0408_20000000001802982959_000.jpg,PSP_EXTRATLEITIMPL_220526_0408,mikael,ilegivel,,pasta=medidoruim
PSP_EXTRATLEITIMPL_220526_0408_20000000001802988970_000.jpg,PSP_EXTRATLEITIMPL_220526_0408,mikael,legivel,,pasta=medidor
PSP_EXTRATLEITIMPL_220526_0408_20000000001802991851_000.jpg,PSP_EXTRATLEITIMPL_220526_0408,mikael,ilegivel,,pasta=medidoruim
PSP_EXTRATLEITIMPL_220526_0408_20000000001802999409_000.jpg,PSP_EXTRATLEITIMPL_220526_0408,mikael,ilegivel,,pasta=medidoruim
PSP_EXTRATLEITIMPL_220526_0408_20000000001802999410_000.jpg,PSP_EXTRATLEITIMPL_220526_0408,mikael,ilegivel,,pasta=medidoruim
PSP_EXTRATLEITIMPL_220526_0408_20000000001803000430_000.jpg,PSP_EXTRATLEITIMPL_220526_0408,mikael,legivel,,pasta=medidor
PSP_EXTRATLEITIMPL_220526_0408_20000000001803001362_000.jpg,PSP_EXTRATLEITIMPL_220526_0408,mikael,legivel,,pasta=medidor
PSP_EXTRATLEITIMPL_220526_0408_20000000001803003243_001.jpg,PSP_EXTRATLEITIMPL_220526_0408,mikael,legivel,,pasta=medidor
PSP_EXTRATLEITIMPL_220526_0408_20000000001803005114_000.jpg,PSP_EXTRATLEITIMPL_220526_0408,mikael,ilegivel,,pasta=medidoruim
PSP_EXTRATLEITIMPL_220526_0408_20000000001852975960_000.jpg,PSP_EXTRATLEITIMPL_220526_0408,mikael,ilegivel,,pasta=medidoruim
PSP_EXTRATLEITIMPL_220526_0408_20000000001852977759_000.jpg,PSP_EXTRATLEITIMPL_220526_0408,mikael,legivel,,pasta=medidor
PSP_EXTRATLEITIMPL_220526_0408_20000000001852980700_000.jpg,PSP_EXTRATLEITIMPL_220526_0408,mikael,sem_medidor,,pasta=ntem
PSP_EXTRATLEITIMPL_220526_0408_20000000001852982646_000.jpg,PSP_EXTRATLEITIMPL_220526_0408,mikael,ilegivel,,pasta=medidoruim
PSP_EXTRATLEITIMPL_220526_0408_20000000001852988370_000.jpg,PSP_EXTRATLEITIMPL_220526_0408,mikael,legivel,,pasta=medidor
PSP_EXTRATLEITIMPL_220526_0408_20000000001852991154_000.jpg,PSP_EXTRATLEITIMPL_220526_0408,mikael,legivel,,pasta=medidor
PSP_EXTRATLEITIMPL_220526_0408_20000000001852993092_000.jpg,PSP_EXTRATLEITIMPL_220526_0408,mikael,ilegivel,,pasta=medidoruim
PSP_EXTRATLEITIMPL_220526_0408_20000000001852997002_000.jpg,PSP_EXTRATLEITIMPL_220526_0408,mikael,sem_medidor,,pasta=ntem
PSP_EXTRATLEITIMPL_220526_0408_20000000001902978784_000.jpg,PSP_EXTRATLEITIMPL_220526_0408,mikael,ilegivel,,pasta=medidoruim
PSP_EXTRATLEITIMPL_220526_0408_20000000001902983622_000.jpg,PSP_EXTRATLEITIMPL_220526_0408,mikael,ilegivel,,pasta=medidoruim
PSP_EXTRATLEITIMPL_220526_0408_20000000001902983635_000.jpg,PSP_EXTRATLEITIMPL_220526_0408,mikael,ilegivel,,pasta=medidoruim
PSP_EXTRATLEITIMPL_220526_0408_20000000001902984507_000.jpg,PSP_EXTRATLEITIMPL_220526_0408,mikael,ilegivel,,pasta=medidoruim
PSP_EXTRATLEITIMPL_220526_0408_20000000001902989278_000.jpg,PSP_EXTRATLEITIMPL_220526_0408,mikael,ilegivel,,pasta=medidoruim
PSP_EXTRATLEITIMPL_220526_0408_20000000001902989283_002.jpg,PSP_EXTRATLEITIMPL_220526_0408,mikael,ilegivel,,pasta=medidoruim
PSP_EXTRATLEITIMPL_220526_0408_20000000001902990189_000.jpg,PSP_EXTRATLEITIMPL_220526_0408,mikael,ilegivel,,pasta=medidoruim
PSP_EXTRATLEITIMPL_220526_0408_20000000001902990190_000.jpg,PSP_EXTRATLEITIMPL_220526_0408,mikael,legivel,,pasta=medidor
PSP_EXTRATLEITIMPL_220526_0408_20000000001902991147_001.jpg,PSP_EXTRATLEITIMPL_220526_0408,mikael,ilegivel,,pasta=medidoruim
PSP_EXTRATLEITIMPL_220526_0408_20000000001902997029_000.jpg,PSP_EXTRATLEITIMPL_220526_0408,mikael,ilegivel,,pasta=medidoruim
PSP_EXTRATLEITIMPL_220526_0408_20000000001952974973_001.jpg,PSP_EXTRATLEITIMPL_220526_0408,mikael,ilegivel,,pasta=medidoruim
PSP_EXTRATLEITIMPL_220526_0408_20000000001952991353_000.jpg,PSP_EXTRATLEITIMPL_220526_0408,mikael,ilegivel,,pasta=medidoruim
PSP_EXTRATLEITIMPL_220526_0408_20000000001952992310_000.jpg,PSP_EXTRATLEITIMPL_220526_0408,mikael,ilegivel,,pasta=medidoruim
PSP_EXTRATLEITIMPL_220526_0408_20000000001952996074_000.jpg,PSP_EXTRATLEITIMPL_220526_0408,mikael,sem_medidor,,pasta=ntem
PSP_EXTRATLEITIMPL_220526_0408_20000000001952999027_000.jpg,PSP_EXTRATLEITIMPL_220526_0408,mikael,ilegivel,,pasta=medidoruim
PSP_EXTRATLEITIMPL_220526_0408_20000000001953001003_000.jpg,PSP_EXTRATLEITIMPL_220526_0408,mikael,ilegivel,,pasta=medidoruim
PSP_EXTRATLEITIMPL_220526_0408_20000000002002988826_000.jpg,PSP_EXTRATLEITIMPL_220526_0408,mikael,legivel,,pasta=medidor
PSP_EXTRATLEITIMPL_220526_0408_20000000002002989690_000.jpg,PSP_EXTRATLEITIMPL_220526_0408,mikael,legivel,,pasta=medidor
PSP_EXTRATLEITIMPL_220526_0408_20000000002002999288_000.jpg,PSP_EXTRATLEITIMPL_220526_0408,mikael,sem_medidor,,pasta=ntem
PSP_EXTRATLEITIMPL_220526_0408_20000000002003001146_000.jpg,PSP_EXTRATLEITIMPL_220526_0408,mikael,ilegivel,,pasta=medidoruim
PSP_EXTRATLEITIMPL_220526_0408_20000000002003002069_000.jpg,PSP_EXTRATLEITIMPL_220526_0408,mikael,ilegivel,,pasta=medidoruim
PSP_EXTRATLEITIMPL_220526_0408_20000000002003005022_000.jpg,PSP_EXTRATLEITIMPL_220526_0408,mikael,ilegivel,,pasta=medidoruim
PSP_EXTRATLEITIMPL_220526_0408_20000000002003007014_000.jpg,PSP_EXTRATLEITIMPL_220526_0408,mikael,legivel,,pasta=medidor
PSP_EXTRATLEITIMPL_220526_0408_20000000002052993546_000.jpg,PSP_EXTRATLEITIMPL_220526_0408,mikael,ilegivel,,pasta=medidoruim
PSP_EXTRATLEITIMPL_220526_0408_20000000002052993549_000.jpg,PSP_EXTRATLEITIMPL_220526_0408,mikael,legivel,,pasta=medidor
PSP_EXTRATLEITIMPL_220526_0408_20000000002052996436_000.jpg,PSP_EXTRATLEITIMPL_220526_0408,mikael,legivel,,pasta=medidor
PSP_EXTRATLEITIMPL_220526_0408_20000000002053002069_000.jpg,PSP_EXTRATLEITIMPL_220526_0408,mikael,sem_medidor,,pasta=ntem
PSP_EXTRATLEITIMPL_220526_0408_20000000002053002071_000.jpg,PSP_EXTRATLEITIMPL_220526_0408,mikael,legivel,,pasta=medidor
PSP_EXTRATLEITIMPL_220526_0408_20000000002053004034_000.jpg,PSP_EXTRATLEITIMPL_220526_0408,mikael,ilegivel,,pasta=medidoruim
PSP_EXTRATLEITIMPL_220526_0408_20000000002053004043_000.jpg,PSP_EXTRATLEITIMPL_220526_0408,mikael,ilegivel,,pasta=medidoruim
PSP_EXTRATLEITIMPL_220526_0408_20000000002053006013_000.jpg,PSP_EXTRATLEITIMPL_220526_0408,mikael,ilegivel,,pasta=medidoruim
PSP_EXTRATLEITIMPL_220526_0408_20000000002102971846_000.jpg,PSP_EXTRATLEITIMPL_220526_0408,mikael,sem_medidor,,pasta=ntem
PSP_EXTRATLEITIMPL_220526_0408_20000000002102971857_000.jpg,PSP_EXTRATLEITIMPL_220526_0408,mikael,ilegivel,,pasta=medidoruim
PSP_EXTRATLEITIMPL_220526_0408_20000000002102971861_000.jpg,PSP_EXTRATLEITIMPL_220526_0408,mikael,ilegivel,,pasta=medidoruim
PSP_EXTRATLEITIMPL_220526_0408_20000000002102973845_000.jpg,PSP_EXTRATLEITIMPL_220526_0408,mikael,ilegivel,,pasta=medidoruim
PSP_EXTRATLEITIMPL_220526_0408_20000000002102974806_000.jpg,PSP_EXTRATLEITIMPL_220526_0408,mikael,ilegivel,,pasta=medidoruim
PSP_EXTRATLEITIMPL_220526_0408_20000000002102976625_000.jpg,PSP_EXTRATLEITIMPL_220526_0408,mikael,ilegivel,,pasta=medidoruim
PSP_EXTRATLEITIMPL_220526_0408_20000000002102978603_000.jpg,PSP_EXTRATLEITIMPL_220526_0408,mikael,ilegivel,,pasta=medidoruim
PSP_EXTRATLEITIMPL_220526_0408_20000000002102981434_000.jpg,PSP_EXTRATLEITIMPL_220526_0408,mikael,legivel,,pasta=medidor
PSP_EXTRATLEITIMPL_220526_0408_20000000002102985183_000.jpg,PSP_EXTRATLEITIMPL_220526_0408,mikael,ilegivel,,pasta=medidoruim
PSP_EXTRATLEITIMPL_220526_0408_20000000002102986149_000.jpg,PSP_EXTRATLEITIMPL_220526_0408,mikael,ilegivel,,pasta=medidoruim
PSP_EXTRATLEITIMPL_220526_0408_20000000002102988095_000.jpg,PSP_EXTRATLEITIMPL_220526_0408,mikael,ilegivel,,pasta=medidoruim
PSP_EXTRATLEITIMPL_220526_0408_20000000002102991023_000.jpg,PSP_EXTRATLEITIMPL_220526_0408,mikael,legivel,,pasta=medidor
PSP_EXTRATLEITIMPL_220526_0408_20000000002152952944_000.jpg,PSP_EXTRATLEITIMPL_220526_0408,mikael,ilegivel,,pasta=medidoruim
PSP_EXTRATLEITIMPL_220526_0408_20000000002152965782_000.jpg,PSP_EXTRATLEITIMPL_220526_0408,mikael,ilegivel,,pasta=medidoruim
PSP_EXTRATLEITIMPL_220526_0408_20000000002152966803_000.jpg,PSP_EXTRATLEITIMPL_220526_0408,mikael,legivel,,pasta=medidor
PSP_EXTRATLEITIMPL_220526_0408_20000000002152967752_000.jpg,PSP_EXTRATLEITIMPL_220526_0408,mikael,ilegivel,,pasta=medidoruim
PSP_EXTRATLEITIMPL_220526_0408_20000000002152970530_000.jpg,PSP_EXTRATLEITIMPL_220526_0408,mikael,ilegivel,,pasta=medidoruim
PSP_EXTRATLEITIMPL_220526_0408_20000000002152971513_000.jpg,PSP_EXTRATLEITIMPL_220526_0408,mikael,legivel,,pasta=medidor
PSP_EXTRATLEITIMPL_220526_0408_20000000002152975340_000.jpg,PSP_EXTRATLEITIMPL_220526_0408,mikael,ilegivel,,pasta=medidoruim
PSP_EXTRATLEITIMPL_220526_0408_20000000002152976295_003.jpg,PSP_EXTRATLEITIMPL_220526_0408,mikael,ilegivel,,pasta=medidoruim
PSP_EXTRATLEITIMPL_220526_0408_20000000002152982034_000.jpg,PSP_EXTRATLEITIMPL_220526_0408,mikael,ilegivel,,pasta=medidoruim
PSP_EXTRATLEITIMPL_220526_0408_20000000002202977548_001.jpg,PSP_EXTRATLEITIMPL_220526_0408,mikael,legivel,,pasta=medidor
PSP_EXTRATLEITIMPL_220526_0408_20000000002202979460_000.jpg,PSP_EXTRATLEITIMPL_220526_0408,mikael,ilegivel,,pasta=medidoruim
PSP_EXTRATLEITIMPL_220526_0408_20000000002202980434_000.jpg,PSP_EXTRATLEITIMPL_220526_0408,mikael,ilegivel,,pasta=medidoruim
PSP_EXTRATLEITIMPL_220526_0408_20000000002252972958_000.jpg,PSP_EXTRATLEITIMPL_220526_0408,mikael,legivel,,pasta=medidor
PSP_EXTRATLEITIMPL_220526_0408_20000000002252980745_000.jpg,PSP_EXTRATLEITIMPL_220526_0408,mikael,legivel,,pasta=medidor
PSP_EXTRATLEITIMPL_220526_0408_20000000002252980766_000.jpg,PSP_EXTRATLEITIMPL_220526_0408,mikael,ilegivel,,pasta=medidoruim
PSP_EXTRATLEITIMPL_220526_0408_20000000002252981663_000.jpg,PSP_EXTRATLEITIMPL_220526_0408,mikael,legivel,,pasta=medidor
PSP_EXTRATLEITIMPL_220526_0408_20000000002252981664_000.jpg,PSP_EXTRATLEITIMPL_220526_0408,mikael,legivel,,pasta=medidor
PSP_EXTRATLEITIMPL_220526_0408_20000000002252988441_000.jpg,PSP_EXTRATLEITIMPL_220526_0408,mikael,ilegivel,,pasta=medidoruim
PSP_EXTRATLEITIMPL_220526_0408_20000000002252989309_000.jpg,PSP_EXTRATLEITIMPL_220526_0408,mikael,ilegivel,,pasta=medidoruim
PSP_EXTRATLEITIMPL_220526_0408_20000000002252992178_000.jpg,PSP_EXTRATLEITIMPL_220526_0408,mikael,legivel,,pasta=medidor
PSP_EXTRATLEITIMPL_220526_0408_20000000002252993126_000.jpg,PSP_EXTRATLEITIMPL_220526_0408,mikael,ilegivel,,pasta=medidoruim
PSP_EXTRATLEITIMPL_220526_0408_20000000002252994078_000.jpg,PSP_EXTRATLEITIMPL_220526_0408,mikael,ilegivel,,pasta=medidoruim
PSP_EXTRATLEITIMPL_220526_0408_20000000002252996014_000.jpg,PSP_EXTRATLEITIMPL_220526_0408,mikael,ilegivel,,pasta=medidoruim
PSP_EXTRATLEITIMPL_220526_0408_20000000002302969983_000.jpg,PSP_EXTRATLEITIMPL_220526_0408,mikael,ilegivel,,pasta=medidoruim
PSP_EXTRATLEITIMPL_220526_0408_20000000002302970987_000.jpg,PSP_EXTRATLEITIMPL_220526_0408,mikael,ilegivel,,pasta=medidoruim
PSP_EXTRATLEITIMPL_220526_0408_20000000002302975924_000.jpg,PSP_EXTRATLEITIMPL_220526_0408,mikael,ilegivel,,pasta=medidoruim
PSP_EXTRATLEITIMPL_220526_0408_20000000002302976770_000.jpg,PSP_EXTRATLEITIMPL_220526_0408,mikael,ilegivel,,pasta=medidoruim
PSP_EXTRATLEITIMPL_220526_0408_20000000002302979801_000.jpg,PSP_EXTRATLEITIMPL_220526_0408,mikael,ilegivel,,pasta=medidoruim
PSP_EXTRATLEITIMPL_220526_0408_20000000002302984549_000.jpg,PSP_EXTRATLEITIMPL_220526_0408,mikael,ilegivel,,pasta=medidoruim
PSP_EXTRATLEITIMPL_220526_0408_20000000002302984555_000.jpg,PSP_EXTRATLEITIMPL_220526_0408,mikael,legivel,,pasta=medidor
PSP_EXTRATLEITIMPL_220526_0408_20000000002302990210_000.jpg,PSP_EXTRATLEITIMPL_220526_0408,mikael,legivel,,pasta=medidor
PSP_EXTRATLEITIMPL_220526_0408_20000000002352970911_000.jpg,PSP_EXTRATLEITIMPL_220526_0408,mikael,legivel,,pasta=medidor
PSP_EXTRATLEITIMPL_220526_0408_20000000002352973809_000.jpg,PSP_EXTRATLEITIMPL_220526_0408,mikael,ilegivel,,pasta=medidoruim
PSP_EXTRATLEITIMPL_220526_0408_20000000002352975650_000.jpg,PSP_EXTRATLEITIMPL_220526_0408,mikael,ilegivel,,pasta=medidoruim
PSP_EXTRATLEITIMPL_220526_0408_20000000002352975657_000.jpg,PSP_EXTRATLEITIMPL_220526_0408,mikael,ilegivel,,pasta=medidoruim
PSP_EXTRATLEITIMPL_220526_0408_20000000002352978592_000.jpg,PSP_EXTRATLEITIMPL_220526_0408,mikael,ilegivel,,pasta=medidoruim
PSP_EXTRATLEITIMPL_220526_0408_20000000002352980508_000.jpg,PSP_EXTRATLEITIMPL_220526_0408,mikael,legivel,,pasta=medidor
PSP_EXTRATLEITIMPL_220526_0408_20000000002402957958_000.jpg,PSP_EXTRATLEITIMPL_220526_0408,mikael,ilegivel,,pasta=medidoruim
PSP_EXTRATLEITIMPL_220526_0408_20000000002402964915_000.jpg,PSP_EXTRATLEITIMPL_220526_0408,mikael,legivel,,pasta=medidor
PSP_EXTRATLEITIMPL_220526_0408_20000000002402969779_000.jpg,PSP_EXTRATLEITIMPL_220526_0408,mikael,ilegivel,,pasta=medidoruim
PSP_EXTRATLEITIMPL_220526_0408_20000000002402972677_000.jpg,PSP_EXTRATLEITIMPL_220526_0408,mikael,legivel,,pasta=medidor
PSP_EXTRATLEITIMPL_220526_0408_20000000002402973690_000.jpg,PSP_EXTRATLEITIMPL_220526_0408,mikael,ilegivel,,pasta=medidoruim
PSP_EXTRATLEITIMPL_220526_0408_20000000002452985686_000.jpg,PSP_EXTRATLEITIMPL_220526_0408,mikael,ilegivel,,pasta=medidoruim
PSP_EXTRATLEITIMPL_220526_0408_20000000002452987659_000.jpg,PSP_EXTRATLEITIMPL_220526_0408,mikael,ilegivel,,pasta=medidoruim
PSP_EXTRATLEITIMPL_220526_0408_20000000002452989609_000.jpg,PSP_EXTRATLEITIMPL_220526_0408,mikael,ilegivel,,pasta=medidoruim
PSP_EXTRATLEITIMPL_220526_0408_20000000002452999026_000.jpg,PSP_EXTRATLEITIMPL_220526_0408,mikael,ilegivel,,pasta=medidoruim
PSP_EXTRATLEITIMPL_220526_0408_20000000002453000008_000.jpg,PSP_EXTRATLEITIMPL_220526_0408,mikael,ilegivel,,pasta=medidoruim
PSP_EXTRATLEITIMPL_220526_0408_20000000002453000011_000.jpg,PSP_EXTRATLEITIMPL_220526_0408,mikael,ilegivel,,pasta=medidoruim
PSP_EXTRATLEITIMPL_220526_0408_20000000002502972968_000.jpg,PSP_EXTRATLEITIMPL_220526_0408,mikael,ilegivel,,pasta=medidoruim
PSP_EXTRATLEITIMPL_220526_0408_20000000002502976933_000.jpg,PSP_EXTRATLEITIMPL_220526_0408,mikael,legivel,,pasta=medidor
PSP_EXTRATLEITIMPL_220526_0408_20000000002502978898_000.jpg,PSP_EXTRATLEITIMPL_220526_0408,mikael,legivel,,pasta=medidor
PSP_EXTRATLEITIMPL_220526_0408_20000000002502981828_000.jpg,PSP_EXTRATLEITIMPL_220526_0408,mikael,legivel,,pasta=medidor
PSP_EXTRATLEITIMPL_220526_0408_20000000002502981845_001.jpg,PSP_EXTRATLEITIMPL_220526_0408,mikael,ilegivel,,pasta=medidoruim
PSP_EXTRATLEITIMPL_220526_0408_20000000002502983803_000.jpg,PSP_EXTRATLEITIMPL_220526_0408,mikael,ilegivel,,pasta=medidoruim
PSP_EXTRATLEITIMPL_220526_0408_20000000002502984693_000.jpg,PSP_EXTRATLEITIMPL_220526_0408,mikael,legivel,,pasta=medidor
PSP_EXTRATLEITIMPL_220526_0408_20000000002502987594_000.jpg,PSP_EXTRATLEITIMPL_220526_0408,mikael,sem_medidor,,pasta=ntem
PSP_EXTRATLEITIMPL_220526_0408_20000000002502987609_000.jpg,PSP_EXTRATLEITIMPL_220526_0408,mikael,ilegivel,,pasta=medidoruim
PSP_EXTRATLEITIMPL_220526_0408_20000000002502993255_000.jpg,PSP_EXTRATLEITIMPL_220526_0408,mikael,ilegivel,,pasta=medidoruim
PSP_EXTRATLEITIMPL_220526_0408_20000000002502993261_000.jpg,PSP_EXTRATLEITIMPL_220526_0408,mikael,ilegivel,,pasta=medidoruim
PSP_EXTRATLEITIMPL_220526_0408_20000000002552956976_000.jpg,PSP_EXTRATLEITIMPL_220526_0408,mikael,legivel,,pasta=medidor
PSP_EXTRATLEITIMPL_220526_0408_20000000002552956981_000.jpg,PSP_EXTRATLEITIMPL_220526_0408,mikael,legivel,,pasta=medidor
PSP_EXTRATLEITIMPL_220526_0408_20000000002552956982_000.jpg,PSP_EXTRATLEITIMPL_220526_0408,mikael,legivel,,pasta=medidor
PSP_EXTRATLEITIMPL_220526_0408_20000000002552962981_000.jpg,PSP_EXTRATLEITIMPL_220526_0408,mikael,ilegivel,,pasta=medidoruim
PSP_EXTRATLEITIMPL_220526_0408_20000000002552978607_000.jpg,PSP_EXTRATLEITIMPL_220526_0408,mikael,ilegivel,,pasta=medidoruim
PSP_EXTRATLEITIMPL_220526_0408_20000000002552982310_000.jpg,PSP_EXTRATLEITIMPL_220526_0408,mikael,ilegivel,,pasta=medidoruim
PSP_EXTRATLEITIMPL_220526_0408_20000000002602966980_000.jpg,PSP_EXTRATLEITIMPL_220526_0408,mikael,ilegivel,,pasta=medidoruim
PSP_EXTRATLEITIMPL_220526_0408_20000000002602966987_000.jpg,PSP_EXTRATLEITIMPL_220526_0408,mikael,sem_medidor,,pasta=ntem
PSP_EXTRATLEITIMPL_220526_0408_20000000002602968997_000.jpg,PSP_EXTRATLEITIMPL_220526_0408,mikael,ilegivel,,pasta=medidoruim
PSP_EXTRATLEITIMPL_220526_0408_20000000002602977925_000.jpg,PSP_EXTRATLEITIMPL_220526_0408,mikael,ilegivel,,pasta=medidoruim
PSP_EXTRATLEITIMPL_220526_0408_20000000002602979799_000.jpg,PSP_EXTRATLEITIMPL_220526_0408,mikael,legivel,,pasta=medidor
PSP_EXTRATLEITIMPL_220526_0408_20000000002602986657_000.jpg,PSP_EXTRATLEITIMPL_220526_0408,mikael,ilegivel,,pasta=medidoruim
PSP_EXTRATLEITIMPL_220526_0408_20000000002602991379_000.jpg,PSP_EXTRATLEITIMPL_220526_0408,mikael,legivel,,pasta=medidor
PSP_EXTRATLEITIMPL_220526_0408_20000000002602996022_000.jpg,PSP_EXTRATLEITIMPL_220526_0408,mikael,legivel,,pasta=medidor
PSP_EXTRATLEITIMPL_220526_0408_20000000002652974964_001.jpg,PSP_EXTRATLEITIMPL_220526_0408,mikael,legivel,,pasta=medidor
PSP_EXTRATLEITIMPL_220526_0408_20000000002652985673_000.jpg,PSP_EXTRATLEITIMPL_220526_0408,mikael,ilegivel,,pasta=medidoruim
PSP_EXTRATLEITIMPL_220526_0408_20000000002652987583_000.jpg,PSP_EXTRATLEITIMPL_220526_0408,mikael,ilegivel,,pasta=medidoruim
PSP_EXTRATLEITIMPL_220526_0408_20000000002652991268_000.jpg,PSP_EXTRATLEITIMPL_220526_0408,mikael,ilegivel,,pasta=medidoruim
PSP_EXTRATLEITIMPL_220526_0408_20000000002652991274_000.jpg,PSP_EXTRATLEITIMPL_220526_0408,mikael,legivel,,pasta=medidor
PSP_EXTRATLEITIMPL_220526_0408_20000000002652992189_000.jpg,PSP_EXTRATLEITIMPL_220526_0408,mikael,ilegivel,,pasta=medidoruim
PSP_EXTRATLEITIMPL_220526_0408_20000000002652993148_000.jpg,PSP_EXTRATLEITIMPL_220526_0408,mikael,legivel,,pasta=medidor
PSP_EXTRATLEITIMPL_220526_0408_20000000002652995089_000.jpg,PSP_EXTRATLEITIMPL_220526_0408,mikael,ilegivel,,pasta=medidoruim
PSP_EXTRATLEITIMPL_220526_0408_20000000002652996025_000.jpg,PSP_EXTRATLEITIMPL_220526_0408,mikael,ilegivel,,pasta=medidoruim
PSP_EXTRATLEITIMPL_220526_0408_20000000002652998013_000.jpg,PSP_EXTRATLEITIMPL_220526_0408,mikael,ilegivel,,pasta=medidoruim
PSP_EXTRATLEITIMPL_220526_0408_20000000002702968995_000.jpg,PSP_EXTRATLEITIMPL_220526_0408,mikael,ilegivel,,pasta=medidoruim
PSP_EXTRATLEITIMPL_220526_0408_20000000002702972872_000.jpg,PSP_EXTRATLEITIMPL_220526_0408,mikael,ilegivel,,pasta=medidoruim
PSP_EXTRATLEITIMPL_220526_0408_20000000002702977806_000.jpg,PSP_EXTRATLEITIMPL_220526_0408,mikael,legivel,,pasta=medidor
PSP_EXTRATLEITIMPL_220526_0408_20000000002702982615_000.jpg,PSP_EXTRATLEITIMPL_220526_0408,mikael,ilegivel,,pasta=medidoruim
PSP_EXTRATLEITIMPL_220526_0408_20000000002702986406_000.jpg,PSP_EXTRATLEITIMPL_220526_0408,mikael,ilegivel,,pasta=medidoruim
PSP_EXTRATLEITIMPL_220526_0408_20000000002702987368_000.jpg,PSP_EXTRATLEITIMPL_220526_0408,mikael,ilegivel,,pasta=medidoruim
PSP_EXTRATLEITIMPL_220526_0408_20000000002702988309_000.jpg,PSP_EXTRATLEITIMPL_220526_0408,mikael,legivel,,pasta=medidor
PSP_EXTRATLEITIMPL_220526_0408_20000000002702989180_000.jpg,PSP_EXTRATLEITIMPL_220526_0408,mikael,ilegivel,,pasta=medidoruim
PSP_EXTRATLEITIMPL_220526_0408_20000000002702994009_000.jpg,PSP_EXTRATLEITIMPL_220526_0408,mikael,legivel,,pasta=medidor
PSP_EXTRATLEITIMPL_220526_0408_20000000002752969911_000.jpg,PSP_EXTRATLEITIMPL_220526_0408,mikael,legivel,,pasta=medidor
PSP_EXTRATLEITIMPL_220526_0408_20000000002752970958_000.jpg,PSP_EXTRATLEITIMPL_220526_0408,mikael,ilegivel,,pasta=medidoruim
PSP_EXTRATLEITIMPL_220526_0408_20000000002752978841_002.jpg,PSP_EXTRATLEITIMPL_220526_0408,mikael,ilegivel,,pasta=medidoruim
PSP_EXTRATLEITIMPL_220526_0408_20000000002752982673_000.jpg,PSP_EXTRATLEITIMPL_220526_0408,mikael,ilegivel,,pasta=medidoruim
PSP_EXTRATLEITIMPL_220526_0408_20000000002752984641_000.jpg,PSP_EXTRATLEITIMPL_220526_0408,mikael,ilegivel,,pasta=medidoruim
PSP_EXTRATLEITIMPL_220526_0408_20000000002752986533_000.jpg,PSP_EXTRATLEITIMPL_220526_0408,mikael,sem_medidor,,pasta=ntem
PSP_EXTRATLEITIMPL_220526_0408_20000000002752986539_000.jpg,PSP_EXTRATLEITIMPL_220526_0408,mikael,legivel,,pasta=medidor
PSP_EXTRATLEITIMPL_220526_0408_20000000002752989387_000.jpg,PSP_EXTRATLEITIMPL_220526_0408,mikael,ilegivel,,pasta=medidoruim
PSP_EXTRATLEITIMPL_220526_0408_20000000002752992212_000.jpg,PSP_EXTRATLEITIMPL_220526_0408,mikael,ilegivel,,pasta=medidoruim
PSP_EXTRATLEITIMPL_220526_0408_20000000002802991331_000.jpg,PSP_EXTRATLEITIMPL_220526_0408,mikael,legivel,,pasta=medidor
PSP_EXTRATLEITIMPL_220526_0408_20000000002802995040_000.jpg,PSP_EXTRATLEITIMPL_220526_0408,mikael,legivel,,pasta=medidor
PSP_EXTRATLEITIMPL_220526_0408_20000000002802996030_000.jpg,PSP_EXTRATLEITIMPL_220526_0408,mikael,ilegivel,,pasta=medidoruim
PSP_EXTRATLEITIMPL_220526_0408_20000000002852967987_000.jpg,PSP_EXTRATLEITIMPL_220526_0408,mikael,ilegivel,,pasta=medidoruim
PSP_EXTRATLEITIMPL_220526_0408_20000000002852970936_000.jpg,PSP_EXTRATLEITIMPL_220526_0408,mikael,ilegivel,,pasta=medidoruim
PSP_EXTRATLEITIMPL_220526_0408_20000000002852970938_000.jpg,PSP_EXTRATLEITIMPL_220526_0408,mikael,ilegivel,,pasta=medidoruim
PSP_EXTRATLEITIMPL_220526_0408_20000000002852972756_001.jpg,PSP_EXTRATLEITIMPL_220526_0408,mikael,legivel,,pasta=medidor
PSP_EXTRATLEITIMPL_220526_0408_20000000002852975652_000.jpg,PSP_EXTRATLEITIMPL_220526_0408,mikael,ilegivel,,pasta=medidoruim
PSP_EXTRATLEITIMPL_220526_0408_20000000002852976713_000.jpg,PSP_EXTRATLEITIMPL_220526_0408,mikael,ilegivel,,pasta=medidoruim
PSP_EXTRATLEITIMPL_220526_0408_20000000002852978553_000.jpg,PSP_EXTRATLEITIMPL_220526_0408,mikael,ilegivel,,pasta=medidoruim
PSP_EXTRATLEITIMPL_220526_0408_20000000002852983305_000.jpg,PSP_EXTRATLEITIMPL_220526_0408,mikael,ilegivel,,pasta=medidoruim
PSP_EXTRATLEITIMPL_220526_0408_20000000002852984303_000.jpg,PSP_EXTRATLEITIMPL_220526_0408,mikael,ilegivel,,pasta=medidoruim
PSP_EXTRATLEITIMPL_220526_0408_20000000002852987082_000.jpg,PSP_EXTRATLEITIMPL_220526_0408,mikael,ilegivel,,pasta=medidoruim
PSP_EXTRATLEITIMPL_220526_0408_20000000002852987092_000.jpg,PSP_EXTRATLEITIMPL_220526_0408,mikael,ilegivel,,pasta=medidoruim
PSP_EXTRATLEITIMPL_220526_0408_20000000002852989073_000.jpg,PSP_EXTRATLEITIMPL_220526_0408,mikael,ilegivel,,pasta=medidoruim
PSP_EXTRATLEITIMPL_220526_0408_20000000002852990055_000.jpg,PSP_EXTRATLEITIMPL_220526_0408,mikael,ilegivel,,pasta=medidoruim
PSP_EXTRATLEITIMPL_220526_0408_20000000002902974944_000.jpg,PSP_EXTRATLEITIMPL_220526_0408,mikael,ilegivel,,pasta=medidoruim
PSP_EXTRATLEITIMPL_220526_0408_20000000002902974950_000.jpg,PSP_EXTRATLEITIMPL_220526_0408,mikael,legivel,,pasta=medidor
PSP_EXTRATLEITIMPL_220526_0408_20000000002902986484_000.jpg,PSP_EXTRATLEITIMPL_220526_0408,mikael,ilegivel,,pasta=medidoruim
PSP_EXTRATLEITIMPL_220526_0408_20000000002902991182_000.jpg,PSP_EXTRATLEITIMPL_220526_0408,mikael,legivel,,pasta=medidor
PSP_EXTRATLEITIMPL_220526_0408_20000000002902993090_000.jpg,PSP_EXTRATLEITIMPL_220526_0408,mikael,ilegivel,,pasta=medidoruim
PSP_EXTRATLEITIMPL_220526_0408_20000000002902993108_000.jpg,PSP_EXTRATLEITIMPL_220526_0408,mikael,ilegivel,,pasta=medidoruim
PSP_EXTRATLEITIMPL_220526_0408_20000000002902994077_000.jpg,PSP_EXTRATLEITIMPL_220526_0408,mikael,ilegivel,,pasta=medidoruim
PSP_EXTRATLEITIMPL_220526_0408_20000000002902994079_000.jpg,PSP_EXTRATLEITIMPL_220526_0408,mikael,ilegivel,,pasta=medidoruim
PSP_EXTRATLEITIMPL_220526_0408_20000000002902995065_001.jpg,PSP_EXTRATLEITIMPL_220526_0408,mikael,legivel,,pasta=medidor
PSP_EXTRATLEITIMPL_220526_0408_20000000002902996027_000.jpg,PSP_EXTRATLEITIMPL_220526_0408,mikael,ilegivel,,pasta=medidoruim
PSP_EXTRATLEITIMPL_220526_0408_20000000002902997014_000.jpg,PSP_EXTRATLEITIMPL_220526_0408,mikael,ilegivel,,pasta=medidoruim
PSP_EXTRATLEITIMPL_220526_0408_20000000002952969982_000.jpg,PSP_EXTRATLEITIMPL_220526_0408,mikael,legivel,,pasta=medidor
PSP_EXTRATLEITIMPL_220526_0408_20000000002952976814_000.jpg,PSP_EXTRATLEITIMPL_220526_0408,mikael,ilegivel,,pasta=medidoruim
PSP_EXTRATLEITIMPL_220526_0408_20000000002952977809_000.jpg,PSP_EXTRATLEITIMPL_220526_0408,mikael,ilegivel,,pasta=medidoruim
PSP_EXTRATLEITIMPL_220526_0408_20000000002952978769_000.jpg,PSP_EXTRATLEITIMPL_220526_0408,mikael,legivel,,pasta=medidor
PSP_EXTRATLEITIMPL_220526_0408_20000000002952979750_000.jpg,PSP_EXTRATLEITIMPL_220526_0408,mikael,legivel,,pasta=medidor
PSP_EXTRATLEITIMPL_220526_0408_20000000002952980709_000.jpg,PSP_EXTRATLEITIMPL_220526_0408,mikael,legivel,,pasta=medidor
PSP_EXTRATLEITIMPL_220526_0408_20000000002952987271_000.jpg,PSP_EXTRATLEITIMPL_220526_0408,mikael,ilegivel,,pasta=medidoruim
PSP_EXTRATLEITIMPL_220526_0408_20000000002952990170_000.jpg,PSP_EXTRATLEITIMPL_220526_0408,mikael,legivel,,pasta=medidor
PSP_EXTRATLEITIMPL_220526_0408_20000000002952992038_000.jpg,PSP_EXTRATLEITIMPL_220526_0408,mikael,legivel,,pasta=medidor
PSP_EXTRATLEITIMPL_220526_0408_20000000002952993048_000.jpg,PSP_EXTRATLEITIMPL_220526_0408,mikael,legivel,,pasta=medidor
PSP_EXTRATLEITIMPL_220526_0408_20000000002952997011_000.jpg,PSP_EXTRATLEITIMPL_220526_0408,mikael,legivel,,pasta=medidor
PSP_EXTRATLEITIMPL_220526_0408_20000000003002970895_000.jpg,PSP_EXTRATLEITIMPL_220526_0408,mikael,ilegivel,,pasta=medidoruim
PSP_EXTRATLEITIMPL_220526_0408_20000000003002985275_000.jpg,PSP_EXTRATLEITIMPL_220526_0408,mikael,ilegivel,,pasta=medidoruim
PSP_EXTRATLEITIMPL_220526_0408_20000000003002986172_000.jpg,PSP_EXTRATLEITIMPL_220526_0408,mikael,ilegivel,,pasta=medidoruim
PSP_EXTRATLEITIMPL_220526_0408_20000000003002994012_000.jpg,PSP_EXTRATLEITIMPL_220526_0408,mikael,legivel,,pasta=medidor
PSP_EXTRATLEITIMPL_220526_0408_20000000003052980810_000.jpg,PSP_EXTRATLEITIMPL_220526_0408,mikael,legivel,,pasta=medidor
PSP_EXTRATLEITIMPL_220526_0408_20000000003052981700_000.jpg,PSP_EXTRATLEITIMPL_220526_0408,mikael,legivel,,pasta=medidor
PSP_EXTRATLEITIMPL_220526_0408_20000000003052981712_000.jpg,PSP_EXTRATLEITIMPL_220526_0408,mikael,legivel,,pasta=medidor
PSP_EXTRATLEITIMPL_220526_0408_20000000003052986483_000.jpg,PSP_EXTRATLEITIMPL_220526_0408,mikael,ilegivel,,pasta=medidoruim
PSP_EXTRATLEITIMPL_220526_0408_20000000003052990180_000.jpg,PSP_EXTRATLEITIMPL_220526_0408,mikael,legivel,,pasta=medidor
PSP_EXTRATLEITIMPL_220526_0408_20000000003052993013_000.jpg,PSP_EXTRATLEITIMPL_220526_0408,mikael,sem_medidor,,pasta=ntem
PSP_EXTRATLEITIMPL_220526_0408_20000000003102982864_000.jpg,PSP_EXTRATLEITIMPL_220526_0408,mikael,ilegivel,,pasta=medidoruim
PSP_EXTRATLEITIMPL_220526_0408_20000000003102984838_000.jpg,PSP_EXTRATLEITIMPL_220526_0408,mikael,ilegivel,,pasta=medidoruim
PSP_EXTRATLEITIMPL_220526_0408_20000000003102988647_000.jpg,PSP_EXTRATLEITIMPL_220526_0408,mikael,ilegivel,,pasta=medidoruim
PSP_EXTRATLEITIMPL_220526_0408_20000000003102990704_000.jpg,PSP_EXTRATLEITIMPL_220526_0408,mikael,ilegivel,,pasta=medidoruim
PSP_EXTRATLEITIMPL_220526_0408_20000000003102998118_000.jpg,PSP_EXTRATLEITIMPL_220526_0408,mikael,ilegivel,,pasta=medidoruim
PSP_EXTRATLEITIMPL_220526_0408_20000000003103000106_000.jpg,PSP_EXTRATLEITIMPL_220526_0408,mikael,ilegivel,,pasta=medidoruim
PSP_EXTRATLEITIMPL_220526_0408_20000000003103005013_000.jpg,PSP_EXTRATLEITIMPL_220526_0408,mikael,ilegivel,,pasta=medidoruim
PSP_EXTRATLEITIMPL_220526_0408_20000000003152970950_000.jpg,PSP_EXTRATLEITIMPL_220526_0408,mikael,legivel,,pasta=medidor
PSP_EXTRATLEITIMPL_220526_0408_20000000003152975923_000.jpg,PSP_EXTRATLEITIMPL_220526_0408,mikael,legivel,,pasta=medidor
PSP_EXTRATLEITIMPL_220526_0408_20000000003152977916_000.jpg,PSP_EXTRATLEITIMPL_220526_0408,mikael,legivel,,pasta=medidor
PSP_EXTRATLEITIMPL_220526_0408_20000000003152984825_000.jpg,PSP_EXTRATLEITIMPL_220526_0408,mikael,ilegivel,,pasta=medidoruim
PSP_EXTRATLEITIMPL_220526_0408_20000000003152984837_000.jpg,PSP_EXTRATLEITIMPL_220526_0408,mikael,ilegivel,,pasta=medidoruim
PSP_EXTRATLEITIMPL_220526_0408_20000000003152987694_000.jpg,PSP_EXTRATLEITIMPL_220526_0408,mikael,legivel,,pasta=medidor
PSP_EXTRATLEITIMPL_220526_0408_20000000003152989533_000.jpg,PSP_EXTRATLEITIMPL_220526_0408,mikael,ilegivel,,pasta=medidoruim
PSP_EXTRATLEITIMPL_220526_0408_20000000003152989535_000.jpg,PSP_EXTRATLEITIMPL_220526_0408,mikael,ilegivel,,pasta=medidoruim
PSP_EXTRATLEITIMPL_220526_0408_20000000003152993298_000.jpg,PSP_EXTRATLEITIMPL_220526_0408,mikael,legivel,,pasta=medidor
PSP_EXTRATLEITIMPL_220526_0408_20000000003152998124_000.jpg,PSP_EXTRATLEITIMPL_220526_0408,mikael,sem_medidor,,pasta=ntem
PSP_EXTRATLEITIMPL_220526_0408_20000000003202976985_000.jpg,PSP_EXTRATLEITIMPL_220526_0408,mikael,legivel,,pasta=medidor
PSP_EXTRATLEITIMPL_220526_0408_20000000003202980951_000.jpg,PSP_EXTRATLEITIMPL_220526_0408,mikael,legivel,,pasta=medidor
PSP_EXTRATLEITIMPL_220526_0408_20000000003202983780_000.jpg,PSP_EXTRATLEITIMPL_220526_0408,mikael,ilegivel,,pasta=medidoruim
PSP_EXTRATLEITIMPL_220526_0408_20000000003202984744_000.jpg,PSP_EXTRATLEITIMPL_220526_0408,mikael,legivel,,pasta=medidor
PSP_EXTRATLEITIMPL_220526_0408_20000000003202986674_000.jpg,PSP_EXTRATLEITIMPL_220526_0408,mikael,ilegivel,,pasta=medidoruim
PSP_EXTRATLEITIMPL_220526_0408_20000000003202990435_000.jpg,PSP_EXTRATLEITIMPL_220526_0408,mikael,ilegivel,,pasta=medidoruim
PSP_EXTRATLEITIMPL_220526_0408_20000000003202994202_000.jpg,PSP_EXTRATLEITIMPL_220526_0408,mikael,ilegivel,,pasta=medidoruim
PSP_EXTRATLEITIMPL_220526_0408_20000000003202998070_000.jpg,PSP_EXTRATLEITIMPL_220526_0408,mikael,ilegivel,,pasta=medidoruim
PSP_EXTRATLEITIMPL_220526_0408_20000000003203000056_000.jpg,PSP_EXTRATLEITIMPL_220526_0408,mikael,legivel,,pasta=medidor
PSP_EXTRATLEITIMPL_220526_0408_20000000003252989750_000.jpg,PSP_EXTRATLEITIMPL_220526_0408,mikael,ilegivel,,pasta=medidoruim
PSP_EXTRATLEITIMPL_220526_0408_20000000003252989772_000.jpg,PSP_EXTRATLEITIMPL_220526_0408,mikael,legivel,,pasta=medidor
PSP_EXTRATLEITIMPL_220526_0408_20000000003252991798_000.jpg,PSP_EXTRATLEITIMPL_220526_0408,mikael,ilegivel,,pasta=medidoruim
PSP_EXTRATLEITIMPL_220526_0408_20000000003252991810_000.jpg,PSP_EXTRATLEITIMPL_220526_0408,mikael,ilegivel,,pasta=medidoruim
PSP_EXTRATLEITIMPL_220526_0408_20000000003252998421_000.jpg,PSP_EXTRATLEITIMPL_220526_0408,mikael,legivel,,pasta=medidor
PSP_EXTRATLEITIMPL_220526_0408_20000000003252998427_000.jpg,PSP_EXTRATLEITIMPL_220526_0408,mikael,legivel,,pasta=medidor
PSP_EXTRATLEITIMPL_220526_0408_20000000003252998431_000.jpg,PSP_EXTRATLEITIMPL_220526_0408,mikael,ilegivel,,pasta=medidoruim
PSP_EXTRATLEITIMPL_220526_0408_20000000003253004103_000.jpg,PSP_EXTRATLEITIMPL_220526_0408,mikael,ilegivel,,pasta=medidoruim
PSP_EXTRATLEITIMPL_220526_0408_20000000003253004106_000.jpg,PSP_EXTRATLEITIMPL_220526_0408,mikael,legivel,,pasta=medidor
PSP_EXTRATLEITIMPL_220526_0408_20000000003253010014_000.jpg,PSP_EXTRATLEITIMPL_220526_0408,mikael,sem_medidor,,pasta=ntem
PSP_EXTRATLEITIMPL_220526_0408_20000000003253011011_000.jpg,PSP_EXTRATLEITIMPL_220526_0408,mikael,ilegivel,,pasta=medidoruim
PSP_EXTRATLEITIMPL_220526_0408_20000000003302977953_000.jpg,PSP_EXTRATLEITIMPL_220526_0408,mikael,ilegivel,,pasta=medidoruim
PSP_EXTRATLEITIMPL_220526_0408_20000000003302988624_000.jpg,PSP_EXTRATLEITIMPL_220526_0408,mikael,ilegivel,,pasta=medidoruim
PSP_EXTRATLEITIMPL_220526_0408_20000000003302989586_000.jpg,PSP_EXTRATLEITIMPL_220526_0408,mikael,ilegivel,,pasta=medidoruim
PSP_EXTRATLEITIMPL_220526_0408_20000000003302990568_000.jpg,PSP_EXTRATLEITIMPL_220526_0408,mikael,sem_medidor,,pasta=ntem
PSP_EXTRATLEITIMPL_220526_0408_20000000003302993317_000.jpg,PSP_EXTRATLEITIMPL_220526_0408,mikael,legivel,,pasta=medidor
PSP_EXTRATLEITIMPL_220526_0408_20000000003302993324_000.jpg,PSP_EXTRATLEITIMPL_220526_0408,mikael,legivel,,pasta=medidor
PSP_EXTRATLEITIMPL_220526_0408_20000000003302994273_000.jpg,PSP_EXTRATLEITIMPL_220526_0408,mikael,sem_medidor,,pasta=ntem
PSP_EXTRATLEITIMPL_220526_0408_20000000003302994278_000.jpg,PSP_EXTRATLEITIMPL_220526_0408,mikael,legivel,,pasta=medidor
PSP_EXTRATLEITIMPL_220526_0408_20000000003302995194_000.jpg,PSP_EXTRATLEITIMPL_220526_0408,mikael,legivel,,pasta=medidor
PSP_EXTRATLEITIMPL_220526_0408_20000000003302995202_000.jpg,PSP_EXTRATLEITIMPL_220526_0408,mikael,legivel,,pasta=medidor
PSP_EXTRATLEITIMPL_220526_0408_20000000003302996121_000.jpg,PSP_EXTRATLEITIMPL_220526_0408,mikael,legivel,,pasta=medidor
PSP_EXTRATLEITIMPL_220526_0408_20000000003302997081_001.jpg,PSP_EXTRATLEITIMPL_220526_0408,mikael,legivel,,pasta=medidor
PSP_EXTRATLEITIMPL_220526_0408_20000000003352961786_000.jpg,PSP_EXTRATLEITIMPL_220526_0408,mikael,ilegivel,,pasta=medidoruim
PSP_EXTRATLEITIMPL_220526_0408_20000000003352965663_000.jpg,PSP_EXTRATLEITIMPL_220526_0408,mikael,ilegivel,,pasta=medidoruim
PSP_EXTRATLEITIMPL_220526_0408_20000000003352969464_000.jpg,PSP_EXTRATLEITIMPL_220526_0408,mikael,ilegivel,,pasta=medidoruim
PSP_EXTRATLEITIMPL_220526_0408_20000000003352971385_000.jpg,PSP_EXTRATLEITIMPL_220526_0408,mikael,ilegivel,,pasta=medidoruim
PSP_EXTRATLEITIMPL_220526_0408_20000000003352973286_000.jpg,PSP_EXTRATLEITIMPL_220526_0408,mikael,legivel,,pasta=medidor
PSP_EXTRATLEITIMPL_220526_0408_20000000003352973287_000.jpg,PSP_EXTRATLEITIMPL_220526_0408,mikael,legivel,,pasta=medidor
PSP_EXTRATLEITIMPL_220526_0408_20000000003352973292_000.jpg,PSP_EXTRATLEITIMPL_220526_0408,mikael,legivel,,pasta=medidor
PSP_EXTRATLEITIMPL_220526_0408_20000000003352977080_000.jpg,PSP_EXTRATLEITIMPL_220526_0408,mikael,legivel,,pasta=medidor
PSP_EXTRATLEITIMPL_220526_0408_20000000003352978035_000.jpg,PSP_EXTRATLEITIMPL_220526_0408,mikael,ilegivel,,pasta=medidoruim
PSP_EXTRATLEITIMPL_220526_0408_20000000003352980002_000.jpg,PSP_EXTRATLEITIMPL_220526_0408,mikael,ilegivel,,pasta=medidoruim
PSP_EXTRATLEITIMPL_220526_0408_20000000003352981011_000.jpg,PSP_EXTRATLEITIMPL_220526_0408,mikael,legivel,,pasta=medidor
PSP_EXTRATLEITIMPL_220526_0408_20000000003402967987_000.jpg,PSP_EXTRATLEITIMPL_220526_0408,mikael,ilegivel,,pasta=medidoruim
PSP_EXTRATLEITIMPL_220526_0408_20000000003402970902_000.jpg,PSP_EXTRATLEITIMPL_220526_0408,mikael,legivel,,pasta=medidor
PSP_EXTRATLEITIMPL_220526_0408_20000000003402980643_000.jpg,PSP_EXTRATLEITIMPL_220526_0408,mikael,legivel,,pasta=medidor
PSP_EXTRATLEITIMPL_220526_0408_20000000003402980652_000.jpg,PSP_EXTRATLEITIMPL_220526_0408,mikael,legivel,,pasta=medidor
PSP_EXTRATLEITIMPL_220526_0408_20000000003402983412_000.jpg,PSP_EXTRATLEITIMPL_220526_0408,mikael,legivel,,pasta=medidor
PSP_EXTRATLEITIMPL_220526_0408_20000000003402986171_000.jpg,PSP_EXTRATLEITIMPL_220526_0408,mikael,legivel,,pasta=medidor
PSP_EXTRATLEITIMPL_220526_0408_20000000003402986186_000.jpg,PSP_EXTRATLEITIMPL_220526_0408,mikael,legivel,,pasta=medidor
PSP_EXTRATLEITIMPL_220526_0408_20000000003402987092_000.jpg,PSP_EXTRATLEITIMPL_220526_0408,mikael,legivel,,pasta=medidor
PSP_EXTRATLEITIMPL_220526_0408_20000000003402991040_000.jpg,PSP_EXTRATLEITIMPL_220526_0408,mikael,ilegivel,,pasta=medidoruim
PSP_EXTRATLEITIMPL_220526_0408_20000000003452963973_000.jpg,PSP_EXTRATLEITIMPL_220526_0408,mikael,ilegivel,,pasta=medidoruim
PSP_EXTRATLEITIMPL_220526_0408_20000000003452970821_000.jpg,PSP_EXTRATLEITIMPL_220526_0408,mikael,legivel,,pasta=medidor
PSP_EXTRATLEITIMPL_220526_0408_20000000003452971797_000.jpg,PSP_EXTRATLEITIMPL_220526_0408,mikael,legivel,,pasta=medidor
PSP_EXTRATLEITIMPL_220526_0408_20000000003452972695_000.jpg,PSP_EXTRATLEITIMPL_220526_0408,mikael,legivel,,pasta=medidor
PSP_EXTRATLEITIMPL_220526_0408_20000000003452975689_000.jpg,PSP_EXTRATLEITIMPL_220526_0408,mikael,ilegivel,,pasta=medidoruim
PSP_EXTRATLEITIMPL_220526_0408_20000000003452975693_000.jpg,PSP_EXTRATLEITIMPL_220526_0408,mikael,ilegivel,,pasta=medidoruim
PSP_EXTRATLEITIMPL_220526_0408_20000000003452975694_000.jpg,PSP_EXTRATLEITIMPL_220526_0408,mikael,ilegivel,,pasta=medidoruim
PSP_EXTRATLEITIMPL_220526_0408_20000000003452982228_000.jpg,PSP_EXTRATLEITIMPL_220526_0408,mikael,legivel,,pasta=medidor
PSP_EXTRATLEITIMPL_220526_0408_20000000003452984092_000.jpg,PSP_EXTRATLEITIMPL_220526_0408,mikael,ilegivel,,pasta=medidoruim
PSP_EXTRATLEITIMPL_220526_0408_20000000003452984097_000.jpg,PSP_EXTRATLEITIMPL_220526_0408,mikael,legivel,,pasta=medidor
PSP_EXTRATLEITIMPL_220526_0408_20000000003452984106_000.jpg,PSP_EXTRATLEITIMPL_220526_0408,mikael,legivel,,pasta=medidor
PSP_EXTRATLEITIMPL_220526_0408_20000000003502970984_000.jpg,PSP_EXTRATLEITIMPL_220526_0408,mikael,legivel,,pasta=medidor
PSP_EXTRATLEITIMPL_220526_0408_20000000003502986798_000.jpg,PSP_EXTRATLEITIMPL_220526_0408,mikael,ilegivel,,pasta=medidoruim
PSP_EXTRATLEITIMPL_220526_0408_20000000003502988759_000.jpg,PSP_EXTRATLEITIMPL_220526_0408,mikael,ilegivel,,pasta=medidoruim
PSP_EXTRATLEITIMPL_220526_0408_20000000003502992466_000.jpg,PSP_EXTRATLEITIMPL_220526_0408,mikael,ilegivel,,pasta=medidoruim
PSP_EXTRATLEITIMPL_220526_0408_20000000003502992475_000.jpg,PSP_EXTRATLEITIMPL_220526_0408,mikael,ilegivel,,pasta=medidoruim
PSP_EXTRATLEITIMPL_220526_0408_20000000003502993386_000.jpg,PSP_EXTRATLEITIMPL_220526_0408,mikael,ilegivel,,pasta=medidoruim
PSP_EXTRATLEITIMPL_220526_0408_20000000003502996276_000.jpg,PSP_EXTRATLEITIMPL_220526_0408,mikael,legivel,,pasta=medidor
PSP_EXTRATLEITIMPL_220526_0408_20000000003502996288_000.jpg,PSP_EXTRATLEITIMPL_220526_0408,mikael,sem_medidor,,pasta=ntem
PSP_EXTRATLEITIMPL_220526_0408_20000000003503003022_000.jpg,PSP_EXTRATLEITIMPL_220526_0408,mikael,legivel,,pasta=medidor
PSP_EXTRATLEITIMPL_220526_0408_20000000003503005013_000.jpg,PSP_EXTRATLEITIMPL_220526_0408,mikael,legivel,,pasta=medidor
PSP_EXTRATLEITIMPL_220526_0408_20000000003552972985_000.jpg,PSP_EXTRATLEITIMPL_220526_0408,mikael,ilegivel,,pasta=medidoruim
PSP_EXTRATLEITIMPL_220526_0408_20000000003552979820_000.jpg,PSP_EXTRATLEITIMPL_220526_0408,mikael,legivel,,pasta=medidor
PSP_EXTRATLEITIMPL_220526_0408_20000000003552979822_000.jpg,PSP_EXTRATLEITIMPL_220526_0408,mikael,ilegivel,,pasta=medidoruim
PSP_EXTRATLEITIMPL_220526_0408_20000000003552982697_002.jpg,PSP_EXTRATLEITIMPL_220526_0408,mikael,ilegivel,,pasta=medidoruim
PSP_EXTRATLEITIMPL_220526_0408_20000000003552992121_000.jpg,PSP_EXTRATLEITIMPL_220526_0408,mikael,sem_medidor,,pasta=ntem
PSP_EXTRATLEITIMPL_220526_0408_20000000003552992131_000.jpg,PSP_EXTRATLEITIMPL_220526_0408,mikael,ilegivel,,pasta=medidoruim
PSP_EXTRATLEITIMPL_220526_0408_20000000003552993045_000.jpg,PSP_EXTRATLEITIMPL_220526_0408,mikael,legivel,,pasta=medidor
PSP_EXTRATLEITIMPL_220526_0408_20000000003552994030_002.jpg,PSP_EXTRATLEITIMPL_220526_0408,mikael,sem_medidor,,pasta=ntem
PSP_EXTRATLEITIMPL_220526_0408_20000000003552995008_000.jpg,PSP_EXTRATLEITIMPL_220526_0408,mikael,sem_medidor,,pasta=ntem
PSP_EXTRATLEITIMPL_220526_0408_20000000003552995017_000.jpg,PSP_EXTRATLEITIMPL_220526_0408,mikael,sem_medidor,,pasta=ntem
PSP_EXTRATLEITIMPL_220526_0408_20000000003552996007_000.jpg,PSP_EXTRATLEITIMPL_220526_0408,mikael,sem_medidor,,pasta=ntem
PSP_EXTRATLEITIMPL_220526_0408_20000000003602966977_000.jpg,PSP_EXTRATLEITIMPL_220526_0408,mikael,ilegivel,,pasta=medidoruim
PSP_EXTRATLEITIMPL_220526_0408_20000000003602973933_000.jpg,PSP_EXTRATLEITIMPL_220526_0408,mikael,ilegivel,,pasta=medidoruim
PSP_EXTRATLEITIMPL_220526_0408_20000000003602987281_000.jpg,PSP_EXTRATLEITIMPL_220526_0408,mikael,legivel,,pasta=medidor
PSP_EXTRATLEITIMPL_220526_0408_20000000003602991029_000.jpg,PSP_EXTRATLEITIMPL_220526_0408,mikael,legivel,,pasta=medidor
PSP_EXTRATLEITIMPL_220526_0408_20000000003602993016_000.jpg,PSP_EXTRATLEITIMPL_220526_0408,mikael,ilegivel,,pasta=medidoruim
PSP_EXTRATLEITIMPL_220526_0408_20000000003652967993_000.jpg,PSP_EXTRATLEITIMPL_220526_0408,mikael,ilegivel,,pasta=medidoruim
PSP_EXTRATLEITIMPL_220526_0408_20000000003652971952_000.jpg,PSP_EXTRATLEITIMPL_220526_0408,mikael,ilegivel,,pasta=medidoruim
PSP_EXTRATLEITIMPL_220526_0408_20000000003652988497_000.jpg,PSP_EXTRATLEITIMPL_220526_0408,mikael,ilegivel,,pasta=medidoruim
PSP_EXTRATLEITIMPL_220526_0408_20000000003652992295_004.jpg,PSP_EXTRATLEITIMPL_220526_0408,mikael,ilegivel,,pasta=medidoruim
PSP_EXTRATLEITIMPL_220526_0408_20000000003652993278_000.jpg,PSP_EXTRATLEITIMPL_220526_0408,mikael,legivel,,pasta=medidor
PSP_EXTRATLEITIMPL_220526_0408_20000000003652994219_000.jpg,PSP_EXTRATLEITIMPL_220526_0408,mikael,ilegivel,,pasta=medidoruim
PSP_EXTRATLEITIMPL_220526_0408_20000000003653000007_000.jpg,PSP_EXTRATLEITIMPL_220526_0408,mikael,ilegivel,,pasta=medidoruim
PSP_EXTRATLEITIMPL_220526_0408_20000000003653000015_000.jpg,PSP_EXTRATLEITIMPL_220526_0408,mikael,sem_medidor,,pasta=ntem
PSP_EXTRATLEITIMPL_220526_0408_20000000003702968958_000.jpg,PSP_EXTRATLEITIMPL_220526_0408,mikael,legivel,,pasta=medidor
PSP_EXTRATLEITIMPL_220526_0408_20000000003702969915_000.jpg,PSP_EXTRATLEITIMPL_220526_0408,mikael,ilegivel,,pasta=medidoruim
PSP_EXTRATLEITIMPL_220526_0408_20000000003702977788_000.jpg,PSP_EXTRATLEITIMPL_220526_0408,mikael,ilegivel,,pasta=medidoruim
PSP_EXTRATLEITIMPL_220526_0408_20000000003702986293_000.jpg,PSP_EXTRATLEITIMPL_220526_0408,mikael,ilegivel,,pasta=medidoruim
PSP_EXTRATLEITIMPL_220526_0408_20000000003702990050_000.jpg,PSP_EXTRATLEITIMPL_220526_0408,mikael,ilegivel,,pasta=medidoruim
PSP_EXTRATLEITIMPL_220526_0408_20000000003702990074_000.jpg,PSP_EXTRATLEITIMPL_220526_0408,mikael,ilegivel,,pasta=medidoruim
PSP_EXTRATLEITIMPL_220526_0408_20000000003752965756_000.jpg,PSP_EXTRATLEITIMPL_220526_0408,mikael,ilegivel,,pasta=medidoruim
PSP_EXTRATLEITIMPL_220526_0408_20000000003752968719_000.jpg,PSP_EXTRATLEITIMPL_220526_0408,mikael,ilegivel,,pasta=medidoruim
PSP_EXTRATLEITIMPL_220526_0408_20000000003752968728_000.jpg,PSP_EXTRATLEITIMPL_220526_0408,mikael,ilegivel,,pasta=medidoruim
PSP_EXTRATLEITIMPL_220526_0408_20000000003752969637_000.jpg,PSP_EXTRATLEITIMPL_220526_0408,mikael,ilegivel,,pasta=medidoruim
PSP_EXTRATLEITIMPL_220526_0408_20000000003752970632_000.jpg,PSP_EXTRATLEITIMPL_220526_0408,mikael,ilegivel,,pasta=medidoruim
PSP_EXTRATLEITIMPL_220526_0408_20000000003752976268_000.jpg,PSP_EXTRATLEITIMPL_220526_0408,mikael,ilegivel,,pasta=medidoruim
PSP_EXTRATLEITIMPL_220526_0408_20000000003752976287_000.jpg,PSP_EXTRATLEITIMPL_220526_0408,mikael,sem_medidor,,pasta=ntem
PSP_EXTRATLEITIMPL_220526_0408_20000000003752976289_000.jpg,PSP_EXTRATLEITIMPL_220526_0408,mikael,ilegivel,,pasta=medidoruim
PSP_EXTRATLEITIMPL_220526_0408_20000000003752976295_000.jpg,PSP_EXTRATLEITIMPL_220526_0408,mikael,ilegivel,,pasta=medidoruim
PSP_EXTRATLEITIMPL_220526_0408_20000000003752980035_000.jpg,PSP_EXTRATLEITIMPL_220526_0408,mikael,legivel,,pasta=medidor
PSP_EXTRATLEITIMPL_220526_0408_20000000003752981046_001.jpg,PSP_EXTRATLEITIMPL_220526_0408,mikael,ilegivel,,pasta=medidoruim
PSP_EXTRATLEITIMPL_220526_0408_20000000003752982023_000.jpg,PSP_EXTRATLEITIMPL_220526_0408,mikael,ilegivel,,pasta=medidoruim
PSP_EXTRATLEITIMPL_220526_0408_20000000003802974935_000.jpg,PSP_EXTRATLEITIMPL_220526_0408,mikael,ilegivel,,pasta=medidoruim
PSP_EXTRATLEITIMPL_220526_0408_20000000003802979788_000.jpg,PSP_EXTRATLEITIMPL_220526_0408,mikael,legivel,,pasta=medidor
PSP_EXTRATLEITIMPL_220526_0408_20000000003802981673_000.jpg,PSP_EXTRATLEITIMPL_220526_0408,mikael,ilegivel,,pasta=medidoruim
PSP_EXTRATLEITIMPL_220526_0408_20000000003802983681_000.jpg,PSP_EXTRATLEITIMPL_220526_0408,mikael,ilegivel,,pasta=medidoruim
PSP_EXTRATLEITIMPL_220526_0408_20000000003802988440_000.jpg,PSP_EXTRATLEITIMPL_220526_0408,mikael,legivel,,pasta=medidor
PSP_EXTRATLEITIMPL_220526_0408_20000000003802992118_000.jpg,PSP_EXTRATLEITIMPL_220526_0408,mikael,legivel,,pasta=medidor
PSP_EXTRATLEITIMPL_220526_0408_20000000003802992129_001.jpg,PSP_EXTRATLEITIMPL_220526_0408,mikael,legivel,,pasta=medidor
PSP_EXTRATLEITIMPL_220526_0408_20000000003802998008_001.jpg,PSP_EXTRATLEITIMPL_220526_0408,mikael,ilegivel,,pasta=medidoruim
PSP_EXTRATLEITIMPL_220526_0408_20000000003852970853_000.jpg,PSP_EXTRATLEITIMPL_220526_0408,mikael,ilegivel,,pasta=medidoruim
PSP_EXTRATLEITIMPL_220526_0408_20000000003852973815_000.jpg,PSP_EXTRATLEITIMPL_220526_0408,mikael,ilegivel,,pasta=medidoruim
PSP_EXTRATLEITIMPL_220526_0408_20000000003852986113_000.jpg,PSP_EXTRATLEITIMPL_220526_0408,mikael,ilegivel,,pasta=medidoruim
PSP_EXTRATLEITIMPL_220526_0408_20000000003852987072_000.jpg,PSP_EXTRATLEITIMPL_220526_0408,mikael,ilegivel,,pasta=medidoruim
PSP_EXTRATLEITIMPL_220526_0408_20000000003902956992_000.jpg,PSP_EXTRATLEITIMPL_220526_0408,mikael,ilegivel,,pasta=medidoruim
PSP_EXTRATLEITIMPL_220526_0408_20000000003902965901_000.jpg,PSP_EXTRATLEITIMPL_220526_0408,mikael,legivel,,pasta=medidor
PSP_EXTRATLEITIMPL_220526_0408_20000000003902970844_001.jpg,PSP_EXTRATLEITIMPL_220526_0408,mikael,ilegivel,,pasta=medidoruim
PSP_EXTRATLEITIMPL_220526_0408_20000000003902972684_000.jpg,PSP_EXTRATLEITIMPL_220526_0408,mikael,ilegivel,,pasta=medidoruim
PSP_EXTRATLEITIMPL_220526_0408_20000000003902973674_000.jpg,PSP_EXTRATLEITIMPL_220526_0408,mikael,ilegivel,,pasta=medidoruim
PSP_EXTRATLEITIMPL_220526_0408_20000000003902976534_000.jpg,PSP_EXTRATLEITIMPL_220526_0408,mikael,sem_medidor,,pasta=ntem
PSP_EXTRATLEITIMPL_220526_0408_20000000003902980300_000.jpg,PSP_EXTRATLEITIMPL_220526_0408,mikael,ilegivel,,pasta=medidoruim
PSP_EXTRATLEITIMPL_220526_0408_20000000003902980315_000.jpg,PSP_EXTRATLEITIMPL_220526_0408,mikael,legivel,,pasta=medidor
PSP_EXTRATLEITIMPL_220526_0408_20000000003902980320_001.jpg,PSP_EXTRATLEITIMPL_220526_0408,mikael,legivel,,pasta=medidor
PSP_EXTRATLEITIMPL_220526_0408_20000000003952970668_000.jpg,PSP_EXTRATLEITIMPL_220526_0408,mikael,legivel,,pasta=medidor
PSP_EXTRATLEITIMPL_220526_0408_20000000003952978193_000.jpg,PSP_EXTRATLEITIMPL_220526_0408,mikael,ilegivel,,pasta=medidoruim
PSP_EXTRATLEITIMPL_220526_0408_20000000004002953986_000.jpg,PSP_EXTRATLEITIMPL_220526_0408,mikael,legivel,,pasta=medidor
PSP_EXTRATLEITIMPL_220526_0408_20000000004002966899_000.jpg,PSP_EXTRATLEITIMPL_220526_0408,mikael,ilegivel,,pasta=medidoruim
PSP_EXTRATLEITIMPL_220526_0408_20000000004002967893_000.jpg,PSP_EXTRATLEITIMPL_220526_0408,mikael,ilegivel,,pasta=medidoruim
PSP_EXTRATLEITIMPL_220526_0408_20000000004002972627_000.jpg,PSP_EXTRATLEITIMPL_220526_0408,mikael,ilegivel,,pasta=medidoruim
PSP_EXTRATLEITIMPL_220526_0408_20000000004002973642_000.jpg,PSP_EXTRATLEITIMPL_220526_0408,mikael,legivel,,pasta=medidor
PSP_EXTRATLEITIMPL_220526_0408_20000000004002978390_000.jpg,PSP_EXTRATLEITIMPL_220526_0408,mikael,ilegivel,,pasta=medidoruim
PSP_EXTRATLEITIMPL_220526_0408_20000000004002983038_000.jpg,PSP_EXTRATLEITIMPL_220526_0408,mikael,legivel,,pasta=medidor
PSP_EXTRATLEITIMPL_220526_0408_20000000004052982881_000.jpg,PSP_EXTRATLEITIMPL_220526_0408,mikael,legivel,,pasta=medidor
PSP_EXTRATLEITIMPL_220526_0408_20000000004052984841_000.jpg,PSP_EXTRATLEITIMPL_220526_0408,mikael,legivel,,pasta=medidor
PSP_EXTRATLEITIMPL_220526_0408_20000000004053000163_000.jpg,PSP_EXTRATLEITIMPL_220526_0408,mikael,legivel,,pasta=medidor
PSP_EXTRATLEITIMPL_220526_0408_20000000004053000174_000.jpg,PSP_EXTRATLEITIMPL_220526_0408,mikael,legivel,,pasta=medidor
PSP_EXTRATLEITIMPL_220526_0408_20000000004102966926_000.jpg,PSP_EXTRATLEITIMPL_220526_0408,mikael,ilegivel,,pasta=medidoruim
PSP_EXTRATLEITIMPL_220526_0408_20000000004102969814_000.jpg,PSP_EXTRATLEITIMPL_220526_0408,mikael,legivel,,pasta=medidor
PSP_EXTRATLEITIMPL_220526_0408_20000000004102974644_000.jpg,PSP_EXTRATLEITIMPL_220526_0408,mikael,ilegivel,,pasta=medidoruim
PSP_EXTRATLEITIMPL_220526_0408_20000000004102975551_000.jpg,PSP_EXTRATLEITIMPL_220526_0408,mikael,legivel,,pasta=medidor
PSP_EXTRATLEITIMPL_220526_0408_20000000004102978412_000.jpg,PSP_EXTRATLEITIMPL_220526_0408,mikael,ilegivel,,pasta=medidoruim
PSP_EXTRATLEITIMPL_220526_0408_20000000004102980305_000.jpg,PSP_EXTRATLEITIMPL_220526_0408,mikael,ilegivel,,pasta=medidoruim
PSP_EXTRATLEITIMPL_220526_0408_20000000004102981274_000.jpg,PSP_EXTRATLEITIMPL_220526_0408,mikael,ilegivel,,pasta=medidoruim
PSP_EXTRATLEITIMPL_220526_0408_20000000004102982210_000.jpg,PSP_EXTRATLEITIMPL_220526_0408,mikael,ilegivel,,pasta=medidoruim
PSP_EXTRATLEITIMPL_220526_0408_20000000004102983129_000.jpg,PSP_EXTRATLEITIMPL_220526_0408,mikael,ilegivel,,pasta=medidoruim
PSP_EXTRATLEITIMPL_220526_0408_20000000004102984082_000.jpg,PSP_EXTRATLEITIMPL_220526_0408,mikael,legivel,,pasta=medidor
PSP_EXTRATLEITIMPL_220526_0408_20000000004102985016_000.jpg,PSP_EXTRATLEITIMPL_220526_0408,mikael,legivel,,pasta=medidor
PSP_EXTRATLEITIMPL_220526_0408_20000000004102988000_000.jpg,PSP_EXTRATLEITIMPL_220526_0408,mikael,sem_medidor,,pasta=ntem
PSP_EXTRATLEITIMPL_220526_0408_20000000004152976907_000.jpg,PSP_EXTRATLEITIMPL_220526_0408,mikael,ilegivel,,pasta=medidoruim
PSP_EXTRATLEITIMPL_220526_0408_20000000004152979776_000.jpg,PSP_EXTRATLEITIMPL_220526_0408,mikael,ilegivel,,pasta=medidoruim
PSP_EXTRATLEITIMPL_220526_0408_20000000004152983615_000.jpg,PSP_EXTRATLEITIMPL_220526_0408,mikael,ilegivel,,pasta=medidoruim
PSP_EXTRATLEITIMPL_220526_0408_20000000004152988403_000.jpg,PSP_EXTRATLEITIMPL_220526_0408,mikael,legivel,,pasta=medidor
PSP_EXTRATLEITIMPL_220526_0408_20000000004152995058_000.jpg,PSP_EXTRATLEITIMPL_220526_0408,mikael,legivel,,pasta=medidor
PSP_EXTRATLEITIMPL_220526_0408_20000000004152995061_000.jpg,PSP_EXTRATLEITIMPL_220526_0408,mikael,ilegivel,,pasta=medidoruim
PSP_EXTRATLEITIMPL_220526_0408_20000000004152996030_000.jpg,PSP_EXTRATLEITIMPL_220526_0408,mikael,ilegivel,,pasta=medidoruim
PSP_EXTRATLEITIMPL_220526_0408_20000000004202979905_000.jpg,PSP_EXTRATLEITIMPL_220526_0408,mikael,ilegivel,,pasta=medidoruim
PSP_EXTRATLEITIMPL_220526_0408_20000000004202980950_000.jpg,PSP_EXTRATLEITIMPL_220526_0408,mikael,ilegivel,,pasta=medidoruim
PSP_EXTRATLEITIMPL_220526_0408_20000000004202984808_000.jpg,PSP_EXTRATLEITIMPL_220526_0408,mikael,ilegivel,,pasta=medidoruim
PSP_EXTRATLEITIMPL_220526_0408_20000000004202986707_000.jpg,PSP_EXTRATLEITIMPL_220526_0408,mikael,ilegivel,,pasta=medidoruim
PSP_EXTRATLEITIMPL_220526_0408_20000000004203001079_000.jpg,PSP_EXTRATLEITIMPL_220526_0408,mikael,legivel,,pasta=medidor
PSP_EXTRATLEITIMPL_220526_0408_20000000004203002020_000.jpg,PSP_EXTRATLEITIMPL_220526_0408,mikael,legivel,,pasta=medidor
PSP_EXTRATLEITIMPL_220526_0408_20000000004203003030_000.jpg,PSP_EXTRATLEITIMPL_220526_0408,mikael,sem_medidor,,pasta=ntem
PSP_EXTRATLEITIMPL_220526_0408_20000000004252982931_000.jpg,PSP_EXTRATLEITIMPL_220526_0408,mikael,ilegivel,,pasta=medidoruim
PSP_EXTRATLEITIMPL_220526_0408_20000000004252999400_000.jpg,PSP_EXTRATLEITIMPL_220526_0408,mikael,ilegivel,,pasta=medidoruim
PSP_EXTRATLEITIMPL_220526_0408_20000000004253001310_001.jpg,PSP_EXTRATLEITIMPL_220526_0408,mikael,ilegivel,,pasta=medidoruim
PSP_EXTRATLEITIMPL_220526_0408_20000000004302968977_000.jpg,PSP_EXTRATLEITIMPL_220526_0408,mikael,ilegivel,,pasta=medidoruim
PSP_EXTRATLEITIMPL_220526_0408_20000000004302968983_000.jpg,PSP_EXTRATLEITIMPL_220526_0408,mikael,legivel,,pasta=medidor
PSP_EXTRATLEITIMPL_220526_0408_20000000004302969962_000.jpg,PSP_EXTRATLEITIMPL_220526_0408,mikael,ilegivel,,pasta=medidoruim
PSP_EXTRATLEITIMPL_220526_0408_20000000004302971963_000.jpg,PSP_EXTRATLEITIMPL_220526_0408,mikael,legivel,,pasta=medidor
PSP_EXTRATLEITIMPL_220526_0408_20000000004302973976_000.jpg,PSP_EXTRATLEITIMPL_220526_0408,mikael,sem_medidor,,pasta=ntem
PSP_EXTRATLEITIMPL_220526_0408_20000000004302975924_000.jpg,PSP_EXTRATLEITIMPL_220526_0408,mikael,sem_medidor,,pasta=ntem
PSP_EXTRATLEITIMPL_220526_0408_20000000004302976831_000.jpg,PSP_EXTRATLEITIMPL_220526_0408,mikael,legivel,,pasta=medidor
PSP_EXTRATLEITIMPL_220526_0408_20000000004302976833_000.jpg,PSP_EXTRATLEITIMPL_220526_0408,mikael,ilegivel,,pasta=medidoruim
PSP_EXTRATLEITIMPL_220526_0408_20000000004302976849_000.jpg,PSP_EXTRATLEITIMPL_220526_0408,mikael,ilegivel,,pasta=medidoruim
PSP_EXTRATLEITIMPL_220526_0408_20000000004302980644_001.jpg,PSP_EXTRATLEITIMPL_220526_0408,mikael,ilegivel,,pasta=medidoruim
PSP_EXTRATLEITIMPL_220526_0408_20000000004302983622_001.jpg,PSP_EXTRATLEITIMPL_220526_0408,mikael,legivel,,pasta=medidor
PSP_EXTRATLEITIMPL_220526_0408_20000000004302987406_000.jpg,PSP_EXTRATLEITIMPL_220526_0408,mikael,ilegivel,,pasta=medidoruim
PSP_EXTRATLEITIMPL_220526_0408_20000000004302993063_000.jpg,PSP_EXTRATLEITIMPL_220526_0408,mikael,ilegivel,,pasta=medidoruim
PSP_EXTRATLEITIMPL_220526_0408_20000000004302995028_000.jpg,PSP_EXTRATLEITIMPL_220526_0408,mikael,ilegivel,,pasta=medidoruim
PSP_EXTRATLEITIMPL_220526_0408_20000000004352986761_000.jpg,PSP_EXTRATLEITIMPL_220526_0408,mikael,legivel,,pasta=medidor
PSP_EXTRATLEITIMPL_220526_0408_20000000004352988699_001.jpg,PSP_EXTRATLEITIMPL_220526_0408,mikael,sem_medidor,,pasta=ntem
PSP_EXTRATLEITIMPL_220526_0408_20000000004352988710_000.jpg,PSP_EXTRATLEITIMPL_220526_0408,mikael,sem_medidor,,pasta=ntem
PSP_EXTRATLEITIMPL_220526_0408_20000000004352992456_000.jpg,PSP_EXTRATLEITIMPL_220526_0408,mikael,ilegivel,,pasta=medidoruim
PSP_EXTRATLEITIMPL_220526_0408_20000000004352996190_000.jpg,PSP_EXTRATLEITIMPL_220526_0408,mikael,ilegivel,,pasta=medidoruim
PSP_EXTRATLEITIMPL_220526_0408_20000000004352997129_000.jpg,PSP_EXTRATLEITIMPL_220526_0408,mikael,legivel,,pasta=medidor
PSP_EXTRATLEITIMPL_220526_0408_20000000004353004007_000.jpg,PSP_EXTRATLEITIMPL_220526_0408,mikael,ilegivel,,pasta=medidoruim
PSP_EXTRATLEITIMPL_220526_0408_20000000004402962961_000.jpg,PSP_EXTRATLEITIMPL_220526_0408,mikael,ilegivel,,pasta=medidoruim
PSP_EXTRATLEITIMPL_220526_0408_20000000004402962970_000.jpg,PSP_EXTRATLEITIMPL_220526_0408,mikael,legivel,,pasta=medidor
PSP_EXTRATLEITIMPL_220526_0408_20000000004402968961_000.jpg,PSP_EXTRATLEITIMPL_220526_0408,mikael,ilegivel,,pasta=medidoruim
PSP_EXTRATLEITIMPL_220526_0408_20000000004402970982_000.jpg,PSP_EXTRATLEITIMPL_220526_0408,mikael,legivel,,pasta=medidor
PSP_EXTRATLEITIMPL_220526_0408_20000000004402975764_000.jpg,PSP_EXTRATLEITIMPL_220526_0408,mikael,ilegivel,,pasta=medidoruim
PSP_EXTRATLEITIMPL_220526_0408_20000000004402975775_000.jpg,PSP_EXTRATLEITIMPL_220526_0408,mikael,ilegivel,,pasta=medidoruim
PSP_EXTRATLEITIMPL_220526_0408_20000000004402979574_000.jpg,PSP_EXTRATLEITIMPL_220526_0408,mikael,ilegivel,,pasta=medidoruim
PSP_EXTRATLEITIMPL_220526_0408_20000000004402984331_000.jpg,PSP_EXTRATLEITIMPL_220526_0408,mikael,ilegivel,,pasta=medidoruim
PSP_EXTRATLEITIMPL_220526_0408_20000000004402987088_000.jpg,PSP_EXTRATLEITIMPL_220526_0408,mikael,legivel,,pasta=medidor
PSP_EXTRATLEITIMPL_220526_0408_20000000004402989045_000.jpg,PSP_EXTRATLEITIMPL_220526_0408,mikael,ilegivel,,pasta=medidoruim
PSP_EXTRATLEITIMPL_220526_0408_20000000004402992002_000.jpg,PSP_EXTRATLEITIMPL_220526_0408,mikael,ilegivel,,pasta=medidoruim
PSP_EXTRATLEITIMPL_220526_0408_20000000004452986954_000.jpg,PSP_EXTRATLEITIMPL_220526_0408,mikael,ilegivel,,pasta=medidoruim
PSP_EXTRATLEITIMPL_220526_0408_20000000004452986956_000.jpg,PSP_EXTRATLEITIMPL_220526_0408,mikael,legivel,,pasta=medidor
PSP_EXTRATLEITIMPL_220526_0408_20000000004452986959_000.jpg,PSP_EXTRATLEITIMPL_220526_0408,mikael,ilegivel,,pasta=medidoruim
PSP_EXTRATLEITIMPL_220526_0408_20000000004452989993_000.jpg,PSP_EXTRATLEITIMPL_220526_0408,mikael,legivel,,pasta=medidor
PSP_EXTRATLEITIMPL_220526_0408_20000000004453000685_001.jpg,PSP_EXTRATLEITIMPL_220526_0408,mikael,ilegivel,,pasta=medidoruim
PSP_EXTRATLEITIMPL_220526_0408_20000000004453003365_000.jpg,PSP_EXTRATLEITIMPL_220526_0408,mikael,ilegivel,,pasta=medidoruim
PSP_EXTRATLEITIMPL_220526_0408_20000000004453005303_000.jpg,PSP_EXTRATLEITIMPL_220526_0408,mikael,ilegivel,,pasta=medidoruim
PSP_EXTRATLEITIMPL_220526_0408_20000000004453007209_000.jpg,PSP_EXTRATLEITIMPL_220526_0408,mikael,ilegivel,,pasta=medidoruim
PSP_EXTRATLEITIMPL_220526_0408_20000000004453008106_000.jpg,PSP_EXTRATLEITIMPL_220526_0408,mikael,legivel,,pasta=medidor
PSP_EXTRATLEITIMPL_220526_0408_20000000004453009107_000.jpg,PSP_EXTRATLEITIMPL_220526_0408,mikael,legivel,,pasta=medidor
PSP_EXTRATLEITIMPL_220526_0408_20000000004453010072_000.jpg,PSP_EXTRATLEITIMPL_220526_0408,mikael,ilegivel,,pasta=medidoruim
PSP_EXTRATLEITIMPL_220526_0408_20000000004453013000_000.jpg,PSP_EXTRATLEITIMPL_220526_0408,mikael,ilegivel,,pasta=medidoruim
PSP_EXTRATLEITIMPL_220526_0408_20000000004502973834_000.jpg,PSP_EXTRATLEITIMPL_220526_0408,mikael,legivel,,pasta=medidor
PSP_EXTRATLEITIMPL_220526_0408_20000000004502974797_000.jpg,PSP_EXTRATLEITIMPL_220526_0408,mikael,legivel,,pasta=medidor
PSP_EXTRATLEITIMPL_220526_0408_20000000004502976696_000.jpg,PSP_EXTRATLEITIMPL_220526_0408,mikael,legivel,,pasta=medidor
PSP_EXTRATLEITIMPL_220526_0408_20000000004502976700_000.jpg,PSP_EXTRATLEITIMPL_220526_0408,mikael,legivel,,pasta=medidor
PSP_EXTRATLEITIMPL_220526_0408_20000000004502980557_000.jpg,PSP_EXTRATLEITIMPL_220526_0408,mikael,ilegivel,,pasta=medidoruim
PSP_EXTRATLEITIMPL_220526_0408_20000000004502981443_000.jpg,PSP_EXTRATLEITIMPL_220526_0408,mikael,legivel,,pasta=medidor
PSP_EXTRATLEITIMPL_220526_0408_20000000004502986221_001.jpg,PSP_EXTRATLEITIMPL_220526_0408,mikael,ilegivel,,pasta=medidoruim
PSP_EXTRATLEITIMPL_220526_0408_20000000004502991057_000.jpg,PSP_EXTRATLEITIMPL_220526_0408,mikael,ilegivel,,pasta=medidoruim
PSP_EXTRATLEITIMPL_220526_0408_20000000004502995008_000.jpg,PSP_EXTRATLEITIMPL_220526_0408,mikael,ilegivel,,pasta=medidoruim
PSP_EXTRATLEITIMPL_220526_0408_20000000004552975843_000.jpg,PSP_EXTRATLEITIMPL_220526_0408,mikael,legivel,,pasta=medidor
PSP_EXTRATLEITIMPL_220526_0408_20000000004552976801_000.jpg,PSP_EXTRATLEITIMPL_220526_0408,mikael,sem_medidor,,pasta=ntem
PSP_EXTRATLEITIMPL_220526_0408_20000000004552978644_000.jpg,PSP_EXTRATLEITIMPL_220526_0408,mikael,ilegivel,,pasta=medidoruim
PSP_EXTRATLEITIMPL_220526_0408_20000000004552979651_000.jpg,PSP_EXTRATLEITIMPL_220526_0408,mikael,sem_medidor,,pasta=ntem
PSP_EXTRATLEITIMPL_220526_0408_20000000004552982531_000.jpg,PSP_EXTRATLEITIMPL_220526_0408,mikael,legivel,,pasta=medidor
PSP_EXTRATLEITIMPL_220526_0408_20000000004552984402_000.jpg,PSP_EXTRATLEITIMPL_220526_0408,mikael,legivel,,pasta=medidor
PSP_EXTRATLEITIMPL_220526_0408_20000000004552985419_000.jpg,PSP_EXTRATLEITIMPL_220526_0408,mikael,ilegivel,,pasta=medidoruim
PSP_EXTRATLEITIMPL_220526_0408_20000000004552990156_000.jpg,PSP_EXTRATLEITIMPL_220526_0408,mikael,sem_medidor,,pasta=ntem
PSP_EXTRATLEITIMPL_220526_0408_20000000004552993078_000.jpg,PSP_EXTRATLEITIMPL_220526_0408,mikael,legivel,,pasta=medidor
PSP_EXTRATLEITIMPL_220526_0408_20000000004552995000_000.jpg,PSP_EXTRATLEITIMPL_220526_0408,mikael,ilegivel,,pasta=medidoruim
PSP_EXTRATLEITIMPL_220526_0408_20000000004602995977_000.jpg,PSP_EXTRATLEITIMPL_220526_0408,mikael,ilegivel,,pasta=medidoruim
PSP_EXTRATLEITIMPL_220526_0408_20000000004602997982_000.jpg,PSP_EXTRATLEITIMPL_220526_0408,mikael,ilegivel,,pasta=medidoruim
PSP_EXTRATLEITIMPL_220526_0408_20000000004603005832_000.jpg,PSP_EXTRATLEITIMPL_220526_0408,mikael,legivel,,pasta=medidor
PSP_EXTRATLEITIMPL_220526_0408_20000000004603006780_000.jpg,PSP_EXTRATLEITIMPL_220526_0408,mikael,ilegivel,,pasta=medidoruim
PSP_EXTRATLEITIMPL_220526_0408_20000000004603007684_000.jpg,PSP_EXTRATLEITIMPL_220526_0408,mikael,ilegivel,,pasta=medidoruim
PSP_EXTRATLEITIMPL_220526_0408_20000000004603007685_000.jpg,PSP_EXTRATLEITIMPL_220526_0408,mikael,ilegivel,,pasta=medidoruim
PSP_EXTRATLEITIMPL_220526_0408_20000000004603012410_000.jpg,PSP_EXTRATLEITIMPL_220526_0408,mikael,ilegivel,,pasta=medidoruim
PSP_EXTRATLEITIMPL_220526_0408_20000000004603013280_000.jpg,PSP_EXTRATLEITIMPL_220526_0408,mikael,legivel,,pasta=medidor
PSP_EXTRATLEITIMPL_220526_0408_20000000004603013286_000.jpg,PSP_EXTRATLEITIMPL_220526_0408,mikael,legivel,,pasta=medidor
PSP_EXTRATLEITIMPL_220526_0408_20000000004603021033_000.jpg,PSP_EXTRATLEITIMPL_220526_0408,mikael,legivel,,pasta=medidor
PSP_EXTRATLEITIMPL_220526_0408_20000000004603023025_000.jpg,PSP_EXTRATLEITIMPL_220526_0408,mikael,ilegivel,,pasta=medidoruim
PSP_EXTRATLEITIMPL_220526_0408_20000000004652969981_000.jpg,PSP_EXTRATLEITIMPL_220526_0408,mikael,ilegivel,,pasta=medidoruim
PSP_EXTRATLEITIMPL_220526_0408_20000000004652969988_000.jpg,PSP_EXTRATLEITIMPL_220526_0408,mikael,ilegivel,,pasta=medidoruim
PSP_EXTRATLEITIMPL_220526_0408_20000000004652978884_000.jpg,PSP_EXTRATLEITIMPL_220526_0408,mikael,ilegivel,,pasta=medidoruim
PSP_EXTRATLEITIMPL_220526_0408_20000000004652982817_000.jpg,PSP_EXTRATLEITIMPL_220526_0408,mikael,legivel,,pasta=medidor
PSP_EXTRATLEITIMPL_220526_0408_20000000004652992299_002.jpg,PSP_EXTRATLEITIMPL_220526_0408,mikael,legivel,,pasta=medidor
PSP_EXTRATLEITIMPL_220526_0408_20000000004652993241_000.jpg,PSP_EXTRATLEITIMPL_220526_0408,mikael,ilegivel,,pasta=medidoruim
PSP_EXTRATLEITIMPL_220526_0408_20000000004652999046_000.jpg,PSP_EXTRATLEITIMPL_220526_0408,mikael,ilegivel,,pasta=medidoruim
PSP_EXTRATLEITIMPL_220526_0408_20000000004653000001_001.jpg,PSP_EXTRATLEITIMPL_220526_0408,mikael,ilegivel,,pasta=medidoruim
PSP_EXTRATLEITIMPL_220526_0408_20000000004653001008_000.jpg,PSP_EXTRATLEITIMPL_220526_0408,mikael,ilegivel,,pasta=medidoruim
PSP_EXTRATLEITIMPL_220526_0408_20000000004653001019_000.jpg,PSP_EXTRATLEITIMPL_220526_0408,mikael,legivel,,pasta=medidor
PSP_EXTRATLEITIMPL_220526_0408_20000000004653001029_000.jpg,PSP_EXTRATLEITIMPL_220526_0408,mikael,ilegivel,,pasta=medidoruim
PSP_EXTRATLEITIMPL_220526_0408_20000000004702992904_000.jpg,PSP_EXTRATLEITIMPL_220526_0408,mikael,ilegivel,,pasta=medidoruim
PSP_EXTRATLEITIMPL_220526_0408_20000000004702996840_000.jpg,PSP_EXTRATLEITIMPL_220526_0408,mikael,ilegivel,,pasta=medidoruim
PSP_EXTRATLEITIMPL_220526_0408_20000000004702997706_000.jpg,PSP_EXTRATLEITIMPL_220526_0408,mikael,ilegivel,,pasta=medidoruim
PSP_EXTRATLEITIMPL_220526_0408_20000000004702997722_000.jpg,PSP_EXTRATLEITIMPL_220526_0408,mikael,ilegivel,,pasta=medidoruim
PSP_EXTRATLEITIMPL_220526_0408_20000000004703003477_000.jpg,PSP_EXTRATLEITIMPL_220526_0408,mikael,ilegivel,,pasta=medidoruim
PSP_EXTRATLEITIMPL_220526_0408_20000000004703005372_000.jpg,PSP_EXTRATLEITIMPL_220526_0408,mikael,ilegivel,,pasta=medidoruim
PSP_EXTRATLEITIMPL_220526_0408_20000000004703010159_000.jpg,PSP_EXTRATLEITIMPL_220526_0408,mikael,ilegivel,,pasta=medidoruim
PSP_EXTRATLEITIMPL_220526_0408_20000000004703012065_000.jpg,PSP_EXTRATLEITIMPL_220526_0408,mikael,ilegivel,,pasta=medidoruim
PSP_EXTRATLEITIMPL_220526_0408_20000000004703013027_000.jpg,PSP_EXTRATLEITIMPL_220526_0408,mikael,ilegivel,,pasta=medidoruim
PSP_EXTRATLEITIMPL_220526_0408_20000000004703015018_000.jpg,PSP_EXTRATLEITIMPL_220526_0408,mikael,legivel,,pasta=medidor
PSP_EXTRATLEITIMPL_220526_0408_20000000004752985989_000.jpg,PSP_EXTRATLEITIMPL_220526_0408,mikael,sem_medidor,,pasta=ntem
PSP_EXTRATLEITIMPL_220526_0408_20000000004752995593_000.jpg,PSP_EXTRATLEITIMPL_220526_0408,mikael,legivel,,pasta=medidor
PSP_EXTRATLEITIMPL_220526_0408_20000000004752997445_000.jpg,PSP_EXTRATLEITIMPL_220526_0408,mikael,ilegivel,,pasta=medidoruim
PSP_EXTRATLEITIMPL_220526_0408_20000000004753003166_000.jpg,PSP_EXTRATLEITIMPL_220526_0408,mikael,ilegivel,,pasta=medidoruim
PSP_EXTRATLEITIMPL_220526_0408_20000000004753004179_000.jpg,PSP_EXTRATLEITIMPL_220526_0408,mikael,ilegivel,,pasta=medidoruim
PSP_EXTRATLEITIMPL_220526_0408_20000000004753005128_000.jpg,PSP_EXTRATLEITIMPL_220526_0408,mikael,ilegivel,,pasta=medidoruim
PSP_EXTRATLEITIMPL_220526_0408_20000000004753005143_000.jpg,PSP_EXTRATLEITIMPL_220526_0408,mikael,ilegivel,,pasta=medidoruim
PSP_EXTRATLEITIMPL_220526_0408_20000000004753006056_000.jpg,PSP_EXTRATLEITIMPL_220526_0408,mikael,ilegivel,,pasta=medidoruim
PSP_EXTRATLEITIMPL_220526_0408_20000000004753007060_000.jpg,PSP_EXTRATLEITIMPL_220526_0408,mikael,ilegivel,,pasta=medidoruim
PSP_EXTRATLEITIMPL_220526_0408_20000000004753008025_000.jpg,PSP_EXTRATLEITIMPL_220526_0408,mikael,ilegivel,,pasta=medidoruim
PSP_EXTRATLEITIMPL_220526_0408_20000000004753011002_000.jpg,PSP_EXTRATLEITIMPL_220526_0408,mikael,ilegivel,,pasta=medidoruim
PSP_EXTRATLEITIMPL_220526_0408_20000000004753012000_000.jpg,PSP_EXTRATLEITIMPL_220526_0408,mikael,legivel,,pasta=medidor
PSP_EXTRATLEITIMPL_220526_0408_20000000004802979956_000.jpg,PSP_EXTRATLEITIMPL_220526_0408,mikael,ilegivel,,pasta=medidoruim
PSP_EXTRATLEITIMPL_220526_0408_20000000004802986760_000.jpg,PSP_EXTRATLEITIMPL_220526_0408,mikael,ilegivel,,pasta=medidoruim
PSP_EXTRATLEITIMPL_220526_0408_20000000004802987800_000.jpg,PSP_EXTRATLEITIMPL_220526_0408,mikael,legivel,,pasta=medidor
PSP_EXTRATLEITIMPL_220526_0408_20000000004802988708_000.jpg,PSP_EXTRATLEITIMPL_220526_0408,mikael,ilegivel,,pasta=medidoruim
PSP_EXTRATLEITIMPL_220526_0408_20000000004802994486_000.jpg,PSP_EXTRATLEITIMPL_220526_0408,mikael,ilegivel,,pasta=medidoruim
PSP_EXTRATLEITIMPL_220526_0408_20000000004802996323_000.jpg,PSP_EXTRATLEITIMPL_220526_0408,mikael,ilegivel,,pasta=medidoruim
PSP_EXTRATLEITIMPL_220526_0408_20000000004803000196_000.jpg,PSP_EXTRATLEITIMPL_220526_0408,mikael,ilegivel,,pasta=medidoruim
PSP_EXTRATLEITIMPL_220526_0408_20000000004803001181_000.jpg,PSP_EXTRATLEITIMPL_220526_0408,mikael,ilegivel,,pasta=medidoruim
PSP_EXTRATLEITIMPL_220526_0408_20000000004803003104_000.jpg,PSP_EXTRATLEITIMPL_220526_0408,mikael,ilegivel,,pasta=medidoruim
PSP_EXTRATLEITIMPL_220526_0408_20000000004852999716_000.jpg,PSP_EXTRATLEITIMPL_220526_0408,mikael,sem_medidor,,pasta=ntem
PSP_EXTRATLEITIMPL_220526_0408_20000000004853001693_000.jpg,PSP_EXTRATLEITIMPL_220526_0408,mikael,ilegivel,,pasta=medidoruim
PSP_EXTRATLEITIMPL_220526_0408_20000000004853002650_000.jpg,PSP_EXTRATLEITIMPL_220526_0408,mikael,ilegivel,,pasta=medidoruim
PSP_EXTRATLEITIMPL_220526_0408_20000000004853006437_007.jpg,PSP_EXTRATLEITIMPL_220526_0408,mikael,ilegivel,,pasta=medidoruim
PSP_EXTRATLEITIMPL_220526_0408_20000000004853009166_000.jpg,PSP_EXTRATLEITIMPL_220526_0408,mikael,legivel,,pasta=medidor
PSP_EXTRATLEITIMPL_220526_0408_20000000004853012113_000.jpg,PSP_EXTRATLEITIMPL_220526_0408,mikael,ilegivel,,pasta=medidoruim
PSP_EXTRATLEITIMPL_220526_0408_20000000004902974898_000.jpg,PSP_EXTRATLEITIMPL_220526_0408,mikael,legivel,,pasta=medidor
PSP_EXTRATLEITIMPL_220526_0408_20000000004902978817_000.jpg,PSP_EXTRATLEITIMPL_220526_0408,mikael,legivel,,pasta=medidor
PSP_EXTRATLEITIMPL_220526_0408_20000000004902980656_000.jpg,PSP_EXTRATLEITIMPL_220526_0408,mikael,ilegivel,,pasta=medidoruim
PSP_EXTRATLEITIMPL_220526_0408_20000000004902982656_000.jpg,PSP_EXTRATLEITIMPL_220526_0408,mikael,ilegivel,,pasta=medidoruim
PSP_EXTRATLEITIMPL_220526_0408_20000000004902983580_000.jpg,PSP_EXTRATLEITIMPL_220526_0408,mikael,sem_medidor,,pasta=ntem
PSP_EXTRATLEITIMPL_220526_0408_20000000004902985495_000.jpg,PSP_EXTRATLEITIMPL_220526_0408,mikael,sem_medidor,,pasta=ntem
PSP_EXTRATLEITIMPL_220526_0408_20000000004902989176_000.jpg,PSP_EXTRATLEITIMPL_220526_0408,mikael,ilegivel,,pasta=medidoruim
PSP_EXTRATLEITIMPL_220526_0408_20000000004902995106_001.jpg,PSP_EXTRATLEITIMPL_220526_0408,mikael,legivel,,pasta=medidor
PSP_EXTRATLEITIMPL_220526_0408_20000000004952993907_000.jpg,PSP_EXTRATLEITIMPL_220526_0408,mikael,ilegivel,,pasta=medidoruim
PSP_EXTRATLEITIMPL_220526_0408_20000000004952997791_000.jpg,PSP_EXTRATLEITIMPL_220526_0408,mikael,ilegivel,,pasta=medidoruim
PSP_EXTRATLEITIMPL_220526_0408_20000000004953001643_000.jpg,PSP_EXTRATLEITIMPL_220526_0408,mikael,ilegivel,,pasta=medidoruim
PSP_EXTRATLEITIMPL_220526_0408_20000000004953006307_000.jpg,PSP_EXTRATLEITIMPL_220526_0408,mikael,legivel,,pasta=medidor
PSP_EXTRATLEITIMPL_220526_0408_20000000004953011104_000.jpg,PSP_EXTRATLEITIMPL_220526_0408,mikael,ilegivel,,pasta=medidoruim
PSP_EXTRATLEITIMPL_220526_0408_20000000005002985915_000.jpg,PSP_EXTRATLEITIMPL_220526_0408,mikael,legivel,,pasta=medidor
PSP_EXTRATLEITIMPL_220526_0408_20000000005002994600_000.jpg,PSP_EXTRATLEITIMPL_220526_0408,mikael,ilegivel,,pasta=medidoruim
PSP_EXTRATLEITIMPL_220526_0408_20000000005002997401_000.jpg,PSP_EXTRATLEITIMPL_220526_0408,mikael,legivel,,pasta=medidor
PSP_EXTRATLEITIMPL_220526_0408_20000000005003002072_000.jpg,PSP_EXTRATLEITIMPL_220526_0408,mikael,ilegivel,,pasta=medidoruim
PSP_EXTRATLEITIMPL_220526_0408_20000000005003003056_000.jpg,PSP_EXTRATLEITIMPL_220526_0408,mikael,sem_medidor,,pasta=ntem
PSP_EXTRATLEITIMPL_220526_0408_20000000005052992730_000.jpg,PSP_EXTRATLEITIMPL_220526_0408,mikael,ilegivel,,pasta=medidoruim
PSP_EXTRATLEITIMPL_220526_0408_20000000005053006101_000.jpg,PSP_EXTRATLEITIMPL_220526_0408,mikael,ilegivel,,pasta=medidoruim
PSP_EXTRATLEITIMPL_220526_0408_20000000005053007075_000.jpg,PSP_EXTRATLEITIMPL_220526_0408,mikael,legivel,,pasta=medidor
PSP_EXTRATLEITIMPL_220526_0408_20000000005053007081_000.jpg,PSP_EXTRATLEITIMPL_220526_0408,mikael,ilegivel,,pasta=medidoruim
PSP_EXTRATLEITIMPL_220526_0408_20000000005102989909_000.jpg,PSP_EXTRATLEITIMPL_220526_0408,mikael,ilegivel,,pasta=medidoruim
PSP_EXTRATLEITIMPL_220526_0408_20000000005102989919_000.jpg,PSP_EXTRATLEITIMPL_220526_0408,mikael,ilegivel,,pasta=medidoruim
PSP_EXTRATLEITIMPL_220526_0408_20000000005102994721_000.jpg,PSP_EXTRATLEITIMPL_220526_0408,mikael,ilegivel,,pasta=medidoruim
PSP_EXTRATLEITIMPL_220526_0408_20000000005103004305_000.jpg,PSP_EXTRATLEITIMPL_220526_0408,mikael,ilegivel,,pasta=medidoruim
PSP_EXTRATLEITIMPL_220526_0408_20000000005103005196_000.jpg,PSP_EXTRATLEITIMPL_220526_0408,mikael,ilegivel,,pasta=medidoruim
PSP_EXTRATLEITIMPL_220526_0408_20000000005103008127_000.jpg,PSP_EXTRATLEITIMPL_220526_0408,mikael,legivel,,pasta=medidor
PSP_EXTRATLEITIMPL_220526_0408_20000000005103008135_000.jpg,PSP_EXTRATLEITIMPL_220526_0408,mikael,legivel,,pasta=medidor
PSP_EXTRATLEITIMPL_220526_0408_20000000005103008144_000.jpg,PSP_EXTRATLEITIMPL_220526_0408,mikael,legivel,,pasta=medidor
PSP_EXTRATLEITIMPL_220526_0408_20000000005103012007_000.jpg,PSP_EXTRATLEITIMPL_220526_0408,mikael,ilegivel,,pasta=medidoruim
PSP_EXTRATLEITIMPL_220526_0408_20000000005103012022_000.jpg,PSP_EXTRATLEITIMPL_220526_0408,mikael,legivel,,pasta=medidor
PSP_EXTRATLEITIMPL_220526_0408_20000000005103012031_001.jpg,PSP_EXTRATLEITIMPL_220526_0408,mikael,ilegivel,,pasta=medidoruim
PSP_EXTRATLEITIMPL_220526_0408_20000000005152985972_000.jpg,PSP_EXTRATLEITIMPL_220526_0408,mikael,ilegivel,,pasta=medidoruim
PSP_EXTRATLEITIMPL_220526_0408_20000000005152991855_000.jpg,PSP_EXTRATLEITIMPL_220526_0408,mikael,ilegivel,,pasta=medidoruim
PSP_EXTRATLEITIMPL_220526_0408_20000000005152998600_000.jpg,PSP_EXTRATLEITIMPL_220526_0408,mikael,ilegivel,,pasta=medidoruim
PSP_EXTRATLEITIMPL_220526_0408_20000000005152998602_000.jpg,PSP_EXTRATLEITIMPL_220526_0408,mikael,ilegivel,,pasta=medidoruim
PSP_EXTRATLEITIMPL_220526_0408_20000000005153001395_000.jpg,PSP_EXTRATLEITIMPL_220526_0408,mikael,sem_medidor,,pasta=ntem
PSP_EXTRATLEITIMPL_220526_0408_20000000005153011032_000.jpg,PSP_EXTRATLEITIMPL_220526_0408,mikael,ilegivel,,pasta=medidoruim
PSP_EXTRATLEITIMPL_220526_0408_20000000005153012022_000.jpg,PSP_EXTRATLEITIMPL_220526_0408,mikael,legivel,,pasta=medidor
PSP_EXTRATLEITIMPL_220526_0408_20000000005202981962_000.jpg,PSP_EXTRATLEITIMPL_220526_0408,mikael,ilegivel,,pasta=medidoruim
PSP_EXTRATLEITIMPL_220526_0408_20000000005202981975_000.jpg,PSP_EXTRATLEITIMPL_220526_0408,mikael,ilegivel,,pasta=medidoruim
PSP_EXTRATLEITIMPL_220526_0408_20000000005202986815_000.jpg,PSP_EXTRATLEITIMPL_220526_0408,mikael,legivel,,pasta=medidor
PSP_EXTRATLEITIMPL_220526_0408_20000000005202986817_000.jpg,PSP_EXTRATLEITIMPL_220526_0408,mikael,legivel,,pasta=medidor
PSP_EXTRATLEITIMPL_220526_0408_20000000005202986824_000.jpg,PSP_EXTRATLEITIMPL_220526_0408,mikael,ilegivel,,pasta=medidoruim
PSP_EXTRATLEITIMPL_220526_0408_20000000005202996416_000.jpg,PSP_EXTRATLEITIMPL_220526_0408,mikael,legivel,,pasta=medidor
PSP_EXTRATLEITIMPL_220526_0408_20000000005202997304_005.jpg,PSP_EXTRATLEITIMPL_220526_0408,mikael,ilegivel,,pasta=medidoruim
PSP_EXTRATLEITIMPL_220526_0408_20000000005202997324_000.jpg,PSP_EXTRATLEITIMPL_220526_0408,mikael,ilegivel,,pasta=medidoruim
PSP_EXTRATLEITIMPL_220526_0408_20000000005203005008_000.jpg,PSP_EXTRATLEITIMPL_220526_0408,mikael,ilegivel,,pasta=medidoruim
PSP_EXTRATLEITIMPL_220526_0408_20000000005252998785_000.jpg,PSP_EXTRATLEITIMPL_220526_0408,mikael,ilegivel,,pasta=medidoruim
PSP_EXTRATLEITIMPL_220526_0408_20000000005253000668_000.jpg,PSP_EXTRATLEITIMPL_220526_0408,mikael,ilegivel,,pasta=medidoruim
PSP_EXTRATLEITIMPL_220526_0408_20000000005253001658_000.jpg,PSP_EXTRATLEITIMPL_220526_0408,mikael,ilegivel,,pasta=medidoruim
PSP_EXTRATLEITIMPL_220526_0408_20000000005253002639_000.jpg,PSP_EXTRATLEITIMPL_220526_0408,mikael,ilegivel,,pasta=medidoruim
PSP_EXTRATLEITIMPL_220526_0408_20000000005253009165_000.jpg,PSP_EXTRATLEITIMPL_220526_0408,mikael,ilegivel,,pasta=medidoruim
PSP_EXTRATLEITIMPL_220526_0408_20000000005253010098_000.jpg,PSP_EXTRATLEITIMPL_220526_0408,mikael,ilegivel,,pasta=medidoruim
PSP_EXTRATLEITIMPL_220526_0408_20000000005253012044_000.jpg,PSP_EXTRATLEITIMPL_220526_0408,mikael,ilegivel,,pasta=medidoruim
PSP_EXTRATLEITIMPL_220526_0408_20000000005302980950_000.jpg,PSP_EXTRATLEITIMPL_220526_0408,mikael,sem_medidor,,pasta=ntem
PSP_EXTRATLEITIMPL_220526_0408_20000000005302989625_001.jpg,PSP_EXTRATLEITIMPL_220526_0408,mikael,ilegivel,,pasta=medidoruim
PSP_EXTRATLEITIMPL_220526_0408_20000000005302998050_000.jpg,PSP_EXTRATLEITIMPL_220526_0408,mikael,ilegivel,,pasta=medidoruim
PSP_EXTRATLEITIMPL_220526_0408_20000000005303002019_000.jpg,PSP_EXTRATLEITIMPL_220526_0408,mikael,ilegivel,,pasta=medidoruim
PSP_EXTRATLEITIMPL_220526_0408_20000000005303002038_002.jpg,PSP_EXTRATLEITIMPL_220526_0408,mikael,ilegivel,,pasta=medidoruim
PSP_EXTRATLEITIMPL_220526_0408_20000000005352981768_000.jpg,PSP_EXTRATLEITIMPL_220526_0408,mikael,ilegivel,,pasta=medidoruim
PSP_EXTRATLEITIMPL_220526_0408_20000000005352983704_000.jpg,PSP_EXTRATLEITIMPL_220526_0408,mikael,sem_medidor,,pasta=ntem
PSP_EXTRATLEITIMPL_220526_0408_20000000005352984632_000.jpg,PSP_EXTRATLEITIMPL_220526_0408,mikael,ilegivel,,pasta=medidoruim
PSP_EXTRATLEITIMPL_220526_0408_20000000005352986570_000.jpg,PSP_EXTRATLEITIMPL_220526_0408,mikael,ilegivel,,pasta=medidoruim
PSP_EXTRATLEITIMPL_220526_0408_20000000005353000011_000.jpg,PSP_EXTRATLEITIMPL_220526_0408,mikael,legivel,,pasta=medidor
PSP_EXTRATLEITIMPL_220526_0408_20000000005402973966_000.jpg,PSP_EXTRATLEITIMPL_220526_0408,mikael,ilegivel,,pasta=medidoruim
PSP_EXTRATLEITIMPL_220526_0408_20000000005402974949_000.jpg,PSP_EXTRATLEITIMPL_220526_0408,mikael,legivel,,pasta=medidor
PSP_EXTRATLEITIMPL_220526_0408_20000000005402974957_000.jpg,PSP_EXTRATLEITIMPL_220526_0408,mikael,ilegivel,,pasta=medidoruim
PSP_EXTRATLEITIMPL_220526_0408_20000000005402996311_006.jpg,PSP_EXTRATLEITIMPL_220526_0408,mikael,ilegivel,,pasta=medidoruim
PSP_EXTRATLEITIMPL_220526_0408_20000000005402997177_000.jpg,PSP_EXTRATLEITIMPL_220526_0408,mikael,ilegivel,,pasta=medidoruim
PSP_EXTRATLEITIMPL_220526_0408_20000000005452969767_000.jpg,PSP_EXTRATLEITIMPL_220526_0408,mikael,ilegivel,,pasta=medidoruim
PSP_EXTRATLEITIMPL_220526_0408_20000000005452971714_000.jpg,PSP_EXTRATLEITIMPL_220526_0408,mikael,ilegivel,,pasta=medidoruim
PSP_EXTRATLEITIMPL_220526_0408_20000000005452971724_000.jpg,PSP_EXTRATLEITIMPL_220526_0408,mikael,ilegivel,,pasta=medidoruim
PSP_EXTRATLEITIMPL_220526_0408_20000000005452972701_000.jpg,PSP_EXTRATLEITIMPL_220526_0408,mikael,sem_medidor,,pasta=ntem
PSP_EXTRATLEITIMPL_220526_0408_20000000005452972713_000.jpg,PSP_EXTRATLEITIMPL_220526_0408,mikael,ilegivel,,pasta=medidoruim
PSP_EXTRATLEITIMPL_220526_0408_20000000005452981162_000.jpg,PSP_EXTRATLEITIMPL_220526_0408,mikael,ilegivel,,pasta=medidoruim
PSP_EXTRATLEITIMPL_220526_0408_20000000005452984065_000.jpg,PSP_EXTRATLEITIMPL_220526_0408,mikael,sem_medidor,,pasta=ntem
PSP_EXTRATLEITIMPL_220526_0408_20000000005452988007_000.jpg,PSP_EXTRATLEITIMPL_220526_0408,mikael,legivel,,pasta=medidor
PSP_EXTRATLEITIMPL_220526_0408_20000000005502971971_000.jpg,PSP_EXTRATLEITIMPL_220526_0408,mikael,ilegivel,,pasta=medidoruim
PSP_EXTRATLEITIMPL_220526_0408_20000000005502971983_000.jpg,PSP_EXTRATLEITIMPL_220526_0408,mikael,ilegivel,,pasta=medidoruim
PSP_EXTRATLEITIMPL_220526_0408_20000000005502979839_000.jpg,PSP_EXTRATLEITIMPL_220526_0408,mikael,ilegivel,,pasta=medidoruim
PSP_EXTRATLEITIMPL_220526_0408_20000000005502987440_000.jpg,PSP_EXTRATLEITIMPL_220526_0408,mikael,sem_medidor,,pasta=ntem
PSP_EXTRATLEITIMPL_220526_0408_20000000005502989347_000.jpg,PSP_EXTRATLEITIMPL_220526_0408,mikael,ilegivel,,pasta=medidoruim
PSP_EXTRATLEITIMPL_220526_0408_20000000005502989356_000.jpg,PSP_EXTRATLEITIMPL_220526_0408,mikael,ilegivel,,pasta=medidoruim
PSP_EXTRATLEITIMPL_220526_0408_20000000005502990310_000.jpg,PSP_EXTRATLEITIMPL_220526_0408,mikael,ilegivel,,pasta=medidoruim
PSP_EXTRATLEITIMPL_220526_0408_20000000005502994043_001.jpg,PSP_EXTRATLEITIMPL_220526_0408,mikael,ilegivel,,pasta=medidoruim
PSP_EXTRATLEITIMPL_220526_0408_20000000005552967873_000.jpg,PSP_EXTRATLEITIMPL_220526_0408,mikael,legivel,,pasta=medidor
PSP_EXTRATLEITIMPL_220526_0408_20000000005552969837_000.jpg,PSP_EXTRATLEITIMPL_220526_0408,mikael,ilegivel,,pasta=medidoruim
PSP_EXTRATLEITIMPL_220526_0408_20000000005552974528_000.jpg,PSP_EXTRATLEITIMPL_220526_0408,mikael,ilegivel,,pasta=medidoruim
PSP_EXTRATLEITIMPL_220526_0408_20000000005552978433_000.jpg,PSP_EXTRATLEITIMPL_220526_0408,mikael,legivel,,pasta=medidor
PSP_EXTRATLEITIMPL_220526_0408_20000000005552980245_000.jpg,PSP_EXTRATLEITIMPL_220526_0408,mikael,sem_medidor,,pasta=ntem
PSP_EXTRATLEITIMPL_220526_0408_20000000005552981215_000.jpg,PSP_EXTRATLEITIMPL_220526_0408,mikael,ilegivel,,pasta=medidoruim
PSP_EXTRATLEITIMPL_220526_0408_20000000005552982073_001.jpg,PSP_EXTRATLEITIMPL_220526_0408,mikael,ilegivel,,pasta=medidoruim
PSP_EXTRATLEITIMPL_220526_0408_20000000005552985034_000.jpg,PSP_EXTRATLEITIMPL_220526_0408,mikael,legivel,,pasta=medidor
PSP_EXTRATLEITIMPL_220526_0408_20000000005602945884_000.jpg,PSP_EXTRATLEITIMPL_220526_0408,mikael,ilegivel,,pasta=medidoruim
PSP_EXTRATLEITIMPL_220526_0408_20000000005602956670_000.jpg,PSP_EXTRATLEITIMPL_220526_0408,mikael,ilegivel,,pasta=medidoruim
PSP_EXTRATLEITIMPL_220526_0408_20000000005602963291_000.jpg,PSP_EXTRATLEITIMPL_220526_0408,mikael,sem_medidor,,pasta=ntem
PSP_EXTRATLEITIMPL_220526_0408_20000000005652965907_000.jpg,PSP_EXTRATLEITIMPL_220526_0408,mikael,ilegivel,,pasta=medidoruim
PSP_EXTRATLEITIMPL_220526_0408_20000000005652970841_000.jpg,PSP_EXTRATLEITIMPL_220526_0408,mikael,ilegivel,,pasta=medidoruim
PSP_EXTRATLEITIMPL_220526_0408_20000000005652972646_000.jpg,PSP_EXTRATLEITIMPL_220526_0408,mikael,ilegivel,,pasta=medidoruim
PSP_EXTRATLEITIMPL_220526_0408_20000000005652979405_000.jpg,PSP_EXTRATLEITIMPL_220526_0408,mikael,ilegivel,,pasta=medidoruim
PSP_EXTRATLEITIMPL_220526_0408_20000000005652982207_000.jpg,PSP_EXTRATLEITIMPL_220526_0408,mikael,ilegivel,,pasta=medidoruim
PSP_EXTRATLEITIMPL_220526_0408_20000000005652986031_000.jpg,PSP_EXTRATLEITIMPL_220526_0408,mikael,sem_medidor,,pasta=ntem
PSP_EXTRATLEITIMPL_220526_0408_20000000005702975781_000.jpg,PSP_EXTRATLEITIMPL_220526_0408,mikael,ilegivel,,pasta=medidoruim
PSP_EXTRATLEITIMPL_220526_0408_20000000005702976793_000.jpg,PSP_EXTRATLEITIMPL_220526_0408,mikael,ilegivel,,pasta=medidoruim
PSP_EXTRATLEITIMPL_220526_0408_20000000005702977680_000.jpg,PSP_EXTRATLEITIMPL_220526_0408,mikael,legivel,,pasta=medidor
PSP_EXTRATLEITIMPL_220526_0408_20000000005702977682_000.jpg,PSP_EXTRATLEITIMPL_220526_0408,mikael,legivel,,pasta=medidor
PSP_EXTRATLEITIMPL_220526_0408_20000000005702987200_000.jpg,PSP_EXTRATLEITIMPL_220526_0408,mikael,ilegivel,,pasta=medidoruim
PSP_EXTRATLEITIMPL_220526_0408_20000000005702989039_000.jpg,PSP_EXTRATLEITIMPL_220526_0408,mikael,legivel,,pasta=medidor
PSP_EXTRATLEITIMPL_220526_0408_20000000005702992000_000.jpg,PSP_EXTRATLEITIMPL_220526_0408,mikael,ilegivel,,pasta=medidoruim
PSP_EXTRATLEITIMPL_220526_0408_20000000005702993004_000.jpg,PSP_EXTRATLEITIMPL_220526_0408,mikael,ilegivel,,pasta=medidoruim
PSP_EXTRATLEITIMPL_220526_0408_20000000005752957984_000.jpg,PSP_EXTRATLEITIMPL_220526_0408,mikael,ilegivel,,pasta=medidoruim
PSP_EXTRATLEITIMPL_220526_0408_20000000005752959940_000.jpg,PSP_EXTRATLEITIMPL_220526_0408,mikael,ilegivel,,pasta=medidoruim
PSP_EXTRATLEITIMPL_220526_0408_20000000005752962928_000.jpg,PSP_EXTRATLEITIMPL_220526_0408,mikael,ilegivel,,pasta=medidoruim
PSP_EXTRATLEITIMPL_220526_0408_20000000005752962940_000.jpg,PSP_EXTRATLEITIMPL_220526_0408,mikael,ilegivel,,pasta=medidoruim
PSP_EXTRATLEITIMPL_220526_0408_20000000005752964828_000.jpg,PSP_EXTRATLEITIMPL_220526_0408,mikael,ilegivel,,pasta=medidoruim
PSP_EXTRATLEITIMPL_220526_0408_20000000005752968677_000.jpg,PSP_EXTRATLEITIMPL_220526_0408,mikael,legivel,,pasta=medidor
PSP_EXTRATLEITIMPL_220526_0408_20000000005752974379_000.jpg,PSP_EXTRATLEITIMPL_220526_0408,mikael,sem_medidor,,pasta=ntem
PSP_EXTRATLEITIMPL_220526_0408_20000000005752978120_000.jpg,PSP_EXTRATLEITIMPL_220526_0408,mikael,ilegivel,,pasta=medidoruim
PSP_EXTRATLEITIMPL_220526_0408_20000000005802960991_000.jpg,PSP_EXTRATLEITIMPL_220526_0408,mikael,ilegivel,,pasta=medidoruim
PSP_EXTRATLEITIMPL_220526_0408_20000000005802964937_000.jpg,PSP_EXTRATLEITIMPL_220526_0408,mikael,ilegivel,,pasta=medidoruim
PSP_EXTRATLEITIMPL_220526_0408_20000000005802966887_000.jpg,PSP_EXTRATLEITIMPL_220526_0408,mikael,legivel,,pasta=medidor
PSP_EXTRATLEITIMPL_220526_0408_20000000005802971808_000.jpg,PSP_EXTRATLEITIMPL_220526_0408,mikael,sem_medidor,,pasta=ntem
PSP_EXTRATLEITIMPL_220526_0408_20000000005802971819_000.jpg,PSP_EXTRATLEITIMPL_220526_0408,mikael,legivel,,pasta=medidor
PSP_EXTRATLEITIMPL_220526_0408_20000000005802974697_000.jpg,PSP_EXTRATLEITIMPL_220526_0408,mikael,ilegivel,,pasta=medidoruim
PSP_EXTRATLEITIMPL_220526_0408_20000000005802980434_001.jpg,PSP_EXTRATLEITIMPL_220526_0408,mikael,legivel,,pasta=medidor
PSP_EXTRATLEITIMPL_220526_0408_20000000005802980441_000.jpg,PSP_EXTRATLEITIMPL_220526_0408,mikael,legivel,,pasta=medidor
PSP_EXTRATLEITIMPL_220526_0408_20000000005802983297_000.jpg,PSP_EXTRATLEITIMPL_220526_0408,mikael,ilegivel,,pasta=medidoruim
PSP_EXTRATLEITIMPL_220526_0408_20000000005802986055_000.jpg,PSP_EXTRATLEITIMPL_220526_0408,mikael,ilegivel,,pasta=medidoruim
PSP_EXTRATLEITIMPL_220526_0408_20000000005802989009_000.jpg,PSP_EXTRATLEITIMPL_220526_0408,mikael,ilegivel,,pasta=medidoruim
PSP_EXTRATLEITIMPL_220526_0408_20000000005852977708_000.jpg,PSP_EXTRATLEITIMPL_220526_0408,mikael,ilegivel,,pasta=medidoruim
PSP_EXTRATLEITIMPL_220526_0408_20000000005852979594_000.jpg,PSP_EXTRATLEITIMPL_220526_0408,mikael,legivel,,pasta=medidor
PSP_EXTRATLEITIMPL_220526_0408_20000000005852980466_000.jpg,PSP_EXTRATLEITIMPL_220526_0408,mikael,ilegivel,,pasta=medidoruim
PSP_EXTRATLEITIMPL_220526_0408_20000000005902974767_000.jpg,PSP_EXTRATLEITIMPL_220526_0408,mikael,ilegivel,,pasta=medidoruim
PSP_EXTRATLEITIMPL_220526_0408_20000000005902981499_000.jpg,PSP_EXTRATLEITIMPL_220526_0408,mikael,sem_medidor,,pasta=ntem
PSP_EXTRATLEITIMPL_220526_0408_20000000005902982414_000.jpg,PSP_EXTRATLEITIMPL_220526_0408,mikael,ilegivel,,pasta=medidoruim
PSP_EXTRATLEITIMPL_220526_0408_20000000005902984393_000.jpg,PSP_EXTRATLEITIMPL_220526_0408,mikael,legivel,,pasta=medidor
PSP_EXTRATLEITIMPL_220526_0408_20000000005902984397_000.jpg,PSP_EXTRATLEITIMPL_220526_0408,mikael,ilegivel,,pasta=medidoruim
PSP_EXTRATLEITIMPL_220526_0408_20000000005902985310_000.jpg,PSP_EXTRATLEITIMPL_220526_0408,mikael,ilegivel,,pasta=medidoruim
PSP_EXTRATLEITIMPL_220526_0408_20000000005902987169_000.jpg,PSP_EXTRATLEITIMPL_220526_0408,mikael,sem_medidor,,pasta=ntem
PSP_EXTRATLEITIMPL_220526_0408_20000000005902987182_000.jpg,PSP_EXTRATLEITIMPL_220526_0408,mikael,legivel,,pasta=medidor
PSP_EXTRATLEITIMPL_220526_0408_20000000005902988055_000.jpg,PSP_EXTRATLEITIMPL_220526_0408,mikael,ilegivel,,pasta=medidoruim
PSP_EXTRATLEITIMPL_220526_0408_20000000005902990047_000.jpg,PSP_EXTRATLEITIMPL_220526_0408,mikael,ilegivel,,pasta=medidoruim
PSP_EXTRATLEITIMPL_220526_0408_20000000005952960975_000.jpg,PSP_EXTRATLEITIMPL_220526_0408,mikael,ilegivel,,pasta=medidoruim
PSP_EXTRATLEITIMPL_220526_0408_20000000005952966904_000.jpg,PSP_EXTRATLEITIMPL_220526_0408,mikael,ilegivel,,pasta=medidoruim
PSP_EXTRATLEITIMPL_220526_0408_20000000005952973775_000.jpg,PSP_EXTRATLEITIMPL_220526_0408,mikael,ilegivel,,pasta=medidoruim
PSP_EXTRATLEITIMPL_220526_0408_20000000005952975640_000.jpg,PSP_EXTRATLEITIMPL_220526_0408,mikael,legivel,,pasta=medidor
PSP_EXTRATLEITIMPL_220526_0408_20000000005952984185_000.jpg,PSP_EXTRATLEITIMPL_220526_0408,mikael,ilegivel,,pasta=medidoruim
PSP_EXTRATLEITIMPL_220526_0408_20000000005952986059_000.jpg,PSP_EXTRATLEITIMPL_220526_0408,mikael,legivel,,pasta=medidor
PSP_EXTRATLEITIMPL_220526_0408_20000000006002973777_000.jpg,PSP_EXTRATLEITIMPL_220526_0408,mikael,sem_medidor,,pasta=ntem
PSP_EXTRATLEITIMPL_220526_0408_20000000006002977665_000.jpg,PSP_EXTRATLEITIMPL_220526_0408,mikael,ilegivel,,pasta=medidoruim
PSP_EXTRATLEITIMPL_220526_0408_20000000006002977671_000.jpg,PSP_EXTRATLEITIMPL_220526_0408,mikael,ilegivel,,pasta=medidoruim
PSP_EXTRATLEITIMPL_220526_0408_20000000006002987076_000.jpg,PSP_EXTRATLEITIMPL_220526_0408,mikael,ilegivel,,pasta=medidoruim
PSP_EXTRATLEITIMPL_220526_0408_20000000006002990010_000.jpg,PSP_EXTRATLEITIMPL_220526_0408,mikael,ilegivel,,pasta=medidoruim
PSP_EXTRATLEITIMPL_220526_0408_20000000006052970757_000.jpg,PSP_EXTRATLEITIMPL_220526_0408,mikael,ilegivel,,pasta=medidoruim
PSP_EXTRATLEITIMPL_220526_0408_20000000006052971677_000.jpg,PSP_EXTRATLEITIMPL_220526_0408,mikael,legivel,,pasta=medidor
PSP_EXTRATLEITIMPL_220526_0408_20000000006052974673_000.jpg,PSP_EXTRATLEITIMPL_220526_0408,mikael,legivel,,pasta=medidor
PSP_EXTRATLEITIMPL_220526_0408_20000000006052976526_000.jpg,PSP_EXTRATLEITIMPL_220526_0408,mikael,ilegivel,,pasta=medidoruim
PSP_EXTRATLEITIMPL_220526_0408_20000000006052979289_000.jpg,PSP_EXTRATLEITIMPL_220526_0408,mikael,legivel,,pasta=medidor
PSP_EXTRATLEITIMPL_220526_0408_20000000006052980259_000.jpg,PSP_EXTRATLEITIMPL_220526_0408,mikael,ilegivel,,pasta=medidoruim
PSP_EXTRATLEITIMPL_220526_0408_20000000006102960998_000.jpg,PSP_EXTRATLEITIMPL_220526_0408,mikael,ilegivel,,pasta=medidoruim
PSP_EXTRATLEITIMPL_220526_0408_20000000006102964904_000.jpg,PSP_EXTRATLEITIMPL_220526_0408,mikael,ilegivel,,pasta=medidoruim
PSP_EXTRATLEITIMPL_220526_0408_20000000006102970958_000.jpg,PSP_EXTRATLEITIMPL_220526_0408,mikael,ilegivel,,pasta=medidoruim
PSP_EXTRATLEITIMPL_220526_0408_20000000006102974817_000.jpg,PSP_EXTRATLEITIMPL_220526_0408,mikael,ilegivel,,pasta=medidoruim
PSP_EXTRATLEITIMPL_220526_0408_20000000006102986307_000.jpg,PSP_EXTRATLEITIMPL_220526_0408,mikael,legivel,,pasta=medidor
PSP_EXTRATLEITIMPL_220526_0408_20000000006152964980_000.jpg,PSP_EXTRATLEITIMPL_220526_0408,mikael,legivel,,pasta=medidor
PSP_EXTRATLEITIMPL_220526_0408_20000000006152967936_000.jpg,PSP_EXTRATLEITIMPL_220526_0408,mikael,sem_medidor,,pasta=ntem
PSP_EXTRATLEITIMPL_220526_0408_20000000006152971878_000.jpg,PSP_EXTRATLEITIMPL_220526_0408,mikael,ilegivel,,pasta=medidoruim
PSP_EXTRATLEITIMPL_220526_0408_20000000006152979662_000.jpg,PSP_EXTRATLEITIMPL_220526_0408,mikael,legivel,,pasta=medidor
PSP_EXTRATLEITIMPL_220526_0408_20000000006152980607_000.jpg,PSP_EXTRATLEITIMPL_220526_0408,mikael,legivel,,pasta=medidor
PSP_EXTRATLEITIMPL_220526_0408_20000000006152980613_000.jpg,PSP_EXTRATLEITIMPL_220526_0408,mikael,ilegivel,,pasta=medidoruim
PSP_EXTRATLEITIMPL_220526_0408_20000000006202961993_000.jpg,PSP_EXTRATLEITIMPL_220526_0408,mikael,ilegivel,,pasta=medidoruim
PSP_EXTRATLEITIMPL_220526_0408_20000000006202966921_000.jpg,PSP_EXTRATLEITIMPL_220526_0408,mikael,ilegivel,,pasta=medidoruim
PSP_EXTRATLEITIMPL_220526_0408_20000000006202967823_000.jpg,PSP_EXTRATLEITIMPL_220526_0408,mikael,sem_medidor,,pasta=ntem
PSP_EXTRATLEITIMPL_220526_0408_20000000006202973730_000.jpg,PSP_EXTRATLEITIMPL_220526_0408,mikael,legivel,,pasta=medidor
PSP_EXTRATLEITIMPL_220526_0408_20000000006202976628_000.jpg,PSP_EXTRATLEITIMPL_220526_0408,mikael,legivel,,pasta=medidor
PSP_EXTRATLEITIMPL_220526_0408_20000000006202982223_000.jpg,PSP_EXTRATLEITIMPL_220526_0408,mikael,ilegivel,,pasta=medidoruim
PSP_EXTRATLEITIMPL_220526_0408_20000000006252971954_000.jpg,PSP_EXTRATLEITIMPL_220526_0408,mikael,ilegivel,,pasta=medidoruim
PSP_EXTRATLEITIMPL_220526_0408_20000000006252986532_000.jpg,PSP_EXTRATLEITIMPL_220526_0408,mikael,ilegivel,,pasta=medidoruim
PSP_EXTRATLEITIMPL_220526_0408_20000000006252990347_000.jpg,PSP_EXTRATLEITIMPL_220526_0408,mikael,ilegivel,,pasta=medidoruim
PSP_EXTRATLEITIMPL_220526_0408_20000000006252995025_000.jpg,PSP_EXTRATLEITIMPL_220526_0408,mikael,ilegivel,,pasta=medidoruim
PSP_EXTRATLEITIMPL_220526_0408_20000000006252998009_000.jpg,PSP_EXTRATLEITIMPL_220526_0408,mikael,ilegivel,,pasta=medidoruim
PSP_EXTRATLEITIMPL_220526_0408_20000000006302968929_000.jpg,PSP_EXTRATLEITIMPL_220526_0408,mikael,ilegivel,,pasta=medidoruim
PSP_EXTRATLEITIMPL_220526_0408_20000000006302973938_000.jpg,PSP_EXTRATLEITIMPL_220526_0408,mikael,ilegivel,,pasta=medidoruim
PSP_EXTRATLEITIMPL_220526_0408_20000000006302978754_000.jpg,PSP_EXTRATLEITIMPL_220526_0408,mikael,ilegivel,,pasta=medidoruim
PSP_EXTRATLEITIMPL_220526_0408_20000000006302978772_000.jpg,PSP_EXTRATLEITIMPL_220526_0408,mikael,ilegivel,,pasta=medidoruim
PSP_EXTRATLEITIMPL_220526_0408_20000000006302980661_000.jpg,PSP_EXTRATLEITIMPL_220526_0408,mikael,ilegivel,,pasta=medidoruim
PSP_EXTRATLEITIMPL_220526_0408_20000000006302982640_000.jpg,PSP_EXTRATLEITIMPL_220526_0408,mikael,ilegivel,,pasta=medidoruim
PSP_EXTRATLEITIMPL_220526_0408_20000000006302984528_000.jpg,PSP_EXTRATLEITIMPL_220526_0408,mikael,ilegivel,,pasta=medidoruim
PSP_EXTRATLEITIMPL_220526_0408_20000000006302986412_002.jpg,PSP_EXTRATLEITIMPL_220526_0408,mikael,ilegivel,,pasta=medidoruim
PSP_EXTRATLEITIMPL_220526_0408_20000000006302987326_000.jpg,PSP_EXTRATLEITIMPL_220526_0408,mikael,ilegivel,,pasta=medidoruim
PSP_EXTRATLEITIMPL_220526_0408_20000000006302989175_000.jpg,PSP_EXTRATLEITIMPL_220526_0408,mikael,ilegivel,,pasta=medidoruim
PSP_EXTRATLEITIMPL_220526_0408_20000000006352967905_000.jpg,PSP_EXTRATLEITIMPL_220526_0408,mikael,ilegivel,,pasta=medidoruim
PSP_EXTRATLEITIMPL_220526_0408_20000000006352972912_000.jpg,PSP_EXTRATLEITIMPL_220526_0408,mikael,ilegivel,,pasta=medidoruim
PSP_EXTRATLEITIMPL_220526_0408_20000000006352974859_000.jpg,PSP_EXTRATLEITIMPL_220526_0408,mikael,ilegivel,,pasta=medidoruim
PSP_EXTRATLEITIMPL_220526_0408_20000000006352976742_000.jpg,PSP_EXTRATLEITIMPL_220526_0408,mikael,ilegivel,,pasta=medidoruim
PSP_EXTRATLEITIMPL_220526_0408_20000000006352978753_000.jpg,PSP_EXTRATLEITIMPL_220526_0408,mikael,ilegivel,,pasta=medidoruim
PSP_EXTRATLEITIMPL_220526_0408_20000000006352980662_000.jpg,PSP_EXTRATLEITIMPL_220526_0408,mikael,ilegivel,,pasta=medidoruim
PSP_EXTRATLEITIMPL_220526_0408_20000000006352982634_000.jpg,PSP_EXTRATLEITIMPL_220526_0408,mikael,ilegivel,,pasta=medidoruim
PSP_EXTRATLEITIMPL_220526_0408_20000000006352992021_000.jpg,PSP_EXTRATLEITIMPL_220526_0408,mikael,ilegivel,,pasta=medidoruim
PSP_EXTRATLEITIMPL_220526_0408_20000000006402958916_000.jpg,PSP_EXTRATLEITIMPL_220526_0408,mikael,ilegivel,,pasta=medidoruim
PSP_EXTRATLEITIMPL_220526_0408_20000000006402958919_000.jpg,PSP_EXTRATLEITIMPL_220526_0408,mikael,ilegivel,,pasta=medidoruim
PSP_EXTRATLEITIMPL_220526_0408_20000000006402958931_000.jpg,PSP_EXTRATLEITIMPL_220526_0408,mikael,ilegivel,,pasta=medidoruim
PSP_EXTRATLEITIMPL_220526_0408_20000000006402965925_000.jpg,PSP_EXTRATLEITIMPL_220526_0408,mikael,legivel,,pasta=medidor
PSP_EXTRATLEITIMPL_220526_0408_20000000006402971727_000.jpg,PSP_EXTRATLEITIMPL_220526_0408,mikael,legivel,,pasta=medidor
PSP_EXTRATLEITIMPL_220526_0408_20000000006402978308_000.jpg,PSP_EXTRATLEITIMPL_220526_0408,mikael,ilegivel,,pasta=medidoruim
PSP_EXTRATLEITIMPL_220526_0408_20000000006402978319_000.jpg,PSP_EXTRATLEITIMPL_220526_0408,mikael,ilegivel,,pasta=medidoruim
PSP_EXTRATLEITIMPL_220526_0408_20000000006402980161_000.jpg,PSP_EXTRATLEITIMPL_220526_0408,mikael,ilegivel,,pasta=medidoruim
PSP_EXTRATLEITIMPL_220526_0408_20000000006402981037_000.jpg,PSP_EXTRATLEITIMPL_220526_0408,mikael,ilegivel,,pasta=medidoruim
PSP_EXTRATLEITIMPL_220526_0408_20000000006402981041_000.jpg,PSP_EXTRATLEITIMPL_220526_0408,mikael,ilegivel,,pasta=medidoruim
PSP_EXTRATLEITIMPL_220526_0408_20000000006452968965_000.jpg,PSP_EXTRATLEITIMPL_220526_0408,mikael,sem_medidor,,pasta=ntem
PSP_EXTRATLEITIMPL_220526_0408_20000000006452978749_000.jpg,PSP_EXTRATLEITIMPL_220526_0408,mikael,legivel,,pasta=medidor
PSP_EXTRATLEITIMPL_220526_0408_20000000006452988348_001.jpg,PSP_EXTRATLEITIMPL_220526_0408,mikael,legivel,,pasta=medidor
PSP_EXTRATLEITIMPL_220526_0408_20000000006452991148_000.jpg,PSP_EXTRATLEITIMPL_220526_0408,mikael,ilegivel,,pasta=medidoruim
PSP_EXTRATLEITIMPL_220526_0408_20000000006502971946_000.jpg,PSP_EXTRATLEITIMPL_220526_0408,mikael,ilegivel,,pasta=medidoruim
PSP_EXTRATLEITIMPL_220526_0408_20000000006502972944_000.jpg,PSP_EXTRATLEITIMPL_220526_0408,mikael,ilegivel,,pasta=medidoruim
PSP_EXTRATLEITIMPL_220526_0408_20000000006502982849_000.jpg,PSP_EXTRATLEITIMPL_220526_0408,mikael,legivel,,pasta=medidor
PSP_EXTRATLEITIMPL_220526_0408_20000000006502984797_000.jpg,PSP_EXTRATLEITIMPL_220526_0408,mikael,ilegivel,,pasta=medidoruim
PSP_EXTRATLEITIMPL_220526_0408_20000000006502986740_000.jpg,PSP_EXTRATLEITIMPL_220526_0408,mikael,ilegivel,,pasta=medidoruim
PSP_EXTRATLEITIMPL_220526_0408_20000000006502988616_000.jpg,PSP_EXTRATLEITIMPL_220526_0408,mikael,ilegivel,,pasta=medidoruim
PSP_EXTRATLEITIMPL_220526_0408_20000000006502997193_000.jpg,PSP_EXTRATLEITIMPL_220526_0408,mikael,ilegivel,,pasta=medidoruim
PSP_EXTRATLEITIMPL_220526_0408_20000000006502999078_000.jpg,PSP_EXTRATLEITIMPL_220526_0408,mikael,sem_medidor,,pasta=ntem
PSP_EXTRATLEITIMPL_220526_0408_20000000006552964996_000.jpg,PSP_EXTRATLEITIMPL_220526_0408,mikael,sem_medidor,,pasta=ntem
PSP_EXTRATLEITIMPL_220526_0408_20000000006552971975_000.jpg,PSP_EXTRATLEITIMPL_220526_0408,mikael,ilegivel,,pasta=medidoruim
PSP_EXTRATLEITIMPL_220526_0408_20000000006552980780_001.jpg,PSP_EXTRATLEITIMPL_220526_0408,mikael,ilegivel,,pasta=medidoruim
PSP_EXTRATLEITIMPL_220526_0408_20000000006552985634_002.jpg,PSP_EXTRATLEITIMPL_220526_0408,mikael,ilegivel,,pasta=medidoruim
PSP_EXTRATLEITIMPL_220526_0408_20000000006552992203_000.jpg,PSP_EXTRATLEITIMPL_220526_0408,mikael,ilegivel,,pasta=medidoruim
PSP_EXTRATLEITIMPL_220526_0408_20000000006602973934_000.jpg,PSP_EXTRATLEITIMPL_220526_0408,mikael,ilegivel,,pasta=medidoruim
PSP_EXTRATLEITIMPL_220526_0408_20000000006602987533_000.jpg,PSP_EXTRATLEITIMPL_220526_0408,mikael,ilegivel,,pasta=medidoruim
PSP_EXTRATLEITIMPL_220526_0408_20000000006602993155_000.jpg,PSP_EXTRATLEITIMPL_220526_0408,mikael,ilegivel,,pasta=medidoruim
PSP_EXTRATLEITIMPL_220526_0408_20000000006602995045_000.jpg,PSP_EXTRATLEITIMPL_220526_0408,mikael,ilegivel,,pasta=medidoruim
PSP_EXTRATLEITIMPL_220526_0408_20000000006652969986_000.jpg,PSP_EXTRATLEITIMPL_220526_0408,mikael,sem_medidor,,pasta=ntem
PSP_EXTRATLEITIMPL_220526_0408_20000000006652980762_000.jpg,PSP_EXTRATLEITIMPL_220526_0408,mikael,ilegivel,,pasta=medidoruim
PSP_EXTRATLEITIMPL_220526_0408_20000000006652985504_000.jpg,PSP_EXTRATLEITIMPL_220526_0408,mikael,ilegivel,,pasta=medidoruim
PSP_EXTRATLEITIMPL_220526_0408_20000000006652987428_000.jpg,PSP_EXTRATLEITIMPL_220526_0408,mikael,ilegivel,,pasta=medidoruim
PSP_EXTRATLEITIMPL_220526_0408_20000000006652987431_002.jpg,PSP_EXTRATLEITIMPL_220526_0408,mikael,ilegivel,,pasta=medidoruim
PSP_EXTRATLEITIMPL_220526_0408_20000000006652994037_000.jpg,PSP_EXTRATLEITIMPL_220526_0408,mikael,ilegivel,,pasta=medidoruim
PSP_EXTRATLEITIMPL_220526_0408_20000000006702968951_000.jpg,PSP_EXTRATLEITIMPL_220526_0408,mikael,ilegivel,,pasta=medidoruim
PSP_EXTRATLEITIMPL_220526_0408_20000000006702980656_000.jpg,PSP_EXTRATLEITIMPL_220526_0408,mikael,ilegivel,,pasta=medidoruim
PSP_EXTRATLEITIMPL_220526_0408_20000000006752963949_000.jpg,PSP_EXTRATLEITIMPL_220526_0408,mikael,ilegivel,,pasta=medidoruim
PSP_EXTRATLEITIMPL_220526_0408_20000000006752963958_000.jpg,PSP_EXTRATLEITIMPL_220526_0408,mikael,sem_medidor,,pasta=ntem
PSP_EXTRATLEITIMPL_220526_0408_20000000006752966907_000.jpg,PSP_EXTRATLEITIMPL_220526_0408,mikael,ilegivel,,pasta=medidoruim
PSP_EXTRATLEITIMPL_220526_0408_20000000006752970926_000.jpg,PSP_EXTRATLEITIMPL_220526_0408,mikael,ilegivel,,pasta=medidoruim
PSP_EXTRATLEITIMPL_220526_0408_20000000006752971947_000.jpg,PSP_EXTRATLEITIMPL_220526_0408,mikael,ilegivel,,pasta=medidoruim
PSP_EXTRATLEITIMPL_220526_0408_20000000006752983430_000.jpg,PSP_EXTRATLEITIMPL_220526_0408,mikael,ilegivel,,pasta=medidoruim
PSP_EXTRATLEITIMPL_220526_0408_20000000006752991025_000.jpg,PSP_EXTRATLEITIMPL_220526_0408,mikael,ilegivel,,pasta=medidoruim
PSP_EXTRATLEITIMPL_220526_0408_20000000006802971884_000.jpg,PSP_EXTRATLEITIMPL_220526_0408,mikael,ilegivel,,pasta=medidoruim
PSP_EXTRATLEITIMPL_220526_0408_20000000006802982627_000.jpg,PSP_EXTRATLEITIMPL_220526_0408,mikael,sem_medidor,,pasta=ntem
PSP_EXTRATLEITIMPL_220526_0408_20000000006802984500_000.jpg,PSP_EXTRATLEITIMPL_220526_0408,mikael,ilegivel,,pasta=medidoruim
PSP_EXTRATLEITIMPL_220526_0408_20000000006802985417_000.jpg,PSP_EXTRATLEITIMPL_220526_0408,mikael,ilegivel,,pasta=medidoruim
PSP_EXTRATLEITIMPL_220526_0408_20000000006802991069_000.jpg,PSP_EXTRATLEITIMPL_220526_0408,mikael,ilegivel,,pasta=medidoruim
PSP_EXTRATLEITIMPL_220526_0408_20000000006852973994_000.jpg,PSP_EXTRATLEITIMPL_220526_0408,mikael,legivel,,pasta=medidor
PSP_EXTRATLEITIMPL_220526_0408_20000000006852974923_000.jpg,PSP_EXTRATLEITIMPL_220526_0408,mikael,sem_medidor,,pasta=ntem
PSP_EXTRATLEITIMPL_220526_0408_20000000006852987823_000.jpg,PSP_EXTRATLEITIMPL_220526_0408,mikael,ilegivel,,pasta=medidoruim
PSP_EXTRATLEITIMPL_220526_0408_20000000006852995460_000.jpg,PSP_EXTRATLEITIMPL_220526_0408,mikael,ilegivel,,pasta=medidoruim
PSP_EXTRATLEITIMPL_220526_0408_20000000006853000197_000.jpg,PSP_EXTRATLEITIMPL_220526_0408,mikael,ilegivel,,pasta=medidoruim
PSP_EXTRATLEITIMPL_220526_0408_20000000006853003006_000.jpg,PSP_EXTRATLEITIMPL_220526_0408,mikael,ilegivel,,pasta=medidoruim
PSP_EXTRATLEITIMPL_220526_0408_20000000006902970782_000.jpg,PSP_EXTRATLEITIMPL_220526_0408,mikael,ilegivel,,pasta=medidoruim
PSP_EXTRATLEITIMPL_220526_0408_20000000006902971772_000.jpg,PSP_EXTRATLEITIMPL_220526_0408,mikael,ilegivel,,pasta=medidoruim
PSP_EXTRATLEITIMPL_220526_0408_20000000006902979375_000.jpg,PSP_EXTRATLEITIMPL_220526_0408,mikael,ilegivel,,pasta=medidoruim
PSP_EXTRATLEITIMPL_220526_0408_20000000006902981181_000.jpg,PSP_EXTRATLEITIMPL_220526_0408,mikael,ilegivel,,pasta=medidoruim
PSP_EXTRATLEITIMPL_220526_0408_20000000006902984004_001.jpg,PSP_EXTRATLEITIMPL_220526_0408,mikael,ilegivel,,pasta=medidoruim
PSP_EXTRATLEITIMPL_220526_0408_20000000006952965961_000.jpg,PSP_EXTRATLEITIMPL_220526_0408,mikael,ilegivel,,pasta=medidoruim
PSP_EXTRATLEITIMPL_220526_0408_20000000006952969958_000.jpg,PSP_EXTRATLEITIMPL_220526_0408,mikael,ilegivel,,pasta=medidoruim
PSP_EXTRATLEITIMPL_220526_0408_20000000006952976746_000.jpg,PSP_EXTRATLEITIMPL_220526_0408,mikael,ilegivel,,pasta=medidoruim
PSP_EXTRATLEITIMPL_220526_0408_20000000006952979679_000.jpg,PSP_EXTRATLEITIMPL_220526_0408,mikael,sem_medidor,,pasta=ntem
PSP_EXTRATLEITIMPL_220526_0408_20000000006952980649_000.jpg,PSP_EXTRATLEITIMPL_220526_0408,mikael,sem_medidor,,pasta=ntem
PSP_EXTRATLEITIMPL_220526_0408_20000000006952986418_001.jpg,PSP_EXTRATLEITIMPL_220526_0408,mikael,ilegivel,,pasta=medidoruim
PSP_EXTRATLEITIMPL_220526_0408_20000000006952987287_000.jpg,PSP_EXTRATLEITIMPL_220526_0408,mikael,ilegivel,,pasta=medidoruim
PSP_EXTRATLEITIMPL_220526_0408_20000000006952988217_000.jpg,PSP_EXTRATLEITIMPL_220526_0408,mikael,ilegivel,,pasta=medidoruim
PSP_EXTRATLEITIMPL_220526_0408_20000000006952990017_000.jpg,PSP_EXTRATLEITIMPL_220526_0408,mikael,ilegivel,,pasta=medidoruim
PSP_EXTRATLEITIMPL_220526_0408_20000000006952991007_000.jpg,PSP_EXTRATLEITIMPL_220526_0408,mikael,ilegivel,,pasta=medidoruim
PSP_EXTRATLEITIMPL_220526_0408_20000000007002974914_000.jpg,PSP_EXTRATLEITIMPL_220526_0408,mikael,legivel,,pasta=medidor
PSP_EXTRATLEITIMPL_220526_0408_20000000007002980813_000.jpg,PSP_EXTRATLEITIMPL_220526_0408,mikael,ilegivel,,pasta=medidoruim
PSP_EXTRATLEITIMPL_220526_0408_20000000007002985609_000.jpg,PSP_EXTRATLEITIMPL_220526_0408,mikael,ilegivel,,pasta=medidoruim
PSP_EXTRATLEITIMPL_220526_0408_20000000007002991185_000.jpg,PSP_EXTRATLEITIMPL_220526_0408,mikael,ilegivel,,pasta=medidoruim
PSP_EXTRATLEITIMPL_220526_0408_20000000007052969952_000.jpg,PSP_EXTRATLEITIMPL_220526_0408,mikael,legivel,,pasta=medidor
PSP_EXTRATLEITIMPL_220526_0408_20000000007052979719_000.jpg,PSP_EXTRATLEITIMPL_220526_0408,mikael,legivel,,pasta=medidor
PSP_EXTRATLEITIMPL_220526_0408_20000000007052990190_000.jpg,PSP_EXTRATLEITIMPL_220526_0408,mikael,ilegivel,,pasta=medidoruim
PSP_EXTRATLEITIMPL_220526_0408_20000000007052995012_000.jpg,PSP_EXTRATLEITIMPL_220526_0408,mikael,ilegivel,,pasta=medidoruim
PSP_EXTRATLEITIMPL_220526_0408_20000000007102965905_000.jpg,PSP_EXTRATLEITIMPL_220526_0408,mikael,ilegivel,,pasta=medidoruim
PSP_EXTRATLEITIMPL_220526_0408_20000000007102966932_000.jpg,PSP_EXTRATLEITIMPL_220526_0408,mikael,ilegivel,,pasta=medidoruim
PSP_EXTRATLEITIMPL_220526_0408_20000000007102973620_000.jpg,PSP_EXTRATLEITIMPL_220526_0408,mikael,ilegivel,,pasta=medidoruim
PSP_EXTRATLEITIMPL_220526_0408_20000000007102977392_000.jpg,PSP_EXTRATLEITIMPL_220526_0408,mikael,ilegivel,,pasta=medidoruim
PSP_EXTRATLEITIMPL_220526_0408_20000000007102978414_000.jpg,PSP_EXTRATLEITIMPL_220526_0408,mikael,ilegivel,,pasta=medidoruim
PSP_EXTRATLEITIMPL_220526_0408_20000000007102981290_008.jpg,PSP_EXTRATLEITIMPL_220526_0408,mikael,legivel,,pasta=medidor
PSP_EXTRATLEITIMPL_220526_0408_20000000007102985036_000.jpg,PSP_EXTRATLEITIMPL_220526_0408,mikael,ilegivel,,pasta=medidoruim
PSP_EXTRATLEITIMPL_220526_0408_20000000007102987017_000.jpg,PSP_EXTRATLEITIMPL_220526_0408,mikael,ilegivel,,pasta=medidoruim
PSP_EXTRATLEITIMPL_220526_0408_20000000007152961960_000.jpg,PSP_EXTRATLEITIMPL_220526_0408,mikael,ilegivel,,pasta=medidoruim
PSP_EXTRATLEITIMPL_220526_0408_20000000007152977784_000.jpg,PSP_EXTRATLEITIMPL_220526_0408,mikael,ilegivel,,pasta=medidoruim
PSP_EXTRATLEITIMPL_220526_0408_20000000007152983629_000.jpg,PSP_EXTRATLEITIMPL_220526_0408,mikael,ilegivel,,pasta=medidoruim
PSP_EXTRATLEITIMPL_220526_0408_20000000007152984566_001.jpg,PSP_EXTRATLEITIMPL_220526_0408,mikael,ilegivel,,pasta=medidoruim
PSP_EXTRATLEITIMPL_220526_0408_20000000007152988249_000.jpg,PSP_EXTRATLEITIMPL_220526_0408,mikael,ilegivel,,pasta=medidoruim
PSP_EXTRATLEITIMPL_220526_0408_20000000007152991021_000.jpg,PSP_EXTRATLEITIMPL_220526_0408,mikael,ilegivel,,pasta=medidoruim
PSP_EXTRATLEITIMPL_220526_0408_20000000007152991040_000.jpg,PSP_EXTRATLEITIMPL_220526_0408,mikael,ilegivel,,pasta=medidoruim
PSP_EXTRATLEITIMPL_220526_0408_20000000007202967912_000.jpg,PSP_EXTRATLEITIMPL_220526_0408,mikael,ilegivel,,pasta=medidoruim
PSP_EXTRATLEITIMPL_220526_0408_20000000007202975929_000.jpg,PSP_EXTRATLEITIMPL_220526_0408,mikael,legivel,,pasta=medidor
PSP_EXTRATLEITIMPL_220526_0408_20000000007202978779_000.jpg,PSP_EXTRATLEITIMPL_220526_0408,mikael,ilegivel,,pasta=medidoruim
PSP_EXTRATLEITIMPL_220526_0408_20000000007202984537_000.jpg,PSP_EXTRATLEITIMPL_220526_0408,mikael,ilegivel,,pasta=medidoruim
PSP_EXTRATLEITIMPL_220526_0408_20000000007202987377_000.jpg,PSP_EXTRATLEITIMPL_220526_0408,mikael,ilegivel,,pasta=medidoruim
PSP_EXTRATLEITIMPL_220526_0408_20000000007202987386_000.jpg,PSP_EXTRATLEITIMPL_220526_0408,mikael,ilegivel,,pasta=medidoruim
PSP_EXTRATLEITIMPL_220526_0408_20000000007202987393_000.jpg,PSP_EXTRATLEITIMPL_220526_0408,mikael,ilegivel,,pasta=medidoruim
PSP_EXTRATLEITIMPL_220526_0408_20000000007202992056_000.jpg,PSP_EXTRATLEITIMPL_220526_0408,mikael,ilegivel,,pasta=medidoruim
PSP_EXTRATLEITIMPL_220526_0408_20000000007202993022_000.jpg,PSP_EXTRATLEITIMPL_220526_0408,mikael,ilegivel,,pasta=medidoruim
PSP_EXTRATLEITIMPL_220526_0408_20000000007252976880_000.jpg,PSP_EXTRATLEITIMPL_220526_0408,mikael,ilegivel,,pasta=medidoruim
PSP_EXTRATLEITIMPL_220526_0408_20000000007252979780_000.jpg,PSP_EXTRATLEITIMPL_220526_0408,mikael,ilegivel,,pasta=medidoruim
PSP_EXTRATLEITIMPL_220526_0408_20000000007252988286_001.jpg,PSP_EXTRATLEITIMPL_220526_0408,mikael,ilegivel,,pasta=medidoruim
PSP_EXTRATLEITIMPL_220526_0408_20000000007252988290_000.jpg,PSP_EXTRATLEITIMPL_220526_0408,mikael,legivel,,pasta=medidor
PSP_EXTRATLEITIMPL_220526_0408_20000000007252990160_000.jpg,PSP_EXTRATLEITIMPL_220526_0408,mikael,ilegivel,,pasta=medidoruim
PSP_EXTRATLEITIMPL_220526_0408_20000000007252994005_000.jpg,PSP_EXTRATLEITIMPL_220526_0408,mikael,ilegivel,,pasta=medidoruim
PSP_EXTRATLEITIMPL_220526_0408_20000000007302965896_000.jpg,PSP_EXTRATLEITIMPL_220526_0408,mikael,ilegivel,,pasta=medidoruim
PSP_EXTRATLEITIMPL_220526_0408_20000000007302969836_000.jpg,PSP_EXTRATLEITIMPL_220526_0408,mikael,sem_medidor,,pasta=ntem
PSP_EXTRATLEITIMPL_220526_0408_20000000007302969837_000.jpg,PSP_EXTRATLEITIMPL_220526_0408,mikael,ilegivel,,pasta=medidoruim
PSP_EXTRATLEITIMPL_220526_0408_20000000007302971740_000.jpg,PSP_EXTRATLEITIMPL_220526_0408,mikael,ilegivel,,pasta=medidoruim
PSP_EXTRATLEITIMPL_220526_0408_20000000007302972626_000.jpg,PSP_EXTRATLEITIMPL_220526_0408,mikael,ilegivel,,pasta=medidoruim
PSP_EXTRATLEITIMPL_220526_0408_20000000007302972629_000.jpg,PSP_EXTRATLEITIMPL_220526_0408,mikael,ilegivel,,pasta=medidoruim
PSP_EXTRATLEITIMPL_220526_0408_20000000007302979310_000.jpg,PSP_EXTRATLEITIMPL_220526_0408,mikael,sem_medidor,,pasta=ntem
PSP_EXTRATLEITIMPL_220526_0408_20000000007302981167_000.jpg,PSP_EXTRATLEITIMPL_220526_0408,mikael,ilegivel,,pasta=medidoruim
PSP_EXTRATLEITIMPL_220526_0408_20000000007302983064_001.jpg,PSP_EXTRATLEITIMPL_220526_0408,mikael,ilegivel,,pasta=medidoruim
PSP_EXTRATLEITIMPL_220526_0408_20000000007302985004_000.jpg,PSP_EXTRATLEITIMPL_220526_0408,mikael,ilegivel,,pasta=medidoruim
PSP_EXTRATLEITIMPL_220526_0408_20000000007302987002_000.jpg,PSP_EXTRATLEITIMPL_220526_0408,mikael,ilegivel,,pasta=medidoruim
PSP_EXTRATLEITIMPL_220526_0408_20000000007352962990_001.jpg,PSP_EXTRATLEITIMPL_220526_0408,mikael,sem_medidor,,pasta=ntem
PSP_EXTRATLEITIMPL_220526_0408_20000000007352962992_000.jpg,PSP_EXTRATLEITIMPL_220526_0408,mikael,sem_medidor,,pasta=ntem
PSP_EXTRATLEITIMPL_220526_0408_20000000007352973778_000.jpg,PSP_EXTRATLEITIMPL_220526_0408,mikael,ilegivel,,pasta=medidoruim
PSP_EXTRATLEITIMPL_220526_0408_20000000007352977734_000.jpg,PSP_EXTRATLEITIMPL_220526_0408,mikael,ilegivel,,pasta=medidoruim
PSP_EXTRATLEITIMPL_220526_0408_20000000007352986299_000.jpg,PSP_EXTRATLEITIMPL_220526_0408,mikael,ilegivel,,pasta=medidoruim
PSP_EXTRATLEITIMPL_220526_0408_20000000007402957977_000.jpg,PSP_EXTRATLEITIMPL_220526_0408,mikael,legivel,,pasta=medidor
PSP_EXTRATLEITIMPL_220526_0408_20000000007402957982_000.jpg,PSP_EXTRATLEITIMPL_220526_0408,mikael,ilegivel,,pasta=medidoruim
PSP_EXTRATLEITIMPL_220526_0408_20000000007402964932_000.jpg,PSP_EXTRATLEITIMPL_220526_0408,mikael,ilegivel,,pasta=medidoruim
PSP_EXTRATLEITIMPL_220526_0408_20000000007402971780_000.jpg,PSP_EXTRATLEITIMPL_220526_0408,mikael,legivel,,pasta=medidor
PSP_EXTRATLEITIMPL_220526_0408_20000000007402973678_000.jpg,PSP_EXTRATLEITIMPL_220526_0408,mikael,legivel,,pasta=medidor
PSP_EXTRATLEITIMPL_220526_0408_20000000007402973680_000.jpg,PSP_EXTRATLEITIMPL_220526_0408,mikael,ilegivel,,pasta=medidoruim
PSP_EXTRATLEITIMPL_220526_0408_20000000007402975572_000.jpg,PSP_EXTRATLEITIMPL_220526_0408,mikael,ilegivel,,pasta=medidoruim
PSP_EXTRATLEITIMPL_220526_0408_20000000007402976547_000.jpg,PSP_EXTRATLEITIMPL_220526_0408,mikael,legivel,,pasta=medidor
PSP_EXTRATLEITIMPL_220526_0408_20000000007402979297_000.jpg,PSP_EXTRATLEITIMPL_220526_0408,mikael,ilegivel,,pasta=medidoruim
PSP_EXTRATLEITIMPL_220526_0408_20000000007402980242_000.jpg,PSP_EXTRATLEITIMPL_220526_0408,mikael,legivel,,pasta=medidor
PSP_EXTRATLEITIMPL_220526_0408_20000000007402981174_000.jpg,PSP_EXTRATLEITIMPL_220526_0408,mikael,ilegivel,,pasta=medidoruim
PSP_EXTRATLEITIMPL_220526_0408_20000000007452956995_000.jpg,PSP_EXTRATLEITIMPL_220526_0408,mikael,sem_medidor,,pasta=ntem
PSP_EXTRATLEITIMPL_220526_0408_20000000007452974677_000.jpg,PSP_EXTRATLEITIMPL_220526_0408,mikael,ilegivel,,pasta=medidoruim
PSP_EXTRATLEITIMPL_220526_0408_20000000007452981290_001.jpg,PSP_EXTRATLEITIMPL_220526_0408,mikael,legivel,,pasta=medidor
PSP_EXTRATLEITIMPL_220526_0408_20000000007452982215_000.jpg,PSP_EXTRATLEITIMPL_220526_0408,mikael,ilegivel,,pasta=medidoruim
PSP_EXTRATLEITIMPL_220526_0408_20000000007452984021_000.jpg,PSP_EXTRATLEITIMPL_220526_0408,mikael,ilegivel,,pasta=medidoruim
PSP_EXTRATLEITIMPL_220526_0408_20000000007452985012_000.jpg,PSP_EXTRATLEITIMPL_220526_0408,mikael,ilegivel,,pasta=medidoruim
PSP_EXTRATLEITIMPL_220526_0408_20000000007502959938_000.jpg,PSP_EXTRATLEITIMPL_220526_0408,mikael,ilegivel,,pasta=medidoruim
PSP_EXTRATLEITIMPL_220526_0408_20000000007502965940_000.jpg,PSP_EXTRATLEITIMPL_220526_0408,mikael,ilegivel,,pasta=medidoruim
PSP_EXTRATLEITIMPL_220526_0408_20000000007502965953_000.jpg,PSP_EXTRATLEITIMPL_220526_0408,mikael,ilegivel,,pasta=medidoruim
PSP_EXTRATLEITIMPL_220526_0408_20000000007502967771_000.jpg,PSP_EXTRATLEITIMPL_220526_0408,mikael,ilegivel,,pasta=medidoruim
PSP_EXTRATLEITIMPL_220526_0408_20000000007502969784_000.jpg,PSP_EXTRATLEITIMPL_220526_0408,mikael,ilegivel,,pasta=medidoruim
PSP_EXTRATLEITIMPL_220526_0408_20000000007502973688_000.jpg,PSP_EXTRATLEITIMPL_220526_0408,mikael,legivel,,pasta=medidor
PSP_EXTRATLEITIMPL_220526_0408_20000000007502981290_000.jpg,PSP_EXTRATLEITIMPL_220526_0408,mikael,ilegivel,,pasta=medidoruim
PSP_EXTRATLEITIMPL_220526_0408_20000000007552952997_000.jpg,PSP_EXTRATLEITIMPL_220526_0408,mikael,legivel,,pasta=medidor
PSP_EXTRATLEITIMPL_220526_0408_20000000007552955942_000.jpg,PSP_EXTRATLEITIMPL_220526_0408,mikael,ilegivel,,pasta=medidoruim
PSP_EXTRATLEITIMPL_220526_0408_20000000007552964920_000.jpg,PSP_EXTRATLEITIMPL_220526_0408,mikael,ilegivel,,pasta=medidoruim
PSP_EXTRATLEITIMPL_220526_0408_20000000007552964926_000.jpg,PSP_EXTRATLEITIMPL_220526_0408,mikael,ilegivel,,pasta=medidoruim
PSP_EXTRATLEITIMPL_220526_0408_20000000007552966922_000.jpg,PSP_EXTRATLEITIMPL_220526_0408,mikael,legivel,,pasta=medidor
PSP_EXTRATLEITIMPL_220526_0408_20000000007552967879_001.jpg,PSP_EXTRATLEITIMPL_220526_0408,mikael,ilegivel,,pasta=medidoruim
PSP_EXTRATLEITIMPL_220526_0408_20000000007552973653_000.jpg,PSP_EXTRATLEITIMPL_220526_0408,mikael,ilegivel,,pasta=medidoruim
PSP_EXTRATLEITIMPL_220526_0408_20000000007552978369_000.jpg,PSP_EXTRATLEITIMPL_220526_0408,mikael,ilegivel,,pasta=medidoruim
PSP_EXTRATLEITIMPL_220526_0408_20000000007552980292_000.jpg,PSP_EXTRATLEITIMPL_220526_0408,mikael,ilegivel,,pasta=medidoruim
PSP_EXTRATLEITIMPL_220526_0408_20000000007552980299_000.jpg,PSP_EXTRATLEITIMPL_220526_0408,mikael,ilegivel,,pasta=medidoruim
PSP_EXTRATLEITIMPL_220526_0408_20000000007552985005_000.jpg,PSP_EXTRATLEITIMPL_220526_0408,mikael,ilegivel,,pasta=medidoruim
PSP_EXTRATLEITIMPL_220526_0408_20000000007602956939_000.jpg,PSP_EXTRATLEITIMPL_220526_0408,mikael,sem_medidor,,pasta=ntem
PSP_EXTRATLEITIMPL_220526_0408_20000000007602969761_000.jpg,PSP_EXTRATLEITIMPL_220526_0408,mikael,ilegivel,,pasta=medidoruim
PSP_EXTRATLEITIMPL_220526_0408_20000000007602972646_000.jpg,PSP_EXTRATLEITIMPL_220526_0408,mikael,ilegivel,,pasta=medidoruim
PSP_EXTRATLEITIMPL_220526_0408_20000000007602974544_000.jpg,PSP_EXTRATLEITIMPL_220526_0408,mikael,ilegivel,,pasta=medidoruim
PSP_EXTRATLEITIMPL_220526_0408_20000000007602975551_000.jpg,PSP_EXTRATLEITIMPL_220526_0408,mikael,ilegivel,,pasta=medidoruim
PSP_EXTRATLEITIMPL_220526_0408_20000000007602975554_000.jpg,PSP_EXTRATLEITIMPL_220526_0408,mikael,ilegivel,,pasta=medidoruim
PSP_EXTRATLEITIMPL_220526_0408_20000000007602976451_000.jpg,PSP_EXTRATLEITIMPL_220526_0408,mikael,ilegivel,,pasta=medidoruim
PSP_EXTRATLEITIMPL_220526_0408_20000000007602980281_000.jpg,PSP_EXTRATLEITIMPL_220526_0408,mikael,ilegivel,,pasta=medidoruim
PSP_EXTRATLEITIMPL_220526_0408_20000000007652951960_000.jpg,PSP_EXTRATLEITIMPL_220526_0408,mikael,ilegivel,,pasta=medidoruim
PSP_EXTRATLEITIMPL_220526_0408_20000000007652951977_000.jpg,PSP_EXTRATLEITIMPL_220526_0408,mikael,ilegivel,,pasta=medidoruim
PSP_EXTRATLEITIMPL_220526_0408_20000000007652951978_000.jpg,PSP_EXTRATLEITIMPL_220526_0408,mikael,ilegivel,,pasta=medidoruim
PSP_EXTRATLEITIMPL_220526_0408_20000000007652967777_000.jpg,PSP_EXTRATLEITIMPL_220526_0408,mikael,ilegivel,,pasta=medidoruim
PSP_EXTRATLEITIMPL_220526_0408_20000000007652968696_000.jpg,PSP_EXTRATLEITIMPL_220526_0408,mikael,ilegivel,,pasta=medidoruim
PSP_EXTRATLEITIMPL_220526_0408_20000000007652980097_000.jpg,PSP_EXTRATLEITIMPL_220526_0408,mikael,ilegivel,,pasta=medidoruim
PSP_EXTRATLEITIMPL_220526_0408_20000000007702961994_000.jpg,PSP_EXTRATLEITIMPL_220526_0408,mikael,ilegivel,,pasta=medidoruim
PSP_EXTRATLEITIMPL_220526_0408_20000000007702969950_000.jpg,PSP_EXTRATLEITIMPL_220526_0408,mikael,legivel,,pasta=medidor
PSP_EXTRATLEITIMPL_220526_0408_20000000007702972867_000.jpg,PSP_EXTRATLEITIMPL_220526_0408,mikael,ilegivel,,pasta=medidoruim
PSP_EXTRATLEITIMPL_220526_0408_20000000007702984472_000.jpg,PSP_EXTRATLEITIMPL_220526_0408,mikael,ilegivel,,pasta=medidoruim
PSP_EXTRATLEITIMPL_220526_0408_20000000007702984485_000.jpg,PSP_EXTRATLEITIMPL_220526_0408,mikael,ilegivel,,pasta=medidoruim
PSP_EXTRATLEITIMPL_220526_0408_20000000007702984487_000.jpg,PSP_EXTRATLEITIMPL_220526_0408,mikael,ilegivel,,pasta=medidoruim
PSP_EXTRATLEITIMPL_220526_0408_20000000007702984498_000.jpg,PSP_EXTRATLEITIMPL_220526_0408,mikael,ilegivel,,pasta=medidoruim
PSP_EXTRATLEITIMPL_220526_0408_20000000007752961988_000.jpg,PSP_EXTRATLEITIMPL_220526_0408,mikael,ilegivel,,pasta=medidoruim
PSP_EXTRATLEITIMPL_220526_0408_20000000007752973828_000.jpg,PSP_EXTRATLEITIMPL_220526_0408,mikael,ilegivel,,pasta=medidoruim
PSP_EXTRATLEITIMPL_220526_0408_20000000007752978773_000.jpg,PSP_EXTRATLEITIMPL_220526_0408,mikael,sem_medidor,,pasta=ntem
PSP_EXTRATLEITIMPL_220526_0408_20000000007752979657_000.jpg,PSP_EXTRATLEITIMPL_220526_0408,mikael,ilegivel,,pasta=medidoruim
PSP_EXTRATLEITIMPL_220526_0408_20000000007752979658_000.jpg,PSP_EXTRATLEITIMPL_220526_0408,mikael,ilegivel,,pasta=medidoruim
PSP_EXTRATLEITIMPL_220526_0408_20000000007752982521_000.jpg,PSP_EXTRATLEITIMPL_220526_0408,mikael,ilegivel,,pasta=medidoruim
PSP_EXTRATLEITIMPL_220526_0408_20000000007752982537_000.jpg,PSP_EXTRATLEITIMPL_220526_0408,mikael,ilegivel,,pasta=medidoruim
PSP_EXTRATLEITIMPL_220526_0408_20000000007752985388_000.jpg,PSP_EXTRATLEITIMPL_220526_0408,mikael,ilegivel,,pasta=medidoruim
PSP_EXTRATLEITIMPL_220526_0408_20000000007802961961_000.jpg,PSP_EXTRATLEITIMPL_220526_0408,mikael,ilegivel,,pasta=medidoruim
PSP_EXTRATLEITIMPL_220526_0408_20000000007802962959_000.jpg,PSP_EXTRATLEITIMPL_220526_0408,mikael,ilegivel,,pasta=medidoruim
PSP_EXTRATLEITIMPL_220526_0408_20000000007802962971_000.jpg,PSP_EXTRATLEITIMPL_220526_0408,mikael,sem_medidor,,pasta=ntem
PSP_EXTRATLEITIMPL_220526_0408_20000000007802963963_000.jpg,PSP_EXTRATLEITIMPL_220526_0408,mikael,legivel,,pasta=medidor
PSP_EXTRATLEITIMPL_220526_0408_20000000007802968971_000.jpg,PSP_EXTRATLEITIMPL_220526_0408,mikael,ilegivel,,pasta=medidoruim
PSP_EXTRATLEITIMPL_220526_0408_20000000007802981575_000.jpg,PSP_EXTRATLEITIMPL_220526_0408,mikael,ilegivel,,pasta=medidoruim
PSP_EXTRATLEITIMPL_220526_0408_20000000007802982562_000.jpg,PSP_EXTRATLEITIMPL_220526_0408,mikael,legivel,,pasta=medidor
PSP_EXTRATLEITIMPL_220526_0408_20000000007802986294_000.jpg,PSP_EXTRATLEITIMPL_220526_0408,mikael,ilegivel,,pasta=medidoruim
PSP_EXTRATLEITIMPL_220526_0408_20000000007802989059_000.jpg,PSP_EXTRATLEITIMPL_220526_0408,mikael,ilegivel,,pasta=medidoruim
PSP_EXTRATLEITIMPL_220526_0408_20000000007852968893_000.jpg,PSP_EXTRATLEITIMPL_220526_0408,mikael,ilegivel,,pasta=medidoruim
PSP_EXTRATLEITIMPL_220526_0408_20000000007852969934_000.jpg,PSP_EXTRATLEITIMPL_220526_0408,mikael,ilegivel,,pasta=medidoruim
PSP_EXTRATLEITIMPL_220526_0408_20000000007852969937_001.jpg,PSP_EXTRATLEITIMPL_220526_0408,mikael,ilegivel,,pasta=medidoruim
PSP_EXTRATLEITIMPL_220526_0408_20000000007852976818_000.jpg,PSP_EXTRATLEITIMPL_220526_0408,mikael,ilegivel,,pasta=medidoruim
PSP_EXTRATLEITIMPL_220526_0408_20000000007852980543_001.jpg,PSP_EXTRATLEITIMPL_220526_0408,mikael,sem_medidor,,pasta=ntem
PSP_EXTRATLEITIMPL_220526_0408_20000000007852983435_000.jpg,PSP_EXTRATLEITIMPL_220526_0408,mikael,ilegivel,,pasta=medidoruim
PSP_EXTRATLEITIMPL_220526_0408_20000000007852985291_000.jpg,PSP_EXTRATLEITIMPL_220526_0408,mikael,legivel,,pasta=medidor
PSP_EXTRATLEITIMPL_220526_0408_20000000007852987160_000.jpg,PSP_EXTRATLEITIMPL_220526_0408,mikael,ilegivel,,pasta=medidoruim
PSP_EXTRATLEITIMPL_220526_0408_20000000007852991011_001.jpg,PSP_EXTRATLEITIMPL_220526_0408,mikael,sem_medidor,,pasta=ntem
PSP_EXTRATLEITIMPL_220526_0408_20000000007902955997_000.jpg,PSP_EXTRATLEITIMPL_220526_0408,mikael,ilegivel,,pasta=medidoruim
PSP_EXTRATLEITIMPL_220526_0408_20000000007902962891_000.jpg,PSP_EXTRATLEITIMPL_220526_0408,mikael,ilegivel,,pasta=medidoruim
PSP_EXTRATLEITIMPL_220526_0408_20000000007902962908_000.jpg,PSP_EXTRATLEITIMPL_220526_0408,mikael,ilegivel,,pasta=medidoruim
PSP_EXTRATLEITIMPL_220526_0408_20000000007902964980_000.jpg,PSP_EXTRATLEITIMPL_220526_0408,mikael,ilegivel,,pasta=medidoruim
PSP_EXTRATLEITIMPL_220526_0408_20000000007902965888_000.jpg,PSP_EXTRATLEITIMPL_220526_0408,mikael,ilegivel,,pasta=medidoruim
PSP_EXTRATLEITIMPL_220526_0408_20000000007902974684_000.jpg,PSP_EXTRATLEITIMPL_220526_0408,mikael,ilegivel,,pasta=medidoruim
PSP_EXTRATLEITIMPL_220526_0408_20000000007902978427_001.jpg,PSP_EXTRATLEITIMPL_220526_0408,mikael,sem_medidor,,pasta=ntem
PSP_EXTRATLEITIMPL_220526_0408_20000000007902978430_000.jpg,PSP_EXTRATLEITIMPL_220526_0408,mikael,ilegivel,,pasta=medidoruim
PSP_EXTRATLEITIMPL_220526_0408_20000000007902980287_000.jpg,PSP_EXTRATLEITIMPL_220526_0408,mikael,ilegivel,,pasta=medidoruim
PSP_EXTRATLEITIMPL_220526_0408_20000000007902981205_000.jpg,PSP_EXTRATLEITIMPL_220526_0408,mikael,sem_medidor,,pasta=ntem
PSP_EXTRATLEITIMPL_220526_0408_20000000007902982168_000.jpg,PSP_EXTRATLEITIMPL_220526_0408,mikael,legivel,,pasta=medidor
PSP_EXTRATLEITIMPL_220526_0408_20000000007902984020_000.jpg,PSP_EXTRATLEITIMPL_220526_0408,mikael,ilegivel,,pasta=medidoruim
PSP_EXTRATLEITIMPL_220526_0408_20000000007952959935_000.jpg,PSP_EXTRATLEITIMPL_220526_0408,mikael,ilegivel,,pasta=medidoruim
PSP_EXTRATLEITIMPL_220526_0408_20000000007952963969_000.jpg,PSP_EXTRATLEITIMPL_220526_0408,mikael,ilegivel,,pasta=medidoruim
PSP_EXTRATLEITIMPL_220526_0408_20000000007952965961_000.jpg,PSP_EXTRATLEITIMPL_220526_0408,mikael,ilegivel,,pasta=medidoruim
PSP_EXTRATLEITIMPL_220526_0408_20000000007952974675_000.jpg,PSP_EXTRATLEITIMPL_220526_0408,mikael,ilegivel,,pasta=medidoruim
PSP_EXTRATLEITIMPL_220526_0408_20000000007952977547_000.jpg,PSP_EXTRATLEITIMPL_220526_0408,mikael,sem_medidor,,pasta=ntem
PSP_EXTRATLEITIMPL_220526_0408_20000000007952979426_000.jpg,PSP_EXTRATLEITIMPL_220526_0408,mikael,ilegivel,,pasta=medidoruim
PSP_EXTRATLEITIMPL_220526_0408_20000000007952981271_000.jpg,PSP_EXTRATLEITIMPL_220526_0408,mikael,ilegivel,,pasta=medidoruim
PSP_EXTRATLEITIMPL_220526_0408_20000000007952984079_001.jpg,PSP_EXTRATLEITIMPL_220526_0408,mikael,ilegivel,,pasta=medidoruim
PSP_EXTRATLEITIMPL_220526_0408_20000000007952987003_000.jpg,PSP_EXTRATLEITIMPL_220526_0408,mikael,ilegivel,,pasta=medidoruim
PSP_EXTRATLEITIMPL_220526_0408_20000000008002947955_000.jpg,PSP_EXTRATLEITIMPL_220526_0408,mikael,ilegivel,,pasta=medidoruim
PSP_EXTRATLEITIMPL_220526_0408_20000000008002964776_000.jpg,PSP_EXTRATLEITIMPL_220526_0408,mikael,ilegivel,,pasta=medidoruim
PSP_EXTRATLEITIMPL_220526_0408_20000000008002965745_000.jpg,PSP_EXTRATLEITIMPL_220526_0408,mikael,ilegivel,,pasta=medidoruim
PSP_EXTRATLEITIMPL_220526_0408_20000000008002966683_000.jpg,PSP_EXTRATLEITIMPL_220526_0408,mikael,ilegivel,,pasta=medidoruim
PSP_EXTRATLEITIMPL_220526_0408_20000000008002967646_000.jpg,PSP_EXTRATLEITIMPL_220526_0408,mikael,ilegivel,,pasta=medidoruim
PSP_EXTRATLEITIMPL_220526_0408_20000000008002975215_000.jpg,PSP_EXTRATLEITIMPL_220526_0408,mikael,ilegivel,,pasta=medidoruim
PSP_EXTRATLEITIMPL_220526_0408_20000000008002976037_000.jpg,PSP_EXTRATLEITIMPL_220526_0408,mikael,ilegivel,,pasta=medidoruim
PSP_EXTRATLEITIMPL_220526_0408_20000000008002977012_000.jpg,PSP_EXTRATLEITIMPL_220526_0408,mikael,ilegivel,,pasta=medidoruim
PSP_EXTRATLEITIMPL_220526_0408_20000000008052950997_000.jpg,PSP_EXTRATLEITIMPL_220526_0408,mikael,ilegivel,,pasta=medidoruim
PSP_EXTRATLEITIMPL_220526_0408_20000000008052956878_000.jpg,PSP_EXTRATLEITIMPL_220526_0408,mikael,ilegivel,,pasta=medidoruim
PSP_EXTRATLEITIMPL_220526_0408_20000000008052956891_000.jpg,PSP_EXTRATLEITIMPL_220526_0408,mikael,ilegivel,,pasta=medidoruim
PSP_EXTRATLEITIMPL_220526_0408_20000000008052960900_000.jpg,PSP_EXTRATLEITIMPL_220526_0408,mikael,ilegivel,,pasta=medidoruim
PSP_EXTRATLEITIMPL_220526_0408_20000000008052965800_000.jpg,PSP_EXTRATLEITIMPL_220526_0408,mikael,ilegivel,,pasta=medidoruim
PSP_EXTRATLEITIMPL_220526_0408_20000000008052973397_000.jpg,PSP_EXTRATLEITIMPL_220526_0408,mikael,ilegivel,,pasta=medidoruim
PSP_EXTRATLEITIMPL_220526_0408_20000000008052974416_000.jpg,PSP_EXTRATLEITIMPL_220526_0408,mikael,ilegivel,,pasta=medidoruim
PSP_EXTRATLEITIMPL_220526_0408_20000000008052976214_000.jpg,PSP_EXTRATLEITIMPL_220526_0408,mikael,ilegivel,,pasta=medidoruim
PSP_EXTRATLEITIMPL_220526_0408_20000000008102970997_000.jpg,PSP_EXTRATLEITIMPL_220526_0408,mikael,ilegivel,,pasta=medidoruim
PSP_EXTRATLEITIMPL_220526_0408_20000000008102974935_000.jpg,PSP_EXTRATLEITIMPL_220526_0408,mikael,ilegivel,,pasta=medidoruim
PSP_EXTRATLEITIMPL_220526_0408_20000000008102975916_000.jpg,PSP_EXTRATLEITIMPL_220526_0408,mikael,ilegivel,,pasta=medidoruim
PSP_EXTRATLEITIMPL_220526_0408_20000000008102981801_000.jpg,PSP_EXTRATLEITIMPL_220526_0408,mikael,ilegivel,,pasta=medidoruim
PSP_EXTRATLEITIMPL_220526_0408_20000000008102983704_000.jpg,PSP_EXTRATLEITIMPL_220526_0408,mikael,legivel,,pasta=medidor
PSP_EXTRATLEITIMPL_220526_0408_20000000008102985558_000.jpg,PSP_EXTRATLEITIMPL_220526_0408,mikael,ilegivel,,pasta=medidoruim
PSP_EXTRATLEITIMPL_220526_0408_20000000008102985568_000.jpg,PSP_EXTRATLEITIMPL_220526_0408,mikael,ilegivel,,pasta=medidoruim
PSP_EXTRATLEITIMPL_220526_0408_20000000008102989293_000.jpg,PSP_EXTRATLEITIMPL_220526_0408,mikael,ilegivel,,pasta=medidoruim
PSP_EXTRATLEITIMPL_220526_0408_20000000008102989296_000.jpg,PSP_EXTRATLEITIMPL_220526_0408,mikael,ilegivel,,pasta=medidoruim
PSP_EXTRATLEITIMPL_220526_0408_20000000008102991189_001.jpg,PSP_EXTRATLEITIMPL_220526_0408,mikael,ilegivel,,pasta=medidoruim
PSP_EXTRATLEITIMPL_220526_0408_20000000008102994025_000.jpg,PSP_EXTRATLEITIMPL_220526_0408,mikael,ilegivel,,pasta=medidoruim
PSP_EXTRATLEITIMPL_220526_0408_20000000008152953973_000.jpg,PSP_EXTRATLEITIMPL_220526_0408,mikael,legivel,,pasta=medidor
PSP_EXTRATLEITIMPL_220526_0408_20000000008152959921_000.jpg,PSP_EXTRATLEITIMPL_220526_0408,mikael,legivel,,pasta=medidor
PSP_EXTRATLEITIMPL_220526_0408_20000000008152959945_000.jpg,PSP_EXTRATLEITIMPL_220526_0408,mikael,ilegivel,,pasta=medidoruim
PSP_EXTRATLEITIMPL_220526_0408_20000000008152963932_000.jpg,PSP_EXTRATLEITIMPL_220526_0408,mikael,ilegivel,,pasta=medidoruim
PSP_EXTRATLEITIMPL_220526_0408_20000000008152968740_000.jpg,PSP_EXTRATLEITIMPL_220526_0408,mikael,ilegivel,,pasta=medidoruim
PSP_EXTRATLEITIMPL_220526_0408_20000000008152969729_000.jpg,PSP_EXTRATLEITIMPL_220526_0408,mikael,ilegivel,,pasta=medidoruim
PSP_EXTRATLEITIMPL_220526_0408_20000000008152969744_000.jpg,PSP_EXTRATLEITIMPL_220526_0408,mikael,ilegivel,,pasta=medidoruim
PSP_EXTRATLEITIMPL_220526_0408_20000000008152970666_000.jpg,PSP_EXTRATLEITIMPL_220526_0408,mikael,sem_medidor,,pasta=ntem
PSP_EXTRATLEITIMPL_220526_0408_20000000008152971676_000.jpg,PSP_EXTRATLEITIMPL_220526_0408,mikael,ilegivel,,pasta=medidoruim
PSP_EXTRATLEITIMPL_220526_0408_20000000008152974455_000.jpg,PSP_EXTRATLEITIMPL_220526_0408,mikael,ilegivel,,pasta=medidoruim
PSP_EXTRATLEITIMPL_220526_0408_20000000008152976444_000.jpg,PSP_EXTRATLEITIMPL_220526_0408,mikael,ilegivel,,pasta=medidoruim
PSP_EXTRATLEITIMPL_220526_0408_20000000008152977405_000.jpg,PSP_EXTRATLEITIMPL_220526_0408,mikael,sem_medidor,,pasta=ntem
PSP_EXTRATLEITIMPL_220526_0408_20000000008152978324_000.jpg,PSP_EXTRATLEITIMPL_220526_0408,mikael,ilegivel,,pasta=medidoruim
PSP_EXTRATLEITIMPL_220526_0408_20000000008152980178_000.jpg,PSP_EXTRATLEITIMPL_220526_0408,mikael,legivel,,pasta=medidor
PSP_EXTRATLEITIMPL_220526_0408_20000000008152983042_000.jpg,PSP_EXTRATLEITIMPL_220526_0408,mikael,ilegivel,,pasta=medidoruim
PSP_EXTRATLEITIMPL_220526_0408_20000000008152983043_000.jpg,PSP_EXTRATLEITIMPL_220526_0408,mikael,ilegivel,,pasta=medidoruim
PSP_EXTRATLEITIMPL_220526_0408_20000000008152984008_000.jpg,PSP_EXTRATLEITIMPL_220526_0408,mikael,ilegivel,,pasta=medidoruim
PSP_EXTRATLEITIMPL_220526_0408_20000000008202961976_000.jpg,PSP_EXTRATLEITIMPL_220526_0408,mikael,ilegivel,,pasta=medidoruim
PSP_EXTRATLEITIMPL_220526_0408_20000000008202961977_000.jpg,PSP_EXTRATLEITIMPL_220526_0408,mikael,sem_medidor,,pasta=ntem
PSP_EXTRATLEITIMPL_220526_0408_20000000008202962952_002.jpg,PSP_EXTRATLEITIMPL_220526_0408,mikael,ilegivel,,pasta=medidoruim
PSP_EXTRATLEITIMPL_220526_0408_20000000008202965863_000.jpg,PSP_EXTRATLEITIMPL_220526_0408,mikael,ilegivel,,pasta=medidoruim
PSP_EXTRATLEITIMPL_220526_0408_20000000008202968758_000.jpg,PSP_EXTRATLEITIMPL_220526_0408,mikael,legivel,,pasta=medidor
PSP_EXTRATLEITIMPL_220526_0408_20000000008202972674_000.jpg,PSP_EXTRATLEITIMPL_220526_0408,mikael,ilegivel,,pasta=medidoruim
PSP_EXTRATLEITIMPL_220526_0408_20000000008202973586_000.jpg,PSP_EXTRATLEITIMPL_220526_0408,mikael,ilegivel,,pasta=medidoruim
PSP_EXTRATLEITIMPL_220526_0408_20000000008202975511_000.jpg,PSP_EXTRATLEITIMPL_220526_0408,mikael,ilegivel,,pasta=medidoruim
PSP_EXTRATLEITIMPL_220526_0408_20000000008202976405_000.jpg,PSP_EXTRATLEITIMPL_220526_0408,mikael,legivel,,pasta=medidor
PSP_EXTRATLEITIMPL_220526_0408_20000000008202977421_000.jpg,PSP_EXTRATLEITIMPL_220526_0408,mikael,ilegivel,,pasta=medidoruim
PSP_EXTRATLEITIMPL_220526_0408_20000000008252948900_000.jpg,PSP_EXTRATLEITIMPL_220526_0408,mikael,ilegivel,,pasta=medidoruim
PSP_EXTRATLEITIMPL_220526_0408_20000000008252954883_000.jpg,PSP_EXTRATLEITIMPL_220526_0408,mikael,ilegivel,,pasta=medidoruim
PSP_EXTRATLEITIMPL_220526_0408_20000000008252963588_000.jpg,PSP_EXTRATLEITIMPL_220526_0408,mikael,legivel,,pasta=medidor
PSP_EXTRATLEITIMPL_220526_0408_20000000008252964548_000.jpg,PSP_EXTRATLEITIMPL_220526_0408,mikael,ilegivel,,pasta=medidoruim
PSP_EXTRATLEITIMPL_220526_0408_20000000008252974013_000.jpg,PSP_EXTRATLEITIMPL_220526_0408,mikael,ilegivel,,pasta=medidoruim
PSP_EXTRATLEITIMPL_220526_0408_20000000008302974687_000.jpg,PSP_EXTRATLEITIMPL_220526_0408,mikael,ilegivel,,pasta=medidoruim
PSP_EXTRATLEITIMPL_220526_0408_20000000008302974697_001.jpg,PSP_EXTRATLEITIMPL_220526_0408,mikael,ilegivel,,pasta=medidoruim
PSP_EXTRATLEITIMPL_220526_0408_20000000008302977569_000.jpg,PSP_EXTRATLEITIMPL_220526_0408,mikael,ilegivel,,pasta=medidoruim
PSP_EXTRATLEITIMPL_220526_0408_20000000008302978523_000.jpg,PSP_EXTRATLEITIMPL_220526_0408,mikael,ilegivel,,pasta=medidoruim
PSP_EXTRATLEITIMPL_220526_0408_20000000008302982266_001.jpg,PSP_EXTRATLEITIMPL_220526_0408,mikael,legivel,,pasta=medidor
PSP_EXTRATLEITIMPL_220526_0408_20000000008302982271_000.jpg,PSP_EXTRATLEITIMPL_220526_0408,mikael,legivel,,pasta=medidor
PSP_EXTRATLEITIMPL_220526_0408_20000000008352970941_000.jpg,PSP_EXTRATLEITIMPL_220526_0408,mikael,ilegivel,,pasta=medidoruim
PSP_EXTRATLEITIMPL_220526_0408_20000000008352970946_000.jpg,PSP_EXTRATLEITIMPL_220526_0408,mikael,ilegivel,,pasta=medidoruim
PSP_EXTRATLEITIMPL_220526_0408_20000000008352970949_000.jpg,PSP_EXTRATLEITIMPL_220526_0408,mikael,ilegivel,,pasta=medidoruim
PSP_EXTRATLEITIMPL_220526_0408_20000000008352974941_000.jpg,PSP_EXTRATLEITIMPL_220526_0408,mikael,ilegivel,,pasta=medidoruim
PSP_EXTRATLEITIMPL_220526_0408_20000000008352976908_000.jpg,PSP_EXTRATLEITIMPL_220526_0408,mikael,ilegivel,,pasta=medidoruim
PSP_EXTRATLEITIMPL_220526_0408_20000000008352986550_000.jpg,PSP_EXTRATLEITIMPL_220526_0408,mikael,ilegivel,,pasta=medidoruim
PSP_EXTRATLEITIMPL_220526_0408_20000000008352991193_000.jpg,PSP_EXTRATLEITIMPL_220526_0408,mikael,ilegivel,,pasta=medidoruim
PSP_EXTRATLEITIMPL_220526_0408_20000000008352994007_000.jpg,PSP_EXTRATLEITIMPL_220526_0408,mikael,ilegivel,,pasta=medidoruim
PSP_EXTRATLEITIMPL_220526_0408_20000000008402941998_000.jpg,PSP_EXTRATLEITIMPL_220526_0408,mikael,ilegivel,,pasta=medidoruim
PSP_EXTRATLEITIMPL_220526_0408_20000000008402952896_000.jpg,PSP_EXTRATLEITIMPL_220526_0408,mikael,ilegivel,,pasta=medidoruim
PSP_EXTRATLEITIMPL_220526_0408_20000000008402959748_000.jpg,PSP_EXTRATLEITIMPL_220526_0408,mikael,ilegivel,,pasta=medidoruim
PSP_EXTRATLEITIMPL_220526_0408_20000000008402961695_000.jpg,PSP_EXTRATLEITIMPL_220526_0408,mikael,ilegivel,,pasta=medidoruim
PSP_EXTRATLEITIMPL_220526_0408_20000000008402961703_000.jpg,PSP_EXTRATLEITIMPL_220526_0408,mikael,ilegivel,,pasta=medidoruim
PSP_EXTRATLEITIMPL_220526_0408_20000000008402964590_000.jpg,PSP_EXTRATLEITIMPL_220526_0408,mikael,ilegivel,,pasta=medidoruim
PSP_EXTRATLEITIMPL_220526_0408_20000000008402965510_000.jpg,PSP_EXTRATLEITIMPL_220526_0408,mikael,ilegivel,,pasta=medidoruim
PSP_EXTRATLEITIMPL_220526_0408_20000000008402967371_000.jpg,PSP_EXTRATLEITIMPL_220526_0408,mikael,legivel,,pasta=medidor
PSP_EXTRATLEITIMPL_220526_0408_20000000008402967378_000.jpg,PSP_EXTRATLEITIMPL_220526_0408,mikael,sem_medidor,,pasta=ntem
PSP_EXTRATLEITIMPL_220526_0408_20000000008402968415_000.jpg,PSP_EXTRATLEITIMPL_220526_0408,mikael,ilegivel,,pasta=medidoruim
PSP_EXTRATLEITIMPL_220526_0408_20000000008402968418_000.jpg,PSP_EXTRATLEITIMPL_220526_0408,mikael,ilegivel,,pasta=medidoruim
PSP_EXTRATLEITIMPL_220526_0408_20000000008402969270_000.jpg,PSP_EXTRATLEITIMPL_220526_0408,mikael,ilegivel,,pasta=medidoruim
PSP_EXTRATLEITIMPL_220526_0408_20000000008402970157_000.jpg,PSP_EXTRATLEITIMPL_220526_0408,mikael,legivel,,pasta=medidor
PSP_EXTRATLEITIMPL_220526_0408_20000000008402970161_000.jpg,PSP_EXTRATLEITIMPL_220526_0408,mikael,legivel,,pasta=medidor
PSP_EXTRATLEITIMPL_220526_0408_20000000008402972070_000.jpg,PSP_EXTRATLEITIMPL_220526_0408,mikael,ilegivel,,pasta=medidoruim
PSP_EXTRATLEITIMPL_220526_0408_20000000008452948986_000.jpg,PSP_EXTRATLEITIMPL_220526_0408,mikael,ilegivel,,pasta=medidoruim
PSP_EXTRATLEITIMPL_220526_0408_20000000008452951964_000.jpg,PSP_EXTRATLEITIMPL_220526_0408,mikael,ilegivel,,pasta=medidoruim
PSP_EXTRATLEITIMPL_220526_0408_20000000008452951973_000.jpg,PSP_EXTRATLEITIMPL_220526_0408,mikael,ilegivel,,pasta=medidoruim
PSP_EXTRATLEITIMPL_220526_0408_20000000008452961730_000.jpg,PSP_EXTRATLEITIMPL_220526_0408,mikael,ilegivel,,pasta=medidoruim
PSP_EXTRATLEITIMPL_220526_0408_20000000008452963716_001.jpg,PSP_EXTRATLEITIMPL_220526_0408,mikael,ilegivel,,pasta=medidoruim
PSP_EXTRATLEITIMPL_220526_0408_20000000008452971349_000.jpg,PSP_EXTRATLEITIMPL_220526_0408,mikael,ilegivel,,pasta=medidoruim
PSP_EXTRATLEITIMPL_220526_0408_20000000008452972290_000.jpg,PSP_EXTRATLEITIMPL_220526_0408,mikael,ilegivel,,pasta=medidoruim
PSP_EXTRATLEITIMPL_220526_0408_20000000008452975051_000.jpg,PSP_EXTRATLEITIMPL_220526_0408,mikael,ilegivel,,pasta=medidoruim
PSP_EXTRATLEITIMPL_220526_0408_20000000008452976023_000.jpg,PSP_EXTRATLEITIMPL_220526_0408,mikael,ilegivel,,pasta=medidoruim
PSP_EXTRATLEITIMPL_220526_0408_20000000008502942978_000.jpg,PSP_EXTRATLEITIMPL_220526_0408,mikael,legivel,,pasta=medidor
PSP_EXTRATLEITIMPL_220526_0408_20000000008502953917_000.jpg,PSP_EXTRATLEITIMPL_220526_0408,mikael,ilegivel,,pasta=medidoruim
PSP_EXTRATLEITIMPL_220526_0408_20000000008502957793_000.jpg,PSP_EXTRATLEITIMPL_220526_0408,mikael,sem_medidor,,pasta=ntem
PSP_EXTRATLEITIMPL_220526_0408_20000000008502963472_000.jpg,PSP_EXTRATLEITIMPL_220526_0408,mikael,ilegivel,,pasta=medidoruim
PSP_EXTRATLEITIMPL_220526_0408_20000000008502963477_000.jpg,PSP_EXTRATLEITIMPL_220526_0408,mikael,legivel,,pasta=medidor
PSP_EXTRATLEITIMPL_220526_0408_20000000008552953901_000.jpg,PSP_EXTRATLEITIMPL_220526_0408,mikael,sem_medidor,,pasta=ntem
PSP_EXTRATLEITIMPL_220526_0408_20000000008552961909_000.jpg,PSP_EXTRATLEITIMPL_220526_0408,mikael,legivel,,pasta=medidor
PSP_EXTRATLEITIMPL_220526_0408_20000000008552969825_000.jpg,PSP_EXTRATLEITIMPL_220526_0408,mikael,ilegivel,,pasta=medidoruim
PSP_EXTRATLEITIMPL_220526_0408_20000000008602977652_000.jpg,PSP_EXTRATLEITIMPL_220526_0408,mikael,ilegivel,,pasta=medidoruim
PSP_EXTRATLEITIMPL_220526_0408_20000000008602978625_000.jpg,PSP_EXTRATLEITIMPL_220526_0408,mikael,ilegivel,,pasta=medidoruim
PSP_EXTRATLEITIMPL_220526_0408_20000000008602980568_000.jpg,PSP_EXTRATLEITIMPL_220526_0408,mikael,ilegivel,,pasta=medidoruim
PSP_EXTRATLEITIMPL_220526_0408_20000000008602984393_000.jpg,PSP_EXTRATLEITIMPL_220526_0408,mikael,ilegivel,,pasta=medidoruim
PSP_EXTRATLEITIMPL_220526_0408_20000000008602985271_000.jpg,PSP_EXTRATLEITIMPL_220526_0408,mikael,ilegivel,,pasta=medidoruim
PSP_EXTRATLEITIMPL_220526_0408_20000000008602987211_000.jpg,PSP_EXTRATLEITIMPL_220526_0408,mikael,ilegivel,,pasta=medidoruim
PSP_EXTRATLEITIMPL_220526_0408_20000000008602989004_000.jpg,PSP_EXTRATLEITIMPL_220526_0408,mikael,ilegivel,,pasta=medidoruim
PSP_EXTRATLEITIMPL_220526_0408_20000000008652966968_000.jpg,PSP_EXTRATLEITIMPL_220526_0408,mikael,ilegivel,,pasta=medidoruim
PSP_EXTRATLEITIMPL_220526_0408_20000000008652968941_000.jpg,PSP_EXTRATLEITIMPL_220526_0408,mikael,ilegivel,,pasta=medidoruim
PSP_EXTRATLEITIMPL_220526_0408_20000000008652979713_000.jpg,PSP_EXTRATLEITIMPL_220526_0408,mikael,legivel,,pasta=medidor
PSP_EXTRATLEITIMPL_220526_0408_20000000008652981703_000.jpg,PSP_EXTRATLEITIMPL_220526_0408,mikael,ilegivel,,pasta=medidoruim
PSP_EXTRATLEITIMPL_220526_0408_20000000008652985379_000.jpg,PSP_EXTRATLEITIMPL_220526_0408,mikael,sem_medidor,,pasta=ntem
PSP_EXTRATLEITIMPL_220526_0408_20000000008652987303_000.jpg,PSP_EXTRATLEITIMPL_220526_0408,mikael,ilegivel,,pasta=medidoruim
PSP_EXTRATLEITIMPL_220526_0408_20000000008652988244_000.jpg,PSP_EXTRATLEITIMPL_220526_0408,mikael,ilegivel,,pasta=medidoruim
PSP_EXTRATLEITIMPL_220526_0408_20000000008702964959_000.jpg,PSP_EXTRATLEITIMPL_220526_0408,mikael,legivel,,pasta=medidor
PSP_EXTRATLEITIMPL_220526_0408_20000000008702975825_000.jpg,PSP_EXTRATLEITIMPL_220526_0408,mikael,legivel,,pasta=medidor
PSP_EXTRATLEITIMPL_220526_0408_20000000008702977782_000.jpg,PSP_EXTRATLEITIMPL_220526_0408,mikael,ilegivel,,pasta=medidoruim
PSP_EXTRATLEITIMPL_220526_0408_20000000008702979666_000.jpg,PSP_EXTRATLEITIMPL_220526_0408,mikael,ilegivel,,pasta=medidoruim
PSP_EXTRATLEITIMPL_220526_0408_20000000008702982562_000.jpg,PSP_EXTRATLEITIMPL_220526_0408,mikael,legivel,,pasta=medidor
PSP_EXTRATLEITIMPL_220526_0408_20000000008702984422_000.jpg,PSP_EXTRATLEITIMPL_220526_0408,mikael,ilegivel,,pasta=medidoruim
PSP_EXTRATLEITIMPL_220526_0408_20000000008702984425_000.jpg,PSP_EXTRATLEITIMPL_220526_0408,mikael,ilegivel,,pasta=medidoruim
PSP_EXTRATLEITIMPL_220526_0408_20000000008702988142_000.jpg,PSP_EXTRATLEITIMPL_220526_0408,mikael,ilegivel,,pasta=medidoruim
PSP_EXTRATLEITIMPL_220526_0408_20000000008702992010_000.jpg,PSP_EXTRATLEITIMPL_220526_0408,mikael,ilegivel,,pasta=medidoruim
PSP_EXTRATLEITIMPL_220526_0408_20000000008752953979_000.jpg,PSP_EXTRATLEITIMPL_220526_0408,mikael,ilegivel,,pasta=medidoruim
PSP_EXTRATLEITIMPL_220526_0408_20000000008752960877_000.jpg,PSP_EXTRATLEITIMPL_220526_0408,mikael,ilegivel,,pasta=medidoruim
PSP_EXTRATLEITIMPL_220526_0408_20000000008752964806_000.jpg,PSP_EXTRATLEITIMPL_220526_0408,mikael,ilegivel,,pasta=medidoruim
PSP_EXTRATLEITIMPL_220526_0408_20000000008752972443_000.jpg,PSP_EXTRATLEITIMPL_220526_0408,mikael,legivel,,pasta=medidor
PSP_EXTRATLEITIMPL_220526_0408_20000000008752973432_000.jpg,PSP_EXTRATLEITIMPL_220526_0408,mikael,ilegivel,,pasta=medidoruim
PSP_EXTRATLEITIMPL_220526_0408_20000000008752976186_000.jpg,PSP_EXTRATLEITIMPL_220526_0408,mikael,ilegivel,,pasta=medidoruim
PSP_EXTRATLEITIMPL_220526_0408_20000000008752977068_000.jpg,PSP_EXTRATLEITIMPL_220526_0408,mikael,ilegivel,,pasta=medidoruim
PSP_EXTRATLEITIMPL_220526_0408_20000000008752978012_000.jpg,PSP_EXTRATLEITIMPL_220526_0408,mikael,ilegivel,,pasta=medidoruim
PSP_EXTRATLEITIMPL_220526_0408_20000000008802962852_000.jpg,PSP_EXTRATLEITIMPL_220526_0408,mikael,ilegivel,,pasta=medidoruim
PSP_EXTRATLEITIMPL_220526_0408_20000000008802962854_000.jpg,PSP_EXTRATLEITIMPL_220526_0408,mikael,ilegivel,,pasta=medidoruim
PSP_EXTRATLEITIMPL_220526_0408_20000000008802968768_000.jpg,PSP_EXTRATLEITIMPL_220526_0408,mikael,ilegivel,,pasta=medidoruim
PSP_EXTRATLEITIMPL_220526_0408_20000000008802973516_000.jpg,PSP_EXTRATLEITIMPL_220526_0408,mikael,ilegivel,,pasta=medidoruim
PSP_EXTRATLEITIMPL_220526_0408_20000000008802974502_000.jpg,PSP_EXTRATLEITIMPL_220526_0408,mikael,ilegivel,,pasta=medidoruim
PSP_EXTRATLEITIMPL_220526_0408_20000000008802974516_000.jpg,PSP_EXTRATLEITIMPL_220526_0408,mikael,legivel,,pasta=medidor
PSP_EXTRATLEITIMPL_220526_0408_20000000008802976396_000.jpg,PSP_EXTRATLEITIMPL_220526_0408,mikael,ilegivel,,pasta=medidoruim
PSP_EXTRATLEITIMPL_220526_0408_20000000008802976411_001.jpg,PSP_EXTRATLEITIMPL_220526_0408,mikael,ilegivel,,pasta=medidoruim
PSP_EXTRATLEITIMPL_220526_0408_20000000008802979204_000.jpg,PSP_EXTRATLEITIMPL_220526_0408,mikael,ilegivel,,pasta=medidoruim
PSP_EXTRATLEITIMPL_220526_0408_20000000008802983016_000.jpg,PSP_EXTRATLEITIMPL_220526_0408,mikael,ilegivel,,pasta=medidoruim
PSP_EXTRATLEITIMPL_220526_0408_20000000008852956911_000.jpg,PSP_EXTRATLEITIMPL_220526_0408,mikael,ilegivel,,pasta=medidoruim
PSP_EXTRATLEITIMPL_220526_0408_20000000008852961917_000.jpg,PSP_EXTRATLEITIMPL_220526_0408,mikael,ilegivel,,pasta=medidoruim
PSP_EXTRATLEITIMPL_220526_0408_20000000008852969805_000.jpg,PSP_EXTRATLEITIMPL_220526_0408,mikael,legivel,,pasta=medidor
PSP_EXTRATLEITIMPL_220526_0408_20000000008852973662_000.jpg,PSP_EXTRATLEITIMPL_220526_0408,mikael,ilegivel,,pasta=medidoruim
PSP_EXTRATLEITIMPL_220526_0408_20000000008852973665_000.jpg,PSP_EXTRATLEITIMPL_220526_0408,mikael,sem_medidor,,pasta=ntem
PSP_EXTRATLEITIMPL_220526_0408_20000000008852974573_000.jpg,PSP_EXTRATLEITIMPL_220526_0408,mikael,ilegivel,,pasta=medidoruim
PSP_EXTRATLEITIMPL_220526_0408_20000000008852974582_000.jpg,PSP_EXTRATLEITIMPL_220526_0408,mikael,ilegivel,,pasta=medidoruim
PSP_EXTRATLEITIMPL_220526_0408_20000000008852976531_000.jpg,PSP_EXTRATLEITIMPL_220526_0408,mikael,ilegivel,,pasta=medidoruim
PSP_EXTRATLEITIMPL_220526_0408_20000000008852979419_000.jpg,PSP_EXTRATLEITIMPL_220526_0408,mikael,ilegivel,,pasta=medidoruim
PSP_EXTRATLEITIMPL_220526_0408_20000000008852984009_000.jpg,PSP_EXTRATLEITIMPL_220526_0408,mikael,ilegivel,,pasta=medidoruim
PSP_EXTRATLEITIMPL_220526_0408_20000000008852985011_000.jpg,PSP_EXTRATLEITIMPL_220526_0408,mikael,ilegivel,,pasta=medidoruim
PSP_EXTRATLEITIMPL_220526_0408_20000000008852985016_000.jpg,PSP_EXTRATLEITIMPL_220526_0408,mikael,sem_medidor,,pasta=ntem
PSP_EXTRATLEITIMPL_220526_0408_20000000008902956895_000.jpg,PSP_EXTRATLEITIMPL_220526_0408,mikael,ilegivel,,pasta=medidoruim
PSP_EXTRATLEITIMPL_220526_0408_20000000008902957915_000.jpg,PSP_EXTRATLEITIMPL_220526_0408,mikael,ilegivel,,pasta=medidoruim
PSP_EXTRATLEITIMPL_220526_0408_20000000008902958830_000.jpg,PSP_EXTRATLEITIMPL_220526_0408,mikael,ilegivel,,pasta=medidoruim
PSP_EXTRATLEITIMPL_220526_0408_20000000008902962783_000.jpg,PSP_EXTRATLEITIMPL_220526_0408,mikael,ilegivel,,pasta=medidoruim
PSP_EXTRATLEITIMPL_220526_0408_20000000008902964689_000.jpg,PSP_EXTRATLEITIMPL_220526_0408,mikael,ilegivel,,pasta=medidoruim
PSP_EXTRATLEITIMPL_220526_0408_20000000008902964713_000.jpg,PSP_EXTRATLEITIMPL_220526_0408,mikael,ilegivel,,pasta=medidoruim
PSP_EXTRATLEITIMPL_220526_0408_20000000008902965605_000.jpg,PSP_EXTRATLEITIMPL_220526_0408,mikael,ilegivel,,pasta=medidoruim
PSP_EXTRATLEITIMPL_220526_0408_20000000008902976048_000.jpg,PSP_EXTRATLEITIMPL_220526_0408,mikael,legivel,,pasta=medidor
PSP_EXTRATLEITIMPL_220526_0408_20000000008952943978_000.jpg,PSP_EXTRATLEITIMPL_220526_0408,mikael,ilegivel,,pasta=medidoruim
PSP_EXTRATLEITIMPL_220526_0408_20000000008952946932_000.jpg,PSP_EXTRATLEITIMPL_220526_0408,mikael,sem_medidor,,pasta=ntem
PSP_EXTRATLEITIMPL_220526_0408_20000000008952949919_000.jpg,PSP_EXTRATLEITIMPL_220526_0408,mikael,ilegivel,,pasta=medidoruim
PSP_EXTRATLEITIMPL_220526_0408_20000000008952965348_000.jpg,PSP_EXTRATLEITIMPL_220526_0408,mikael,ilegivel,,pasta=medidoruim
PSP_EXTRATLEITIMPL_220526_0408_20000000008952970019_000.jpg,PSP_EXTRATLEITIMPL_220526_0408,mikael,ilegivel,,pasta=medidoruim
PSP_EXTRATLEITIMPL_220526_0408_20000000008952971025_000.jpg,PSP_EXTRATLEITIMPL_220526_0408,mikael,ilegivel,,pasta=medidoruim
PSP_EXTRATLEITIMPL_220526_0408_20000000009002974800_000.jpg,PSP_EXTRATLEITIMPL_220526_0408,mikael,legivel,,pasta=medidor
PSP_EXTRATLEITIMPL_220526_0408_20000000009002975718_001.jpg,PSP_EXTRATLEITIMPL_220526_0408,mikael,ilegivel,,pasta=medidoruim
PSP_EXTRATLEITIMPL_220526_0408_20000000009002977659_000.jpg,PSP_EXTRATLEITIMPL_220526_0408,mikael,legivel,,pasta=medidor
PSP_EXTRATLEITIMPL_220526_0408_20000000009002977665_000.jpg,PSP_EXTRATLEITIMPL_220526_0408,mikael,ilegivel,,pasta=medidoruim
PSP_EXTRATLEITIMPL_220526_0408_20000000009002979610_000.jpg,PSP_EXTRATLEITIMPL_220526_0408,mikael,ilegivel,,pasta=medidoruim
PSP_EXTRATLEITIMPL_220526_0408_20000000009002979622_000.jpg,PSP_EXTRATLEITIMPL_220526_0408,mikael,ilegivel,,pasta=medidoruim
PSP_EXTRATLEITIMPL_220526_0408_20000000009002982298_000.jpg,PSP_EXTRATLEITIMPL_220526_0408,mikael,legivel,,pasta=medidor
PSP_EXTRATLEITIMPL_220526_0408_20000000009052950899_000.jpg,PSP_EXTRATLEITIMPL_220526_0408,mikael,legivel,,pasta=medidor
PSP_EXTRATLEITIMPL_220526_0408_20000000009052952887_000.jpg,PSP_EXTRATLEITIMPL_220526_0408,mikael,ilegivel,,pasta=medidoruim
PSP_EXTRATLEITIMPL_220526_0408_20000000009052952902_000.jpg,PSP_EXTRATLEITIMPL_220526_0408,mikael,ilegivel,,pasta=medidoruim
PSP_EXTRATLEITIMPL_220526_0408_20000000009052963673_000.jpg,PSP_EXTRATLEITIMPL_220526_0408,mikael,ilegivel,,pasta=medidoruim
PSP_EXTRATLEITIMPL_220526_0408_20000000009052964690_000.jpg,PSP_EXTRATLEITIMPL_220526_0408,mikael,ilegivel,,pasta=medidoruim
PSP_EXTRATLEITIMPL_220526_0408_20000000009052965603_000.jpg,PSP_EXTRATLEITIMPL_220526_0408,mikael,ilegivel,,pasta=medidoruim
PSP_EXTRATLEITIMPL_220526_0408_20000000009052967598_000.jpg,PSP_EXTRATLEITIMPL_220526_0408,mikael,ilegivel,,pasta=medidoruim
PSP_EXTRATLEITIMPL_220526_0408_20000000009052974097_000.jpg,PSP_EXTRATLEITIMPL_220526_0408,mikael,ilegivel,,pasta=medidoruim
PSP_EXTRATLEITIMPL_220526_0408_20000000009052976017_000.jpg,PSP_EXTRATLEITIMPL_220526_0408,mikael,ilegivel,,pasta=medidoruim
PSP_EXTRATLEITIMPL_220526_0408_20000000009102954953_000.jpg,PSP_EXTRATLEITIMPL_220526_0408,mikael,ilegivel,,pasta=medidoruim
PSP_EXTRATLEITIMPL_220526_0408_20000000009102959918_000.jpg,PSP_EXTRATLEITIMPL_220526_0408,mikael,ilegivel,,pasta=medidoruim
PSP_EXTRATLEITIMPL_220526_0408_20000000009102978005_000.jpg,PSP_EXTRATLEITIMPL_220526_0408,mikael,sem_medidor,,pasta=ntem
PSP_EXTRATLEITIMPL_220526_0408_20000000009102979020_000.jpg,PSP_EXTRATLEITIMPL_220526_0408,mikael,ilegivel,,pasta=medidoruim
PSP_EXTRATLEITIMPL_220526_0408_20000000009102980003_000.jpg,PSP_EXTRATLEITIMPL_220526_0408,mikael,ilegivel,,pasta=medidoruim
PSP_EXTRATLEITIMPL_220526_0408_20000000009152963936_000.jpg,PSP_EXTRATLEITIMPL_220526_0408,mikael,legivel,,pasta=medidor
PSP_EXTRATLEITIMPL_220526_0408_20000000009152983227_000.jpg,PSP_EXTRATLEITIMPL_220526_0408,mikael,ilegivel,,pasta=medidoruim
PSP_EXTRATLEITIMPL_220526_0408_20000000009152984202_001.jpg,PSP_EXTRATLEITIMPL_220526_0408,mikael,ilegivel,,pasta=medidoruim
PSP_EXTRATLEITIMPL_220526_0408_20000000009152986054_000.jpg,PSP_EXTRATLEITIMPL_220526_0408,mikael,ilegivel,,pasta=medidoruim
PSP_EXTRATLEITIMPL_220526_0408_20000000009152987019_000.jpg,PSP_EXTRATLEITIMPL_220526_0408,mikael,ilegivel,,pasta=medidoruim
PSP_EXTRATLEITIMPL_220526_0408_20000000009152987022_000.jpg,PSP_EXTRATLEITIMPL_220526_0408,mikael,legivel,,pasta=medidor
PSP_EXTRATLEITIMPL_220526_0408_20000000009202969920_000.jpg,PSP_EXTRATLEITIMPL_220526_0408,mikael,ilegivel,,pasta=medidoruim
PSP_EXTRATLEITIMPL_220526_0408_20000000009202970843_000.jpg,PSP_EXTRATLEITIMPL_220526_0408,mikael,ilegivel,,pasta=medidoruim
PSP_EXTRATLEITIMPL_220526_0408_20000000009202978554_000.jpg,PSP_EXTRATLEITIMPL_220526_0408,mikael,ilegivel,,pasta=medidoruim
PSP_EXTRATLEITIMPL_220526_0408_20000000009252954965_000.jpg,PSP_EXTRATLEITIMPL_220526_0408,mikael,legivel,,pasta=medidor
PSP_EXTRATLEITIMPL_220526_0408_20000000009252956943_000.jpg,PSP_EXTRATLEITIMPL_220526_0408,mikael,legivel,,pasta=medidor
PSP_EXTRATLEITIMPL_220526_0408_20000000009252962882_000.jpg,PSP_EXTRATLEITIMPL_220526_0408,mikael,ilegivel,,pasta=medidoruim
PSP_EXTRATLEITIMPL_220526_0408_20000000009252966748_000.jpg,PSP_EXTRATLEITIMPL_220526_0408,mikael,ilegivel,,pasta=medidoruim
PSP_EXTRATLEITIMPL_220526_0408_20000000009252967784_000.jpg,PSP_EXTRATLEITIMPL_220526_0408,mikael,legivel,,pasta=medidor
PSP_EXTRATLEITIMPL_220526_0408_20000000009252968675_000.jpg,PSP_EXTRATLEITIMPL_220526_0408,mikael,ilegivel,,pasta=medidoruim
PSP_EXTRATLEITIMPL_220526_0408_20000000009252970638_000.jpg,PSP_EXTRATLEITIMPL_220526_0408,mikael,ilegivel,,pasta=medidoruim
PSP_EXTRATLEITIMPL_220526_0408_20000000009252975376_000.jpg,PSP_EXTRATLEITIMPL_220526_0408,mikael,ilegivel,,pasta=medidoruim
PSP_EXTRATLEITIMPL_220526_0408_20000000009252976269_000.jpg,PSP_EXTRATLEITIMPL_220526_0408,mikael,ilegivel,,pasta=medidoruim
PSP_EXTRATLEITIMPL_220526_0408_20000000009302965809_000.jpg,PSP_EXTRATLEITIMPL_220526_0408,mikael,ilegivel,,pasta=medidoruim
PSP_EXTRATLEITIMPL_220526_0408_20000000009302965828_001.jpg,PSP_EXTRATLEITIMPL_220526_0408,mikael,ilegivel,,pasta=medidoruim
PSP_EXTRATLEITIMPL_220526_0408_20000000009302973589_000.jpg,PSP_EXTRATLEITIMPL_220526_0408,mikael,ilegivel,,pasta=medidoruim
PSP_EXTRATLEITIMPL_220526_0408_20000000009302979056_000.jpg,PSP_EXTRATLEITIMPL_220526_0408,mikael,ilegivel,,pasta=medidoruim
PSP_EXTRATLEITIMPL_220526_0408_20000000009302979065_000.jpg,PSP_EXTRATLEITIMPL_220526_0408,mikael,ilegivel,,pasta=medidoruim
PSP_EXTRATLEITIMPL_220526_0408_20000000009302981021_000.jpg,PSP_EXTRATLEITIMPL_220526_0408,mikael,ilegivel,,pasta=medidoruim
PSP_EXTRATLEITIMPL_220526_0408_20000000009352965884_000.jpg,PSP_EXTRATLEITIMPL_220526_0408,mikael,ilegivel,,pasta=medidoruim
PSP_EXTRATLEITIMPL_220526_0408_20000000009352972800_000.jpg,PSP_EXTRATLEITIMPL_220526_0408,mikael,sem_medidor,,pasta=ntem
PSP_EXTRATLEITIMPL_220526_0408_20000000009352972809_000.jpg,PSP_EXTRATLEITIMPL_220526_0408,mikael,legivel,,pasta=medidor
PSP_EXTRATLEITIMPL_220526_0408_20000000009352983173_001.jpg,PSP_EXTRATLEITIMPL_220526_0408,mikael,legivel,,pasta=medidor
PSP_EXTRATLEITIMPL_220526_0408_20000000009352987006_000.jpg,PSP_EXTRATLEITIMPL_220526_0408,mikael,ilegivel,,pasta=medidoruim
PSP_EXTRATLEITIMPL_220526_0408_20000000009402941958_000.jpg,PSP_EXTRATLEITIMPL_220526_0408,mikael,ilegivel,,pasta=medidoruim
PSP_EXTRATLEITIMPL_220526_0408_20000000009402941960_000.jpg,PSP_EXTRATLEITIMPL_220526_0408,mikael,ilegivel,,pasta=medidoruim
PSP_EXTRATLEITIMPL_220526_0408_20000000009402941963_000.jpg,PSP_EXTRATLEITIMPL_220526_0408,mikael,ilegivel,,pasta=medidoruim
PSP_EXTRATLEITIMPL_220526_0408_20000000009402953867_000.jpg,PSP_EXTRATLEITIMPL_220526_0408,mikael,ilegivel,,pasta=medidoruim
PSP_EXTRATLEITIMPL_220526_0408_20000000009402966426_000.jpg,PSP_EXTRATLEITIMPL_220526_0408,mikael,ilegivel,,pasta=medidoruim
PSP_EXTRATLEITIMPL_220526_0408_20000000009402967311_000.jpg,PSP_EXTRATLEITIMPL_220526_0408,mikael,ilegivel,,pasta=medidoruim
PSP_EXTRATLEITIMPL_220526_0408_20000000009402970011_000.jpg,PSP_EXTRATLEITIMPL_220526_0408,mikael,legivel,,pasta=medidor
PSP_EXTRATLEITIMPL_220526_0408_20000000009452955903_000.jpg,PSP_EXTRATLEITIMPL_220526_0408,mikael,ilegivel,,pasta=medidoruim
PSP_EXTRATLEITIMPL_220526_0408_20000000009452958895_000.jpg,PSP_EXTRATLEITIMPL_220526_0408,mikael,legivel,,pasta=medidor
PSP_EXTRATLEITIMPL_220526_0408_20000000009452963767_001.jpg,PSP_EXTRATLEITIMPL_220526_0408,mikael,ilegivel,,pasta=medidoruim
PSP_EXTRATLEITIMPL_220526_0408_20000000009452964728_000.jpg,PSP_EXTRATLEITIMPL_220526_0408,mikael,sem_medidor,,pasta=ntem
PSP_EXTRATLEITIMPL_220526_0408_20000000009452965675_000.jpg,PSP_EXTRATLEITIMPL_220526_0408,mikael,ilegivel,,pasta=medidoruim
PSP_EXTRATLEITIMPL_220526_0408_20000000009452967640_000.jpg,PSP_EXTRATLEITIMPL_220526_0408,mikael,ilegivel,,pasta=medidoruim
PSP_EXTRATLEITIMPL_220526_0408_20000000009452975181_000.jpg,PSP_EXTRATLEITIMPL_220526_0408,mikael,ilegivel,,pasta=medidoruim
PSP_EXTRATLEITIMPL_220526_0408_20000000009452976112_000.jpg,PSP_EXTRATLEITIMPL_220526_0408,mikael,ilegivel,,pasta=medidoruim
PSP_EXTRATLEITIMPL_220526_0408_20000000009502955961_000.jpg,PSP_EXTRATLEITIMPL_220526_0408,mikael,ilegivel,,pasta=medidoruim
PSP_EXTRATLEITIMPL_220526_0408_20000000009502973625_000.jpg,PSP_EXTRATLEITIMPL_220526_0408,mikael,ilegivel,,pasta=medidoruim
PSP_EXTRATLEITIMPL_220526_0408_20000000009502973634_000.jpg,PSP_EXTRATLEITIMPL_220526_0408,mikael,ilegivel,,pasta=medidoruim
PSP_EXTRATLEITIMPL_220526_0408_20000000009502979298_000.jpg,PSP_EXTRATLEITIMPL_220526_0408,mikael,legivel,,pasta=medidor
PSP_EXTRATLEITIMPL_220526_0408_20000000009502980197_000.jpg,PSP_EXTRATLEITIMPL_220526_0408,mikael,ilegivel,,pasta=medidoruim
PSP_EXTRATLEITIMPL_220526_0408_20000000009502983072_000.jpg,PSP_EXTRATLEITIMPL_220526_0408,mikael,ilegivel,,pasta=medidoruim
PSP_EXTRATLEITIMPL_220526_0408_20000000009502984005_000.jpg,PSP_EXTRATLEITIMPL_220526_0408,mikael,ilegivel,,pasta=medidoruim
PSP_EXTRATLEITIMPL_220526_0408_20000000009552946982_000.jpg,PSP_EXTRATLEITIMPL_220526_0408,mikael,legivel,,pasta=medidor
PSP_EXTRATLEITIMPL_220526_0408_20000000009552949997_000.jpg,PSP_EXTRATLEITIMPL_220526_0408,mikael,legivel,,pasta=medidor
PSP_EXTRATLEITIMPL_220526_0408_20000000009552950950_000.jpg,PSP_EXTRATLEITIMPL_220526_0408,mikael,ilegivel,,pasta=medidoruim
PSP_EXTRATLEITIMPL_220526_0408_20000000009552959879_000.jpg,PSP_EXTRATLEITIMPL_220526_0408,mikael,ilegivel,,pasta=medidoruim
PSP_EXTRATLEITIMPL_220526_0408_20000000009552963814_000.jpg,PSP_EXTRATLEITIMPL_220526_0408,mikael,legivel,,pasta=medidor
PSP_EXTRATLEITIMPL_220526_0408_20000000009552964746_000.jpg,PSP_EXTRATLEITIMPL_220526_0408,mikael,ilegivel,,pasta=medidoruim
PSP_EXTRATLEITIMPL_220526_0408_20000000009552966660_000.jpg,PSP_EXTRATLEITIMPL_220526_0408,mikael,ilegivel,,pasta=medidoruim
PSP_EXTRATLEITIMPL_220526_0408_20000000009552967563_000.jpg,PSP_EXTRATLEITIMPL_220526_0408,mikael,ilegivel,,pasta=medidoruim
PSP_EXTRATLEITIMPL_220526_0408_20000000009552968607_005.jpg,PSP_EXTRATLEITIMPL_220526_0408,mikael,ilegivel,,pasta=medidoruim
PSP_EXTRATLEITIMPL_220526_0408_20000000009552978008_000.jpg,PSP_EXTRATLEITIMPL_220526_0408,mikael,ilegivel,,pasta=medidoruim
PSP_EXTRATLEITIMPL_220526_0408_20000000009602965923_000.jpg,PSP_EXTRATLEITIMPL_220526_0408,mikael,ilegivel,,pasta=medidoruim
PSP_EXTRATLEITIMPL_220526_0408_20000000009602966921_000.jpg,PSP_EXTRATLEITIMPL_220526_0408,mikael,sem_medidor,,pasta=ntem
PSP_EXTRATLEITIMPL_220526_0408_20000000009602967854_000.jpg,PSP_EXTRATLEITIMPL_220526_0408,mikael,ilegivel,,pasta=medidoruim
PSP_EXTRATLEITIMPL_220526_0408_20000000009602972783_000.jpg,PSP_EXTRATLEITIMPL_220526_0408,mikael,ilegivel,,pasta=medidoruim
PSP_EXTRATLEITIMPL_220526_0408_20000000009602973816_000.jpg,PSP_EXTRATLEITIMPL_220526_0408,mikael,ilegivel,,pasta=medidoruim
PSP_EXTRATLEITIMPL_220526_0408_20000000009602975703_000.jpg,PSP_EXTRATLEITIMPL_220526_0408,mikael,ilegivel,,pasta=medidoruim
PSP_EXTRATLEITIMPL_220526_0408_20000000009602976663_000.jpg,PSP_EXTRATLEITIMPL_220526_0408,mikael,ilegivel,,pasta=medidoruim
PSP_EXTRATLEITIMPL_220526_0408_20000000009602981419_000.jpg,PSP_EXTRATLEITIMPL_220526_0408,mikael,ilegivel,,pasta=medidoruim
PSP_EXTRATLEITIMPL_220526_0408_20000000009602982300_000.jpg,PSP_EXTRATLEITIMPL_220526_0408,mikael,ilegivel,,pasta=medidoruim
PSP_EXTRATLEITIMPL_220526_0408_20000000009602983175_000.jpg,PSP_EXTRATLEITIMPL_220526_0408,mikael,sem_medidor,,pasta=ntem
PSP_EXTRATLEITIMPL_220526_0408_20000000009602988024_000.jpg,PSP_EXTRATLEITIMPL_220526_0408,mikael,ilegivel,,pasta=medidoruim
PSP_EXTRATLEITIMPL_220526_0408_20000000009652968789_000.jpg,PSP_EXTRATLEITIMPL_220526_0408,mikael,ilegivel,,pasta=medidoruim
PSP_EXTRATLEITIMPL_220526_0408_20000000009652971684_000.jpg,PSP_EXTRATLEITIMPL_220526_0408,mikael,ilegivel,,pasta=medidoruim
PSP_EXTRATLEITIMPL_220526_0408_20000000009652980043_000.jpg,PSP_EXTRATLEITIMPL_220526_0408,mikael,ilegivel,,pasta=medidoruim
PSP_EXTRATLEITIMPL_220526_0408_20000000009702944947_000.jpg,PSP_EXTRATLEITIMPL_220526_0408,mikael,ilegivel,,pasta=medidoruim
PSP_EXTRATLEITIMPL_220526_0408_20000000009702955838_000.jpg,PSP_EXTRATLEITIMPL_220526_0408,mikael,ilegivel,,pasta=medidoruim
PSP_EXTRATLEITIMPL_220526_0408_20000000009702959823_000.jpg,PSP_EXTRATLEITIMPL_220526_0408,mikael,legivel,,pasta=medidor
PSP_EXTRATLEITIMPL_220526_0408_20000000009702960673_000.jpg,PSP_EXTRATLEITIMPL_220526_0408,mikael,ilegivel,,pasta=medidoruim
PSP_EXTRATLEITIMPL_220526_0408_20000000009702964516_000.jpg,PSP_EXTRATLEITIMPL_220526_0408,mikael,ilegivel,,pasta=medidoruim
PSP_EXTRATLEITIMPL_220526_0408_20000000009702965542_000.jpg,PSP_EXTRATLEITIMPL_220526_0408,mikael,ilegivel,,pasta=medidoruim
PSP_EXTRATLEITIMPL_220526_0408_20000000009702967423_000.jpg,PSP_EXTRATLEITIMPL_220526_0408,mikael,legivel,,pasta=medidor
PSP_EXTRATLEITIMPL_220526_0408_20000000009752958948_000.jpg,PSP_EXTRATLEITIMPL_220526_0408,mikael,legivel,,pasta=medidor
PSP_EXTRATLEITIMPL_220526_0408_20000000009752963875_000.jpg,PSP_EXTRATLEITIMPL_220526_0408,mikael,ilegivel,,pasta=medidoruim
PSP_EXTRATLEITIMPL_220526_0408_20000000009752964885_000.jpg,PSP_EXTRATLEITIMPL_220526_0408,mikael,ilegivel,,pasta=medidoruim
PSP_EXTRATLEITIMPL_220526_0408_20000000009752969747_001.jpg,PSP_EXTRATLEITIMPL_220526_0408,mikael,ilegivel,,pasta=medidoruim
PSP_EXTRATLEITIMPL_220526_0408_20000000009752983000_000.jpg,PSP_EXTRATLEITIMPL_220526_0408,mikael,ilegivel,,pasta=medidoruim
PSP_EXTRATLEITIMPL_220526_0408_20000000009802945988_000.jpg,PSP_EXTRATLEITIMPL_220526_0408,mikael,legivel,,pasta=medidor
PSP_EXTRATLEITIMPL_220526_0408_20000000009802953933_000.jpg,PSP_EXTRATLEITIMPL_220526_0408,mikael,ilegivel,,pasta=medidoruim
PSP_EXTRATLEITIMPL_220526_0408_20000000009802958846_000.jpg,PSP_EXTRATLEITIMPL_220526_0408,mikael,ilegivel,,pasta=medidoruim
PSP_EXTRATLEITIMPL_220526_0408_20000000009802962785_000.jpg,PSP_EXTRATLEITIMPL_220526_0408,mikael,ilegivel,,pasta=medidoruim
PSP_EXTRATLEITIMPL_220526_0408_20000000009802967580_000.jpg,PSP_EXTRATLEITIMPL_220526_0408,mikael,sem_medidor,,pasta=ntem
PSP_EXTRATLEITIMPL_220526_0408_20000000009802974007_000.jpg,PSP_EXTRATLEITIMPL_220526_0408,mikael,ilegivel,,pasta=medidoruim
PSP_EXTRATLEITIMPL_220526_0408_20000000009852970916_000.jpg,PSP_EXTRATLEITIMPL_220526_0408,mikael,ilegivel,,pasta=medidoruim
PSP_EXTRATLEITIMPL_220526_0408_20000000009852979589_000.jpg,PSP_EXTRATLEITIMPL_220526_0408,mikael,ilegivel,,pasta=medidoruim
PSP_EXTRATLEITIMPL_220526_0408_20000000009852979599_000.jpg,PSP_EXTRATLEITIMPL_220526_0408,mikael,legivel,,pasta=medidor
PSP_EXTRATLEITIMPL_220526_0408_20000000009852979614_000.jpg,PSP_EXTRATLEITIMPL_220526_0408,mikael,ilegivel,,pasta=medidoruim
PSP_EXTRATLEITIMPL_220526_0408_20000000009852980730_000.jpg,PSP_EXTRATLEITIMPL_220526_0408,mikael,ilegivel,,pasta=medidoruim
PSP_EXTRATLEITIMPL_220526_0408_20000000009852985364_000.jpg,PSP_EXTRATLEITIMPL_220526_0408,mikael,legivel,,pasta=medidor
PSP_EXTRATLEITIMPL_220526_0408_20000000009902953935_000.jpg,PSP_EXTRATLEITIMPL_220526_0408,mikael,ilegivel,,pasta=medidoruim
PSP_EXTRATLEITIMPL_220526_0408_20000000009902953942_001.jpg,PSP_EXTRATLEITIMPL_220526_0408,mikael,legivel,,pasta=medidor
PSP_EXTRATLEITIMPL_220526_0408_20000000009902955944_000.jpg,PSP_EXTRATLEITIMPL_220526_0408,mikael,ilegivel,,pasta=medidoruim
PSP_EXTRATLEITIMPL_220526_0408_20000000009902976537_000.jpg,PSP_EXTRATLEITIMPL_220526_0408,mikael,legivel,,pasta=medidor
PSP_EXTRATLEITIMPL_220526_0408_20000000009902981275_000.jpg,PSP_EXTRATLEITIMPL_220526_0408,mikael,sem_medidor,,pasta=ntem
PSP_EXTRATLEITIMPL_220526_0408_20000000009952944959_000.jpg,PSP_EXTRATLEITIMPL_220526_0408,mikael,sem_medidor,,pasta=ntem
PSP_EXTRATLEITIMPL_220526_0408_20000000009952946883_000.jpg,PSP_EXTRATLEITIMPL_220526_0408,mikael,legivel,,pasta=medidor
PSP_EXTRATLEITIMPL_220526_0408_20000000009952949930_000.jpg,PSP_EXTRATLEITIMPL_220526_0408,mikael,ilegivel,,pasta=medidoruim
PSP_EXTRATLEITIMPL_220526_0408_20000000009952952821_001.jpg,PSP_EXTRATLEITIMPL_220526_0408,mikael,ilegivel,,pasta=medidoruim
PSP_EXTRATLEITIMPL_220526_0408_20000000009952960624_000.jpg,PSP_EXTRATLEITIMPL_220526_0408,mikael,sem_medidor,,pasta=ntem
PSP_EXTRATLEITIMPL_220526_0408_20000000009952963421_000.jpg,PSP_EXTRATLEITIMPL_220526_0408,mikael,ilegivel,,pasta=medidoruim
PSP_EXTRATLEITIMPL_220526_0408_20000000009952964439_000.jpg,PSP_EXTRATLEITIMPL_220526_0408,mikael,ilegivel,,pasta=medidoruim
PSP_EXTRATLEITIMPL_220526_0408_20000000009952967169_000.jpg,PSP_EXTRATLEITIMPL_220526_0408,mikael,legivel,,pasta=medidor
PSP_EXTRATLEITIMPL_220526_0408_20000000009952971026_000.jpg,PSP_EXTRATLEITIMPL_220526_0408,mikael,ilegivel,,pasta=medidoruim
PSP_EXTRATLEITIMPL_220526_0408_20000000010002957913_000.jpg,PSP_EXTRATLEITIMPL_220526_0408,mikael,ilegivel,,pasta=medidoruim
PSP_EXTRATLEITIMPL_220526_0408_20000000010002973648_000.jpg,PSP_EXTRATLEITIMPL_220526_0408,mikael,ilegivel,,pasta=medidoruim
PSP_EXTRATLEITIMPL_220526_0408_20000000010002979396_000.jpg,PSP_EXTRATLEITIMPL_220526_0408,mikael,ilegivel,,pasta=medidoruim
PSP_EXTRATLEITIMPL_220526_0408_20000000010002982274_000.jpg,PSP_EXTRATLEITIMPL_220526_0408,mikael,ilegivel,,pasta=medidoruim
PSP_EXTRATLEITIMPL_220526_0408_20000000010002983177_000.jpg,PSP_EXTRATLEITIMPL_220526_0408,mikael,legivel,,pasta=medidor
PSP_EXTRATLEITIMPL_220526_0408_20000000010002984055_000.jpg,PSP_EXTRATLEITIMPL_220526_0408,mikael,ilegivel,,pasta=medidoruim
PSP_EXTRATLEITIMPL_220526_0408_20000000010052986434_000.jpg,PSP_EXTRATLEITIMPL_220526_0408,mikael,sem_medidor,,pasta=ntem
PSP_EXTRATLEITIMPL_220526_0408_20000000010052990036_000.jpg,PSP_EXTRATLEITIMPL_220526_0408,mikael,legivel,,pasta=medidor
PSP_EXTRATLEITIMPL_220526_0408_20000000010052992009_000.jpg,PSP_EXTRATLEITIMPL_220526_0408,mikael,legivel,,pasta=medidor
PSP_EXTRATLEITIMPL_220526_0408_20000000010052992023_000.jpg,PSP_EXTRATLEITIMPL_220526_0408,mikael,legivel,,pasta=medidor
PSP_EXTRATLEITIMPL_220526_0408_20000000010102949955_000.jpg,PSP_EXTRATLEITIMPL_220526_0408,mikael,ilegivel,,pasta=medidoruim
PSP_EXTRATLEITIMPL_220526_0408_20000000010102949960_000.jpg,PSP_EXTRATLEITIMPL_220526_0408,mikael,ilegivel,,pasta=medidoruim
PSP_EXTRATLEITIMPL_220526_0408_20000000010102958915_000.jpg,PSP_EXTRATLEITIMPL_220526_0408,mikael,legivel,,pasta=medidor
PSP_EXTRATLEITIMPL_220526_0408_20000000010102959790_000.jpg,PSP_EXTRATLEITIMPL_220526_0408,mikael,ilegivel,,pasta=medidoruim
PSP_EXTRATLEITIMPL_220526_0408_20000000010102960893_000.jpg,PSP_EXTRATLEITIMPL_220526_0408,mikael,sem_medidor,,pasta=ntem
PSP_EXTRATLEITIMPL_220526_0408_20000000010102973273_000.jpg,PSP_EXTRATLEITIMPL_220526_0408,mikael,ilegivel,,pasta=medidoruim
PSP_EXTRATLEITIMPL_220526_0408_20000000010102974235_000.jpg,PSP_EXTRATLEITIMPL_220526_0408,mikael,ilegivel,,pasta=medidoruim
PSP_EXTRATLEITIMPL_220526_0408_20000000010102975162_000.jpg,PSP_EXTRATLEITIMPL_220526_0408,mikael,sem_medidor,,pasta=ntem
PSP_EXTRATLEITIMPL_220526_0408_20000000010102976028_000.jpg,PSP_EXTRATLEITIMPL_220526_0408,mikael,ilegivel,,pasta=medidoruim
PSP_EXTRATLEITIMPL_220526_0408_20000000010152946995_000.jpg,PSP_EXTRATLEITIMPL_220526_0408,mikael,ilegivel,,pasta=medidoruim
PSP_EXTRATLEITIMPL_220526_0408_20000000010152963634_000.jpg,PSP_EXTRATLEITIMPL_220526_0408,mikael,ilegivel,,pasta=medidoruim
PSP_EXTRATLEITIMPL_220526_0408_20000000010152969419_001.jpg,PSP_EXTRATLEITIMPL_220526_0408,mikael,ilegivel,,pasta=medidoruim
PSP_EXTRATLEITIMPL_220526_0408_20000000010152974194_000.jpg,PSP_EXTRATLEITIMPL_220526_0408,mikael,ilegivel,,pasta=medidoruim
PSP_EXTRATLEITIMPL_220526_0408_20000000010152980005_000.jpg,PSP_EXTRATLEITIMPL_220526_0408,mikael,legivel,,pasta=medidor
PSP_EXTRATLEITIMPL_220526_0408_20000000010202956995_000.jpg,PSP_EXTRATLEITIMPL_220526_0408,mikael,ilegivel,,pasta=medidoruim
PSP_EXTRATLEITIMPL_220526_0408_20000000010202958997_000.jpg,PSP_EXTRATLEITIMPL_220526_0408,mikael,ilegivel,,pasta=medidoruim
PSP_EXTRATLEITIMPL_220526_0408_20000000010202962913_000.jpg,PSP_EXTRATLEITIMPL_220526_0408,mikael,ilegivel,,pasta=medidoruim
PSP_EXTRATLEITIMPL_220526_0408_20000000010202964889_000.jpg,PSP_EXTRATLEITIMPL_220526_0408,mikael,sem_medidor,,pasta=ntem
PSP_EXTRATLEITIMPL_220526_0408_20000000010202965834_000.jpg,PSP_EXTRATLEITIMPL_220526_0408,mikael,ilegivel,,pasta=medidoruim
PSP_EXTRATLEITIMPL_220526_0408_20000000010202966881_000.jpg,PSP_EXTRATLEITIMPL_220526_0408,mikael,ilegivel,,pasta=medidoruim
PSP_EXTRATLEITIMPL_220526_0408_20000000010202969793_000.jpg,PSP_EXTRATLEITIMPL_220526_0408,mikael,sem_medidor,,pasta=ntem
PSP_EXTRATLEITIMPL_220526_0408_20000000010202979301_000.jpg,PSP_EXTRATLEITIMPL_220526_0408,mikael,ilegivel,,pasta=medidoruim
PSP_EXTRATLEITIMPL_220526_0408_20000000010202982080_000.jpg,PSP_EXTRATLEITIMPL_220526_0408,mikael,ilegivel,,pasta=medidoruim
PSP_EXTRATLEITIMPL_220526_0408_20000000010252943966_000.jpg,PSP_EXTRATLEITIMPL_220526_0408,mikael,legivel,,pasta=medidor
PSP_EXTRATLEITIMPL_220526_0408_20000000010252947938_000.jpg,PSP_EXTRATLEITIMPL_220526_0408,mikael,sem_medidor,,pasta=ntem
PSP_EXTRATLEITIMPL_220526_0408_20000000010252948921_000.jpg,PSP_EXTRATLEITIMPL_220526_0408,mikael,legivel,,pasta=medidor
PSP_EXTRATLEITIMPL_220526_0408_20000000010252959603_000.jpg,PSP_EXTRATLEITIMPL_220526_0408,mikael,ilegivel,,pasta=medidoruim
PSP_EXTRATLEITIMPL_220526_0408_20000000010252959612_000.jpg,PSP_EXTRATLEITIMPL_220526_0408,mikael,ilegivel,,pasta=medidoruim
PSP_EXTRATLEITIMPL_220526_0408_20000000010252966418_000.jpg,PSP_EXTRATLEITIMPL_220526_0408,mikael,legivel,,pasta=medidor
PSP_EXTRATLEITIMPL_220526_0408_20000000010252967292_000.jpg,PSP_EXTRATLEITIMPL_220526_0408,mikael,legivel,,pasta=medidor
PSP_EXTRATLEITIMPL_220526_0408_20000000010252971051_000.jpg,PSP_EXTRATLEITIMPL_220526_0408,mikael,ilegivel,,pasta=medidoruim
PSP_EXTRATLEITIMPL_220526_0408_20000000010302959978_000.jpg,PSP_EXTRATLEITIMPL_220526_0408,mikael,legivel,,pasta=medidor
PSP_EXTRATLEITIMPL_220526_0408_20000000010302959984_000.jpg,PSP_EXTRATLEITIMPL_220526_0408,mikael,ilegivel,,pasta=medidoruim
PSP_EXTRATLEITIMPL_220526_0408_20000000010302962901_000.jpg,PSP_EXTRATLEITIMPL_220526_0408,mikael,ilegivel,,pasta=medidoruim
PSP_EXTRATLEITIMPL_220526_0408_20000000010302965835_001.jpg,PSP_EXTRATLEITIMPL_220526_0408,mikael,ilegivel,,pasta=medidoruim
PSP_EXTRATLEITIMPL_220526_0408_20000000010302965855_000.jpg,PSP_EXTRATLEITIMPL_220526_0408,mikael,ilegivel,,pasta=medidoruim
PSP_EXTRATLEITIMPL_220526_0408_20000000010302973664_000.jpg,PSP_EXTRATLEITIMPL_220526_0408,mikael,legivel,,pasta=medidor
PSP_EXTRATLEITIMPL_220526_0408_20000000010302974707_000.jpg,PSP_EXTRATLEITIMPL_220526_0408,mikael,legivel,,pasta=medidor
PSP_EXTRATLEITIMPL_220526_0408_20000000010302984173_000.jpg,PSP_EXTRATLEITIMPL_220526_0408,mikael,ilegivel,,pasta=medidoruim
PSP_EXTRATLEITIMPL_220526_0408_20000000010302986023_000.jpg,PSP_EXTRATLEITIMPL_220526_0408,mikael,ilegivel,,pasta=medidoruim
PSP_EXTRATLEITIMPL_220526_0408_20000000010302986045_000.jpg,PSP_EXTRATLEITIMPL_220526_0408,mikael,ilegivel,,pasta=medidoruim
PSP_EXTRATLEITIMPL_220526_0408_20000000010352970799_000.jpg,PSP_EXTRATLEITIMPL_220526_0408,mikael,ilegivel,,pasta=medidoruim
PSP_EXTRATLEITIMPL_220526_0408_20000000010352973644_000.jpg,PSP_EXTRATLEITIMPL_220526_0408,mikael,ilegivel,,pasta=medidoruim
PSP_EXTRATLEITIMPL_220526_0408_20000000010352982196_000.jpg,PSP_EXTRATLEITIMPL_220526_0408,mikael,ilegivel,,pasta=medidoruim
PSP_EXTRATLEITIMPL_220526_0408_20000000010352984003_000.jpg,PSP_EXTRATLEITIMPL_220526_0408,mikael,ilegivel,,pasta=medidoruim
PSP_EXTRATLEITIMPL_220526_0408_20000000010352985000_000.jpg,PSP_EXTRATLEITIMPL_220526_0408,mikael,ilegivel,,pasta=medidoruim
PSP_EXTRATLEITIMPL_220526_0408_20000000010402943975_000.jpg,PSP_EXTRATLEITIMPL_220526_0408,mikael,ilegivel,,pasta=medidoruim
PSP_EXTRATLEITIMPL_220526_0408_20000000010402946945_000.jpg,PSP_EXTRATLEITIMPL_220526_0408,mikael,legivel,,pasta=medidor
PSP_EXTRATLEITIMPL_220526_0408_20000000010402948946_000.jpg,PSP_EXTRATLEITIMPL_220526_0408,mikael,legivel,,pasta=medidor
PSP_EXTRATLEITIMPL_220526_0408_20000000010402956812_000.jpg,PSP_EXTRATLEITIMPL_220526_0408,mikael,ilegivel,,pasta=medidoruim
PSP_EXTRATLEITIMPL_220526_0408_20000000010402957791_000.jpg,PSP_EXTRATLEITIMPL_220526_0408,mikael,ilegivel,,pasta=medidoruim
PSP_EXTRATLEITIMPL_220526_0408_20000000010402961660_000.jpg,PSP_EXTRATLEITIMPL_220526_0408,mikael,legivel,,pasta=medidor
PSP_EXTRATLEITIMPL_220526_0408_20000000010402961672_000.jpg,PSP_EXTRATLEITIMPL_220526_0408,mikael,sem_medidor,,pasta=ntem
PSP_EXTRATLEITIMPL_220526_0408_20000000010402963427_000.jpg,PSP_EXTRATLEITIMPL_220526_0408,mikael,legivel,,pasta=medidor
PSP_EXTRATLEITIMPL_220526_0408_20000000010452951931_000.jpg,PSP_EXTRATLEITIMPL_220526_0408,mikael,ilegivel,,pasta=medidoruim
PSP_EXTRATLEITIMPL_220526_0408_20000000010452955925_000.jpg,PSP_EXTRATLEITIMPL_220526_0408,mikael,ilegivel,,pasta=medidoruim
PSP_EXTRATLEITIMPL_220526_0408_20000000010452958858_000.jpg,PSP_EXTRATLEITIMPL_220526_0408,mikael,legivel,,pasta=medidor
PSP_EXTRATLEITIMPL_220526_0408_20000000010452966658_000.jpg,PSP_EXTRATLEITIMPL_220526_0408,mikael,ilegivel,,pasta=medidoruim
PSP_EXTRATLEITIMPL_220526_0408_20000000010452967500_000.jpg,PSP_EXTRATLEITIMPL_220526_0408,mikael,ilegivel,,pasta=medidoruim
PSP_EXTRATLEITIMPL_220526_0408_20000000010452969479_000.jpg,PSP_EXTRATLEITIMPL_220526_0408,mikael,ilegivel,,pasta=medidoruim
PSP_EXTRATLEITIMPL_220526_0408_20000000010452973196_001.jpg,PSP_EXTRATLEITIMPL_220526_0408,mikael,ilegivel,,pasta=medidoruim
PSP_EXTRATLEITIMPL_220526_0408_20000000010452974207_001.jpg,PSP_EXTRATLEITIMPL_220526_0408,mikael,ilegivel,,pasta=medidoruim
PSP_EXTRATLEITIMPL_220526_0408_20000000010502957977_000.jpg,PSP_EXTRATLEITIMPL_220526_0408,mikael,ilegivel,,pasta=medidoruim
PSP_EXTRATLEITIMPL_220526_0408_20000000010502957978_000.jpg,PSP_EXTRATLEITIMPL_220526_0408,mikael,sem_medidor,,pasta=ntem
PSP_EXTRATLEITIMPL_220526_0408_20000000010502966746_000.jpg,PSP_EXTRATLEITIMPL_220526_0408,mikael,ilegivel,,pasta=medidoruim
PSP_EXTRATLEITIMPL_220526_0408_20000000010502971624_000.jpg,PSP_EXTRATLEITIMPL_220526_0408,mikael,ilegivel,,pasta=medidoruim
PSP_EXTRATLEITIMPL_220526_0408_20000000010502976358_000.jpg,PSP_EXTRATLEITIMPL_220526_0408,mikael,legivel,,pasta=medidor
PSP_EXTRATLEITIMPL_220526_0408_20000000010502978199_000.jpg,PSP_EXTRATLEITIMPL_220526_0408,mikael,ilegivel,,pasta=medidoruim
PSP_EXTRATLEITIMPL_220526_0408_20000000010502981060_000.jpg,PSP_EXTRATLEITIMPL_220526_0408,mikael,legivel,,pasta=medidor
PSP_EXTRATLEITIMPL_220526_0408_20000000010502982009_000.jpg,PSP_EXTRATLEITIMPL_220526_0408,mikael,ilegivel,,pasta=medidoruim
PSP_EXTRATLEITIMPL_220526_0408_20000000010552953917_000.jpg,PSP_EXTRATLEITIMPL_220526_0408,mikael,ilegivel,,pasta=medidoruim
PSP_EXTRATLEITIMPL_220526_0408_20000000010552955942_000.jpg,PSP_EXTRATLEITIMPL_220526_0408,mikael,legivel,,pasta=medidor
PSP_EXTRATLEITIMPL_220526_0408_20000000010552962908_000.jpg,PSP_EXTRATLEITIMPL_220526_0408,mikael,ilegivel,,pasta=medidoruim
PSP_EXTRATLEITIMPL_220526_0408_20000000010552964849_000.jpg,PSP_EXTRATLEITIMPL_220526_0408,mikael,legivel,,pasta=medidor
PSP_EXTRATLEITIMPL_220526_0408_20000000010552972609_000.jpg,PSP_EXTRATLEITIMPL_220526_0408,mikael,ilegivel,,pasta=medidoruim
PSP_EXTRATLEITIMPL_220526_0408_20000000010552974507_000.jpg,PSP_EXTRATLEITIMPL_220526_0408,mikael,legivel,,pasta=medidor
PSP_EXTRATLEITIMPL_220526_0408_20000000010552975426_000.jpg,PSP_EXTRATLEITIMPL_220526_0408,mikael,ilegivel,,pasta=medidoruim
PSP_EXTRATLEITIMPL_220526_0408_20000000010552976460_000.jpg,PSP_EXTRATLEITIMPL_220526_0408,mikael,ilegivel,,pasta=medidoruim
PSP_EXTRATLEITIMPL_220526_0408_20000000010552981031_000.jpg,PSP_EXTRATLEITIMPL_220526_0408,mikael,ilegivel,,pasta=medidoruim
PSP_EXTRATLEITIMPL_220526_0408_20000000010602963720_000.jpg,PSP_EXTRATLEITIMPL_220526_0408,mikael,ilegivel,,pasta=medidoruim
PSP_EXTRATLEITIMPL_220526_0408_20000000010602968544_000.jpg,PSP_EXTRATLEITIMPL_220526_0408,mikael,ilegivel,,pasta=medidoruim
PSP_EXTRATLEITIMPL_220526_0408_20000000010602968550_000.jpg,PSP_EXTRATLEITIMPL_220526_0408,mikael,ilegivel,,pasta=medidoruim
PSP_EXTRATLEITIMPL_220526_0408_20000000010602971404_000.jpg,PSP_EXTRATLEITIMPL_220526_0408,mikael,ilegivel,,pasta=medidoruim
PSP_EXTRATLEITIMPL_220526_0408_20000000010652945980_000.jpg,PSP_EXTRATLEITIMPL_220526_0408,mikael,ilegivel,,pasta=medidoruim
PSP_EXTRATLEITIMPL_220526_0408_20000000010652945982_000.jpg,PSP_EXTRATLEITIMPL_220526_0408,mikael,ilegivel,,pasta=medidoruim
PSP_EXTRATLEITIMPL_220526_0408_20000000010652946915_000.jpg,PSP_EXTRATLEITIMPL_220526_0408,mikael,legivel,,pasta=medidor
PSP_EXTRATLEITIMPL_220526_0408_20000000010652950906_000.jpg,PSP_EXTRATLEITIMPL_220526_0408,mikael,ilegivel,,pasta=medidoruim
PSP_EXTRATLEITIMPL_220526_0408_20000000010652951911_000.jpg,PSP_EXTRATLEITIMPL_220526_0408,mikael,sem_medidor,,pasta=ntem
PSP_EXTRATLEITIMPL_220526_0408_20000000010652955858_000.jpg,PSP_EXTRATLEITIMPL_220526_0408,mikael,ilegivel,,pasta=medidoruim
PSP_EXTRATLEITIMPL_220526_0408_20000000010652959770_000.jpg,PSP_EXTRATLEITIMPL_220526_0408,mikael,ilegivel,,pasta=medidoruim
PSP_EXTRATLEITIMPL_220526_0408_20000000010652959773_000.jpg,PSP_EXTRATLEITIMPL_220526_0408,mikael,ilegivel,,pasta=medidoruim
PSP_EXTRATLEITIMPL_220526_0408_20000000010652962688_000.jpg,PSP_EXTRATLEITIMPL_220526_0408,mikael,ilegivel,,pasta=medidoruim
PSP_EXTRATLEITIMPL_220526_0408_20000000010652966575_000.jpg,PSP_EXTRATLEITIMPL_220526_0408,mikael,ilegivel,,pasta=medidoruim
PSP_EXTRATLEITIMPL_220526_0408_20000000010652967445_000.jpg,PSP_EXTRATLEITIMPL_220526_0408,mikael,ilegivel,,pasta=medidoruim
PSP_EXTRATLEITIMPL_220526_0408_20000000010652974003_000.jpg,PSP_EXTRATLEITIMPL_220526_0408,mikael,ilegivel,,pasta=medidoruim
PSP_EXTRATLEITIMPL_220526_0408_20000000010702962960_000.jpg,PSP_EXTRATLEITIMPL_220526_0408,mikael,ilegivel,,pasta=medidoruim
PSP_EXTRATLEITIMPL_220526_0408_20000000010702972880_000.jpg,PSP_EXTRATLEITIMPL_220526_0408,mikael,ilegivel,,pasta=medidoruim
PSP_EXTRATLEITIMPL_220526_0408_20000000010702975774_000.jpg,PSP_EXTRATLEITIMPL_220526_0408,mikael,ilegivel,,pasta=medidoruim
PSP_EXTRATLEITIMPL_220526_0408_20000000010702984398_000.jpg,PSP_EXTRATLEITIMPL_220526_0408,mikael,ilegivel,,pasta=medidoruim
PSP_EXTRATLEITIMPL_220526_0408_20000000010702984406_000.jpg,PSP_EXTRATLEITIMPL_220526_0408,mikael,ilegivel,,pasta=medidoruim
PSP_EXTRATLEITIMPL_220526_0408_20000000010702985320_000.jpg,PSP_EXTRATLEITIMPL_220526_0408,mikael,ilegivel,,pasta=medidoruim
PSP_EXTRATLEITIMPL_220526_0408_20000000010702988032_000.jpg,PSP_EXTRATLEITIMPL_220526_0408,mikael,ilegivel,,pasta=medidoruim
PSP_EXTRATLEITIMPL_220526_0408_20000000010702988040_000.jpg,PSP_EXTRATLEITIMPL_220526_0408,mikael,ilegivel,,pasta=medidoruim
PSP_EXTRATLEITIMPL_220526_0408_20000000010702989017_000.jpg,PSP_EXTRATLEITIMPL_220526_0408,mikael,ilegivel,,pasta=medidoruim
PSP_EXTRATLEITIMPL_220526_0408_20000000010752955985_000.jpg,PSP_EXTRATLEITIMPL_220526_0408,mikael,ilegivel,,pasta=medidoruim
PSP_EXTRATLEITIMPL_220526_0408_20000000010752955986_000.jpg,PSP_EXTRATLEITIMPL_220526_0408,mikael,ilegivel,,pasta=medidoruim
PSP_EXTRATLEITIMPL_220526_0408_20000000010752959949_000.jpg,PSP_EXTRATLEITIMPL_220526_0408,mikael,ilegivel,,pasta=medidoruim
PSP_EXTRATLEITIMPL_220526_0408_20000000010752960916_000.jpg,PSP_EXTRATLEITIMPL_220526_0408,mikael,ilegivel,,pasta=medidoruim
PSP_EXTRATLEITIMPL_220526_0408_20000000010752972788_000.jpg,PSP_EXTRATLEITIMPL_220526_0408,mikael,legivel,,pasta=medidor
PSP_EXTRATLEITIMPL_220526_0408_20000000010752974771_000.jpg,PSP_EXTRATLEITIMPL_220526_0408,mikael,ilegivel,,pasta=medidoruim
PSP_EXTRATLEITIMPL_220526_0408_20000000010752974777_000.jpg,PSP_EXTRATLEITIMPL_220526_0408,mikael,ilegivel,,pasta=medidoruim
PSP_EXTRATLEITIMPL_220526_0408_20000000010802958959_000.jpg,PSP_EXTRATLEITIMPL_220526_0408,mikael,ilegivel,,pasta=medidoruim
PSP_EXTRATLEITIMPL_220526_0408_20000000010802958963_000.jpg,PSP_EXTRATLEITIMPL_220526_0408,mikael,ilegivel,,pasta=medidoruim
PSP_EXTRATLEITIMPL_220526_0408_20000000010802962752_000.jpg,PSP_EXTRATLEITIMPL_220526_0408,mikael,ilegivel,,pasta=medidoruim
PSP_EXTRATLEITIMPL_220526_0408_20000000010802963773_000.jpg,PSP_EXTRATLEITIMPL_220526_0408,mikael,legivel,,pasta=medidor
PSP_EXTRATLEITIMPL_220526_0408_20000000010802964662_000.jpg,PSP_EXTRATLEITIMPL_220526_0408,mikael,legivel,,pasta=medidor
PSP_EXTRATLEITIMPL_220526_0408_20000000010802966623_000.jpg,PSP_EXTRATLEITIMPL_220526_0408,mikael,ilegivel,,pasta=medidoruim
PSP_EXTRATLEITIMPL_220526_0408_20000000010802971396_000.jpg,PSP_EXTRATLEITIMPL_220526_0408,mikael,sem_medidor,,pasta=ntem
PSP_EXTRATLEITIMPL_220526_0408_20000000010802972309_000.jpg,PSP_EXTRATLEITIMPL_220526_0408,mikael,ilegivel,,pasta=medidoruim
PSP_EXTRATLEITIMPL_220526_0408_20000000010802975081_000.jpg,PSP_EXTRATLEITIMPL_220526_0408,mikael,ilegivel,,pasta=medidoruim
PSP_EXTRATLEITIMPL_220526_0408_20000000010852951923_000.jpg,PSP_EXTRATLEITIMPL_220526_0408,mikael,legivel,,pasta=medidor
PSP_EXTRATLEITIMPL_220526_0408_20000000010852953939_000.jpg,PSP_EXTRATLEITIMPL_220526_0408,mikael,legivel,,pasta=medidor
PSP_EXTRATLEITIMPL_220526_0408_20000000010852956869_000.jpg,PSP_EXTRATLEITIMPL_220526_0408,mikael,ilegivel,,pasta=medidoruim
PSP_EXTRATLEITIMPL_220526_0408_20000000010852960807_000.jpg,PSP_EXTRATLEITIMPL_220526_0408,mikael,sem_medidor,,pasta=ntem
PSP_EXTRATLEITIMPL_220526_0408_20000000010852972183_000.jpg,PSP_EXTRATLEITIMPL_220526_0408,mikael,ilegivel,,pasta=medidoruim
PSP_EXTRATLEITIMPL_220526_0408_20000000010902962957_000.jpg,PSP_EXTRATLEITIMPL_220526_0408,mikael,ilegivel,,pasta=medidoruim
PSP_EXTRATLEITIMPL_220526_0408_20000000010902962962_000.jpg,PSP_EXTRATLEITIMPL_220526_0408,mikael,ilegivel,,pasta=medidoruim
PSP_EXTRATLEITIMPL_220526_0408_20000000010902971783_000.jpg,PSP_EXTRATLEITIMPL_220526_0408,mikael,ilegivel,,pasta=medidoruim
PSP_EXTRATLEITIMPL_220526_0408_20000000010902981315_000.jpg,PSP_EXTRATLEITIMPL_220526_0408,mikael,ilegivel,,pasta=medidoruim
PSP_EXTRATLEITIMPL_220526_0408_20000000010902982210_000.jpg,PSP_EXTRATLEITIMPL_220526_0408,mikael,legivel,,pasta=medidor
PSP_EXTRATLEITIMPL_220526_0408_20000000010902982223_000.jpg,PSP_EXTRATLEITIMPL_220526_0408,mikael,ilegivel,,pasta=medidoruim
PSP_EXTRATLEITIMPL_220526_0408_20000000010952949920_000.jpg,PSP_EXTRATLEITIMPL_220526_0408,mikael,ilegivel,,pasta=medidoruim
PSP_EXTRATLEITIMPL_220526_0408_20000000010952951906_000.jpg,PSP_EXTRATLEITIMPL_220526_0408,mikael,ilegivel,,pasta=medidoruim
PSP_EXTRATLEITIMPL_220526_0408_20000000010952958820_000.jpg,PSP_EXTRATLEITIMPL_220526_0408,mikael,ilegivel,,pasta=medidoruim
PSP_EXTRATLEITIMPL_220526_0408_20000000010952959829_000.jpg,PSP_EXTRATLEITIMPL_220526_0408,mikael,legivel,,pasta=medidor
PSP_EXTRATLEITIMPL_220526_0408_20000000010952962780_000.jpg,PSP_EXTRATLEITIMPL_220526_0408,mikael,ilegivel,,pasta=medidoruim
PSP_EXTRATLEITIMPL_220526_0408_20000000010952966585_000.jpg,PSP_EXTRATLEITIMPL_220526_0408,mikael,ilegivel,,pasta=medidoruim
PSP_EXTRATLEITIMPL_220526_0408_20000000010952968511_000.jpg,PSP_EXTRATLEITIMPL_220526_0408,mikael,ilegivel,,pasta=medidoruim
PSP_EXTRATLEITIMPL_220526_0408_20000000010952972274_000.jpg,PSP_EXTRATLEITIMPL_220526_0408,mikael,legivel,,pasta=medidor
PSP_EXTRATLEITIMPL_220526_0408_20000000011002962925_000.jpg,PSP_EXTRATLEITIMPL_220526_0408,mikael,legivel,,pasta=medidor
PSP_EXTRATLEITIMPL_220526_0408_20000000011002967808_000.jpg,PSP_EXTRATLEITIMPL_220526_0408,mikael,ilegivel,,pasta=medidoruim
PSP_EXTRATLEITIMPL_220526_0408_20000000011002967812_000.jpg,PSP_EXTRATLEITIMPL_220526_0408,mikael,ilegivel,,pasta=medidoruim
PSP_EXTRATLEITIMPL_220526_0408_20000000011002968782_000.jpg,PSP_EXTRATLEITIMPL_220526_0408,mikael,sem_medidor,,pasta=ntem
PSP_EXTRATLEITIMPL_220526_0408_20000000011002971782_000.jpg,PSP_EXTRATLEITIMPL_220526_0408,mikael,ilegivel,,pasta=medidoruim
PSP_EXTRATLEITIMPL_220526_0408_20000000011002971784_000.jpg,PSP_EXTRATLEITIMPL_220526_0408,mikael,ilegivel,,pasta=medidoruim
PSP_EXTRATLEITIMPL_220526_0408_20000000011002972734_000.jpg,PSP_EXTRATLEITIMPL_220526_0408,mikael,ilegivel,,pasta=medidoruim
PSP_EXTRATLEITIMPL_220526_0408_20000000011002973621_000.jpg,PSP_EXTRATLEITIMPL_220526_0408,mikael,legivel,,pasta=medidor
PSP_EXTRATLEITIMPL_220526_0408_20000000011002973635_000.jpg,PSP_EXTRATLEITIMPL_220526_0408,mikael,legivel,,pasta=medidor
PSP_EXTRATLEITIMPL_220526_0408_20000000011002985026_000.jpg,PSP_EXTRATLEITIMPL_220526_0408,mikael,sem_medidor,,pasta=ntem
PSP_EXTRATLEITIMPL_220526_0408_20000000011052951966_000.jpg,PSP_EXTRATLEITIMPL_220526_0408,mikael,ilegivel,,pasta=medidoruim
PSP_EXTRATLEITIMPL_220526_0408_20000000011052973421_000.jpg,PSP_EXTRATLEITIMPL_220526_0408,mikael,ilegivel,,pasta=medidoruim
PSP_EXTRATLEITIMPL_220526_0408_20000000011052976166_000.jpg,PSP_EXTRATLEITIMPL_220526_0408,mikael,legivel,,pasta=medidor
PSP_EXTRATLEITIMPL_220526_0408_20000000011052977005_000.jpg,PSP_EXTRATLEITIMPL_220526_0408,mikael,ilegivel,,pasta=medidoruim
PSP_EXTRATLEITIMPL_220526_0408_20000000011102959772_000.jpg,PSP_EXTRATLEITIMPL_220526_0408,mikael,legivel,,pasta=medidor
PSP_EXTRATLEITIMPL_220526_0408_20000000011102964594_000.jpg,PSP_EXTRATLEITIMPL_220526_0408,mikael,ilegivel,,pasta=medidoruim
PSP_EXTRATLEITIMPL_220526_0408_20000000011102969312_000.jpg,PSP_EXTRATLEITIMPL_220526_0408,mikael,ilegivel,,pasta=medidoruim
PSP_EXTRATLEITIMPL_220526_0408_20000000011102971162_000.jpg,PSP_EXTRATLEITIMPL_220526_0408,mikael,ilegivel,,pasta=medidoruim
PSP_EXTRATLEITIMPL_220526_0408_20000000011102974029_000.jpg,PSP_EXTRATLEITIMPL_220526_0408,mikael,ilegivel,,pasta=medidoruim
PSP_EXTRATLEITIMPL_220526_0408_20000000011152956958_000.jpg,PSP_EXTRATLEITIMPL_220526_0408,mikael,ilegivel,,pasta=medidoruim
PSP_EXTRATLEITIMPL_220526_0408_20000000011152965807_001.jpg,PSP_EXTRATLEITIMPL_220526_0408,mikael,ilegivel,,pasta=medidoruim
PSP_EXTRATLEITIMPL_220526_0408_20000000011152969667_000.jpg,PSP_EXTRATLEITIMPL_220526_0408,mikael,ilegivel,,pasta=medidoruim
PSP_EXTRATLEITIMPL_220526_0408_20000000011152972580_000.jpg,PSP_EXTRATLEITIMPL_220526_0408,mikael,ilegivel,,pasta=medidoruim
PSP_EXTRATLEITIMPL_220526_0408_20000000011152972587_000.jpg,PSP_EXTRATLEITIMPL_220526_0408,mikael,ilegivel,,pasta=medidoruim
PSP_EXTRATLEITIMPL_220526_0408_20000000011152976151_000.jpg,PSP_EXTRATLEITIMPL_220526_0408,mikael,ilegivel,,pasta=medidoruim
PSP_EXTRATLEITIMPL_220526_0408_20000000011152977137_000.jpg,PSP_EXTRATLEITIMPL_220526_0408,mikael,legivel,,pasta=medidor
PSP_EXTRATLEITIMPL_220526_0408_20000000011152979013_000.jpg,PSP_EXTRATLEITIMPL_220526_0408,mikael,legivel,,pasta=medidor
PSP_EXTRATLEITIMPL_220526_0408_20000000011202960908_000.jpg,PSP_EXTRATLEITIMPL_220526_0408,mikael,ilegivel,,pasta=medidoruim
PSP_EXTRATLEITIMPL_220526_0408_20000000011202960909_000.jpg,PSP_EXTRATLEITIMPL_220526_0408,mikael,ilegivel,,pasta=medidoruim
PSP_EXTRATLEITIMPL_220526_0408_20000000011202961966_000.jpg,PSP_EXTRATLEITIMPL_220526_0408,mikael,ilegivel,,pasta=medidoruim
PSP_EXTRATLEITIMPL_220526_0408_20000000011202970766_000.jpg,PSP_EXTRATLEITIMPL_220526_0408,mikael,ilegivel,,pasta=medidoruim
PSP_EXTRATLEITIMPL_220526_0408_20000000011202976498_001.jpg,PSP_EXTRATLEITIMPL_220526_0408,mikael,ilegivel,,pasta=medidoruim
PSP_EXTRATLEITIMPL_220526_0408_20000000011202977410_000.jpg,PSP_EXTRATLEITIMPL_220526_0408,mikael,ilegivel,,pasta=medidoruim
PSP_EXTRATLEITIMPL_220526_0408_20000000011202977418_000.jpg,PSP_EXTRATLEITIMPL_220526_0408,mikael,ilegivel,,pasta=medidoruim
PSP_EXTRATLEITIMPL_220526_0408_20000000011202981192_000.jpg,PSP_EXTRATLEITIMPL_220526_0408,mikael,ilegivel,,pasta=medidoruim
PSP_EXTRATLEITIMPL_220526_0408_20000000011202984046_000.jpg,PSP_EXTRATLEITIMPL_220526_0408,mikael,legivel,,pasta=medidor
PSP_EXTRATLEITIMPL_220526_0408_20000000011252959828_000.jpg,PSP_EXTRATLEITIMPL_220526_0408,mikael,ilegivel,,pasta=medidoruim
PSP_EXTRATLEITIMPL_220526_0408_20000000011252960781_000.jpg,PSP_EXTRATLEITIMPL_220526_0408,mikael,ilegivel,,pasta=medidoruim
PSP_EXTRATLEITIMPL_220526_0408_20000000011252967476_000.jpg,PSP_EXTRATLEITIMPL_220526_0408,mikael,ilegivel,,pasta=medidoruim
PSP_EXTRATLEITIMPL_220526_0408_20000000011252971186_000.jpg,PSP_EXTRATLEITIMPL_220526_0408,mikael,ilegivel,,pasta=medidoruim
PSP_EXTRATLEITIMPL_220526_0408_20000000011252975016_000.jpg,PSP_EXTRATLEITIMPL_220526_0408,mikael,legivel,,pasta=medidor
PSP_EXTRATLEITIMPL_220526_0408_20000000011302952982_000.jpg,PSP_EXTRATLEITIMPL_220526_0408,mikael,ilegivel,,pasta=medidoruim
PSP_EXTRATLEITIMPL_220526_0408_20000000011302953960_000.jpg,PSP_EXTRATLEITIMPL_220526_0408,mikael,ilegivel,,pasta=medidoruim
PSP_EXTRATLEITIMPL_220526_0408_20000000011302966794_000.jpg,PSP_EXTRATLEITIMPL_220526_0408,mikael,legivel,,pasta=medidor
PSP_EXTRATLEITIMPL_220526_0408_20000000011302968671_000.jpg,PSP_EXTRATLEITIMPL_220526_0408,mikael,ilegivel,,pasta=medidoruim
PSP_EXTRATLEITIMPL_220526_0408_20000000011302974441_000.jpg,PSP_EXTRATLEITIMPL_220526_0408,mikael,ilegivel,,pasta=medidoruim
PSP_EXTRATLEITIMPL_220526_0408_20000000011302974448_000.jpg,PSP_EXTRATLEITIMPL_220526_0408,mikael,legivel,,pasta=medidor
PSP_EXTRATLEITIMPL_220526_0408_20000000011302976338_000.jpg,PSP_EXTRATLEITIMPL_220526_0408,mikael,ilegivel,,pasta=medidoruim
PSP_EXTRATLEITIMPL_220526_0408_20000000011302977225_000.jpg,PSP_EXTRATLEITIMPL_220526_0408,mikael,ilegivel,,pasta=medidoruim
PSP_EXTRATLEITIMPL_220526_0408_20000000011302978180_000.jpg,PSP_EXTRATLEITIMPL_220526_0408,mikael,ilegivel,,pasta=medidoruim
PSP_EXTRATLEITIMPL_220526_0408_20000000011352947927_000.jpg,PSP_EXTRATLEITIMPL_220526_0408,mikael,ilegivel,,pasta=medidoruim
PSP_EXTRATLEITIMPL_220526_0408_20000000011352958547_000.jpg,PSP_EXTRATLEITIMPL_220526_0408,mikael,ilegivel,,pasta=medidoruim
PSP_EXTRATLEITIMPL_220526_0408_20000000011352959493_000.jpg,PSP_EXTRATLEITIMPL_220526_0408,mikael,sem_medidor,,pasta=ntem
PSP_EXTRATLEITIMPL_220526_0408_20000000011352961367_000.jpg,PSP_EXTRATLEITIMPL_220526_0408,mikael,ilegivel,,pasta=medidoruim
PSP_EXTRATLEITIMPL_220526_0408_20000000011352966035_000.jpg,PSP_EXTRATLEITIMPL_220526_0408,mikael,ilegivel,,pasta=medidoruim
PSP_EXTRATLEITIMPL_220526_0408_20000000011352967042_000.jpg,PSP_EXTRATLEITIMPL_220526_0408,mikael,ilegivel,,pasta=medidoruim
PSP_EXTRATLEITIMPL_220526_0408_20000000011352967046_000.jpg,PSP_EXTRATLEITIMPL_220526_0408,mikael,ilegivel,,pasta=medidoruim
PSP_EXTRATLEITIMPL_220526_0408_20000000011402975795_000.jpg,PSP_EXTRATLEITIMPL_220526_0408,mikael,legivel,,pasta=medidor
PSP_EXTRATLEITIMPL_220526_0408_20000000011402979668_000.jpg,PSP_EXTRATLEITIMPL_220526_0408,mikael,ilegivel,,pasta=medidoruim
PSP_EXTRATLEITIMPL_220526_0408_20000000011402983431_000.jpg,PSP_EXTRATLEITIMPL_220526_0408,mikael,ilegivel,,pasta=medidoruim
PSP_EXTRATLEITIMPL_220526_0408_20000000011402988100_000.jpg,PSP_EXTRATLEITIMPL_220526_0408,mikael,ilegivel,,pasta=medidoruim
PSP_EXTRATLEITIMPL_220526_0408_20000000011402990031_000.jpg,PSP_EXTRATLEITIMPL_220526_0408,mikael,legivel,,pasta=medidor
PSP_EXTRATLEITIMPL_220526_0408_20000000011452951970_000.jpg,PSP_EXTRATLEITIMPL_220526_0408,mikael,legivel,,pasta=medidor
PSP_EXTRATLEITIMPL_220526_0408_20000000011452958888_000.jpg,PSP_EXTRATLEITIMPL_220526_0408,mikael,ilegivel,,pasta=medidoruim
PSP_EXTRATLEITIMPL_220526_0408_20000000011452961818_000.jpg,PSP_EXTRATLEITIMPL_220526_0408,mikael,ilegivel,,pasta=medidoruim
PSP_EXTRATLEITIMPL_220526_0408_20000000011452966636_000.jpg,PSP_EXTRATLEITIMPL_220526_0408,mikael,ilegivel,,pasta=medidoruim
PSP_EXTRATLEITIMPL_220526_0408_20000000011452966648_000.jpg,PSP_EXTRATLEITIMPL_220526_0408,mikael,ilegivel,,pasta=medidoruim
PSP_EXTRATLEITIMPL_220526_0408_20000000011452967566_000.jpg,PSP_EXTRATLEITIMPL_220526_0408,mikael,ilegivel,,pasta=medidoruim
PSP_EXTRATLEITIMPL_220526_0408_20000000011452975183_000.jpg,PSP_EXTRATLEITIMPL_220526_0408,mikael,ilegivel,,pasta=medidoruim
PSP_EXTRATLEITIMPL_220526_0408_20000000011452978033_000.jpg,PSP_EXTRATLEITIMPL_220526_0408,mikael,legivel,,pasta=medidor
PSP_EXTRATLEITIMPL_220526_0408_20000000011452981009_000.jpg,PSP_EXTRATLEITIMPL_220526_0408,mikael,ilegivel,,pasta=medidoruim
PSP_EXTRATLEITIMPL_220526_0408_20000000011452981025_000.jpg,PSP_EXTRATLEITIMPL_220526_0408,mikael,ilegivel,,pasta=medidoruim
PSP_EXTRATLEITIMPL_220526_0408_20000000011502965913_000.jpg,PSP_EXTRATLEITIMPL_220526_0408,mikael,ilegivel,,pasta=medidoruim
PSP_EXTRATLEITIMPL_220526_0408_20000000011502967878_000.jpg,PSP_EXTRATLEITIMPL_220526_0408,mikael,legivel,,pasta=medidor
PSP_EXTRATLEITIMPL_220526_0408_20000000011502971761_000.jpg,PSP_EXTRATLEITIMPL_220526_0408,mikael,legivel,,pasta=medidor
PSP_EXTRATLEITIMPL_220526_0408_20000000011502972709_000.jpg,PSP_EXTRATLEITIMPL_220526_0408,mikael,sem_medidor,,pasta=ntem
PSP_EXTRATLEITIMPL_220526_0408_20000000011502975540_000.jpg,PSP_EXTRATLEITIMPL_220526_0408,mikael,ilegivel,,pasta=medidoruim
PSP_EXTRATLEITIMPL_220526_0408_20000000011502976552_000.jpg,PSP_EXTRATLEITIMPL_220526_0408,mikael,ilegivel,,pasta=medidoruim
PSP_EXTRATLEITIMPL_220526_0408_20000000011502980297_000.jpg,PSP_EXTRATLEITIMPL_220526_0408,mikael,ilegivel,,pasta=medidoruim
PSP_EXTRATLEITIMPL_220526_0408_20000000011502983011_000.jpg,PSP_EXTRATLEITIMPL_220526_0408,mikael,ilegivel,,pasta=medidoruim
PSP_EXTRATLEITIMPL_220526_0408_20000000011552951981_000.jpg,PSP_EXTRATLEITIMPL_220526_0408,mikael,legivel,,pasta=medidor
PSP_EXTRATLEITIMPL_220526_0408_20000000011552954906_000.jpg,PSP_EXTRATLEITIMPL_220526_0408,mikael,ilegivel,,pasta=medidoruim
PSP_EXTRATLEITIMPL_220526_0408_20000000011552955931_000.jpg,PSP_EXTRATLEITIMPL_220526_0408,mikael,sem_medidor,,pasta=ntem
PSP_EXTRATLEITIMPL_220526_0408_20000000011552956877_000.jpg,PSP_EXTRATLEITIMPL_220526_0408,mikael,sem_medidor,,pasta=ntem
PSP_EXTRATLEITIMPL_220526_0408_20000000011552956878_000.jpg,PSP_EXTRATLEITIMPL_220526_0408,mikael,legivel,,pasta=medidor
PSP_EXTRATLEITIMPL_220526_0408_20000000011552978275_001.jpg,PSP_EXTRATLEITIMPL_220526_0408,mikael,ilegivel,,pasta=medidoruim
PSP_EXTRATLEITIMPL_220526_0408_20000000011602947887_000.jpg,PSP_EXTRATLEITIMPL_220526_0408,mikael,ilegivel,,pasta=medidoruim
PSP_EXTRATLEITIMPL_220526_0408_20000000011602948999_000.jpg,PSP_EXTRATLEITIMPL_220526_0408,mikael,ilegivel,,pasta=medidoruim
PSP_EXTRATLEITIMPL_220526_0408_20000000011602952840_000.jpg,PSP_EXTRATLEITIMPL_220526_0408,mikael,sem_medidor,,pasta=ntem
PSP_EXTRATLEITIMPL_220526_0408_20000000011602960760_000.jpg,PSP_EXTRATLEITIMPL_220526_0408,mikael,ilegivel,,pasta=medidoruim
PSP_EXTRATLEITIMPL_220526_0408_20000000011602960763_000.jpg,PSP_EXTRATLEITIMPL_220526_0408,mikael,legivel,,pasta=medidor
PSP_EXTRATLEITIMPL_220526_0408_20000000011602964591_000.jpg,PSP_EXTRATLEITIMPL_220526_0408,mikael,ilegivel,,pasta=medidoruim
PSP_EXTRATLEITIMPL_220526_0408_20000000011602967401_000.jpg,PSP_EXTRATLEITIMPL_220526_0408,mikael,ilegivel,,pasta=medidoruim
PSP_EXTRATLEITIMPL_220526_0408_20000000011602968264_000.jpg,PSP_EXTRATLEITIMPL_220526_0408,mikael,ilegivel,,pasta=medidoruim
PSP_EXTRATLEITIMPL_220526_0408_20000000011602970196_000.jpg,PSP_EXTRATLEITIMPL_220526_0408,mikael,sem_medidor,,pasta=ntem
PSP_EXTRATLEITIMPL_220526_0408_20000000011602971022_000.jpg,PSP_EXTRATLEITIMPL_220526_0408,mikael,ilegivel,,pasta=medidoruim
PSP_EXTRATLEITIMPL_220526_0408_20000000011602971027_000.jpg,PSP_EXTRATLEITIMPL_220526_0408,mikael,sem_medidor,,pasta=ntem
PSP_EXTRATLEITIMPL_220526_0408_20000000011652962961_000.jpg,PSP_EXTRATLEITIMPL_220526_0408,mikael,ilegivel,,pasta=medidoruim
PSP_EXTRATLEITIMPL_220526_0408_20000000011652962965_000.jpg,PSP_EXTRATLEITIMPL_220526_0408,mikael,legivel,,pasta=medidor
PSP_EXTRATLEITIMPL_220526_0408_20000000011652963932_000.jpg,PSP_EXTRATLEITIMPL_220526_0408,mikael,legivel,,pasta=medidor
PSP_EXTRATLEITIMPL_220526_0408_20000000011652964938_000.jpg,PSP_EXTRATLEITIMPL_220526_0408,mikael,ilegivel,,pasta=medidoruim
PSP_EXTRATLEITIMPL_220526_0408_20000000011652972736_000.jpg,PSP_EXTRATLEITIMPL_220526_0408,mikael,sem_medidor,,pasta=ntem
PSP_EXTRATLEITIMPL_220526_0408_20000000011652973714_000.jpg,PSP_EXTRATLEITIMPL_220526_0408,mikael,ilegivel,,pasta=medidoruim
PSP_EXTRATLEITIMPL_220526_0408_20000000011652981252_000.jpg,PSP_EXTRATLEITIMPL_220526_0408,mikael,ilegivel,,pasta=medidoruim
PSP_EXTRATLEITIMPL_220526_0408_20000000011652982173_000.jpg,PSP_EXTRATLEITIMPL_220526_0408,mikael,ilegivel,,pasta=medidoruim
PSP_EXTRATLEITIMPL_220526_0408_20000000011652985001_000.jpg,PSP_EXTRATLEITIMPL_220526_0408,mikael,ilegivel,,pasta=medidoruim
PSP_EXTRATLEITIMPL_220526_0408_20000000011702963836_000.jpg,PSP_EXTRATLEITIMPL_220526_0408,mikael,ilegivel,,pasta=medidoruim
PSP_EXTRATLEITIMPL_220526_0408_20000000011702968594_000.jpg,PSP_EXTRATLEITIMPL_220526_0408,mikael,legivel,,pasta=medidor
PSP_EXTRATLEITIMPL_220526_0408_20000000011702973188_000.jpg,PSP_EXTRATLEITIMPL_220526_0408,mikael,ilegivel,,pasta=medidoruim
PSP_EXTRATLEITIMPL_220526_0408_20000000011702976036_000.jpg,PSP_EXTRATLEITIMPL_220526_0408,mikael,legivel,,pasta=medidor
PSP_EXTRATLEITIMPL_220526_0408_20000000011702977009_000.jpg,PSP_EXTRATLEITIMPL_220526_0408,mikael,ilegivel,,pasta=medidoruim
PSP_EXTRATLEITIMPL_220526_0408_20000000011702977022_000.jpg,PSP_EXTRATLEITIMPL_220526_0408,mikael,ilegivel,,pasta=medidoruim
PSP_EXTRATLEITIMPL_220526_0408_20000000011752948962_000.jpg,PSP_EXTRATLEITIMPL_220526_0408,mikael,ilegivel,,pasta=medidoruim
PSP_EXTRATLEITIMPL_220526_0408_20000000011752949967_000.jpg,PSP_EXTRATLEITIMPL_220526_0408,mikael,ilegivel,,pasta=medidoruim
PSP_EXTRATLEITIMPL_220526_0408_20000000011752955899_000.jpg,PSP_EXTRATLEITIMPL_220526_0408,mikael,ilegivel,,pasta=medidoruim
PSP_EXTRATLEITIMPL_220526_0408_20000000011752964813_000.jpg,PSP_EXTRATLEITIMPL_220526_0408,mikael,ilegivel,,pasta=medidoruim
PSP_EXTRATLEITIMPL_220526_0408_20000000011752966700_000.jpg,PSP_EXTRATLEITIMPL_220526_0408,mikael,ilegivel,,pasta=medidoruim
PSP_EXTRATLEITIMPL_220526_0408_20000000011752971423_000.jpg,PSP_EXTRATLEITIMPL_220526_0408,mikael,ilegivel,,pasta=medidoruim
PSP_EXTRATLEITIMPL_220526_0408_20000000011752973291_000.jpg,PSP_EXTRATLEITIMPL_220526_0408,mikael,ilegivel,,pasta=medidoruim
PSP_EXTRATLEITIMPL_220526_0408_20000000011752975180_000.jpg,PSP_EXTRATLEITIMPL_220526_0408,mikael,ilegivel,,pasta=medidoruim
PSP_EXTRATLEITIMPL_220526_0408_20000000011802969952_000.jpg,PSP_EXTRATLEITIMPL_220526_0408,mikael,ilegivel,,pasta=medidoruim
PSP_EXTRATLEITIMPL_220526_0408_20000000011802982449_000.jpg,PSP_EXTRATLEITIMPL_220526_0408,mikael,ilegivel,,pasta=medidoruim
PSP_EXTRATLEITIMPL_220526_0408_20000000011802984439_000.jpg,PSP_EXTRATLEITIMPL_220526_0408,mikael,sem_medidor,,pasta=ntem
PSP_EXTRATLEITIMPL_220526_0408_20000000011802984440_000.jpg,PSP_EXTRATLEITIMPL_220526_0408,mikael,ilegivel,,pasta=medidoruim
PSP_EXTRATLEITIMPL_220526_0408_20000000011802987284_000.jpg,PSP_EXTRATLEITIMPL_220526_0408,mikael,legivel,,pasta=medidor
PSP_EXTRATLEITIMPL_220526_0408_20000000011802987288_000.jpg,PSP_EXTRATLEITIMPL_220526_0408,mikael,ilegivel,,pasta=medidoruim
PSP_EXTRATLEITIMPL_220526_0408_20000000011852962921_000.jpg,PSP_EXTRATLEITIMPL_220526_0408,mikael,ilegivel,,pasta=medidoruim
PSP_EXTRATLEITIMPL_220526_0408_20000000011852969630_000.jpg,PSP_EXTRATLEITIMPL_220526_0408,mikael,ilegivel,,pasta=medidoruim
PSP_EXTRATLEITIMPL_220526_0408_20000000011852970615_000.jpg,PSP_EXTRATLEITIMPL_220526_0408,mikael,ilegivel,,pasta=medidoruim
PSP_EXTRATLEITIMPL_220526_0408_20000000011852973427_000.jpg,PSP_EXTRATLEITIMPL_220526_0408,mikael,sem_medidor,,pasta=ntem
PSP_EXTRATLEITIMPL_220526_0408_20000000011902954912_000.jpg,PSP_EXTRATLEITIMPL_220526_0408,mikael,ilegivel,,pasta=medidoruim
PSP_EXTRATLEITIMPL_220526_0408_20000000011902959912_000.jpg,PSP_EXTRATLEITIMPL_220526_0408,mikael,ilegivel,,pasta=medidoruim
PSP_EXTRATLEITIMPL_220526_0408_20000000011902961762_000.jpg,PSP_EXTRATLEITIMPL_220526_0408,mikael,ilegivel,,pasta=medidoruim
PSP_EXTRATLEITIMPL_220526_0408_20000000011902969563_000.jpg,PSP_EXTRATLEITIMPL_220526_0408,mikael,ilegivel,,pasta=medidoruim
PSP_EXTRATLEITIMPL_220526_0408_20000000011902971419_000.jpg,PSP_EXTRATLEITIMPL_220526_0408,mikael,ilegivel,,pasta=medidoruim
PSP_EXTRATLEITIMPL_220526_0408_20000000011902976042_000.jpg,PSP_EXTRATLEITIMPL_220526_0408,mikael,ilegivel,,pasta=medidoruim
PSP_EXTRATLEITIMPL_220526_0408_20000000011952958901_000.jpg,PSP_EXTRATLEITIMPL_220526_0408,mikael,legivel,,pasta=medidor
PSP_EXTRATLEITIMPL_220526_0408_20000000011952960910_000.jpg,PSP_EXTRATLEITIMPL_220526_0408,mikael,sem_medidor,,pasta=ntem
PSP_EXTRATLEITIMPL_220526_0408_20000000011952966740_000.jpg,PSP_EXTRATLEITIMPL_220526_0408,mikael,ilegivel,,pasta=medidoruim
PSP_EXTRATLEITIMPL_220526_0408_20000000011952967616_000.jpg,PSP_EXTRATLEITIMPL_220526_0408,mikael,ilegivel,,pasta=medidoruim
PSP_EXTRATLEITIMPL_220526_0408_20000000011952972431_000.jpg,PSP_EXTRATLEITIMPL_220526_0408,mikael,ilegivel,,pasta=medidoruim
PSP_EXTRATLEITIMPL_220526_0408_20000000011952974226_000.jpg,PSP_EXTRATLEITIMPL_220526_0408,mikael,ilegivel,,pasta=medidoruim
PSP_EXTRATLEITIMPL_220526_0408_20000000011952975174_000.jpg,PSP_EXTRATLEITIMPL_220526_0408,mikael,ilegivel,,pasta=medidoruim
PSP_EXTRATLEITIMPL_220526_0408_20000000011952975177_000.jpg,PSP_EXTRATLEITIMPL_220526_0408,mikael,ilegivel,,pasta=medidoruim
PSP_EXTRATLEITIMPL_220526_0408_20000000011952977021_000.jpg,PSP_EXTRATLEITIMPL_220526_0408,mikael,ilegivel,,pasta=medidoruim
PSP_EXTRATLEITIMPL_220526_0408_20000000012002954974_000.jpg,PSP_EXTRATLEITIMPL_220526_0408,mikael,ilegivel,,pasta=medidoruim
PSP_EXTRATLEITIMPL_220526_0408_20000000012002956985_000.jpg,PSP_EXTRATLEITIMPL_220526_0408,mikael,ilegivel,,pasta=medidoruim
PSP_EXTRATLEITIMPL_220526_0408_20000000012002957932_000.jpg,PSP_EXTRATLEITIMPL_220526_0408,mikael,ilegivel,,pasta=medidoruim
PSP_EXTRATLEITIMPL_220526_0408_20000000012002958923_000.jpg,PSP_EXTRATLEITIMPL_220526_0408,mikael,ilegivel,,pasta=medidoruim
PSP_EXTRATLEITIMPL_220526_0408_20000000012002966747_000.jpg,PSP_EXTRATLEITIMPL_220526_0408,mikael,ilegivel,,pasta=medidoruim
PSP_EXTRATLEITIMPL_220526_0408_20000000012002968719_000.jpg,PSP_EXTRATLEITIMPL_220526_0408,mikael,ilegivel,,pasta=medidoruim
PSP_EXTRATLEITIMPL_220526_0408_20000000012002979104_000.jpg,PSP_EXTRATLEITIMPL_220526_0408,mikael,ilegivel,,pasta=medidoruim
PSP_EXTRATLEITIMPL_220526_0408_20000000012052961916_000.jpg,PSP_EXTRATLEITIMPL_220526_0408,mikael,ilegivel,,pasta=medidoruim
PSP_EXTRATLEITIMPL_220526_0408_20000000012052969814_000.jpg,PSP_EXTRATLEITIMPL_220526_0408,mikael,ilegivel,,pasta=medidoruim
PSP_EXTRATLEITIMPL_220526_0408_20000000012052979472_000.jpg,PSP_EXTRATLEITIMPL_220526_0408,mikael,ilegivel,,pasta=medidoruim
PSP_EXTRATLEITIMPL_220526_0408_20000000012052979475_000.jpg,PSP_EXTRATLEITIMPL_220526_0408,mikael,legivel,,pasta=medidor
PSP_EXTRATLEITIMPL_220526_0408_20000000012052982248_001.jpg,PSP_EXTRATLEITIMPL_220526_0408,mikael,ilegivel,,pasta=medidoruim
PSP_EXTRATLEITIMPL_220526_0408_20000000012052982263_000.jpg,PSP_EXTRATLEITIMPL_220526_0408,mikael,legivel,,pasta=medidor
PSP_EXTRATLEITIMPL_220526_0408_20000000012102960902_000.jpg,PSP_EXTRATLEITIMPL_220526_0408,mikael,ilegivel,,pasta=medidoruim
PSP_EXTRATLEITIMPL_220526_0408_20000000012102961950_000.jpg,PSP_EXTRATLEITIMPL_220526_0408,mikael,ilegivel,,pasta=medidoruim
PSP_EXTRATLEITIMPL_220526_0408_20000000012102968863_000.jpg,PSP_EXTRATLEITIMPL_220526_0408,mikael,ilegivel,,pasta=medidoruim
PSP_EXTRATLEITIMPL_220526_0408_20000000012102971729_000.jpg,PSP_EXTRATLEITIMPL_220526_0408,mikael,ilegivel,,pasta=medidoruim
PSP_EXTRATLEITIMPL_220526_0408_20000000012102973658_000.jpg,PSP_EXTRATLEITIMPL_220526_0408,mikael,ilegivel,,pasta=medidoruim
PSP_EXTRATLEITIMPL_220526_0408_20000000012102974683_000.jpg,PSP_EXTRATLEITIMPL_220526_0408,mikael,legivel,,pasta=medidor
PSP_EXTRATLEITIMPL_220526_0408_20000000012102975637_000.jpg,PSP_EXTRATLEITIMPL_220526_0408,mikael,ilegivel,,pasta=medidoruim
PSP_EXTRATLEITIMPL_220526_0408_20000000012102979487_000.jpg,PSP_EXTRATLEITIMPL_220526_0408,mikael,sem_medidor,,pasta=ntem
PSP_EXTRATLEITIMPL_220526_0408_20000000012102979490_000.jpg,PSP_EXTRATLEITIMPL_220526_0408,mikael,ilegivel,,pasta=medidoruim
PSP_EXTRATLEITIMPL_220526_0408_20000000012102982272_000.jpg,PSP_EXTRATLEITIMPL_220526_0408,mikael,legivel,,pasta=medidor
PSP_EXTRATLEITIMPL_220526_0408_20000000012102983302_000.jpg,PSP_EXTRATLEITIMPL_220526_0408,mikael,ilegivel,,pasta=medidoruim
PSP_EXTRATLEITIMPL_220526_0408_20000000012102986029_000.jpg,PSP_EXTRATLEITIMPL_220526_0408,mikael,ilegivel,,pasta=medidoruim
PSP_EXTRATLEITIMPL_220526_0408_20000000012102987008_000.jpg,PSP_EXTRATLEITIMPL_220526_0408,mikael,legivel,,pasta=medidor
PSP_EXTRATLEITIMPL_220526_0408_20000000012102987017_000.jpg,PSP_EXTRATLEITIMPL_220526_0408,mikael,ilegivel,,pasta=medidoruim
PSP_EXTRATLEITIMPL_220526_0408_20000000012152946972_000.jpg,PSP_EXTRATLEITIMPL_220526_0408,mikael,ilegivel,,pasta=medidoruim
PSP_EXTRATLEITIMPL_220526_0408_20000000012152953920_000.jpg,PSP_EXTRATLEITIMPL_220526_0408,mikael,sem_medidor,,pasta=ntem
PSP_EXTRATLEITIMPL_220526_0408_20000000012152961757_000.jpg,PSP_EXTRATLEITIMPL_220526_0408,mikael,ilegivel,,pasta=medidoruim
PSP_EXTRATLEITIMPL_220526_0408_20000000012152966542_000.jpg,PSP_EXTRATLEITIMPL_220526_0408,mikael,ilegivel,,pasta=medidoruim
PSP_EXTRATLEITIMPL_220526_0408_20000000012152969384_000.jpg,PSP_EXTRATLEITIMPL_220526_0408,mikael,ilegivel,,pasta=medidoruim
PSP_EXTRATLEITIMPL_220526_0408_20000000012152971312_000.jpg,PSP_EXTRATLEITIMPL_220526_0408,mikael,ilegivel,,pasta=medidoruim
PSP_EXTRATLEITIMPL_220526_0408_20000000012152974031_000.jpg,PSP_EXTRATLEITIMPL_220526_0408,mikael,ilegivel,,pasta=medidoruim
PSP_EXTRATLEITIMPL_220526_0408_20000000012152976007_000.jpg,PSP_EXTRATLEITIMPL_220526_0408,mikael,ilegivel,,pasta=medidoruim
PSP_EXTRATLEITIMPL_220526_0408_20000000012202953946_000.jpg,PSP_EXTRATLEITIMPL_220526_0408,mikael,ilegivel,,pasta=medidoruim
PSP_EXTRATLEITIMPL_220526_0408_20000000012202971537_000.jpg,PSP_EXTRATLEITIMPL_220526_0408,mikael,ilegivel,,pasta=medidoruim
PSP_EXTRATLEITIMPL_220526_0408_20000000012202973465_000.jpg,PSP_EXTRATLEITIMPL_220526_0408,mikael,ilegivel,,pasta=medidoruim
PSP_EXTRATLEITIMPL_220526_0408_20000000012202977211_000.jpg,PSP_EXTRATLEITIMPL_220526_0408,mikael,sem_medidor,,pasta=ntem
PSP_EXTRATLEITIMPL_220526_0408_20000000012202978152_000.jpg,PSP_EXTRATLEITIMPL_220526_0408,mikael,ilegivel,,pasta=medidoruim
PSP_EXTRATLEITIMPL_220526_0408_20000000012202979035_000.jpg,PSP_EXTRATLEITIMPL_220526_0408,mikael,sem_medidor,,pasta=ntem
PSP_EXTRATLEITIMPL_220526_0408_20000000012202979042_000.jpg,PSP_EXTRATLEITIMPL_220526_0408,mikael,ilegivel,,pasta=medidoruim
PSP_EXTRATLEITIMPL_220526_0408_20000000012252957953_000.jpg,PSP_EXTRATLEITIMPL_220526_0408,mikael,ilegivel,,pasta=medidoruim
PSP_EXTRATLEITIMPL_220526_0408_20000000012252968720_000.jpg,PSP_EXTRATLEITIMPL_220526_0408,mikael,ilegivel,,pasta=medidoruim
PSP_EXTRATLEITIMPL_220526_0408_20000000012252970648_000.jpg,PSP_EXTRATLEITIMPL_220526_0408,mikael,legivel,,pasta=medidor
PSP_EXTRATLEITIMPL_220526_0408_20000000012252973613_000.jpg,PSP_EXTRATLEITIMPL_220526_0408,mikael,ilegivel,,pasta=medidoruim
PSP_EXTRATLEITIMPL_220526_0408_20000000012252975390_000.jpg,PSP_EXTRATLEITIMPL_220526_0408,mikael,ilegivel,,pasta=medidoruim
PSP_EXTRATLEITIMPL_220526_0408_20000000012252977290_000.jpg,PSP_EXTRATLEITIMPL_220526_0408,mikael,sem_medidor,,pasta=ntem
PSP_EXTRATLEITIMPL_220526_0408_20000000012252979199_000.jpg,PSP_EXTRATLEITIMPL_220526_0408,mikael,ilegivel,,pasta=medidoruim
PSP_EXTRATLEITIMPL_220526_0408_20000000012252981052_000.jpg,PSP_EXTRATLEITIMPL_220526_0408,mikael,ilegivel,,pasta=medidoruim
PSP_EXTRATLEITIMPL_220526_0408_20000000012252983016_000.jpg,PSP_EXTRATLEITIMPL_220526_0408,mikael,ilegivel,,pasta=medidoruim
PSP_EXTRATLEITIMPL_220526_0408_20000000012252983036_000.jpg,PSP_EXTRATLEITIMPL_220526_0408,mikael,ilegivel,,pasta=medidoruim
PSP_EXTRATLEITIMPL_220526_0408_20000000012302968969_000.jpg,PSP_EXTRATLEITIMPL_220526_0408,mikael,ilegivel,,pasta=medidoruim
PSP_EXTRATLEITIMPL_220526_0408_20000000012302970915_000.jpg,PSP_EXTRATLEITIMPL_220526_0408,mikael,ilegivel,,pasta=medidoruim
PSP_EXTRATLEITIMPL_220526_0408_20000000012302977715_000.jpg,PSP_EXTRATLEITIMPL_220526_0408,mikael,ilegivel,,pasta=medidoruim
PSP_EXTRATLEITIMPL_220526_0408_20000000012302977717_000.jpg,PSP_EXTRATLEITIMPL_220526_0408,mikael,ilegivel,,pasta=medidoruim
PSP_EXTRATLEITIMPL_220526_0408_20000000012302979643_000.jpg,PSP_EXTRATLEITIMPL_220526_0408,mikael,ilegivel,,pasta=medidoruim
PSP_EXTRATLEITIMPL_220526_0408_20000000012302983395_000.jpg,PSP_EXTRATLEITIMPL_220526_0408,mikael,ilegivel,,pasta=medidoruim
PSP_EXTRATLEITIMPL_220526_0408_20000000012302985304_000.jpg,PSP_EXTRATLEITIMPL_220526_0408,mikael,ilegivel,,pasta=medidoruim
PSP_EXTRATLEITIMPL_220526_0408_20000000012352949964_000.jpg,PSP_EXTRATLEITIMPL_220526_0408,mikael,ilegivel,,pasta=medidoruim
PSP_EXTRATLEITIMPL_220526_0408_20000000012352952888_000.jpg,PSP_EXTRATLEITIMPL_220526_0408,mikael,ilegivel,,pasta=medidoruim
PSP_EXTRATLEITIMPL_220526_0408_20000000012352965481_000.jpg,PSP_EXTRATLEITIMPL_220526_0408,mikael,ilegivel,,pasta=medidoruim
PSP_EXTRATLEITIMPL_220526_0408_20000000012352966396_000.jpg,PSP_EXTRATLEITIMPL_220526_0408,mikael,ilegivel,,pasta=medidoruim
PSP_EXTRATLEITIMPL_220526_0408_20000000012352969333_000.jpg,PSP_EXTRATLEITIMPL_220526_0408,mikael,ilegivel,,pasta=medidoruim
PSP_EXTRATLEITIMPL_220526_0408_20000000012352973043_000.jpg,PSP_EXTRATLEITIMPL_220526_0408,mikael,legivel,,pasta=medidor
PSP_EXTRATLEITIMPL_220526_0408_20000000012402956887_000.jpg,PSP_EXTRATLEITIMPL_220526_0408,mikael,ilegivel,,pasta=medidoruim
PSP_EXTRATLEITIMPL_220526_0408_20000000012402957845_000.jpg,PSP_EXTRATLEITIMPL_220526_0408,mikael,ilegivel,,pasta=medidoruim
PSP_EXTRATLEITIMPL_220526_0408_20000000012402957847_000.jpg,PSP_EXTRATLEITIMPL_220526_0408,mikael,ilegivel,,pasta=medidoruim
PSP_EXTRATLEITIMPL_220526_0408_20000000012402959880_000.jpg,PSP_EXTRATLEITIMPL_220526_0408,mikael,ilegivel,,pasta=medidoruim
PSP_EXTRATLEITIMPL_220526_0408_20000000012402962810_000.jpg,PSP_EXTRATLEITIMPL_220526_0408,mikael,ilegivel,,pasta=medidoruim
PSP_EXTRATLEITIMPL_220526_0408_20000000012402968594_000.jpg,PSP_EXTRATLEITIMPL_220526_0408,mikael,legivel,,pasta=medidor
PSP_EXTRATLEITIMPL_220526_0408_20000000012402972399_000.jpg,PSP_EXTRATLEITIMPL_220526_0408,mikael,legivel,,pasta=medidor
PSP_EXTRATLEITIMPL_220526_0408_20000000012402973335_000.jpg,PSP_EXTRATLEITIMPL_220526_0408,mikael,legivel,,pasta=medidor
PSP_EXTRATLEITIMPL_220526_0408_20000000012402974171_000.jpg,PSP_EXTRATLEITIMPL_220526_0408,mikael,legivel,,pasta=medidor
PSP_EXTRATLEITIMPL_220526_0408_20000000012402974185_000.jpg,PSP_EXTRATLEITIMPL_220526_0408,mikael,legivel,,pasta=medidor
PSP_EXTRATLEITIMPL_220526_0408_20000000012452951886_000.jpg,PSP_EXTRATLEITIMPL_220526_0408,mikael,ilegivel,,pasta=medidoruim
PSP_EXTRATLEITIMPL_220526_0408_20000000012452952877_000.jpg,PSP_EXTRATLEITIMPL_220526_0408,mikael,ilegivel,,pasta=medidoruim
PSP_EXTRATLEITIMPL_220526_0408_20000000012452958779_000.jpg,PSP_EXTRATLEITIMPL_220526_0408,mikael,ilegivel,,pasta=medidoruim
PSP_EXTRATLEITIMPL_220526_0408_20000000012452960793_000.jpg,PSP_EXTRATLEITIMPL_220526_0408,mikael,ilegivel,,pasta=medidoruim
PSP_EXTRATLEITIMPL_220526_0408_20000000012452962638_000.jpg,PSP_EXTRATLEITIMPL_220526_0408,mikael,ilegivel,,pasta=medidoruim
PSP_EXTRATLEITIMPL_220526_0408_20000000012452964538_001.jpg,PSP_EXTRATLEITIMPL_220526_0408,mikael,ilegivel,,pasta=medidoruim
PSP_EXTRATLEITIMPL_220526_0408_20000000012452964541_000.jpg,PSP_EXTRATLEITIMPL_220526_0408,mikael,ilegivel,,pasta=medidoruim
PSP_EXTRATLEITIMPL_220526_0408_20000000012452966417_000.jpg,PSP_EXTRATLEITIMPL_220526_0408,mikael,ilegivel,,pasta=medidoruim
PSP_EXTRATLEITIMPL_220526_0408_20000000012452967376_001.jpg,PSP_EXTRATLEITIMPL_220526_0408,mikael,legivel,,pasta=medidor
PSP_EXTRATLEITIMPL_220526_0408_20000000012452969280_001.jpg,PSP_EXTRATLEITIMPL_220526_0408,mikael,ilegivel,,pasta=medidoruim
PSP_EXTRATLEITIMPL_220526_0408_20000000012452973004_000.jpg,PSP_EXTRATLEITIMPL_220526_0408,mikael,sem_medidor,,pasta=ntem
PSP_EXTRATLEITIMPL_220526_0408_20000000012452973006_000.jpg,PSP_EXTRATLEITIMPL_220526_0408,mikael,ilegivel,,pasta=medidoruim
PSP_EXTRATLEITIMPL_220526_0408_20000000012502962950_000.jpg,PSP_EXTRATLEITIMPL_220526_0408,mikael,ilegivel,,pasta=medidoruim
PSP_EXTRATLEITIMPL_220526_0408_20000000012502967977_000.jpg,PSP_EXTRATLEITIMPL_220526_0408,mikael,ilegivel,,pasta=medidoruim
PSP_EXTRATLEITIMPL_220526_0408_20000000012502967981_000.jpg,PSP_EXTRATLEITIMPL_220526_0408,mikael,ilegivel,,pasta=medidoruim
PSP_EXTRATLEITIMPL_220526_0408_20000000012502977668_000.jpg,PSP_EXTRATLEITIMPL_220526_0408,mikael,ilegivel,,pasta=medidoruim
PSP_EXTRATLEITIMPL_220526_0408_20000000012502985275_000.jpg,PSP_EXTRATLEITIMPL_220526_0408,mikael,ilegivel,,pasta=medidoruim
PSP_EXTRATLEITIMPL_220526_0408_20000000012502985293_000.jpg,PSP_EXTRATLEITIMPL_220526_0408,mikael,ilegivel,,pasta=medidoruim
PSP_EXTRATLEITIMPL_220526_0408_20000000012502986213_000.jpg,PSP_EXTRATLEITIMPL_220526_0408,mikael,legivel,,pasta=medidor
PSP_EXTRATLEITIMPL_220526_0408_20000000012502991033_000.jpg,PSP_EXTRATLEITIMPL_220526_0408,mikael,sem_medidor,,pasta=ntem
PSP_EXTRATLEITIMPL_220526_0408_20000000012502992005_000.jpg,PSP_EXTRATLEITIMPL_220526_0408,mikael,ilegivel,,pasta=medidoruim
PSP_EXTRATLEITIMPL_220526_0408_20000000012502992008_000.jpg,PSP_EXTRATLEITIMPL_220526_0408,mikael,ilegivel,,pasta=medidoruim
PSP_EXTRATLEITIMPL_220526_0408_20000000012502992010_000.jpg,PSP_EXTRATLEITIMPL_220526_0408,mikael,ilegivel,,pasta=medidoruim
PSP_EXTRATLEITIMPL_220526_0408_20000000012552950978_000.jpg,PSP_EXTRATLEITIMPL_220526_0408,mikael,ilegivel,,pasta=medidoruim
PSP_EXTRATLEITIMPL_220526_0408_20000000012552955876_000.jpg,PSP_EXTRATLEITIMPL_220526_0408,mikael,legivel,,pasta=medidor
PSP_EXTRATLEITIMPL_220526_0408_20000000012552956926_000.jpg,PSP_EXTRATLEITIMPL_220526_0408,mikael,ilegivel,,pasta=medidoruim
PSP_EXTRATLEITIMPL_220526_0408_20000000012552956939_000.jpg,PSP_EXTRATLEITIMPL_220526_0408,mikael,ilegivel,,pasta=medidoruim
PSP_EXTRATLEITIMPL_220526_0408_20000000012552966705_000.jpg,PSP_EXTRATLEITIMPL_220526_0408,mikael,legivel,,pasta=medidor
PSP_EXTRATLEITIMPL_220526_0408_20000000012552974426_000.jpg,PSP_EXTRATLEITIMPL_220526_0408,mikael,ilegivel,,pasta=medidoruim
PSP_EXTRATLEITIMPL_220526_0408_20000000012552975290_000.jpg,PSP_EXTRATLEITIMPL_220526_0408,mikael,ilegivel,,pasta=medidoruim
PSP_EXTRATLEITIMPL_220526_0408_20000000012552980029_000.jpg,PSP_EXTRATLEITIMPL_220526_0408,mikael,ilegivel,,pasta=medidoruim
PSP_EXTRATLEITIMPL_220526_0408_20000000012602961995_001.jpg,PSP_EXTRATLEITIMPL_220526_0408,mikael,ilegivel,,pasta=medidoruim
PSP_EXTRATLEITIMPL_220526_0408_20000000012602965922_000.jpg,PSP_EXTRATLEITIMPL_220526_0408,mikael,legivel,,pasta=medidor
PSP_EXTRATLEITIMPL_220526_0408_20000000012602970783_000.jpg,PSP_EXTRATLEITIMPL_220526_0408,mikael,ilegivel,,pasta=medidoruim
PSP_EXTRATLEITIMPL_220526_0408_20000000012602972812_000.jpg,PSP_EXTRATLEITIMPL_220526_0408,mikael,ilegivel,,pasta=medidoruim
PSP_EXTRATLEITIMPL_220526_0408_20000000012602973697_000.jpg,PSP_EXTRATLEITIMPL_220526_0408,mikael,ilegivel,,pasta=medidoruim
PSP_EXTRATLEITIMPL_220526_0408_20000000012602973711_000.jpg,PSP_EXTRATLEITIMPL_220526_0408,mikael,legivel,,pasta=medidor
PSP_EXTRATLEITIMPL_220526_0408_20000000012602979403_000.jpg,PSP_EXTRATLEITIMPL_220526_0408,mikael,sem_medidor,,pasta=ntem
PSP_EXTRATLEITIMPL_220526_0408_20000000012602982282_000.jpg,PSP_EXTRATLEITIMPL_220526_0408,mikael,ilegivel,,pasta=medidoruim
PSP_EXTRATLEITIMPL_220526_0408_20000000012602982285_000.jpg,PSP_EXTRATLEITIMPL_220526_0408,mikael,legivel,,pasta=medidor
PSP_EXTRATLEITIMPL_220526_0408_20000000012652955946_000.jpg,PSP_EXTRATLEITIMPL_220526_0408,mikael,legivel,,pasta=medidor
PSP_EXTRATLEITIMPL_220526_0408_20000000012652959941_000.jpg,PSP_EXTRATLEITIMPL_220526_0408,mikael,ilegivel,,pasta=medidoruim
PSP_EXTRATLEITIMPL_220526_0408_20000000012652968818_000.jpg,PSP_EXTRATLEITIMPL_220526_0408,mikael,ilegivel,,pasta=medidoruim
PSP_EXTRATLEITIMPL_220526_0408_20000000012652973594_000.jpg,PSP_EXTRATLEITIMPL_220526_0408,mikael,legivel,,pasta=medidor
PSP_EXTRATLEITIMPL_220526_0408_20000000012652975411_000.jpg,PSP_EXTRATLEITIMPL_220526_0408,mikael,ilegivel,,pasta=medidoruim
PSP_EXTRATLEITIMPL_220526_0408_20000000012652976431_000.jpg,PSP_EXTRATLEITIMPL_220526_0408,mikael,ilegivel,,pasta=medidoruim
PSP_EXTRATLEITIMPL_220526_0408_20000000012652976438_000.jpg,PSP_EXTRATLEITIMPL_220526_0408,mikael,legivel,,pasta=medidor
PSP_EXTRATLEITIMPL_220526_0408_20000000012652982027_000.jpg,PSP_EXTRATLEITIMPL_220526_0408,mikael,ilegivel,,pasta=medidoruim
PSP_EXTRATLEITIMPL_220526_0408_20000000012702952955_000.jpg,PSP_EXTRATLEITIMPL_220526_0408,mikael,ilegivel,,pasta=medidoruim
PSP_EXTRATLEITIMPL_220526_0408_20000000012702952957_000.jpg,PSP_EXTRATLEITIMPL_220526_0408,mikael,legivel,,pasta=medidor
PSP_EXTRATLEITIMPL_220526_0408_20000000012702952969_000.jpg,PSP_EXTRATLEITIMPL_220526_0408,mikael,ilegivel,,pasta=medidoruim
PSP_EXTRATLEITIMPL_220526_0408_20000000012702961904_000.jpg,PSP_EXTRATLEITIMPL_220526_0408,mikael,ilegivel,,pasta=medidoruim
PSP_EXTRATLEITIMPL_220526_0408_20000000012702961905_000.jpg,PSP_EXTRATLEITIMPL_220526_0408,mikael,legivel,,pasta=medidor
PSP_EXTRATLEITIMPL_220526_0408_20000000012702966782_000.jpg,PSP_EXTRATLEITIMPL_220526_0408,mikael,legivel,,pasta=medidor
PSP_EXTRATLEITIMPL_220526_0408_20000000012702967752_000.jpg,PSP_EXTRATLEITIMPL_220526_0408,mikael,legivel,,pasta=medidor
PSP_EXTRATLEITIMPL_220526_0408_20000000012702968799_000.jpg,PSP_EXTRATLEITIMPL_220526_0408,mikael,sem_medidor,,pasta=ntem
PSP_EXTRATLEITIMPL_220526_0408_20000000012702968813_000.jpg,PSP_EXTRATLEITIMPL_220526_0408,mikael,ilegivel,,pasta=medidoruim
PSP_EXTRATLEITIMPL_220526_0408_20000000012702977373_000.jpg,PSP_EXTRATLEITIMPL_220526_0408,mikael,ilegivel,,pasta=medidoruim
PSP_EXTRATLEITIMPL_220526_0408_20000000012702982025_000.jpg,PSP_EXTRATLEITIMPL_220526_0408,mikael,ilegivel,,pasta=medidoruim
PSP_EXTRATLEITIMPL_220526_0408_20000000012702982034_000.jpg,PSP_EXTRATLEITIMPL_220526_0408,mikael,ilegivel,,pasta=medidoruim
PSP_EXTRATLEITIMPL_220526_0408_20000000012752958857_000.jpg,PSP_EXTRATLEITIMPL_220526_0408,mikael,ilegivel,,pasta=medidoruim
PSP_EXTRATLEITIMPL_220526_0408_20000000012752962776_000.jpg,PSP_EXTRATLEITIMPL_220526_0408,mikael,legivel,,pasta=medidor
PSP_EXTRATLEITIMPL_220526_0408_20000000012752975016_000.jpg,PSP_EXTRATLEITIMPL_220526_0408,mikael,ilegivel,,pasta=medidoruim
PSP_EXTRATLEITIMPL_220526_0408_20000000012802951969_000.jpg,PSP_EXTRATLEITIMPL_220526_0408,mikael,ilegivel,,pasta=medidoruim
PSP_EXTRATLEITIMPL_220526_0408_20000000012802954949_000.jpg,PSP_EXTRATLEITIMPL_220526_0408,mikael,ilegivel,,pasta=medidoruim
PSP_EXTRATLEITIMPL_220526_0408_20000000012802965871_000.jpg,PSP_EXTRATLEITIMPL_220526_0408,mikael,ilegivel,,pasta=medidoruim
PSP_EXTRATLEITIMPL_220526_0408_20000000012802966803_000.jpg,PSP_EXTRATLEITIMPL_220526_0408,mikael,ilegivel,,pasta=medidoruim
PSP_EXTRATLEITIMPL_220526_0408_20000000012802971710_000.jpg,PSP_EXTRATLEITIMPL_220526_0408,mikael,ilegivel,,pasta=medidoruim
PSP_EXTRATLEITIMPL_220526_0408_20000000012802972644_000.jpg,PSP_EXTRATLEITIMPL_220526_0408,mikael,sem_medidor,,pasta=ntem
PSP_EXTRATLEITIMPL_220526_0408_20000000012802973634_000.jpg,PSP_EXTRATLEITIMPL_220526_0408,mikael,ilegivel,,pasta=medidoruim
PSP_EXTRATLEITIMPL_220526_0408_20000000012802975485_000.jpg,PSP_EXTRATLEITIMPL_220526_0408,mikael,ilegivel,,pasta=medidoruim
PSP_EXTRATLEITIMPL_220526_0408_20000000012802980282_000.jpg,PSP_EXTRATLEITIMPL_220526_0408,mikael,ilegivel,,pasta=medidoruim
PSP_EXTRATLEITIMPL_220526_0408_20000000012802980283_000.jpg,PSP_EXTRATLEITIMPL_220526_0408,mikael,ilegivel,,pasta=medidoruim
PSP_EXTRATLEITIMPL_220526_0408_20000000012852953897_000.jpg,PSP_EXTRATLEITIMPL_220526_0408,mikael,ilegivel,,pasta=medidoruim
PSP_EXTRATLEITIMPL_220526_0408_20000000012852961910_000.jpg,PSP_EXTRATLEITIMPL_220526_0408,mikael,ilegivel,,pasta=medidoruim
PSP_EXTRATLEITIMPL_220526_0408_20000000012852967649_000.jpg,PSP_EXTRATLEITIMPL_220526_0408,mikael,ilegivel,,pasta=medidoruim
PSP_EXTRATLEITIMPL_220526_0408_20000000012852968645_000.jpg,PSP_EXTRATLEITIMPL_220526_0408,mikael,ilegivel,,pasta=medidoruim
PSP_EXTRATLEITIMPL_220526_0408_20000000012852971568_000.jpg,PSP_EXTRATLEITIMPL_220526_0408,mikael,ilegivel,,pasta=medidoruim
PSP_EXTRATLEITIMPL_220526_0408_20000000012852974438_000.jpg,PSP_EXTRATLEITIMPL_220526_0408,mikael,legivel,,pasta=medidor
PSP_EXTRATLEITIMPL_220526_0408_20000000012852976298_000.jpg,PSP_EXTRATLEITIMPL_220526_0408,mikael,legivel,,pasta=medidor
PSP_EXTRATLEITIMPL_220526_0408_20000000012852977200_000.jpg,PSP_EXTRATLEITIMPL_220526_0408,mikael,legivel,,pasta=medidor
PSP_EXTRATLEITIMPL_220526_0408_20000000012852979073_000.jpg,PSP_EXTRATLEITIMPL_220526_0408,mikael,sem_medidor,,pasta=ntem
PSP_EXTRATLEITIMPL_220526_0408_20000000012852980016_000.jpg,PSP_EXTRATLEITIMPL_220526_0408,mikael,ilegivel,,pasta=medidoruim
PSP_EXTRATLEITIMPL_220526_0408_20000000012902949966_000.jpg,PSP_EXTRATLEITIMPL_220526_0408,mikael,ilegivel,,pasta=medidoruim
PSP_EXTRATLEITIMPL_220526_0408_20000000012902949970_000.jpg,PSP_EXTRATLEITIMPL_220526_0408,mikael,sem_medidor,,pasta=ntem
PSP_EXTRATLEITIMPL_220526_0408_20000000012902968647_000.jpg,PSP_EXTRATLEITIMPL_220526_0408,mikael,sem_medidor,,pasta=ntem
PSP_EXTRATLEITIMPL_220526_0408_20000000012902968668_000.jpg,PSP_EXTRATLEITIMPL_220526_0408,mikael,ilegivel,,pasta=medidoruim
PSP_EXTRATLEITIMPL_220526_0408_20000000012902970579_000.jpg,PSP_EXTRATLEITIMPL_220526_0408,mikael,ilegivel,,pasta=medidoruim
PSP_EXTRATLEITIMPL_220526_0408_20000000012902979008_000.jpg,PSP_EXTRATLEITIMPL_220526_0408,mikael,legivel,,pasta=medidor
PSP_EXTRATLEITIMPL_220526_0408_20000000012902980007_000.jpg,PSP_EXTRATLEITIMPL_220526_0408,mikael,ilegivel,,pasta=medidoruim
PSP_EXTRATLEITIMPL_220526_0408_20000000012952958678_000.jpg,PSP_EXTRATLEITIMPL_220526_0408,mikael,sem_medidor,,pasta=ntem
PSP_EXTRATLEITIMPL_220526_0408_20000000012952962523_000.jpg,PSP_EXTRATLEITIMPL_220526_0408,mikael,legivel,,pasta=medidor
PSP_EXTRATLEITIMPL_220526_0408_20000000012952962532_000.jpg,PSP_EXTRATLEITIMPL_220526_0408,mikael,ilegivel,,pasta=medidoruim
PSP_EXTRATLEITIMPL_220526_0408_20000000012952969098_000.jpg,PSP_EXTRATLEITIMPL_220526_0408,mikael,sem_medidor,,pasta=ntem
PSP_EXTRATLEITIMPL_220526_0408_20000000012952970108_000.jpg,PSP_EXTRATLEITIMPL_220526_0408,mikael,ilegivel,,pasta=medidoruim
PSP_EXTRATLEITIMPL_220526_0408_20000000012952971061_000.jpg,PSP_EXTRATLEITIMPL_220526_0408,mikael,ilegivel,,pasta=medidoruim
PSP_EXTRATLEITIMPL_220526_0408_20000000012952973010_000.jpg,PSP_EXTRATLEITIMPL_220526_0408,mikael,ilegivel,,pasta=medidoruim
PSP_EXTRATLEITIMPL_220526_0408_20000000013002941939_000.jpg,PSP_EXTRATLEITIMPL_220526_0408,mikael,legivel,,pasta=medidor
PSP_EXTRATLEITIMPL_220526_0408_20000000013002944962_000.jpg,PSP_EXTRATLEITIMPL_220526_0408,mikael,ilegivel,,pasta=medidoruim
PSP_EXTRATLEITIMPL_220526_0408_20000000013002944966_000.jpg,PSP_EXTRATLEITIMPL_220526_0408,mikael,ilegivel,,pasta=medidoruim
PSP_EXTRATLEITIMPL_220526_0408_20000000013002951781_000.jpg,PSP_EXTRATLEITIMPL_220526_0408,mikael,ilegivel,,pasta=medidoruim
PSP_EXTRATLEITIMPL_220526_0408_20000000013002951782_000.jpg,PSP_EXTRATLEITIMPL_220526_0408,mikael,ilegivel,,pasta=medidoruim
PSP_EXTRATLEITIMPL_220526_0408_20000000013002957513_000.jpg,PSP_EXTRATLEITIMPL_220526_0408,mikael,ilegivel,,pasta=medidoruim
PSP_EXTRATLEITIMPL_220526_0408_20000000013002961179_000.jpg,PSP_EXTRATLEITIMPL_220526_0408,mikael,legivel,,pasta=medidor
PSP_EXTRATLEITIMPL_220526_0408_20000000013002962176_000.jpg,PSP_EXTRATLEITIMPL_220526_0408,mikael,ilegivel,,pasta=medidoruim
PSP_EXTRATLEITIMPL_220526_0408_20000000013052961806_000.jpg,PSP_EXTRATLEITIMPL_220526_0408,mikael,ilegivel,,pasta=medidoruim
PSP_EXTRATLEITIMPL_220526_0408_20000000013052966700_000.jpg,PSP_EXTRATLEITIMPL_220526_0408,mikael,ilegivel,,pasta=medidoruim
PSP_EXTRATLEITIMPL_220526_0408_20000000013052970548_000.jpg,PSP_EXTRATLEITIMPL_220526_0408,mikael,sem_medidor,,pasta=ntem
PSP_EXTRATLEITIMPL_220526_0408_20000000013052970554_000.jpg,PSP_EXTRATLEITIMPL_220526_0408,mikael,ilegivel,,pasta=medidoruim
PSP_EXTRATLEITIMPL_220526_0408_20000000013052972396_000.jpg,PSP_EXTRATLEITIMPL_220526_0408,mikael,ilegivel,,pasta=medidoruim
PSP_EXTRATLEITIMPL_220526_0408_20000000013052973426_000.jpg,PSP_EXTRATLEITIMPL_220526_0408,mikael,legivel,,pasta=medidor
PSP_EXTRATLEITIMPL_220526_0408_20000000013052977087_000.jpg,PSP_EXTRATLEITIMPL_220526_0408,mikael,ilegivel,,pasta=medidoruim
PSP_EXTRATLEITIMPL_220526_0408_20000000013052980016_000.jpg,PSP_EXTRATLEITIMPL_220526_0408,mikael,ilegivel,,pasta=medidoruim
PSP_EXTRATLEITIMPL_220526_0408_20000000013102959982_000.jpg,PSP_EXTRATLEITIMPL_220526_0408,mikael,legivel,,pasta=medidor
PSP_EXTRATLEITIMPL_220526_0408_20000000013102959996_000.jpg,PSP_EXTRATLEITIMPL_220526_0408,mikael,ilegivel,,pasta=medidoruim
PSP_EXTRATLEITIMPL_220526_0408_20000000013102966897_000.jpg,PSP_EXTRATLEITIMPL_220526_0408,mikael,sem_medidor,,pasta=ntem
PSP_EXTRATLEITIMPL_220526_0408_20000000013102969943_000.jpg,PSP_EXTRATLEITIMPL_220526_0408,mikael,ilegivel,,pasta=medidoruim
PSP_EXTRATLEITIMPL_220526_0408_20000000013102970866_000.jpg,PSP_EXTRATLEITIMPL_220526_0408,mikael,ilegivel,,pasta=medidoruim
PSP_EXTRATLEITIMPL_220526_0408_20000000013102977542_000.jpg,PSP_EXTRATLEITIMPL_220526_0408,mikael,legivel,,pasta=medidor
PSP_EXTRATLEITIMPL_220526_0408_20000000013102979504_000.jpg,PSP_EXTRATLEITIMPL_220526_0408,mikael,ilegivel,,pasta=medidoruim
PSP_EXTRATLEITIMPL_220526_0408_20000000013102985131_000.jpg,PSP_EXTRATLEITIMPL_220526_0408,mikael,legivel,,pasta=medidor
PSP_EXTRATLEITIMPL_220526_0408_20000000013102986003_000.jpg,PSP_EXTRATLEITIMPL_220526_0408,mikael,ilegivel,,pasta=medidoruim
PSP_EXTRATLEITIMPL_220526_0408_20000000013102986006_000.jpg,PSP_EXTRATLEITIMPL_220526_0408,mikael,ilegivel,,pasta=medidoruim
PSP_EXTRATLEITIMPL_220526_0408_20000000013152951952_000.jpg,PSP_EXTRATLEITIMPL_220526_0408,mikael,ilegivel,,pasta=medidoruim
PSP_EXTRATLEITIMPL_220526_0408_20000000013152961895_000.jpg,PSP_EXTRATLEITIMPL_220526_0408,mikael,ilegivel,,pasta=medidoruim
PSP_EXTRATLEITIMPL_220526_0408_20000000013152968766_000.jpg,PSP_EXTRATLEITIMPL_220526_0408,mikael,legivel,,pasta=medidor
PSP_EXTRATLEITIMPL_220526_0408_20000000013152977332_000.jpg,PSP_EXTRATLEITIMPL_220526_0408,mikael,legivel,,pasta=medidor
PSP_EXTRATLEITIMPL_220526_0408_20000000013152978203_000.jpg,PSP_EXTRATLEITIMPL_220526_0408,mikael,legivel,,pasta=medidor
PSP_EXTRATLEITIMPL_220526_0408_20000000013152981005_000.jpg,PSP_EXTRATLEITIMPL_220526_0408,mikael,ilegivel,,pasta=medidoruim
PSP_EXTRATLEITIMPL_220526_0408_20000000013202950997_000.jpg,PSP_EXTRATLEITIMPL_220526_0408,mikael,ilegivel,,pasta=medidoruim
PSP_EXTRATLEITIMPL_220526_0408_20000000013202954931_000.jpg,PSP_EXTRATLEITIMPL_220526_0408,mikael,legivel,,pasta=medidor
PSP_EXTRATLEITIMPL_220526_0408_20000000013202955930_000.jpg,PSP_EXTRATLEITIMPL_220526_0408,mikael,ilegivel,,pasta=medidoruim
PSP_EXTRATLEITIMPL_220526_0408_20000000013202964755_000.jpg,PSP_EXTRATLEITIMPL_220526_0408,mikael,ilegivel,,pasta=medidoruim
PSP_EXTRATLEITIMPL_220526_0408_20000000013202967728_000.jpg,PSP_EXTRATLEITIMPL_220526_0408,mikael,legivel,,pasta=medidor
PSP_EXTRATLEITIMPL_220526_0408_20000000013202967745_000.jpg,PSP_EXTRATLEITIMPL_220526_0408,mikael,ilegivel,,pasta=medidoruim
PSP_EXTRATLEITIMPL_220526_0408_20000000013202971579_000.jpg,PSP_EXTRATLEITIMPL_220526_0408,mikael,sem_medidor,,pasta=ntem
PSP_EXTRATLEITIMPL_220526_0408_20000000013202974417_000.jpg,PSP_EXTRATLEITIMPL_220526_0408,mikael,ilegivel,,pasta=medidoruim
PSP_EXTRATLEITIMPL_220526_0408_20000000013202974418_000.jpg,PSP_EXTRATLEITIMPL_220526_0408,mikael,ilegivel,,pasta=medidoruim
PSP_EXTRATLEITIMPL_220526_0408_20000000013202977263_000.jpg,PSP_EXTRATLEITIMPL_220526_0408,mikael,ilegivel,,pasta=medidoruim
PSP_EXTRATLEITIMPL_220526_0408_20000000013202979089_000.jpg,PSP_EXTRATLEITIMPL_220526_0408,mikael,ilegivel,,pasta=medidoruim
PSP_EXTRATLEITIMPL_220526_0408_20000000013202981005_000.jpg,PSP_EXTRATLEITIMPL_220526_0408,mikael,ilegivel,,pasta=medidoruim
PSP_EXTRATLEITIMPL_220526_0408_20000000013252953937_000.jpg,PSP_EXTRATLEITIMPL_220526_0408,mikael,ilegivel,,pasta=medidoruim
PSP_EXTRATLEITIMPL_220526_0408_20000000013252959843_000.jpg,PSP_EXTRATLEITIMPL_220526_0408,mikael,ilegivel,,pasta=medidoruim
PSP_EXTRATLEITIMPL_220526_0408_20000000013252961754_000.jpg,PSP_EXTRATLEITIMPL_220526_0408,mikael,ilegivel,,pasta=medidoruim
PSP_EXTRATLEITIMPL_220526_0408_20000000013252962738_000.jpg,PSP_EXTRATLEITIMPL_220526_0408,mikael,ilegivel,,pasta=medidoruim
PSP_EXTRATLEITIMPL_220526_0408_20000000013252967425_000.jpg,PSP_EXTRATLEITIMPL_220526_0408,mikael,ilegivel,,pasta=medidoruim
PSP_EXTRATLEITIMPL_220526_0408_20000000013252970267_000.jpg,PSP_EXTRATLEITIMPL_220526_0408,mikael,legivel,,pasta=medidor
PSP_EXTRATLEITIMPL_220526_0408_20000000013252971158_000.jpg,PSP_EXTRATLEITIMPL_220526_0408,mikael,ilegivel,,pasta=medidoruim
PSP_EXTRATLEITIMPL_220526_0408_20000000013252972100_000.jpg,PSP_EXTRATLEITIMPL_220526_0408,mikael,ilegivel,,pasta=medidoruim
PSP_EXTRATLEITIMPL_220526_0408_20000000013252975012_000.jpg,PSP_EXTRATLEITIMPL_220526_0408,mikael,legivel,,pasta=medidor
PSP_EXTRATLEITIMPL_220526_0408_20000000013302954969_000.jpg,PSP_EXTRATLEITIMPL_220526_0408,mikael,ilegivel,,pasta=medidoruim
PSP_EXTRATLEITIMPL_220526_0408_20000000013302956884_000.jpg,PSP_EXTRATLEITIMPL_220526_0408,mikael,legivel,,pasta=medidor
PSP_EXTRATLEITIMPL_220526_0408_20000000013302960923_001.jpg,PSP_EXTRATLEITIMPL_220526_0408,mikael,ilegivel,,pasta=medidoruim
PSP_EXTRATLEITIMPL_220526_0408_20000000013302966794_000.jpg,PSP_EXTRATLEITIMPL_220526_0408,mikael,ilegivel,,pasta=medidoruim
PSP_EXTRATLEITIMPL_220526_0408_20000000013302969709_000.jpg,PSP_EXTRATLEITIMPL_220526_0408,mikael,ilegivel,,pasta=medidoruim
PSP_EXTRATLEITIMPL_220526_0408_20000000013302971503_000.jpg,PSP_EXTRATLEITIMPL_220526_0408,mikael,legivel,,pasta=medidor
PSP_EXTRATLEITIMPL_220526_0408_20000000013302971504_000.jpg,PSP_EXTRATLEITIMPL_220526_0408,mikael,ilegivel,,pasta=medidoruim
PSP_EXTRATLEITIMPL_220526_0408_20000000013302971510_000.jpg,PSP_EXTRATLEITIMPL_220526_0408,mikael,ilegivel,,pasta=medidoruim
PSP_EXTRATLEITIMPL_220526_0408_20000000013302977207_000.jpg,PSP_EXTRATLEITIMPL_220526_0408,mikael,ilegivel,,pasta=medidoruim
PSP_EXTRATLEITIMPL_220526_0408_20000000013352953938_000.jpg,PSP_EXTRATLEITIMPL_220526_0408,mikael,ilegivel,,pasta=medidoruim
PSP_EXTRATLEITIMPL_220526_0408_20000000013352956935_000.jpg,PSP_EXTRATLEITIMPL_220526_0408,mikael,sem_medidor,,pasta=ntem
PSP_EXTRATLEITIMPL_220526_0408_20000000013352965671_000.jpg,PSP_EXTRATLEITIMPL_220526_0408,mikael,legivel,,pasta=medidor
PSP_EXTRATLEITIMPL_220526_0408_20000000013352966628_000.jpg,PSP_EXTRATLEITIMPL_220526_0408,mikael,ilegivel,,pasta=medidoruim
PSP_EXTRATLEITIMPL_220526_0408_20000000013352968598_000.jpg,PSP_EXTRATLEITIMPL_220526_0408,mikael,ilegivel,,pasta=medidoruim
PSP_EXTRATLEITIMPL_220526_0408_20000000013352970457_000.jpg,PSP_EXTRATLEITIMPL_220526_0408,mikael,sem_medidor,,pasta=ntem
PSP_EXTRATLEITIMPL_220526_0408_20000000013352977003_000.jpg,PSP_EXTRATLEITIMPL_220526_0408,mikael,legivel,,pasta=medidor
PSP_EXTRATLEITIMPL_220526_0408_20000000013352979000_000.jpg,PSP_EXTRATLEITIMPL_220526_0408,mikael,ilegivel,,pasta=medidoruim
PSP_EXTRATLEITIMPL_220526_0408_20000000013402969930_000.jpg,PSP_EXTRATLEITIMPL_220526_0408,mikael,ilegivel,,pasta=medidoruim
PSP_EXTRATLEITIMPL_220526_0408_20000000013402985611_000.jpg,PSP_EXTRATLEITIMPL_220526_0408,mikael,legivel,,pasta=medidor
PSP_EXTRATLEITIMPL_220526_0408_20000000013402989420_000.jpg,PSP_EXTRATLEITIMPL_220526_0408,mikael,ilegivel,,pasta=medidoruim
PSP_EXTRATLEITIMPL_220526_0408_20000000013402989437_000.jpg,PSP_EXTRATLEITIMPL_220526_0408,mikael,ilegivel,,pasta=medidoruim
PSP_EXTRATLEITIMPL_220526_0408_20000000013402990286_000.jpg,PSP_EXTRATLEITIMPL_220526_0408,mikael,ilegivel,,pasta=medidoruim
PSP_EXTRATLEITIMPL_220526_0408_20000000013402992173_000.jpg,PSP_EXTRATLEITIMPL_220526_0408,mikael,ilegivel,,pasta=medidoruim
PSP_EXTRATLEITIMPL_220526_0408_20000000013402995000_000.jpg,PSP_EXTRATLEITIMPL_220526_0408,mikael,ilegivel,,pasta=medidoruim
PSP_EXTRATLEITIMPL_220526_0408_20000000013452964870_000.jpg,PSP_EXTRATLEITIMPL_220526_0408,mikael,ilegivel,,pasta=medidoruim
PSP_EXTRATLEITIMPL_220526_0408_20000000013452967916_000.jpg,PSP_EXTRATLEITIMPL_220526_0408,mikael,ilegivel,,pasta=medidoruim
PSP_EXTRATLEITIMPL_220526_0408_20000000013452967919_000.jpg,PSP_EXTRATLEITIMPL_220526_0408,mikael,ilegivel,,pasta=medidoruim
PSP_EXTRATLEITIMPL_220526_0408_20000000013452974726_000.jpg,PSP_EXTRATLEITIMPL_220526_0408,mikael,ilegivel,,pasta=medidoruim
PSP_EXTRATLEITIMPL_220526_0408_20000000013452978423_000.jpg,PSP_EXTRATLEITIMPL_220526_0408,mikael,legivel,,pasta=medidor
PSP_EXTRATLEITIMPL_220526_0408_20000000013452983250_000.jpg,PSP_EXTRATLEITIMPL_220526_0408,mikael,legivel,,pasta=medidor
PSP_EXTRATLEITIMPL_220526_0408_20000000013452984207_000.jpg,PSP_EXTRATLEITIMPL_220526_0408,mikael,ilegivel,,pasta=medidoruim
PSP_EXTRATLEITIMPL_220526_0408_20000000013452985106_000.jpg,PSP_EXTRATLEITIMPL_220526_0408,mikael,ilegivel,,pasta=medidoruim
PSP_EXTRATLEITIMPL_220526_0408_20000000013452987014_000.jpg,PSP_EXTRATLEITIMPL_220526_0408,mikael,sem_medidor,,pasta=ntem
PSP_EXTRATLEITIMPL_220526_0408_20000000013452987024_000.jpg,PSP_EXTRATLEITIMPL_220526_0408,mikael,ilegivel,,pasta=medidoruim
PSP_EXTRATLEITIMPL_220526_0408_20000000013452988007_000.jpg,PSP_EXTRATLEITIMPL_220526_0408,mikael,ilegivel,,pasta=medidoruim
PSP_EXTRATLEITIMPL_220526_0408_20000000013502965828_000.jpg,PSP_EXTRATLEITIMPL_220526_0408,mikael,ilegivel,,pasta=medidoruim
PSP_EXTRATLEITIMPL_220526_0408_20000000013502967773_000.jpg,PSP_EXTRATLEITIMPL_220526_0408,mikael,legivel,,pasta=medidor
PSP_EXTRATLEITIMPL_220526_0408_20000000013502973588_000.jpg,PSP_EXTRATLEITIMPL_220526_0408,mikael,ilegivel,,pasta=medidoruim
PSP_EXTRATLEITIMPL_220526_0408_20000000013502975413_000.jpg,PSP_EXTRATLEITIMPL_220526_0408,mikael,ilegivel,,pasta=medidoruim
PSP_EXTRATLEITIMPL_220526_0408_20000000013502977200_000.jpg,PSP_EXTRATLEITIMPL_220526_0408,mikael,legivel,,pasta=medidor
PSP_EXTRATLEITIMPL_220526_0408_20000000013552959900_000.jpg,PSP_EXTRATLEITIMPL_220526_0408,mikael,ilegivel,,pasta=medidoruim
PSP_EXTRATLEITIMPL_220526_0408_20000000013552959910_000.jpg,PSP_EXTRATLEITIMPL_220526_0408,mikael,ilegivel,,pasta=medidoruim
PSP_EXTRATLEITIMPL_220526_0408_20000000013552960852_000.jpg,PSP_EXTRATLEITIMPL_220526_0408,mikael,ilegivel,,pasta=medidoruim
PSP_EXTRATLEITIMPL_220526_0408_20000000013552973289_000.jpg,PSP_EXTRATLEITIMPL_220526_0408,mikael,ilegivel,,pasta=medidoruim
PSP_EXTRATLEITIMPL_220526_0408_20000000013552974206_000.jpg,PSP_EXTRATLEITIMPL_220526_0408,mikael,ilegivel,,pasta=medidoruim
PSP_EXTRATLEITIMPL_220526_0408_20000000013552977061_000.jpg,PSP_EXTRATLEITIMPL_220526_0408,mikael,ilegivel,,pasta=medidoruim
PSP_EXTRATLEITIMPL_220526_0408_20000000013552978011_000.jpg,PSP_EXTRATLEITIMPL_220526_0408,mikael,ilegivel,,pasta=medidoruim
PSP_EXTRATLEITIMPL_220526_0408_20000000013602953989_000.jpg,PSP_EXTRATLEITIMPL_220526_0408,mikael,ilegivel,,pasta=medidoruim
PSP_EXTRATLEITIMPL_220526_0408_20000000013602955904_000.jpg,PSP_EXTRATLEITIMPL_220526_0408,mikael,ilegivel,,pasta=medidoruim
PSP_EXTRATLEITIMPL_220526_0408_20000000013602956908_000.jpg,PSP_EXTRATLEITIMPL_220526_0408,mikael,legivel,,pasta=medidor
PSP_EXTRATLEITIMPL_220526_0408_20000000013602961785_000.jpg,PSP_EXTRATLEITIMPL_220526_0408,mikael,ilegivel,,pasta=medidoruim
PSP_EXTRATLEITIMPL_220526_0408_20000000013602964822_000.jpg,PSP_EXTRATLEITIMPL_220526_0408,mikael,ilegivel,,pasta=medidoruim
PSP_EXTRATLEITIMPL_220526_0408_20000000013602965790_000.jpg,PSP_EXTRATLEITIMPL_220526_0408,mikael,ilegivel,,pasta=medidoruim
PSP_EXTRATLEITIMPL_220526_0408_20000000013602967704_000.jpg,PSP_EXTRATLEITIMPL_220526_0408,mikael,ilegivel,,pasta=medidoruim
PSP_EXTRATLEITIMPL_220526_0408_20000000013602969610_000.jpg,PSP_EXTRATLEITIMPL_220526_0408,mikael,ilegivel,,pasta=medidoruim
PSP_EXTRATLEITIMPL_220526_0408_20000000013602970503_000.jpg,PSP_EXTRATLEITIMPL_220526_0408,mikael,ilegivel,,pasta=medidoruim
PSP_EXTRATLEITIMPL_220526_0408_20000000013602973380_000.jpg,PSP_EXTRATLEITIMPL_220526_0408,mikael,ilegivel,,pasta=medidoruim
PSP_EXTRATLEITIMPL_220526_0408_20000000013602978081_000.jpg,PSP_EXTRATLEITIMPL_220526_0408,mikael,ilegivel,,pasta=medidoruim
PSP_EXTRATLEITIMPL_220526_0408_20000000013602979002_000.jpg,PSP_EXTRATLEITIMPL_220526_0408,mikael,ilegivel,,pasta=medidoruim
PSP_EXTRATLEITIMPL_220526_0408_20000000013602979006_000.jpg,PSP_EXTRATLEITIMPL_220526_0408,mikael,ilegivel,,pasta=medidoruim
PSP_EXTRATLEITIMPL_220526_0408_20000000013602979016_000.jpg,PSP_EXTRATLEITIMPL_220526_0408,mikael,legivel,,pasta=medidor
PSP_EXTRATLEITIMPL_220526_0408_20000000013652951998_000.jpg,PSP_EXTRATLEITIMPL_220526_0408,mikael,sem_medidor,,pasta=ntem
PSP_EXTRATLEITIMPL_220526_0408_20000000013652962861_000.jpg,PSP_EXTRATLEITIMPL_220526_0408,mikael,ilegivel,,pasta=medidoruim
PSP_EXTRATLEITIMPL_220526_0408_20000000013652974539_000.jpg,PSP_EXTRATLEITIMPL_220526_0408,mikael,ilegivel,,pasta=medidoruim
PSP_EXTRATLEITIMPL_220526_0408_20000000013652974544_000.jpg,PSP_EXTRATLEITIMPL_220526_0408,mikael,ilegivel,,pasta=medidoruim
PSP_EXTRATLEITIMPL_220526_0408_20000000013652975403_000.jpg,PSP_EXTRATLEITIMPL_220526_0408,mikael,ilegivel,,pasta=medidoruim
PSP_EXTRATLEITIMPL_220526_0408_20000000013652975409_000.jpg,PSP_EXTRATLEITIMPL_220526_0408,mikael,ilegivel,,pasta=medidoruim
PSP_EXTRATLEITIMPL_220526_0408_20000000013702957871_000.jpg,PSP_EXTRATLEITIMPL_220526_0408,mikael,ilegivel,,pasta=medidoruim
PSP_EXTRATLEITIMPL_220526_0408_20000000013702962877_000.jpg,PSP_EXTRATLEITIMPL_220526_0408,mikael,ilegivel,,pasta=medidoruim
PSP_EXTRATLEITIMPL_220526_0408_20000000013702967810_000.jpg,PSP_EXTRATLEITIMPL_220526_0408,mikael,legivel,,pasta=medidor
PSP_EXTRATLEITIMPL_220526_0408_20000000013702976232_000.jpg,PSP_EXTRATLEITIMPL_220526_0408,mikael,ilegivel,,pasta=medidoruim
PSP_EXTRATLEITIMPL_220526_0408_20000000013702977149_000.jpg,PSP_EXTRATLEITIMPL_220526_0408,mikael,ilegivel,,pasta=medidoruim
PSP_EXTRATLEITIMPL_220526_0408_20000000013752950944_000.jpg,PSP_EXTRATLEITIMPL_220526_0408,mikael,ilegivel,,pasta=medidoruim
PSP_EXTRATLEITIMPL_220526_0408_20000000013752950954_000.jpg,PSP_EXTRATLEITIMPL_220526_0408,mikael,ilegivel,,pasta=medidoruim
PSP_EXTRATLEITIMPL_220526_0408_20000000013752965768_000.jpg,PSP_EXTRATLEITIMPL_220526_0408,mikael,legivel,,pasta=medidor
PSP_EXTRATLEITIMPL_220526_0408_20000000013752973383_000.jpg,PSP_EXTRATLEITIMPL_220526_0408,mikael,ilegivel,,pasta=medidoruim
PSP_EXTRATLEITIMPL_220526_0408_20000000013752976186_000.jpg,PSP_EXTRATLEITIMPL_220526_0408,mikael,sem_medidor,,pasta=ntem
PSP_EXTRATLEITIMPL_220526_0408_20000000013752978083_000.jpg,PSP_EXTRATLEITIMPL_220526_0408,mikael,ilegivel,,pasta=medidoruim
PSP_EXTRATLEITIMPL_220526_0408_20000000013752979027_000.jpg,PSP_EXTRATLEITIMPL_220526_0408,mikael,ilegivel,,pasta=medidoruim
PSP_EXTRATLEITIMPL_220526_0408_20000000013752979041_000.jpg,PSP_EXTRATLEITIMPL_220526_0408,mikael,ilegivel,,pasta=medidoruim
PSP_EXTRATLEITIMPL_220526_0408_20000000013752980029_000.jpg,PSP_EXTRATLEITIMPL_220526_0408,mikael,ilegivel,,pasta=medidoruim
PSP_EXTRATLEITIMPL_220526_0408_20000000013752980038_000.jpg,PSP_EXTRATLEITIMPL_220526_0408,mikael,ilegivel,,pasta=medidoruim
PSP_EXTRATLEITIMPL_220526_0408_20000000013752981016_000.jpg,PSP_EXTRATLEITIMPL_220526_0408,mikael,ilegivel,,pasta=medidoruim
PSP_EXTRATLEITIMPL_220526_0408_20000000013802956945_000.jpg,PSP_EXTRATLEITIMPL_220526_0408,mikael,legivel,,pasta=medidor
PSP_EXTRATLEITIMPL_220526_0408_20000000013802958938_001.jpg,PSP_EXTRATLEITIMPL_220526_0408,mikael,ilegivel,,pasta=medidoruim
PSP_EXTRATLEITIMPL_220526_0408_20000000013802965787_000.jpg,PSP_EXTRATLEITIMPL_220526_0408,mikael,legivel,,pasta=medidor
PSP_EXTRATLEITIMPL_220526_0408_20000000013802968648_000.jpg,PSP_EXTRATLEITIMPL_220526_0408,mikael,ilegivel,,pasta=medidoruim
PSP_EXTRATLEITIMPL_220526_0408_20000000013802974423_000.jpg,PSP_EXTRATLEITIMPL_220526_0408,mikael,ilegivel,,pasta=medidoruim
PSP_EXTRATLEITIMPL_220526_0408_20000000013802975292_000.jpg,PSP_EXTRATLEITIMPL_220526_0408,mikael,ilegivel,,pasta=medidoruim
PSP_EXTRATLEITIMPL_220526_0408_20000000013802977185_000.jpg,PSP_EXTRATLEITIMPL_220526_0408,mikael,legivel,,pasta=medidor
PSP_EXTRATLEITIMPL_220526_0408_20000000013852956987_000.jpg,PSP_EXTRATLEITIMPL_220526_0408,mikael,ilegivel,,pasta=medidoruim
PSP_EXTRATLEITIMPL_220526_0408_20000000013852960981_000.jpg,PSP_EXTRATLEITIMPL_220526_0408,mikael,ilegivel,,pasta=medidoruim
PSP_EXTRATLEITIMPL_220526_0408_20000000013852966898_000.jpg,PSP_EXTRATLEITIMPL_220526_0408,mikael,ilegivel,,pasta=medidoruim
PSP_EXTRATLEITIMPL_220526_0408_20000000013852972790_000.jpg,PSP_EXTRATLEITIMPL_220526_0408,mikael,ilegivel,,pasta=medidoruim
PSP_EXTRATLEITIMPL_220526_0408_20000000013852973676_000.jpg,PSP_EXTRATLEITIMPL_220526_0408,mikael,sem_medidor,,pasta=ntem
PSP_EXTRATLEITIMPL_220526_0408_20000000013852977432_000.jpg,PSP_EXTRATLEITIMPL_220526_0408,mikael,sem_medidor,,pasta=ntem
PSP_EXTRATLEITIMPL_220526_0408_20000000013852978386_000.jpg,PSP_EXTRATLEITIMPL_220526_0408,mikael,ilegivel,,pasta=medidoruim
PSP_EXTRATLEITIMPL_220526_0408_20000000013852982201_000.jpg,PSP_EXTRATLEITIMPL_220526_0408,mikael,legivel,,pasta=medidor
PSP_EXTRATLEITIMPL_220526_0408_20000000013852984013_000.jpg,PSP_EXTRATLEITIMPL_220526_0408,mikael,ilegivel,,pasta=medidoruim
PSP_EXTRATLEITIMPL_220526_0408_20000000013902957961_000.jpg,PSP_EXTRATLEITIMPL_220526_0408,mikael,legivel,,pasta=medidor
PSP_EXTRATLEITIMPL_220526_0408_20000000013902976459_000.jpg,PSP_EXTRATLEITIMPL_220526_0408,mikael,ilegivel,,pasta=medidoruim
PSP_EXTRATLEITIMPL_220526_0408_20000000013902976469_000.jpg,PSP_EXTRATLEITIMPL_220526_0408,mikael,ilegivel,,pasta=medidoruim
PSP_EXTRATLEITIMPL_220526_0408_20000000013902982166_000.jpg,PSP_EXTRATLEITIMPL_220526_0408,mikael,sem_medidor,,pasta=ntem
PSP_EXTRATLEITIMPL_220526_0408_20000000013902985013_000.jpg,PSP_EXTRATLEITIMPL_220526_0408,mikael,ilegivel,,pasta=medidoruim
PSP_EXTRATLEITIMPL_220526_0408_20000000013952946963_000.jpg,PSP_EXTRATLEITIMPL_220526_0408,mikael,ilegivel,,pasta=medidoruim
PSP_EXTRATLEITIMPL_220526_0408_20000000013952953903_000.jpg,PSP_EXTRATLEITIMPL_220526_0408,mikael,sem_medidor,,pasta=ntem
PSP_EXTRATLEITIMPL_220526_0408_20000000013952960823_000.jpg,PSP_EXTRATLEITIMPL_220526_0408,mikael,ilegivel,,pasta=medidoruim
PSP_EXTRATLEITIMPL_220526_0408_20000000013952964558_000.jpg,PSP_EXTRATLEITIMPL_220526_0408,mikael,ilegivel,,pasta=medidoruim
PSP_EXTRATLEITIMPL_220526_0408_20000000013952965574_000.jpg,PSP_EXTRATLEITIMPL_220526_0408,mikael,ilegivel,,pasta=medidoruim
PSP_EXTRATLEITIMPL_220526_0408_20000000013952966484_000.jpg,PSP_EXTRATLEITIMPL_220526_0408,mikael,sem_medidor,,pasta=ntem
PSP_EXTRATLEITIMPL_220526_0408_20000000013952973020_000.jpg,PSP_EXTRATLEITIMPL_220526_0408,mikael,ilegivel,,pasta=medidoruim
PSP_EXTRATLEITIMPL_220526_0408_20000000014002948925_000.jpg,PSP_EXTRATLEITIMPL_220526_0408,mikael,legivel,,pasta=medidor
PSP_EXTRATLEITIMPL_220526_0408_20000000014002953901_000.jpg,PSP_EXTRATLEITIMPL_220526_0408,mikael,ilegivel,,pasta=medidoruim
PSP_EXTRATLEITIMPL_220526_0408_20000000014002954876_000.jpg,PSP_EXTRATLEITIMPL_220526_0408,mikael,ilegivel,,pasta=medidoruim
PSP_EXTRATLEITIMPL_220526_0408_20000000014002962644_000.jpg,PSP_EXTRATLEITIMPL_220526_0408,mikael,ilegivel,,pasta=medidoruim
PSP_EXTRATLEITIMPL_220526_0408_20000000014002970302_000.jpg,PSP_EXTRATLEITIMPL_220526_0408,mikael,ilegivel,,pasta=medidoruim
PSP_EXTRATLEITIMPL_220526_0408_20000000014002974052_000.jpg,PSP_EXTRATLEITIMPL_220526_0408,mikael,ilegivel,,pasta=medidoruim
PSP_EXTRATLEITIMPL_220526_0408_20000000014002974065_000.jpg,PSP_EXTRATLEITIMPL_220526_0408,mikael,legivel,,pasta=medidor
PSP_EXTRATLEITIMPL_220526_0408_20000000014052962950_000.jpg,PSP_EXTRATLEITIMPL_220526_0408,mikael,ilegivel,,pasta=medidoruim
PSP_EXTRATLEITIMPL_220526_0408_20000000014052973798_000.jpg,PSP_EXTRATLEITIMPL_220526_0408,mikael,ilegivel,,pasta=medidoruim
PSP_EXTRATLEITIMPL_220526_0408_20000000014052975650_000.jpg,PSP_EXTRATLEITIMPL_220526_0408,mikael,ilegivel,,pasta=medidoruim
PSP_EXTRATLEITIMPL_220526_0408_20000000014052978545_000.jpg,PSP_EXTRATLEITIMPL_220526_0408,mikael,ilegivel,,pasta=medidoruim
PSP_EXTRATLEITIMPL_220526_0408_20000000014052984182_000.jpg,PSP_EXTRATLEITIMPL_220526_0408,mikael,ilegivel,,pasta=medidoruim
PSP_EXTRATLEITIMPL_220526_0408_20000000014052984185_000.jpg,PSP_EXTRATLEITIMPL_220526_0408,mikael,legivel,,pasta=medidor
PSP_EXTRATLEITIMPL_220526_0408_20000000014052985049_000.jpg,PSP_EXTRATLEITIMPL_220526_0408,mikael,ilegivel,,pasta=medidoruim
PSP_EXTRATLEITIMPL_220526_0408_20000000014052988002_000.jpg,PSP_EXTRATLEITIMPL_220526_0408,mikael,sem_medidor,,pasta=ntem
PSP_EXTRATLEITIMPL_220526_0408_20000000014102940919_000.jpg,PSP_EXTRATLEITIMPL_220526_0408,mikael,sem_medidor,,pasta=ntem
PSP_EXTRATLEITIMPL_220526_0408_20000000014102940922_000.jpg,PSP_EXTRATLEITIMPL_220526_0408,mikael,ilegivel,,pasta=medidoruim
PSP_EXTRATLEITIMPL_220526_0408_20000000014102943952_000.jpg,PSP_EXTRATLEITIMPL_220526_0408,mikael,ilegivel,,pasta=medidoruim
PSP_EXTRATLEITIMPL_220526_0408_20000000014102943965_000.jpg,PSP_EXTRATLEITIMPL_220526_0408,mikael,ilegivel,,pasta=medidoruim
PSP_EXTRATLEITIMPL_220526_0408_20000000014102945895_000.jpg,PSP_EXTRATLEITIMPL_220526_0408,mikael,ilegivel,,pasta=medidoruim
PSP_EXTRATLEITIMPL_220526_0408_20000000014102945899_000.jpg,PSP_EXTRATLEITIMPL_220526_0408,mikael,ilegivel,,pasta=medidoruim
PSP_EXTRATLEITIMPL_220526_0408_20000000014102961500_000.jpg,PSP_EXTRATLEITIMPL_220526_0408,mikael,ilegivel,,pasta=medidoruim
PSP_EXTRATLEITIMPL_220526_0408_20000000014102963464_000.jpg,PSP_EXTRATLEITIMPL_220526_0408,mikael,ilegivel,,pasta=medidoruim
PSP_EXTRATLEITIMPL_220526_0408_20000000014102970007_000.jpg,PSP_EXTRATLEITIMPL_220526_0408,mikael,ilegivel,,pasta=medidoruim
PSP_EXTRATLEITIMPL_220526_0408_20000000014152946998_000.jpg,PSP_EXTRATLEITIMPL_220526_0408,mikael,ilegivel,,pasta=medidoruim
PSP_EXTRATLEITIMPL_220526_0408_20000000014152954954_000.jpg,PSP_EXTRATLEITIMPL_220526_0408,mikael,ilegivel,,pasta=medidoruim
PSP_EXTRATLEITIMPL_220526_0408_20000000014152962630_000.jpg,PSP_EXTRATLEITIMPL_220526_0408,mikael,ilegivel,,pasta=medidoruim
PSP_EXTRATLEITIMPL_220526_0408_20000000014152964566_000.jpg,PSP_EXTRATLEITIMPL_220526_0408,mikael,legivel,,pasta=medidor
PSP_EXTRATLEITIMPL_220526_0408_20000000014152964570_000.jpg,PSP_EXTRATLEITIMPL_220526_0408,mikael,ilegivel,,pasta=medidoruim
PSP_EXTRATLEITIMPL_220526_0408_20000000014152964574_000.jpg,PSP_EXTRATLEITIMPL_220526_0408,mikael,ilegivel,,pasta=medidoruim
PSP_EXTRATLEITIMPL_220526_0408_20000000014152975007_000.jpg,PSP_EXTRATLEITIMPL_220526_0408,mikael,legivel,,pasta=medidor
PSP_EXTRATLEITIMPL_220526_0408_20000000014152976000_000.jpg,PSP_EXTRATLEITIMPL_220526_0408,mikael,ilegivel,,pasta=medidoruim
PSP_EXTRATLEITIMPL_220526_0408_20000000014202945945_000.jpg,PSP_EXTRATLEITIMPL_220526_0408,mikael,ilegivel,,pasta=medidoruim
PSP_EXTRATLEITIMPL_220526_0408_20000000014202946993_000.jpg,PSP_EXTRATLEITIMPL_220526_0408,mikael,ilegivel,,pasta=medidoruim
PSP_EXTRATLEITIMPL_220526_0408_20000000014202957803_000.jpg,PSP_EXTRATLEITIMPL_220526_0408,mikael,ilegivel,,pasta=medidoruim
PSP_EXTRATLEITIMPL_220526_0408_20000000014202964464_000.jpg,PSP_EXTRATLEITIMPL_220526_0408,mikael,ilegivel,,pasta=medidoruim
PSP_EXTRATLEITIMPL_220526_0408_20000000014202967308_000.jpg,PSP_EXTRATLEITIMPL_220526_0408,mikael,ilegivel,,pasta=medidoruim
PSP_EXTRATLEITIMPL_220526_0408_20000000014202967309_000.jpg,PSP_EXTRATLEITIMPL_220526_0408,mikael,ilegivel,,pasta=medidoruim
PSP_EXTRATLEITIMPL_220526_0408_20000000014202971055_000.jpg,PSP_EXTRATLEITIMPL_220526_0408,mikael,ilegivel,,pasta=medidoruim
PSP_EXTRATLEITIMPL_220526_0408_20000000014202972018_000.jpg,PSP_EXTRATLEITIMPL_220526_0408,mikael,ilegivel,,pasta=medidoruim
PSP_EXTRATLEITIMPL_220526_0408_20000000014202973008_000.jpg,PSP_EXTRATLEITIMPL_220526_0408,mikael,sem_medidor,,pasta=ntem
PSP_EXTRATLEITIMPL_220526_0408_20000000014252944978_000.jpg,PSP_EXTRATLEITIMPL_220526_0408,mikael,legivel,,pasta=medidor
PSP_EXTRATLEITIMPL_220526_0408_20000000014252945977_000.jpg,PSP_EXTRATLEITIMPL_220526_0408,mikael,ilegivel,,pasta=medidoruim
PSP_EXTRATLEITIMPL_220526_0408_20000000014252954879_000.jpg,PSP_EXTRATLEITIMPL_220526_0408,mikael,ilegivel,,pasta=medidoruim
PSP_EXTRATLEITIMPL_220526_0408_20000000014252958809_000.jpg,PSP_EXTRATLEITIMPL_220526_0408,mikael,ilegivel,,pasta=medidoruim
PSP_EXTRATLEITIMPL_220526_0408_20000000014252960725_000.jpg,PSP_EXTRATLEITIMPL_220526_0408,mikael,ilegivel,,pasta=medidoruim
PSP_EXTRATLEITIMPL_220526_0408_20000000014252973011_000.jpg,PSP_EXTRATLEITIMPL_220526_0408,mikael,ilegivel,,pasta=medidoruim
PSP_EXTRATLEITIMPL_220526_0408_20000000014302954922_000.jpg,PSP_EXTRATLEITIMPL_220526_0408,mikael,legivel,,pasta=medidor
PSP_EXTRATLEITIMPL_220526_0408_20000000014302956916_000.jpg,PSP_EXTRATLEITIMPL_220526_0408,mikael,legivel,,pasta=medidor
PSP_EXTRATLEITIMPL_220526_0408_20000000014302969552_000.jpg,PSP_EXTRATLEITIMPL_220526_0408,mikael,ilegivel,,pasta=medidoruim
PSP_EXTRATLEITIMPL_220526_0408_20000000014302970508_002.jpg,PSP_EXTRATLEITIMPL_220526_0408,mikael,ilegivel,,pasta=medidoruim
PSP_EXTRATLEITIMPL_220526_0408_20000000014302970513_000.jpg,PSP_EXTRATLEITIMPL_220526_0408,mikael,legivel,,pasta=medidor
PSP_EXTRATLEITIMPL_220526_0408_20000000014302973456_000.jpg,PSP_EXTRATLEITIMPL_220526_0408,mikael,ilegivel,,pasta=medidoruim
PSP_EXTRATLEITIMPL_220526_0408_20000000014302974362_000.jpg,PSP_EXTRATLEITIMPL_220526_0408,mikael,ilegivel,,pasta=medidoruim
PSP_EXTRATLEITIMPL_220526_0408_20000000014302978018_000.jpg,PSP_EXTRATLEITIMPL_220526_0408,mikael,ilegivel,,pasta=medidoruim
PSP_EXTRATLEITIMPL_220526_0408_20000000014302978020_000.jpg,PSP_EXTRATLEITIMPL_220526_0408,mikael,ilegivel,,pasta=medidoruim
PSP_EXTRATLEITIMPL_220526_0408_20000000014302979025_000.jpg,PSP_EXTRATLEITIMPL_220526_0408,mikael,ilegivel,,pasta=medidoruim
PSP_EXTRATLEITIMPL_220526_0408_20000000014352943942_000.jpg,PSP_EXTRATLEITIMPL_220526_0408,mikael,ilegivel,,pasta=medidoruim
PSP_EXTRATLEITIMPL_220526_0408_20000000014352945872_000.jpg,PSP_EXTRATLEITIMPL_220526_0408,mikael,ilegivel,,pasta=medidoruim
PSP_EXTRATLEITIMPL_220526_0408_20000000014352950733_000.jpg,PSP_EXTRATLEITIMPL_220526_0408,mikael,legivel,,pasta=medidor
PSP_EXTRATLEITIMPL_220526_0408_20000000014352951763_001.jpg,PSP_EXTRATLEITIMPL_220526_0408,mikael,legivel,,pasta=medidor
PSP_EXTRATLEITIMPL_220526_0408_20000000014352953658_000.jpg,PSP_EXTRATLEITIMPL_220526_0408,mikael,ilegivel,,pasta=medidoruim
PSP_EXTRATLEITIMPL_220526_0408_20000000014352955568_000.jpg,PSP_EXTRATLEITIMPL_220526_0408,mikael,ilegivel,,pasta=medidoruim
PSP_EXTRATLEITIMPL_220526_0408_20000000014352957359_000.jpg,PSP_EXTRATLEITIMPL_220526_0408,mikael,ilegivel,,pasta=medidoruim
PSP_EXTRATLEITIMPL_220526_0408_20000000014352960187_000.jpg,PSP_EXTRATLEITIMPL_220526_0408,mikael,ilegivel,,pasta=medidoruim
PSP_EXTRATLEITIMPL_220526_0408_20000000014402960827_001.jpg,PSP_EXTRATLEITIMPL_220526_0408,mikael,legivel,,pasta=medidor
PSP_EXTRATLEITIMPL_220526_0408_20000000014402961758_000.jpg,PSP_EXTRATLEITIMPL_220526_0408,mikael,ilegivel,,pasta=medidoruim
PSP_EXTRATLEITIMPL_220526_0408_20000000014402961760_000.jpg,PSP_EXTRATLEITIMPL_220526_0408,mikael,ilegivel,,pasta=medidoruim
PSP_EXTRATLEITIMPL_220526_0408_20000000014402961765_000.jpg,PSP_EXTRATLEITIMPL_220526_0408,mikael,ilegivel,,pasta=medidoruim
PSP_EXTRATLEITIMPL_220526_0408_20000000014402962801_000.jpg,PSP_EXTRATLEITIMPL_220526_0408,mikael,ilegivel,,pasta=medidoruim
PSP_EXTRATLEITIMPL_220526_0408_20000000014402967567_000.jpg,PSP_EXTRATLEITIMPL_220526_0408,mikael,ilegivel,,pasta=medidoruim
PSP_EXTRATLEITIMPL_220526_0408_20000000014402967570_000.jpg,PSP_EXTRATLEITIMPL_220526_0408,mikael,ilegivel,,pasta=medidoruim
PSP_EXTRATLEITIMPL_220526_0408_20000000014402968551_000.jpg,PSP_EXTRATLEITIMPL_220526_0408,mikael,legivel,,pasta=medidor
PSP_EXTRATLEITIMPL_220526_0408_20000000014402970412_000.jpg,PSP_EXTRATLEITIMPL_220526_0408,mikael,ilegivel,,pasta=medidoruim
PSP_EXTRATLEITIMPL_220526_0408_20000000014452946935_001.jpg,PSP_EXTRATLEITIMPL_220526_0408,mikael,legivel,,pasta=medidor
PSP_EXTRATLEITIMPL_220526_0408_20000000014452946960_000.jpg,PSP_EXTRATLEITIMPL_220526_0408,mikael,ilegivel,,pasta=medidoruim
PSP_EXTRATLEITIMPL_220526_0408_20000000014452947941_000.jpg,PSP_EXTRATLEITIMPL_220526_0408,mikael,ilegivel,,pasta=medidoruim
PSP_EXTRATLEITIMPL_220526_0408_20000000014452955860_000.jpg,PSP_EXTRATLEITIMPL_220526_0408,mikael,ilegivel,,pasta=medidoruim
PSP_EXTRATLEITIMPL_220526_0408_20000000014452959810_000.jpg,PSP_EXTRATLEITIMPL_220526_0408,mikael,ilegivel,,pasta=medidoruim
PSP_EXTRATLEITIMPL_220526_0408_20000000014502948920_000.jpg,PSP_EXTRATLEITIMPL_220526_0408,mikael,ilegivel,,pasta=medidoruim
PSP_EXTRATLEITIMPL_220526_0408_20000000014502953955_000.jpg,PSP_EXTRATLEITIMPL_220526_0408,mikael,legivel,,pasta=medidor
PSP_EXTRATLEITIMPL_220526_0408_20000000014502954888_000.jpg,PSP_EXTRATLEITIMPL_220526_0408,mikael,ilegivel,,pasta=medidoruim
PSP_EXTRATLEITIMPL_220526_0408_20000000014502956874_000.jpg,PSP_EXTRATLEITIMPL_220526_0408,mikael,ilegivel,,pasta=medidoruim
PSP_EXTRATLEITIMPL_220526_0408_20000000014502970627_000.jpg,PSP_EXTRATLEITIMPL_220526_0408,mikael,ilegivel,,pasta=medidoruim
PSP_EXTRATLEITIMPL_220526_0408_20000000014552952963_000.jpg,PSP_EXTRATLEITIMPL_220526_0408,mikael,sem_medidor,,pasta=ntem
PSP_EXTRATLEITIMPL_220526_0408_20000000014552958955_000.jpg,PSP_EXTRATLEITIMPL_220526_0408,mikael,ilegivel,,pasta=medidoruim
PSP_EXTRATLEITIMPL_220526_0408_20000000014552965858_000.jpg,PSP_EXTRATLEITIMPL_220526_0408,mikael,sem_medidor,,pasta=ntem
PSP_EXTRATLEITIMPL_220526_0408_20000000014552965861_001.jpg,PSP_EXTRATLEITIMPL_220526_0408,mikael,sem_medidor,,pasta=ntem
PSP_EXTRATLEITIMPL_220526_0408_20000000014552967865_000.jpg,PSP_EXTRATLEITIMPL_220526_0408,mikael,ilegivel,,pasta=medidoruim
PSP_EXTRATLEITIMPL_220526_0408_20000000014552970655_000.jpg,PSP_EXTRATLEITIMPL_220526_0408,mikael,sem_medidor,,pasta=ntem
PSP_EXTRATLEITIMPL_220526_0408_20000000014552972623_000.jpg,PSP_EXTRATLEITIMPL_220526_0408,mikael,ilegivel,,pasta=medidoruim
PSP_EXTRATLEITIMPL_220526_0408_20000000014552980157_000.jpg,PSP_EXTRATLEITIMPL_220526_0408,mikael,ilegivel,,pasta=medidoruim
PSP_EXTRATLEITIMPL_220526_0408_20000000014552982015_000.jpg,PSP_EXTRATLEITIMPL_220526_0408,mikael,legivel,,pasta=medidor
PSP_EXTRATLEITIMPL_220526_0408_20000000014552983003_000.jpg,PSP_EXTRATLEITIMPL_220526_0408,mikael,ilegivel,,pasta=medidoruim
PSP_EXTRATLEITIMPL_220526_0408_20000000014602966958_000.jpg,PSP_EXTRATLEITIMPL_220526_0408,mikael,sem_medidor,,pasta=ntem
PSP_EXTRATLEITIMPL_220526_0408_20000000014602978694_000.jpg,PSP_EXTRATLEITIMPL_220526_0408,mikael,ilegivel,,pasta=medidoruim
PSP_EXTRATLEITIMPL_220526_0408_20000000014602978697_000.jpg,PSP_EXTRATLEITIMPL_220526_0408,mikael,ilegivel,,pasta=medidoruim
PSP_EXTRATLEITIMPL_220526_0408_20000000014602986335_000.jpg,PSP_EXTRATLEITIMPL_220526_0408,mikael,ilegivel,,pasta=medidoruim
PSP_EXTRATLEITIMPL_220526_0408_20000000014602989079_000.jpg,PSP_EXTRATLEITIMPL_220526_0408,mikael,ilegivel,,pasta=medidoruim
PSP_EXTRATLEITIMPL_220526_0408_20000000014602990007_000.jpg,PSP_EXTRATLEITIMPL_220526_0408,mikael,ilegivel,,pasta=medidoruim
PSP_EXTRATLEITIMPL_220526_0408_20000000014652951968_000.jpg,PSP_EXTRATLEITIMPL_220526_0408,mikael,ilegivel,,pasta=medidoruim
PSP_EXTRATLEITIMPL_220526_0408_20000000014652963975_000.jpg,PSP_EXTRATLEITIMPL_220526_0408,mikael,ilegivel,,pasta=medidoruim
PSP_EXTRATLEITIMPL_220526_0408_20000000014652964901_000.jpg,PSP_EXTRATLEITIMPL_220526_0408,mikael,ilegivel,,pasta=medidoruim
PSP_EXTRATLEITIMPL_220526_0408_20000000014652967773_000.jpg,PSP_EXTRATLEITIMPL_220526_0408,mikael,ilegivel,,pasta=medidoruim
PSP_EXTRATLEITIMPL_220526_0408_20000000014652968765_000.jpg,PSP_EXTRATLEITIMPL_220526_0408,mikael,sem_medidor,,pasta=ntem
PSP_EXTRATLEITIMPL_220526_0408_20000000014652969685_000.jpg,PSP_EXTRATLEITIMPL_220526_0408,mikael,ilegivel,,pasta=medidoruim
PSP_EXTRATLEITIMPL_220526_0408_20000000014652972545_000.jpg,PSP_EXTRATLEITIMPL_220526_0408,mikael,ilegivel,,pasta=medidoruim
PSP_EXTRATLEITIMPL_220526_0408_20000000014702950971_000.jpg,PSP_EXTRATLEITIMPL_220526_0408,mikael,ilegivel,,pasta=medidoruim
PSP_EXTRATLEITIMPL_220526_0408_20000000014702950988_000.jpg,PSP_EXTRATLEITIMPL_220526_0408,mikael,ilegivel,,pasta=medidoruim
PSP_EXTRATLEITIMPL_220526_0408_20000000014702964757_000.jpg,PSP_EXTRATLEITIMPL_220526_0408,mikael,ilegivel,,pasta=medidoruim
PSP_EXTRATLEITIMPL_220526_0408_20000000014702968625_000.jpg,PSP_EXTRATLEITIMPL_220526_0408,mikael,ilegivel,,pasta=medidoruim
PSP_EXTRATLEITIMPL_220526_0408_20000000014702971460_000.jpg,PSP_EXTRATLEITIMPL_220526_0408,mikael,ilegivel,,pasta=medidoruim
PSP_EXTRATLEITIMPL_220526_0408_20000000014702974268_000.jpg,PSP_EXTRATLEITIMPL_220526_0408,mikael,ilegivel,,pasta=medidoruim
PSP_EXTRATLEITIMPL_220526_0408_20000000014702974271_001.jpg,PSP_EXTRATLEITIMPL_220526_0408,mikael,ilegivel,,pasta=medidoruim
PSP_EXTRATLEITIMPL_220526_0408_20000000014702975202_000.jpg,PSP_EXTRATLEITIMPL_220526_0408,mikael,ilegivel,,pasta=medidoruim
PSP_EXTRATLEITIMPL_220526_0408_20000000014702975219_000.jpg,PSP_EXTRATLEITIMPL_220526_0408,mikael,ilegivel,,pasta=medidoruim
PSP_EXTRATLEITIMPL_220526_0408_20000000014752953858_000.jpg,PSP_EXTRATLEITIMPL_220526_0408,mikael,ilegivel,,pasta=medidoruim
PSP_EXTRATLEITIMPL_220526_0408_20000000014752954920_000.jpg,PSP_EXTRATLEITIMPL_220526_0408,mikael,ilegivel,,pasta=medidoruim
PSP_EXTRATLEITIMPL_220526_0408_20000000014752961806_000.jpg,PSP_EXTRATLEITIMPL_220526_0408,mikael,ilegivel,,pasta=medidoruim
PSP_EXTRATLEITIMPL_220526_0408_20000000014752972177_000.jpg,PSP_EXTRATLEITIMPL_220526_0408,mikael,ilegivel,,pasta=medidoruim
PSP_EXTRATLEITIMPL_220526_0408_20000000014752972184_000.jpg,PSP_EXTRATLEITIMPL_220526_0408,mikael,ilegivel,,pasta=medidoruim
PSP_EXTRATLEITIMPL_220526_0408_20000000014752972186_000.jpg,PSP_EXTRATLEITIMPL_220526_0408,mikael,ilegivel,,pasta=medidoruim
PSP_EXTRATLEITIMPL_220526_0408_20000000014752973156_000.jpg,PSP_EXTRATLEITIMPL_220526_0408,mikael,ilegivel,,pasta=medidoruim
PSP_EXTRATLEITIMPL_220526_0408_20000000014802962934_000.jpg,PSP_EXTRATLEITIMPL_220526_0408,mikael,ilegivel,,pasta=medidoruim
PSP_EXTRATLEITIMPL_220526_0408_20000000014802963905_000.jpg,PSP_EXTRATLEITIMPL_220526_0408,mikael,legivel,,pasta=medidor
PSP_EXTRATLEITIMPL_220526_0408_20000000014802975739_000.jpg,PSP_EXTRATLEITIMPL_220526_0408,mikael,ilegivel,,pasta=medidoruim
PSP_EXTRATLEITIMPL_220526_0408_20000000014802984365_000.jpg,PSP_EXTRATLEITIMPL_220526_0408,mikael,ilegivel,,pasta=medidoruim
PSP_EXTRATLEITIMPL_220526_0408_20000000014802986254_000.jpg,PSP_EXTRATLEITIMPL_220526_0408,mikael,ilegivel,,pasta=medidoruim
PSP_EXTRATLEITIMPL_220526_0408_20000000014802987166_000.jpg,PSP_EXTRATLEITIMPL_220526_0408,mikael,ilegivel,,pasta=medidoruim
PSP_EXTRATLEITIMPL_220526_0408_20000000014852953900_000.jpg,PSP_EXTRATLEITIMPL_220526_0408,mikael,ilegivel,,pasta=medidoruim
PSP_EXTRATLEITIMPL_220526_0408_20000000014852959885_000.jpg,PSP_EXTRATLEITIMPL_220526_0408,mikael,ilegivel,,pasta=medidoruim
PSP_EXTRATLEITIMPL_220526_0408_20000000014852964649_002.jpg,PSP_EXTRATLEITIMPL_220526_0408,mikael,sem_medidor,,pasta=ntem
PSP_EXTRATLEITIMPL_220526_0408_20000000014852964658_000.jpg,PSP_EXTRATLEITIMPL_220526_0408,mikael,ilegivel,,pasta=medidoruim
PSP_EXTRATLEITIMPL_220526_0408_20000000014852965583_001.jpg,PSP_EXTRATLEITIMPL_220526_0408,mikael,ilegivel,,pasta=medidoruim
PSP_EXTRATLEITIMPL_220526_0408_20000000014852975012_000.jpg,PSP_EXTRATLEITIMPL_220526_0408,mikael,legivel,,pasta=medidor
PSP_EXTRATLEITIMPL_220526_0408_20000000014902957887_000.jpg,PSP_EXTRATLEITIMPL_220526_0408,mikael,ilegivel,,pasta=medidoruim
PSP_EXTRATLEITIMPL_220526_0408_20000000014902960910_000.jpg,PSP_EXTRATLEITIMPL_220526_0408,mikael,ilegivel,,pasta=medidoruim
PSP_EXTRATLEITIMPL_220526_0408_20000000014902961905_000.jpg,PSP_EXTRATLEITIMPL_220526_0408,mikael,ilegivel,,pasta=medidoruim
PSP_EXTRATLEITIMPL_220526_0408_20000000014902966783_000.jpg,PSP_EXTRATLEITIMPL_220526_0408,mikael,sem_medidor,,pasta=ntem
PSP_EXTRATLEITIMPL_220526_0408_20000000014902970598_000.jpg,PSP_EXTRATLEITIMPL_220526_0408,mikael,ilegivel,,pasta=medidoruim
PSP_EXTRATLEITIMPL_220526_0408_20000000014902974395_000.jpg,PSP_EXTRATLEITIMPL_220526_0408,mikael,ilegivel,,pasta=medidoruim
PSP_EXTRATLEITIMPL_220526_0408_20000000014952954865_000.jpg,PSP_EXTRATLEITIMPL_220526_0408,mikael,ilegivel,,pasta=medidoruim
PSP_EXTRATLEITIMPL_220526_0408_20000000014952955873_000.jpg,PSP_EXTRATLEITIMPL_220526_0408,mikael,legivel,,pasta=medidor
PSP_EXTRATLEITIMPL_220526_0408_20000000014952955884_003.jpg,PSP_EXTRATLEITIMPL_220526_0408,mikael,ilegivel,,pasta=medidoruim
PSP_EXTRATLEITIMPL_220526_0408_20000000014952964444_000.jpg,PSP_EXTRATLEITIMPL_220526_0408,mikael,ilegivel,,pasta=medidoruim
PSP_EXTRATLEITIMPL_220526_0408_20000000014952965450_000.jpg,PSP_EXTRATLEITIMPL_220526_0408,mikael,legivel,,pasta=medidor
PSP_EXTRATLEITIMPL_220526_0408_20000000014952967311_000.jpg,PSP_EXTRATLEITIMPL_220526_0408,mikael,ilegivel,,pasta=medidoruim
PSP_EXTRATLEITIMPL_220526_0408_20000000014952970095_000.jpg,PSP_EXTRATLEITIMPL_220526_0408,mikael,ilegivel,,pasta=medidoruim
PSP_EXTRATLEITIMPL_220526_0408_20000000014952972038_000.jpg,PSP_EXTRATLEITIMPL_220526_0408,mikael,ilegivel,,pasta=medidoruim
PSP_EXTRATLEITIMPL_220526_0408_20000000015002958785_000.jpg,PSP_EXTRATLEITIMPL_220526_0408,mikael,ilegivel,,pasta=medidoruim
PSP_EXTRATLEITIMPL_220526_0408_20000000015002961642_001.jpg,PSP_EXTRATLEITIMPL_220526_0408,mikael,ilegivel,,pasta=medidoruim
PSP_EXTRATLEITIMPL_220526_0408_20000000015002969289_000.jpg,PSP_EXTRATLEITIMPL_220526_0408,mikael,ilegivel,,pasta=medidoruim
PSP_EXTRATLEITIMPL_220526_0408_20000000015002969297_000.jpg,PSP_EXTRATLEITIMPL_220526_0408,mikael,ilegivel,,pasta=medidoruim
PSP_EXTRATLEITIMPL_220526_0408_20000000015002972056_000.jpg,PSP_EXTRATLEITIMPL_220526_0408,mikael,ilegivel,,pasta=medidoruim
PSP_EXTRATLEITIMPL_220526_0408_20000000015002973035_000.jpg,PSP_EXTRATLEITIMPL_220526_0408,mikael,ilegivel,,pasta=medidoruim
PSP_EXTRATLEITIMPL_220526_0408_20000000015002973041_000.jpg,PSP_EXTRATLEITIMPL_220526_0408,mikael,ilegivel,,pasta=medidoruim
PSP_EXTRATLEITIMPL_220526_0408_20000000015052944874_000.jpg,PSP_EXTRATLEITIMPL_220526_0408,mikael,ilegivel,,pasta=medidoruim
PSP_EXTRATLEITIMPL_220526_0408_20000000015052944884_000.jpg,PSP_EXTRATLEITIMPL_220526_0408,mikael,ilegivel,,pasta=medidoruim
PSP_EXTRATLEITIMPL_220526_0408_20000000015052946878_000.jpg,PSP_EXTRATLEITIMPL_220526_0408,mikael,ilegivel,,pasta=medidoruim
PSP_EXTRATLEITIMPL_220526_0408_20000000015052956816_000.jpg,PSP_EXTRATLEITIMPL_220526_0408,mikael,sem_medidor,,pasta=ntem
PSP_EXTRATLEITIMPL_220526_0408_20000000015052962467_000.jpg,PSP_EXTRATLEITIMPL_220526_0408,mikael,ilegivel,,pasta=medidoruim
PSP_EXTRATLEITIMPL_220526_0408_20000000015102961884_000.jpg,PSP_EXTRATLEITIMPL_220526_0408,mikael,ilegivel,,pasta=medidoruim
PSP_EXTRATLEITIMPL_220526_0408_20000000015102969893_000.jpg,PSP_EXTRATLEITIMPL_220526_0408,mikael,ilegivel,,pasta=medidoruim
PSP_EXTRATLEITIMPL_220526_0408_20000000015102977557_000.jpg,PSP_EXTRATLEITIMPL_220526_0408,mikael,ilegivel,,pasta=medidoruim
PSP_EXTRATLEITIMPL_220526_0408_20000000015102979440_000.jpg,PSP_EXTRATLEITIMPL_220526_0408,mikael,ilegivel,,pasta=medidoruim
PSP_EXTRATLEITIMPL_220526_0408_20000000015102983252_000.jpg,PSP_EXTRATLEITIMPL_220526_0408,mikael,ilegivel,,pasta=medidoruim
PSP_EXTRATLEITIMPL_220526_0408_20000000015102983257_000.jpg,PSP_EXTRATLEITIMPL_220526_0408,mikael,ilegivel,,pasta=medidoruim
PSP_EXTRATLEITIMPL_220526_0408_20000000015152958894_000.jpg,PSP_EXTRATLEITIMPL_220526_0408,mikael,ilegivel,,pasta=medidoruim
PSP_EXTRATLEITIMPL_220526_0408_20000000015152968914_000.jpg,PSP_EXTRATLEITIMPL_220526_0408,mikael,sem_medidor,,pasta=ntem
PSP_EXTRATLEITIMPL_220526_0408_20000000015152977634_001.jpg,PSP_EXTRATLEITIMPL_220526_0408,mikael,legivel,,pasta=medidor
PSP_EXTRATLEITIMPL_220526_0408_20000000015152981463_000.jpg,PSP_EXTRATLEITIMPL_220526_0408,mikael,ilegivel,,pasta=medidoruim
PSP_EXTRATLEITIMPL_220526_0408_20000000015152982432_000.jpg,PSP_EXTRATLEITIMPL_220526_0408,mikael,ilegivel,,pasta=medidoruim
PSP_EXTRATLEITIMPL_220526_0408_20000000015152989017_000.jpg,PSP_EXTRATLEITIMPL_220526_0408,mikael,ilegivel,,pasta=medidoruim
PSP_EXTRATLEITIMPL_220526_0408_20000000015152990007_000.jpg,PSP_EXTRATLEITIMPL_220526_0408,mikael,ilegivel,,pasta=medidoruim
PSP_EXTRATLEITIMPL_220526_0408_20000000015202961951_000.jpg,PSP_EXTRATLEITIMPL_220526_0408,mikael,ilegivel,,pasta=medidoruim
PSP_EXTRATLEITIMPL_220526_0408_20000000015202965895_000.jpg,PSP_EXTRATLEITIMPL_220526_0408,mikael,ilegivel,,pasta=medidoruim
PSP_EXTRATLEITIMPL_220526_0408_20000000015202971777_000.jpg,PSP_EXTRATLEITIMPL_220526_0408,mikael,sem_medidor,,pasta=ntem
PSP_EXTRATLEITIMPL_220526_0408_20000000015202972794_000.jpg,PSP_EXTRATLEITIMPL_220526_0408,mikael,ilegivel,,pasta=medidoruim
PSP_EXTRATLEITIMPL_220526_0408_20000000015202978525_000.jpg,PSP_EXTRATLEITIMPL_220526_0408,mikael,ilegivel,,pasta=medidoruim
PSP_EXTRATLEITIMPL_220526_0408_20000000015202980392_000.jpg,PSP_EXTRATLEITIMPL_220526_0408,mikael,ilegivel,,pasta=medidoruim
PSP_EXTRATLEITIMPL_220526_0408_20000000015202985077_000.jpg,PSP_EXTRATLEITIMPL_220526_0408,mikael,ilegivel,,pasta=medidoruim
PSP_EXTRATLEITIMPL_220526_0408_20000000015202988008_000.jpg,PSP_EXTRATLEITIMPL_220526_0408,mikael,ilegivel,,pasta=medidoruim
PSP_EXTRATLEITIMPL_220526_0408_20000000015252978787_001.jpg,PSP_EXTRATLEITIMPL_220526_0408,mikael,ilegivel,,pasta=medidoruim
PSP_EXTRATLEITIMPL_220526_0408_20000000015252986377_000.jpg,PSP_EXTRATLEITIMPL_220526_0408,mikael,ilegivel,,pasta=medidoruim
PSP_EXTRATLEITIMPL_220526_0408_20000000015252986396_000.jpg,PSP_EXTRATLEITIMPL_220526_0408,mikael,ilegivel,,pasta=medidoruim
PSP_EXTRATLEITIMPL_220526_0408_20000000015252987400_000.jpg,PSP_EXTRATLEITIMPL_220526_0408,mikael,ilegivel,,pasta=medidoruim
PSP_EXTRATLEITIMPL_220526_0408_20000000015252987417_000.jpg,PSP_EXTRATLEITIMPL_220526_0408,mikael,ilegivel,,pasta=medidoruim
PSP_EXTRATLEITIMPL_220526_0408_20000000015252988311_000.jpg,PSP_EXTRATLEITIMPL_220526_0408,mikael,ilegivel,,pasta=medidoruim
PSP_EXTRATLEITIMPL_220526_0408_20000000015252988317_000.jpg,PSP_EXTRATLEITIMPL_220526_0408,mikael,legivel,,pasta=medidor
PSP_EXTRATLEITIMPL_220526_0408_20000000015252991063_000.jpg,PSP_EXTRATLEITIMPL_220526_0408,mikael,ilegivel,,pasta=medidoruim
PSP_EXTRATLEITIMPL_220526_0408_20000000015302975985_000.jpg,PSP_EXTRATLEITIMPL_220526_0408,mikael,ilegivel,,pasta=medidoruim
PSP_EXTRATLEITIMPL_220526_0408_20000000015302984834_000.jpg,PSP_EXTRATLEITIMPL_220526_0408,mikael,ilegivel,,pasta=medidoruim
PSP_EXTRATLEITIMPL_220526_0408_20000000015302987668_000.jpg,PSP_EXTRATLEITIMPL_220526_0408,mikael,legivel,,pasta=medidor
PSP_EXTRATLEITIMPL_220526_0408_20000000015302989591_000.jpg,PSP_EXTRATLEITIMPL_220526_0408,mikael,ilegivel,,pasta=medidoruim
PSP_EXTRATLEITIMPL_220526_0408_20000000015302991603_000.jpg,PSP_EXTRATLEITIMPL_220526_0408,mikael,ilegivel,,pasta=medidoruim
PSP_EXTRATLEITIMPL_220526_0408_20000000015302994264_000.jpg,PSP_EXTRATLEITIMPL_220526_0408,mikael,ilegivel,,pasta=medidoruim
PSP_EXTRATLEITIMPL_220526_0408_20000000015302997168_000.jpg,PSP_EXTRATLEITIMPL_220526_0408,mikael,ilegivel,,pasta=medidoruim
PSP_EXTRATLEITIMPL_220526_0408_20000000015302999002_000.jpg,PSP_EXTRATLEITIMPL_220526_0408,mikael,ilegivel,,pasta=medidoruim
PSP_EXTRATLEITIMPL_220526_0408_20000000015302999021_000.jpg,PSP_EXTRATLEITIMPL_220526_0408,mikael,ilegivel,,pasta=medidoruim
PSP_EXTRATLEITIMPL_220526_0408_20000000015352958949_000.jpg,PSP_EXTRATLEITIMPL_220526_0408,mikael,ilegivel,,pasta=medidoruim
PSP_EXTRATLEITIMPL_220526_0408_20000000015352963963_000.jpg,PSP_EXTRATLEITIMPL_220526_0408,mikael,legivel,,pasta=medidor
PSP_EXTRATLEITIMPL_220526_0408_20000000015352963968_000.jpg,PSP_EXTRATLEITIMPL_220526_0408,mikael,ilegivel,,pasta=medidoruim
PSP_EXTRATLEITIMPL_220526_0408_20000000015352970904_000.jpg,PSP_EXTRATLEITIMPL_220526_0408,mikael,ilegivel,,pasta=medidoruim
PSP_EXTRATLEITIMPL_220526_0408_20000000015352971870_000.jpg,PSP_EXTRATLEITIMPL_220526_0408,mikael,ilegivel,,pasta=medidoruim
PSP_EXTRATLEITIMPL_220526_0408_20000000015352975699_000.jpg,PSP_EXTRATLEITIMPL_220526_0408,mikael,ilegivel,,pasta=medidoruim
PSP_EXTRATLEITIMPL_220526_0408_20000000015352985202_000.jpg,PSP_EXTRATLEITIMPL_220526_0408,mikael,ilegivel,,pasta=medidoruim
PSP_EXTRATLEITIMPL_220526_0408_20000000015352987033_000.jpg,PSP_EXTRATLEITIMPL_220526_0408,mikael,ilegivel,,pasta=medidoruim
PSP_EXTRATLEITIMPL_220526_0408_20000000015352988006_000.jpg,PSP_EXTRATLEITIMPL_220526_0408,mikael,ilegivel,,pasta=medidoruim
PSP_EXTRATLEITIMPL_220526_0408_20000000015352989025_000.jpg,PSP_EXTRATLEITIMPL_220526_0408,mikael,ilegivel,,pasta=medidoruim
PSP_EXTRATLEITIMPL_220526_0408_20000000015402943985_000.jpg,PSP_EXTRATLEITIMPL_220526_0408,mikael,ilegivel,,pasta=medidoruim
PSP_EXTRATLEITIMPL_220526_0408_20000000015402952937_000.jpg,PSP_EXTRATLEITIMPL_220526_0408,mikael,ilegivel,,pasta=medidoruim
PSP_EXTRATLEITIMPL_220526_0408_20000000015402952938_000.jpg,PSP_EXTRATLEITIMPL_220526_0408,mikael,ilegivel,,pasta=medidoruim
PSP_EXTRATLEITIMPL_220526_0408_20000000015402956905_000.jpg,PSP_EXTRATLEITIMPL_220526_0408,mikael,ilegivel,,pasta=medidoruim
PSP_EXTRATLEITIMPL_220526_0408_20000000015402957868_000.jpg,PSP_EXTRATLEITIMPL_220526_0408,mikael,ilegivel,,pasta=medidoruim
PSP_EXTRATLEITIMPL_220526_0408_20000000015402959819_000.jpg,PSP_EXTRATLEITIMPL_220526_0408,mikael,sem_medidor,,pasta=ntem
PSP_EXTRATLEITIMPL_220526_0408_20000000015402960783_000.jpg,PSP_EXTRATLEITIMPL_220526_0408,mikael,sem_medidor,,pasta=ntem
PSP_EXTRATLEITIMPL_220526_0408_20000000015402962723_000.jpg,PSP_EXTRATLEITIMPL_220526_0408,mikael,sem_medidor,,pasta=ntem
PSP_EXTRATLEITIMPL_220526_0408_20000000015402964602_000.jpg,PSP_EXTRATLEITIMPL_220526_0408,mikael,ilegivel,,pasta=medidoruim
PSP_EXTRATLEITIMPL_220526_0408_20000000015402965514_000.jpg,PSP_EXTRATLEITIMPL_220526_0408,mikael,legivel,,pasta=medidor
PSP_EXTRATLEITIMPL_220526_0408_20000000015402966474_000.jpg,PSP_EXTRATLEITIMPL_220526_0408,mikael,ilegivel,,pasta=medidoruim
PSP_EXTRATLEITIMPL_220526_0408_20000000015402974056_000.jpg,PSP_EXTRATLEITIMPL_220526_0408,mikael,ilegivel,,pasta=medidoruim
PSP_EXTRATLEITIMPL_220526_0408_20000000015402975003_000.jpg,PSP_EXTRATLEITIMPL_220526_0408,mikael,ilegivel,,pasta=medidoruim
PSP_EXTRATLEITIMPL_220526_0408_20000000015402975005_000.jpg,PSP_EXTRATLEITIMPL_220526_0408,mikael,ilegivel,,pasta=medidoruim
PSP_EXTRATLEITIMPL_220526_0408_20000000015452963767_000.jpg,PSP_EXTRATLEITIMPL_220526_0408,mikael,ilegivel,,pasta=medidoruim
PSP_EXTRATLEITIMPL_220526_0408_20000000015452967686_001.jpg,PSP_EXTRATLEITIMPL_220526_0408,mikael,ilegivel,,pasta=medidoruim
PSP_EXTRATLEITIMPL_220526_0408_20000000015452971550_000.jpg,PSP_EXTRATLEITIMPL_220526_0408,mikael,ilegivel,,pasta=medidoruim
PSP_EXTRATLEITIMPL_220526_0408_20000000015502943970_000.jpg,PSP_EXTRATLEITIMPL_220526_0408,mikael,legivel,,pasta=medidor
PSP_EXTRATLEITIMPL_220526_0408_20000000015502948976_000.jpg,PSP_EXTRATLEITIMPL_220526_0408,mikael,legivel,,pasta=medidor
PSP_EXTRATLEITIMPL_220526_0408_20000000015502957916_000.jpg,PSP_EXTRATLEITIMPL_220526_0408,mikael,ilegivel,,pasta=medidoruim
PSP_EXTRATLEITIMPL_220526_0408_20000000015502958905_000.jpg,PSP_EXTRATLEITIMPL_220526_0408,mikael,ilegivel,,pasta=medidoruim
PSP_EXTRATLEITIMPL_220526_0408_20000000015502961785_000.jpg,PSP_EXTRATLEITIMPL_220526_0408,mikael,ilegivel,,pasta=medidoruim
PSP_EXTRATLEITIMPL_220526_0408_20000000015502963692_000.jpg,PSP_EXTRATLEITIMPL_220526_0408,mikael,ilegivel,,pasta=medidoruim
PSP_EXTRATLEITIMPL_220526_0408_20000000015502967493_000.jpg,PSP_EXTRATLEITIMPL_220526_0408,mikael,ilegivel,,pasta=medidoruim
PSP_EXTRATLEITIMPL_220526_0408_20000000015502974166_000.jpg,PSP_EXTRATLEITIMPL_220526_0408,mikael,ilegivel,,pasta=medidoruim
PSP_EXTRATLEITIMPL_220526_0408_20000000015502975055_000.jpg,PSP_EXTRATLEITIMPL_220526_0408,mikael,ilegivel,,pasta=medidoruim
PSP_EXTRATLEITIMPL_220526_0408_20000000015502977019_000.jpg,PSP_EXTRATLEITIMPL_220526_0408,mikael,ilegivel,,pasta=medidoruim
PSP_EXTRATLEITIMPL_220526_0408_20000000015552964427_000.jpg,PSP_EXTRATLEITIMPL_220526_0408,mikael,ilegivel,,pasta=medidoruim
PSP_EXTRATLEITIMPL_220526_0408_20000000015552964438_000.jpg,PSP_EXTRATLEITIMPL_220526_0408,mikael,ilegivel,,pasta=medidoruim
PSP_EXTRATLEITIMPL_220526_0408_20000000015552970032_000.jpg,PSP_EXTRATLEITIMPL_220526_0408,mikael,ilegivel,,pasta=medidoruim
PSP_EXTRATLEITIMPL_220526_0408_20000000015552971008_000.jpg,PSP_EXTRATLEITIMPL_220526_0408,mikael,ilegivel,,pasta=medidoruim
PSP_EXTRATLEITIMPL_220526_0408_20000000015552972001_000.jpg,PSP_EXTRATLEITIMPL_220526_0408,mikael,ilegivel,,pasta=medidoruim
PSP_EXTRATLEITIMPL_220526_0408_20000000015602956932_000.jpg,PSP_EXTRATLEITIMPL_220526_0408,mikael,ilegivel,,pasta=medidoruim
PSP_EXTRATLEITIMPL_220526_0408_20000000015602956933_000.jpg,PSP_EXTRATLEITIMPL_220526_0408,mikael,ilegivel,,pasta=medidoruim
PSP_EXTRATLEITIMPL_220526_0408_20000000015602959991_000.jpg,PSP_EXTRATLEITIMPL_220526_0408,mikael,legivel,,pasta=medidor
PSP_EXTRATLEITIMPL_220526_0408_20000000015602960937_000.jpg,PSP_EXTRATLEITIMPL_220526_0408,mikael,ilegivel,,pasta=medidoruim
PSP_EXTRATLEITIMPL_220526_0408_20000000015602967916_000.jpg,PSP_EXTRATLEITIMPL_220526_0408,mikael,ilegivel,,pasta=medidoruim
PSP_EXTRATLEITIMPL_220526_0408_20000000015602976556_000.jpg,PSP_EXTRATLEITIMPL_220526_0408,mikael,ilegivel,,pasta=medidoruim
PSP_EXTRATLEITIMPL_220526_0408_20000000015602977469_000.jpg,PSP_EXTRATLEITIMPL_220526_0408,mikael,ilegivel,,pasta=medidoruim
PSP_EXTRATLEITIMPL_220526_0408_20000000015602986001_000.jpg,PSP_EXTRATLEITIMPL_220526_0408,mikael,sem_medidor,,pasta=ntem
PSP_EXTRATLEITIMPL_220526_0408_20000000015652943964_000.jpg,PSP_EXTRATLEITIMPL_220526_0408,mikael,ilegivel,,pasta=medidoruim
PSP_EXTRATLEITIMPL_220526_0408_20000000015652943977_001.jpg,PSP_EXTRATLEITIMPL_220526_0408,mikael,ilegivel,,pasta=medidoruim
PSP_EXTRATLEITIMPL_220526_0408_20000000015652957873_000.jpg,PSP_EXTRATLEITIMPL_220526_0408,mikael,ilegivel,,pasta=medidoruim
PSP_EXTRATLEITIMPL_220526_0408_20000000015652965607_000.jpg,PSP_EXTRATLEITIMPL_220526_0408,mikael,ilegivel,,pasta=medidoruim
PSP_EXTRATLEITIMPL_220526_0408_20000000015652967500_000.jpg,PSP_EXTRATLEITIMPL_220526_0408,mikael,ilegivel,,pasta=medidoruim
PSP_EXTRATLEITIMPL_220526_0408_20000000015652970459_000.jpg,PSP_EXTRATLEITIMPL_220526_0408,mikael,ilegivel,,pasta=medidoruim
PSP_EXTRATLEITIMPL_220526_0408_20000000015652972159_000.jpg,PSP_EXTRATLEITIMPL_220526_0408,mikael,ilegivel,,pasta=medidoruim
PSP_EXTRATLEITIMPL_220526_0408_20000000015652974019_000.jpg,PSP_EXTRATLEITIMPL_220526_0408,mikael,ilegivel,,pasta=medidoruim
PSP_EXTRATLEITIMPL_220526_0408_20000000015652975007_000.jpg,PSP_EXTRATLEITIMPL_220526_0408,mikael,ilegivel,,pasta=medidoruim
PSP_EXTRATLEITIMPL_220526_0408_20000000015652975009_000.jpg,PSP_EXTRATLEITIMPL_220526_0408,mikael,ilegivel,,pasta=medidoruim
PSP_EXTRATLEITIMPL_220526_0408_20000000015702947945_000.jpg,PSP_EXTRATLEITIMPL_220526_0408,mikael,ilegivel,,pasta=medidoruim
PSP_EXTRATLEITIMPL_220526_0408_20000000015702948968_000.jpg,PSP_EXTRATLEITIMPL_220526_0408,mikael,sem_medidor,,pasta=ntem
PSP_EXTRATLEITIMPL_220526_0408_20000000015702960832_000.jpg,PSP_EXTRATLEITIMPL_220526_0408,mikael,ilegivel,,pasta=medidoruim
PSP_EXTRATLEITIMPL_220526_0408_20000000015702969399_000.jpg,PSP_EXTRATLEITIMPL_220526_0408,mikael,ilegivel,,pasta=medidoruim
PSP_EXTRATLEITIMPL_220526_0408_20000000015702970377_001.jpg,PSP_EXTRATLEITIMPL_220526_0408,mikael,ilegivel,,pasta=medidoruim
PSP_EXTRATLEITIMPL_220526_0408_20000000015702976012_000.jpg,PSP_EXTRATLEITIMPL_220526_0408,mikael,ilegivel,,pasta=medidoruim
PSP_EXTRATLEITIMPL_220526_0408_20000000015752948968_000.jpg,PSP_EXTRATLEITIMPL_220526_0408,mikael,ilegivel,,pasta=medidoruim
PSP_EXTRATLEITIMPL_220526_0408_20000000015752950937_000.jpg,PSP_EXTRATLEITIMPL_220526_0408,mikael,ilegivel,,pasta=medidoruim
PSP_EXTRATLEITIMPL_220526_0408_20000000015752953926_000.jpg,PSP_EXTRATLEITIMPL_220526_0408,mikael,ilegivel,,pasta=medidoruim
PSP_EXTRATLEITIMPL_220526_0408_20000000015752953932_000.jpg,PSP_EXTRATLEITIMPL_220526_0408,mikael,ilegivel,,pasta=medidoruim
PSP_EXTRATLEITIMPL_220526_0408_20000000015752953933_000.jpg,PSP_EXTRATLEITIMPL_220526_0408,mikael,ilegivel,,pasta=medidoruim
PSP_EXTRATLEITIMPL_220526_0408_20000000015752958854_000.jpg,PSP_EXTRATLEITIMPL_220526_0408,mikael,ilegivel,,pasta=medidoruim
PSP_EXTRATLEITIMPL_220526_0408_20000000015752963709_000.jpg,PSP_EXTRATLEITIMPL_220526_0408,mikael,ilegivel,,pasta=medidoruim
PSP_EXTRATLEITIMPL_220526_0408_20000000015752964699_000.jpg,PSP_EXTRATLEITIMPL_220526_0408,mikael,ilegivel,,pasta=medidoruim
PSP_EXTRATLEITIMPL_220526_0408_20000000015752967618_001.jpg,PSP_EXTRATLEITIMPL_220526_0408,mikael,sem_medidor,,pasta=ntem
PSP_EXTRATLEITIMPL_220526_0408_20000000015752971408_000.jpg,PSP_EXTRATLEITIMPL_220526_0408,mikael,ilegivel,,pasta=medidoruim
PSP_EXTRATLEITIMPL_220526_0408_20000000015752972397_000.jpg,PSP_EXTRATLEITIMPL_220526_0408,mikael,ilegivel,,pasta=medidoruim
PSP_EXTRATLEITIMPL_220526_0408_20000000015752974254_000.jpg,PSP_EXTRATLEITIMPL_220526_0408,mikael,sem_medidor,,pasta=ntem
PSP_EXTRATLEITIMPL_220526_0408_20000000015752978028_000.jpg,PSP_EXTRATLEITIMPL_220526_0408,mikael,sem_medidor,,pasta=ntem
PSP_EXTRATLEITIMPL_220526_0408_20000000015802937944_000.jpg,PSP_EXTRATLEITIMPL_220526_0408,mikael,ilegivel,,pasta=medidoruim
PSP_EXTRATLEITIMPL_220526_0408_20000000015802945865_000.jpg,PSP_EXTRATLEITIMPL_220526_0408,mikael,ilegivel,,pasta=medidoruim
PSP_EXTRATLEITIMPL_220526_0408_20000000015802945873_000.jpg,PSP_EXTRATLEITIMPL_220526_0408,mikael,ilegivel,,pasta=medidoruim
PSP_EXTRATLEITIMPL_220526_0408_20000000015802963181_000.jpg,PSP_EXTRATLEITIMPL_220526_0408,mikael,ilegivel,,pasta=medidoruim
PSP_EXTRATLEITIMPL_220526_0408_20000000015852957887_000.jpg,PSP_EXTRATLEITIMPL_220526_0408,mikael,ilegivel,,pasta=medidoruim
PSP_EXTRATLEITIMPL_220526_0408_20000000015852959905_000.jpg,PSP_EXTRATLEITIMPL_220526_0408,mikael,ilegivel,,pasta=medidoruim
PSP_EXTRATLEITIMPL_220526_0408_20000000015852966604_000.jpg,PSP_EXTRATLEITIMPL_220526_0408,mikael,ilegivel,,pasta=medidoruim
PSP_EXTRATLEITIMPL_220526_0408_20000000015852968598_000.jpg,PSP_EXTRATLEITIMPL_220526_0408,mikael,legivel,,pasta=medidor
PSP_EXTRATLEITIMPL_220526_0408_20000000015852974168_000.jpg,PSP_EXTRATLEITIMPL_220526_0408,mikael,ilegivel,,pasta=medidoruim
PSP_EXTRATLEITIMPL_220526_0408_20000000015852976037_001.jpg,PSP_EXTRATLEITIMPL_220526_0408,mikael,ilegivel,,pasta=medidoruim
PSP_EXTRATLEITIMPL_220526_0408_20000000015902969860_000.jpg,PSP_EXTRATLEITIMPL_220526_0408,mikael,ilegivel,,pasta=medidoruim
PSP_EXTRATLEITIMPL_220526_0408_20000000015902971823_000.jpg,PSP_EXTRATLEITIMPL_220526_0408,mikael,ilegivel,,pasta=medidoruim
PSP_EXTRATLEITIMPL_220526_0408_20000000015902980585_000.jpg,PSP_EXTRATLEITIMPL_220526_0408,mikael,ilegivel,,pasta=medidoruim
PSP_EXTRATLEITIMPL_220526_0408_20000000015902980588_000.jpg,PSP_EXTRATLEITIMPL_220526_0408,mikael,ilegivel,,pasta=medidoruim
PSP_EXTRATLEITIMPL_220526_0408_20000000015902985266_000.jpg,PSP_EXTRATLEITIMPL_220526_0408,mikael,ilegivel,,pasta=medidoruim
PSP_EXTRATLEITIMPL_220526_0408_20000000015902987105_000.jpg,PSP_EXTRATLEITIMPL_220526_0408,mikael,ilegivel,,pasta=medidoruim
PSP_EXTRATLEITIMPL_220526_0408_20000000015902988048_000.jpg,PSP_EXTRATLEITIMPL_220526_0408,mikael,ilegivel,,pasta=medidoruim
PSP_EXTRATLEITIMPL_220526_0408_20000000015902990024_001.jpg,PSP_EXTRATLEITIMPL_220526_0408,mikael,ilegivel,,pasta=medidoruim
PSP_EXTRATLEITIMPL_220526_0408_20000000015952948961_000.jpg,PSP_EXTRATLEITIMPL_220526_0408,mikael,sem_medidor,,pasta=ntem
PSP_EXTRATLEITIMPL_220526_0408_20000000015952954930_000.jpg,PSP_EXTRATLEITIMPL_220526_0408,mikael,ilegivel,,pasta=medidoruim
PSP_EXTRATLEITIMPL_220526_0408_20000000015952954936_000.jpg,PSP_EXTRATLEITIMPL_220526_0408,mikael,ilegivel,,pasta=medidoruim
PSP_EXTRATLEITIMPL_220526_0408_20000000015952954941_000.jpg,PSP_EXTRATLEITIMPL_220526_0408,mikael,ilegivel,,pasta=medidoruim
PSP_EXTRATLEITIMPL_220526_0408_20000000015952958871_000.jpg,PSP_EXTRATLEITIMPL_220526_0408,mikael,ilegivel,,pasta=medidoruim
PSP_EXTRATLEITIMPL_220526_0408_20000000015952962741_000.jpg,PSP_EXTRATLEITIMPL_220526_0408,mikael,sem_medidor,,pasta=ntem
PSP_EXTRATLEITIMPL_220526_0408_20000000015952964756_000.jpg,PSP_EXTRATLEITIMPL_220526_0408,mikael,ilegivel,,pasta=medidoruim
PSP_EXTRATLEITIMPL_220526_0408_20000000015952965675_000.jpg,PSP_EXTRATLEITIMPL_220526_0408,mikael,sem_medidor,,pasta=ntem
PSP_EXTRATLEITIMPL_220526_0408_20000000015952966571_000.jpg,PSP_EXTRATLEITIMPL_220526_0408,mikael,ilegivel,,pasta=medidoruim
PSP_EXTRATLEITIMPL_220526_0408_20000000015952970385_000.jpg,PSP_EXTRATLEITIMPL_220526_0408,mikael,ilegivel,,pasta=medidoruim
PSP_EXTRATLEITIMPL_220526_0408_20000000015952971392_000.jpg,PSP_EXTRATLEITIMPL_220526_0408,mikael,sem_medidor,,pasta=ntem
PSP_EXTRATLEITIMPL_220526_0408_20000000016002944977_000.jpg,PSP_EXTRATLEITIMPL_220526_0408,mikael,ilegivel,,pasta=medidoruim
PSP_EXTRATLEITIMPL_220526_0408_20000000016002945971_000.jpg,PSP_EXTRATLEITIMPL_220526_0408,mikael,ilegivel,,pasta=medidoruim
PSP_EXTRATLEITIMPL_220526_0408_20000000016002945980_000.jpg,PSP_EXTRATLEITIMPL_220526_0408,mikael,ilegivel,,pasta=medidoruim
PSP_EXTRATLEITIMPL_220526_0408_20000000016002947882_000.jpg,PSP_EXTRATLEITIMPL_220526_0408,mikael,ilegivel,,pasta=medidoruim
PSP_EXTRATLEITIMPL_220526_0408_20000000016002947889_000.jpg,PSP_EXTRATLEITIMPL_220526_0408,mikael,ilegivel,,pasta=medidoruim
PSP_EXTRATLEITIMPL_220526_0408_20000000016002954906_000.jpg,PSP_EXTRATLEITIMPL_220526_0408,mikael,ilegivel,,pasta=medidoruim
PSP_EXTRATLEITIMPL_220526_0408_20000000016052957981_000.jpg,PSP_EXTRATLEITIMPL_220526_0408,mikael,legivel,,pasta=medidor
PSP_EXTRATLEITIMPL_220526_0408_20000000016052967889_000.jpg,PSP_EXTRATLEITIMPL_220526_0408,mikael,ilegivel,,pasta=medidoruim
PSP_EXTRATLEITIMPL_220526_0408_20000000016052972828_000.jpg,PSP_EXTRATLEITIMPL_220526_0408,mikael,ilegivel,,pasta=medidoruim
PSP_EXTRATLEITIMPL_220526_0408_20000000016052972831_000.jpg,PSP_EXTRATLEITIMPL_220526_0408,mikael,ilegivel,,pasta=medidoruim
PSP_EXTRATLEITIMPL_220526_0408_20000000016052983228_000.jpg,PSP_EXTRATLEITIMPL_220526_0408,mikael,ilegivel,,pasta=medidoruim
PSP_EXTRATLEITIMPL_220526_0408_20000000016052984184_000.jpg,PSP_EXTRATLEITIMPL_220526_0408,mikael,ilegivel,,pasta=medidoruim
PSP_EXTRATLEITIMPL_220526_0408_20000000016052986001_000.jpg,PSP_EXTRATLEITIMPL_220526_0408,mikael,ilegivel,,pasta=medidoruim
PSP_EXTRATLEITIMPL_220526_0408_20000000016102936991_000.jpg,PSP_EXTRATLEITIMPL_220526_0408,mikael,ilegivel,,pasta=medidoruim
PSP_EXTRATLEITIMPL_220526_0408_20000000016102937961_000.jpg,PSP_EXTRATLEITIMPL_220526_0408,mikael,ilegivel,,pasta=medidoruim
PSP_EXTRATLEITIMPL_220526_0408_20000000016102949849_000.jpg,PSP_EXTRATLEITIMPL_220526_0408,mikael,ilegivel,,pasta=medidoruim
PSP_EXTRATLEITIMPL_220526_0408_20000000016102955639_000.jpg,PSP_EXTRATLEITIMPL_220526_0408,mikael,ilegivel,,pasta=medidoruim
PSP_EXTRATLEITIMPL_220526_0408_20000000016102962400_000.jpg,PSP_EXTRATLEITIMPL_220526_0408,mikael,legivel,,pasta=medidor
PSP_EXTRATLEITIMPL_220526_0408_20000000016102963309_000.jpg,PSP_EXTRATLEITIMPL_220526_0408,mikael,ilegivel,,pasta=medidoruim
PSP_EXTRATLEITIMPL_220526_0408_20000000016152952902_000.jpg,PSP_EXTRATLEITIMPL_220526_0408,mikael,ilegivel,,pasta=medidoruim
PSP_EXTRATLEITIMPL_220526_0408_20000000016152954926_000.jpg,PSP_EXTRATLEITIMPL_220526_0408,mikael,ilegivel,,pasta=medidoruim
PSP_EXTRATLEITIMPL_220526_0408_20000000016152957896_000.jpg,PSP_EXTRATLEITIMPL_220526_0408,mikael,ilegivel,,pasta=medidoruim
PSP_EXTRATLEITIMPL_220526_0408_20000000016152967593_000.jpg,PSP_EXTRATLEITIMPL_220526_0408,mikael,ilegivel,,pasta=medidoruim
PSP_EXTRATLEITIMPL_220526_0408_20000000016152968588_000.jpg,PSP_EXTRATLEITIMPL_220526_0408,mikael,ilegivel,,pasta=medidoruim
PSP_EXTRATLEITIMPL_220526_0408_20000000016152970398_000.jpg,PSP_EXTRATLEITIMPL_220526_0408,mikael,ilegivel,,pasta=medidoruim
PSP_EXTRATLEITIMPL_220526_0408_20000000016152973291_000.jpg,PSP_EXTRATLEITIMPL_220526_0408,mikael,legivel,,pasta=medidor
PSP_EXTRATLEITIMPL_220526_0408_20000000016152975189_000.jpg,PSP_EXTRATLEITIMPL_220526_0408,mikael,ilegivel,,pasta=medidoruim
PSP_EXTRATLEITIMPL_220526_0408_20000000016202967563_000.jpg,PSP_EXTRATLEITIMPL_220526_0408,mikael,ilegivel,,pasta=medidoruim
PSP_EXTRATLEITIMPL_220526_0408_20000000016202969402_000.jpg,PSP_EXTRATLEITIMPL_220526_0408,mikael,ilegivel,,pasta=medidoruim
PSP_EXTRATLEITIMPL_220526_0408_20000000016202970347_001.jpg,PSP_EXTRATLEITIMPL_220526_0408,mikael,ilegivel,,pasta=medidoruim
PSP_EXTRATLEITIMPL_220526_0408_20000000016202970352_000.jpg,PSP_EXTRATLEITIMPL_220526_0408,mikael,ilegivel,,pasta=medidoruim
PSP_EXTRATLEITIMPL_220526_0408_20000000016202971360_000.jpg,PSP_EXTRATLEITIMPL_220526_0408,mikael,ilegivel,,pasta=medidoruim
PSP_EXTRATLEITIMPL_220526_0408_20000000016202975015_000.jpg,PSP_EXTRATLEITIMPL_220526_0408,mikael,legivel,,pasta=medidor
PSP_EXTRATLEITIMPL_220526_0408_20000000016202977006_000.jpg,PSP_EXTRATLEITIMPL_220526_0408,mikael,sem_medidor,,pasta=ntem
PSP_EXTRATLEITIMPL_220526_0408_20000000016252947961_000.jpg,PSP_EXTRATLEITIMPL_220526_0408,mikael,ilegivel,,pasta=medidoruim
PSP_EXTRATLEITIMPL_220526_0408_20000000016252951969_000.jpg,PSP_EXTRATLEITIMPL_220526_0408,mikael,ilegivel,,pasta=medidoruim
PSP_EXTRATLEITIMPL_220526_0408_20000000016252954942_000.jpg,PSP_EXTRATLEITIMPL_220526_0408,mikael,sem_medidor,,pasta=ntem
PSP_EXTRATLEITIMPL_220526_0408_20000000016252960887_000.jpg,PSP_EXTRATLEITIMPL_220526_0408,mikael,sem_medidor,,pasta=ntem
PSP_EXTRATLEITIMPL_220526_0408_20000000016252964804_000.jpg,PSP_EXTRATLEITIMPL_220526_0408,mikael,legivel,,pasta=medidor
PSP_EXTRATLEITIMPL_220526_0408_20000000016252965780_000.jpg,PSP_EXTRATLEITIMPL_220526_0408,mikael,sem_medidor,,pasta=ntem
PSP_EXTRATLEITIMPL_220526_0408_20000000016252966648_000.jpg,PSP_EXTRATLEITIMPL_220526_0408,mikael,ilegivel,,pasta=medidoruim
PSP_EXTRATLEITIMPL_220526_0408_20000000016252967658_000.jpg,PSP_EXTRATLEITIMPL_220526_0408,mikael,sem_medidor,,pasta=ntem
PSP_EXTRATLEITIMPL_220526_0408_20000000016252970584_000.jpg,PSP_EXTRATLEITIMPL_220526_0408,mikael,ilegivel,,pasta=medidoruim
PSP_EXTRATLEITIMPL_220526_0408_20000000016252976187_000.jpg,PSP_EXTRATLEITIMPL_220526_0408,mikael,ilegivel,,pasta=medidoruim
PSP_EXTRATLEITIMPL_220526_0408_20000000016252978033_000.jpg,PSP_EXTRATLEITIMPL_220526_0408,mikael,ilegivel,,pasta=medidoruim
PSP_EXTRATLEITIMPL_220526_0408_20000000016302954973_000.jpg,PSP_EXTRATLEITIMPL_220526_0408,mikael,ilegivel,,pasta=medidoruim
PSP_EXTRATLEITIMPL_220526_0408_20000000016302965856_000.jpg,PSP_EXTRATLEITIMPL_220526_0408,mikael,ilegivel,,pasta=medidoruim
PSP_EXTRATLEITIMPL_220526_0408_20000000016302967780_000.jpg,PSP_EXTRATLEITIMPL_220526_0408,mikael,ilegivel,,pasta=medidoruim
PSP_EXTRATLEITIMPL_220526_0408_20000000016302969710_000.jpg,PSP_EXTRATLEITIMPL_220526_0408,mikael,ilegivel,,pasta=medidoruim
PSP_EXTRATLEITIMPL_220526_0408_20000000016302969713_001.jpg,PSP_EXTRATLEITIMPL_220526_0408,mikael,legivel,,pasta=medidor
PSP_EXTRATLEITIMPL_220526_0408_20000000016302978195_000.jpg,PSP_EXTRATLEITIMPL_220526_0408,mikael,ilegivel,,pasta=medidoruim
PSP_EXTRATLEITIMPL_220526_0408_20000000016302982015_000.jpg,PSP_EXTRATLEITIMPL_220526_0408,mikael,ilegivel,,pasta=medidoruim
PSP_EXTRATLEITIMPL_220526_0408_20000000016302983013_000.jpg,PSP_EXTRATLEITIMPL_220526_0408,mikael,ilegivel,,pasta=medidoruim
PSP_EXTRATLEITIMPL_220526_0408_20000000016302984006_000.jpg,PSP_EXTRATLEITIMPL_220526_0408,mikael,ilegivel,,pasta=medidoruim
PSP_EXTRATLEITIMPL_220526_0408_20000000016352954982_000.jpg,PSP_EXTRATLEITIMPL_220526_0408,mikael,ilegivel,,pasta=medidoruim
PSP_EXTRATLEITIMPL_220526_0408_20000000016352971506_000.jpg,PSP_EXTRATLEITIMPL_220526_0408,mikael,ilegivel,,pasta=medidoruim
PSP_EXTRATLEITIMPL_220526_0408_20000000016352972550_001.jpg,PSP_EXTRATLEITIMPL_220526_0408,mikael,ilegivel,,pasta=medidoruim
PSP_EXTRATLEITIMPL_220526_0408_20000000016352972570_000.jpg,PSP_EXTRATLEITIMPL_220526_0408,mikael,ilegivel,,pasta=medidoruim
PSP_EXTRATLEITIMPL_220526_0408_20000000016352980009_000.jpg,PSP_EXTRATLEITIMPL_220526_0408,mikael,ilegivel,,pasta=medidoruim
PSP_EXTRATLEITIMPL_220526_0408_20000000016402950889_000.jpg,PSP_EXTRATLEITIMPL_220526_0408,mikael,ilegivel,,pasta=medidoruim
PSP_EXTRATLEITIMPL_220526_0408_20000000016402956813_000.jpg,PSP_EXTRATLEITIMPL_220526_0408,mikael,ilegivel,,pasta=medidoruim
PSP_EXTRATLEITIMPL_220526_0408_20000000016402976073_000.jpg,PSP_EXTRATLEITIMPL_220526_0408,mikael,ilegivel,,pasta=medidoruim
PSP_EXTRATLEITIMPL_220526_0408_20000000016452969871_000.jpg,PSP_EXTRATLEITIMPL_220526_0408,mikael,legivel,,pasta=medidor
PSP_EXTRATLEITIMPL_220526_0408_20000000016452972916_000.jpg,PSP_EXTRATLEITIMPL_220526_0408,mikael,ilegivel,,pasta=medidoruim
PSP_EXTRATLEITIMPL_220526_0408_20000000016452972920_000.jpg,PSP_EXTRATLEITIMPL_220526_0408,mikael,ilegivel,,pasta=medidoruim
PSP_EXTRATLEITIMPL_220526_0408_20000000016452975823_001.jpg,PSP_EXTRATLEITIMPL_220526_0408,mikael,legivel,,pasta=medidor
PSP_EXTRATLEITIMPL_220526_0408_20000000016452977683_000.jpg,PSP_EXTRATLEITIMPL_220526_0408,mikael,ilegivel,,pasta=medidoruim
PSP_EXTRATLEITIMPL_220526_0408_20000000016452977695_000.jpg,PSP_EXTRATLEITIMPL_220526_0408,mikael,legivel,,pasta=medidor
PSP_EXTRATLEITIMPL_220526_0408_20000000016452979609_000.jpg,PSP_EXTRATLEITIMPL_220526_0408,mikael,ilegivel,,pasta=medidoruim
PSP_EXTRATLEITIMPL_220526_0408_20000000016452986277_003.jpg,PSP_EXTRATLEITIMPL_220526_0408,mikael,ilegivel,,pasta=medidoruim
PSP_EXTRATLEITIMPL_220526_0408_20000000016452987174_000.jpg,PSP_EXTRATLEITIMPL_220526_0408,mikael,legivel,,pasta=medidor
PSP_EXTRATLEITIMPL_220526_0408_20000000016452989020_000.jpg,PSP_EXTRATLEITIMPL_220526_0408,mikael,sem_medidor,,pasta=ntem
PSP_EXTRATLEITIMPL_220526_0408_20000000016452989042_000.jpg,PSP_EXTRATLEITIMPL_220526_0408,mikael,ilegivel,,pasta=medidoruim
PSP_EXTRATLEITIMPL_220526_0408_20000000016452990014_000.jpg,PSP_EXTRATLEITIMPL_220526_0408,mikael,ilegivel,,pasta=medidoruim
PSP_EXTRATLEITIMPL_220526_0408_20000000016502954903_000.jpg,PSP_EXTRATLEITIMPL_220526_0408,mikael,ilegivel,,pasta=medidoruim
PSP_EXTRATLEITIMPL_220526_0408_20000000016502962632_000.jpg,PSP_EXTRATLEITIMPL_220526_0408,mikael,sem_medidor,,pasta=ntem
PSP_EXTRATLEITIMPL_220526_0408_20000000016502962638_000.jpg,PSP_EXTRATLEITIMPL_220526_0408,mikael,ilegivel,,pasta=medidoruim
PSP_EXTRATLEITIMPL_220526_0408_20000000016502963579_000.jpg,PSP_EXTRATLEITIMPL_220526_0408,mikael,legivel,,pasta=medidor
PSP_EXTRATLEITIMPL_220526_0408_20000000016502975001_000.jpg,PSP_EXTRATLEITIMPL_220526_0408,mikael,legivel,,pasta=medidor
PSP_EXTRATLEITIMPL_220526_0408_20000000016552955992_000.jpg,PSP_EXTRATLEITIMPL_220526_0408,mikael,ilegivel,,pasta=medidoruim
PSP_EXTRATLEITIMPL_220526_0408_20000000016552957941_000.jpg,PSP_EXTRATLEITIMPL_220526_0408,mikael,legivel,,pasta=medidor
PSP_EXTRATLEITIMPL_220526_0408_20000000016552959984_000.jpg,PSP_EXTRATLEITIMPL_220526_0408,mikael,ilegivel,,pasta=medidoruim
PSP_EXTRATLEITIMPL_220526_0408_20000000016552966844_000.jpg,PSP_EXTRATLEITIMPL_220526_0408,mikael,legivel,,pasta=medidor
PSP_EXTRATLEITIMPL_220526_0408_20000000016552967772_000.jpg,PSP_EXTRATLEITIMPL_220526_0408,mikael,sem_medidor,,pasta=ntem
PSP_EXTRATLEITIMPL_220526_0408_20000000016552977330_000.jpg,PSP_EXTRATLEITIMPL_220526_0408,mikael,ilegivel,,pasta=medidoruim
PSP_EXTRATLEITIMPL_220526_0408_20000000016552982013_000.jpg,PSP_EXTRATLEITIMPL_220526_0408,mikael,ilegivel,,pasta=medidoruim
PSP_EXTRATLEITIMPL_220526_0408_20000000016602988956_000.jpg,PSP_EXTRATLEITIMPL_220526_0408,mikael,ilegivel,,pasta=medidoruim
PSP_EXTRATLEITIMPL_220526_0408_20000000016602993685_000.jpg,PSP_EXTRATLEITIMPL_220526_0408,mikael,ilegivel,,pasta=medidoruim
PSP_EXTRATLEITIMPL_220526_0408_20000000016602996623_000.jpg,PSP_EXTRATLEITIMPL_220526_0408,mikael,ilegivel,,pasta=medidoruim
PSP_EXTRATLEITIMPL_220526_0408_20000000016602997547_000.jpg,PSP_EXTRATLEITIMPL_220526_0408,mikael,ilegivel,,pasta=medidoruim
PSP_EXTRATLEITIMPL_220526_0408_20000000016603003195_000.jpg,PSP_EXTRATLEITIMPL_220526_0408,mikael,ilegivel,,pasta=medidoruim
PSP_EXTRATLEITIMPL_220526_0408_20000000016603003208_000.jpg,PSP_EXTRATLEITIMPL_220526_0408,mikael,legivel,,pasta=medidor
PSP_EXTRATLEITIMPL_220526_0408_20000000016603010024_000.jpg,PSP_EXTRATLEITIMPL_220526_0408,mikael,ilegivel,,pasta=medidoruim
PSP_EXTRATLEITIMPL_220526_0408_20000000016652984765_000.jpg,PSP_EXTRATLEITIMPL_220526_0408,mikael,ilegivel,,pasta=medidoruim
PSP_EXTRATLEITIMPL_220526_0408_20000000016652985810_000.jpg,PSP_EXTRATLEITIMPL_220526_0408,mikael,ilegivel,,pasta=medidoruim
PSP_EXTRATLEITIMPL_220526_0408_20000000016652985814_000.jpg,PSP_EXTRATLEITIMPL_220526_0408,mikael,sem_medidor,,pasta=ntem
PSP_EXTRATLEITIMPL_220526_0408_20000000016652985827_000.jpg,PSP_EXTRATLEITIMPL_220526_0408,mikael,sem_medidor,,pasta=ntem
PSP_EXTRATLEITIMPL_220526_0408_20000000016652988592_000.jpg,PSP_EXTRATLEITIMPL_220526_0408,mikael,legivel,,pasta=medidor
PSP_EXTRATLEITIMPL_220526_0408_20000000016652988594_000.jpg,PSP_EXTRATLEITIMPL_220526_0408,mikael,legivel,,pasta=medidor
PSP_EXTRATLEITIMPL_220526_0408_20000000016652988598_000.jpg,PSP_EXTRATLEITIMPL_220526_0408,mikael,ilegivel,,pasta=medidoruim
PSP_EXTRATLEITIMPL_220526_0408_20000000016652993399_000.jpg,PSP_EXTRATLEITIMPL_220526_0408,mikael,ilegivel,,pasta=medidoruim
PSP_EXTRATLEITIMPL_220526_0408_20000000016702982906_000.jpg,PSP_EXTRATLEITIMPL_220526_0408,mikael,ilegivel,,pasta=medidoruim
PSP_EXTRATLEITIMPL_220526_0408_20000000016702990781_000.jpg,PSP_EXTRATLEITIMPL_220526_0408,mikael,ilegivel,,pasta=medidoruim
PSP_EXTRATLEITIMPL_220526_0408_20000000016702992680_000.jpg,PSP_EXTRATLEITIMPL_220526_0408,mikael,sem_medidor,,pasta=ntem
PSP_EXTRATLEITIMPL_220526_0408_20000000016703000395_000.jpg,PSP_EXTRATLEITIMPL_220526_0408,mikael,legivel,,pasta=medidor
PSP_EXTRATLEITIMPL_220526_0408_20000000016703004126_000.jpg,PSP_EXTRATLEITIMPL_220526_0408,mikael,sem_medidor,,pasta=ntem
PSP_EXTRATLEITIMPL_220526_0408_20000000016703009051_000.jpg,PSP_EXTRATLEITIMPL_220526_0408,mikael,ilegivel,,pasta=medidoruim
PSP_EXTRATLEITIMPL_220526_0408_20000000016752966983_000.jpg,PSP_EXTRATLEITIMPL_220526_0408,mikael,ilegivel,,pasta=medidoruim
PSP_EXTRATLEITIMPL_220526_0408_20000000016752966999_000.jpg,PSP_EXTRATLEITIMPL_220526_0408,mikael,ilegivel,,pasta=medidoruim
PSP_EXTRATLEITIMPL_220526_0408_20000000016752974883_000.jpg,PSP_EXTRATLEITIMPL_220526_0408,mikael,ilegivel,,pasta=medidoruim
PSP_EXTRATLEITIMPL_220526_0408_20000000016752978753_000.jpg,PSP_EXTRATLEITIMPL_220526_0408,mikael,legivel,,pasta=medidor
PSP_EXTRATLEITIMPL_220526_0408_20000000016752983598_000.jpg,PSP_EXTRATLEITIMPL_220526_0408,mikael,ilegivel,,pasta=medidoruim
PSP_EXTRATLEITIMPL_220526_0408_20000000016752990212_000.jpg,PSP_EXTRATLEITIMPL_220526_0408,mikael,ilegivel,,pasta=medidoruim
PSP_EXTRATLEITIMPL_220526_0408_20000000016752991056_000.jpg,PSP_EXTRATLEITIMPL_220526_0408,mikael,ilegivel,,pasta=medidoruim
PSP_EXTRATLEITIMPL_220526_0408_20000000016752994000_000.jpg,PSP_EXTRATLEITIMPL_220526_0408,mikael,ilegivel,,pasta=medidoruim
PSP_EXTRATLEITIMPL_220526_0408_20000000016802983830_000.jpg,PSP_EXTRATLEITIMPL_220526_0408,mikael,ilegivel,,pasta=medidoruim
PSP_EXTRATLEITIMPL_220526_0408_20000000016802986787_000.jpg,PSP_EXTRATLEITIMPL_220526_0408,mikael,sem_medidor,,pasta=ntem
PSP_EXTRATLEITIMPL_220526_0408_20000000016802997178_000.jpg,PSP_EXTRATLEITIMPL_220526_0408,mikael,ilegivel,,pasta=medidoruim
PSP_EXTRATLEITIMPL_220526_0408_20000000016803000074_000.jpg,PSP_EXTRATLEITIMPL_220526_0408,mikael,sem_medidor,,pasta=ntem
PSP_EXTRATLEITIMPL_220526_0408_20000000016852987737_000.jpg,PSP_EXTRATLEITIMPL_220526_0408,mikael,sem_medidor,,pasta=ntem
PSP_EXTRATLEITIMPL_220526_0408_20000000016852997117_000.jpg,PSP_EXTRATLEITIMPL_220526_0408,mikael,ilegivel,,pasta=medidoruim
PSP_EXTRATLEITIMPL_220526_0408_20000000016852998106_000.jpg,PSP_EXTRATLEITIMPL_220526_0408,mikael,ilegivel,,pasta=medidoruim
PSP_EXTRATLEITIMPL_220526_0408_20000000016853000054_000.jpg,PSP_EXTRATLEITIMPL_220526_0408,mikael,ilegivel,,pasta=medidoruim
PSP_EXTRATLEITIMPL_220526_0408_20000000016853005003_000.jpg,PSP_EXTRATLEITIMPL_220526_0408,mikael,sem_medidor,,pasta=ntem
PSP_EXTRATLEITIMPL_220526_0408_20000000016853006002_000.jpg,PSP_EXTRATLEITIMPL_220526_0408,mikael,legivel,,pasta=medidor
PSP_EXTRATLEITIMPL_220526_0408_20000000016902982991_000.jpg,PSP_EXTRATLEITIMPL_220526_0408,mikael,ilegivel,,pasta=medidoruim
PSP_EXTRATLEITIMPL_220526_0408_20000000016902990729_000.jpg,PSP_EXTRATLEITIMPL_220526_0408,mikael,ilegivel,,pasta=medidoruim
PSP_EXTRATLEITIMPL_220526_0408_20000000016902991677_000.jpg,PSP_EXTRATLEITIMPL_220526_0408,mikael,ilegivel,,pasta=medidoruim
PSP_EXTRATLEITIMPL_220526_0408_20000000016902991694_000.jpg,PSP_EXTRATLEITIMPL_220526_0408,mikael,ilegivel,,pasta=medidoruim
PSP_EXTRATLEITIMPL_220526_0408_20000000016902991699_001.jpg,PSP_EXTRATLEITIMPL_220526_0408,mikael,ilegivel,,pasta=medidoruim
PSP_EXTRATLEITIMPL_220526_0408_20000000016902992659_000.jpg,PSP_EXTRATLEITIMPL_220526_0408,mikael,legivel,,pasta=medidor
PSP_EXTRATLEITIMPL_220526_0408_20000000016902993585_000.jpg,PSP_EXTRATLEITIMPL_220526_0408,mikael,sem_medidor,,pasta=ntem
PSP_EXTRATLEITIMPL_220526_0408_20000000016902993599_000.jpg,PSP_EXTRATLEITIMPL_220526_0408,mikael,ilegivel,,pasta=medidoruim
PSP_EXTRATLEITIMPL_220526_0408_20000000016902996509_000.jpg,PSP_EXTRATLEITIMPL_220526_0408,mikael,ilegivel,,pasta=medidoruim
PSP_EXTRATLEITIMPL_220526_0408_20000000016902997393_000.jpg,PSP_EXTRATLEITIMPL_220526_0408,mikael,ilegivel,,pasta=medidoruim
PSP_EXTRATLEITIMPL_220526_0408_20000000016902998426_000.jpg,PSP_EXTRATLEITIMPL_220526_0408,mikael,ilegivel,,pasta=medidoruim
PSP_EXTRATLEITIMPL_220526_0408_20000000016903002193_000.jpg,PSP_EXTRATLEITIMPL_220526_0408,mikael,ilegivel,,pasta=medidoruim
PSP_EXTRATLEITIMPL_220526_0408_20000000016903008013_000.jpg,PSP_EXTRATLEITIMPL_220526_0408,mikael,ilegivel,,pasta=medidoruim
PSP_EXTRATLEITIMPL_220526_0408_20000000016952982819_000.jpg,PSP_EXTRATLEITIMPL_220526_0408,mikael,ilegivel,,pasta=medidoruim
PSP_EXTRATLEITIMPL_220526_0408_20000000016952986603_000.jpg,PSP_EXTRATLEITIMPL_220526_0408,mikael,legivel,,pasta=medidor
PSP_EXTRATLEITIMPL_220526_0408_20000000016952987641_000.jpg,PSP_EXTRATLEITIMPL_220526_0408,mikael,sem_medidor,,pasta=ntem
PSP_EXTRATLEITIMPL_220526_0408_20000000016952992255_000.jpg,PSP_EXTRATLEITIMPL_220526_0408,mikael,ilegivel,,pasta=medidoruim
PSP_EXTRATLEITIMPL_220526_0408_20000000016952992260_000.jpg,PSP_EXTRATLEITIMPL_220526_0408,mikael,ilegivel,,pasta=medidoruim
PSP_EXTRATLEITIMPL_220526_0408_20000000016952994101_000.jpg,PSP_EXTRATLEITIMPL_220526_0408,mikael,ilegivel,,pasta=medidoruim
PSP_EXTRATLEITIMPL_220526_0408_20000000016952996062_000.jpg,PSP_EXTRATLEITIMPL_220526_0408,mikael,ilegivel,,pasta=medidoruim
PSP_EXTRATLEITIMPL_220526_0408_20000000016952998019_000.jpg,PSP_EXTRATLEITIMPL_220526_0408,mikael,ilegivel,,pasta=medidoruim
PSP_EXTRATLEITIMPL_220526_0408_20000000016953001013_000.jpg,PSP_EXTRATLEITIMPL_220526_0408,mikael,ilegivel,,pasta=medidoruim
PSP_EXTRATLEITIMPL_220526_0408_20000000017002989969_000.jpg,PSP_EXTRATLEITIMPL_220526_0408,mikael,ilegivel,,pasta=medidoruim
PSP_EXTRATLEITIMPL_220526_0408_20000000017002992786_001.jpg,PSP_EXTRATLEITIMPL_220526_0408,mikael,ilegivel,,pasta=medidoruim
PSP_EXTRATLEITIMPL_220526_0408_20000000017002994784_000.jpg,PSP_EXTRATLEITIMPL_220526_0408,mikael,ilegivel,,pasta=medidoruim
PSP_EXTRATLEITIMPL_220526_0408_20000000017003005198_000.jpg,PSP_EXTRATLEITIMPL_220526_0408,mikael,sem_medidor,,pasta=ntem
PSP_EXTRATLEITIMPL_220526_0408_20000000017003008039_000.jpg,PSP_EXTRATLEITIMPL_220526_0408,mikael,ilegivel,,pasta=medidoruim
PSP_EXTRATLEITIMPL_220526_0408_20000000017052976971_000.jpg,PSP_EXTRATLEITIMPL_220526_0408,mikael,ilegivel,,pasta=medidoruim
PSP_EXTRATLEITIMPL_220526_0408_20000000017052982814_000.jpg,PSP_EXTRATLEITIMPL_220526_0408,mikael,ilegivel,,pasta=medidoruim
PSP_EXTRATLEITIMPL_220526_0408_20000000017052986674_000.jpg,PSP_EXTRATLEITIMPL_220526_0408,mikael,ilegivel,,pasta=medidoruim
PSP_EXTRATLEITIMPL_220526_0408_20000000017052992405_000.jpg,PSP_EXTRATLEITIMPL_220526_0408,mikael,ilegivel,,pasta=medidoruim
PSP_EXTRATLEITIMPL_220526_0408_20000000017052995166_000.jpg,PSP_EXTRATLEITIMPL_220526_0408,mikael,ilegivel,,pasta=medidoruim
PSP_EXTRATLEITIMPL_220526_0408_20000000017052996147_000.jpg,PSP_EXTRATLEITIMPL_220526_0408,mikael,ilegivel,,pasta=medidoruim
PSP_EXTRATLEITIMPL_220526_0408_20000000017053001001_000.jpg,PSP_EXTRATLEITIMPL_220526_0408,mikael,ilegivel,,pasta=medidoruim
PSP_EXTRATLEITIMPL_220526_0408_20000000017102969943_000.jpg,PSP_EXTRATLEITIMPL_220526_0408,mikael,ilegivel,,pasta=medidoruim
PSP_EXTRATLEITIMPL_220526_0408_20000000017102988298_000.jpg,PSP_EXTRATLEITIMPL_220526_0408,mikael,ilegivel,,pasta=medidoruim
PSP_EXTRATLEITIMPL_220526_0408_20000000017102996019_001.jpg,PSP_EXTRATLEITIMPL_220526_0408,mikael,sem_medidor,,pasta=ntem
PSP_EXTRATLEITIMPL_220526_0408_20000000017152980993_000.jpg,PSP_EXTRATLEITIMPL_220526_0408,mikael,ilegivel,,pasta=medidoruim
PSP_EXTRATLEITIMPL_220526_0408_20000000017152985943_000.jpg,PSP_EXTRATLEITIMPL_220526_0408,mikael,legivel,,pasta=medidor
PSP_EXTRATLEITIMPL_220526_0408_20000000017152994614_000.jpg,PSP_EXTRATLEITIMPL_220526_0408,mikael,ilegivel,,pasta=medidoruim
PSP_EXTRATLEITIMPL_220526_0408_20000000017152994617_000.jpg,PSP_EXTRATLEITIMPL_220526_0408,mikael,legivel,,pasta=medidor
PSP_EXTRATLEITIMPL_220526_0408_20000000017152997385_000.jpg,PSP_EXTRATLEITIMPL_220526_0408,mikael,ilegivel,,pasta=medidoruim
PSP_EXTRATLEITIMPL_220526_0408_20000000017153000165_000.jpg,PSP_EXTRATLEITIMPL_220526_0408,mikael,ilegivel,,pasta=medidoruim
PSP_EXTRATLEITIMPL_220526_0408_20000000017202963992_000.jpg,PSP_EXTRATLEITIMPL_220526_0408,mikael,ilegivel,,pasta=medidoruim
PSP_EXTRATLEITIMPL_220526_0408_20000000017202963995_000.jpg,PSP_EXTRATLEITIMPL_220526_0408,mikael,ilegivel,,pasta=medidoruim
PSP_EXTRATLEITIMPL_220526_0408_20000000017202970875_000.jpg,PSP_EXTRATLEITIMPL_220526_0408,mikael,ilegivel,,pasta=medidoruim
PSP_EXTRATLEITIMPL_220526_0408_20000000017202976721_003.jpg,PSP_EXTRATLEITIMPL_220526_0408,mikael,ilegivel,,pasta=medidoruim
PSP_EXTRATLEITIMPL_220526_0408_20000000017202976736_000.jpg,PSP_EXTRATLEITIMPL_220526_0408,mikael,legivel,,pasta=medidor
PSP_EXTRATLEITIMPL_220526_0408_20000000017202980578_000.jpg,PSP_EXTRATLEITIMPL_220526_0408,mikael,legivel,,pasta=medidor
PSP_EXTRATLEITIMPL_220526_0408_20000000017202984337_000.jpg,PSP_EXTRATLEITIMPL_220526_0408,mikael,legivel,,pasta=medidor
PSP_EXTRATLEITIMPL_220526_0408_20000000017202986191_000.jpg,PSP_EXTRATLEITIMPL_220526_0408,mikael,ilegivel,,pasta=medidoruim
PSP_EXTRATLEITIMPL_220526_0408_20000000017202986192_000.jpg,PSP_EXTRATLEITIMPL_220526_0408,mikael,ilegivel,,pasta=medidoruim
PSP_EXTRATLEITIMPL_220526_0408_20000000017202993009_001.jpg,PSP_EXTRATLEITIMPL_220526_0408,mikael,legivel,,pasta=medidor
PSP_EXTRATLEITIMPL_220526_0408_20000000017252977959_000.jpg,PSP_EXTRATLEITIMPL_220526_0408,mikael,ilegivel,,pasta=medidoruim
PSP_EXTRATLEITIMPL_220526_0408_20000000017252983846_000.jpg,PSP_EXTRATLEITIMPL_220526_0408,mikael,sem_medidor,,pasta=ntem
PSP_EXTRATLEITIMPL_220526_0408_20000000017252985743_000.jpg,PSP_EXTRATLEITIMPL_220526_0408,mikael,legivel,,pasta=medidor
PSP_EXTRATLEITIMPL_220526_0408_20000000017252989560_000.jpg,PSP_EXTRATLEITIMPL_220526_0408,mikael,ilegivel,,pasta=medidoruim
PSP_EXTRATLEITIMPL_220526_0408_20000000017252991455_000.jpg,PSP_EXTRATLEITIMPL_220526_0408,mikael,ilegivel,,pasta=medidoruim
PSP_EXTRATLEITIMPL_220526_0408_20000000017252992434_000.jpg,PSP_EXTRATLEITIMPL_220526_0408,mikael,ilegivel,,pasta=medidoruim
PSP_EXTRATLEITIMPL_220526_0408_20000000017252993321_000.jpg,PSP_EXTRATLEITIMPL_220526_0408,mikael,ilegivel,,pasta=medidoruim
PSP_EXTRATLEITIMPL_220526_0408_20000000017252998062_000.jpg,PSP_EXTRATLEITIMPL_220526_0408,mikael,sem_medidor,,pasta=ntem
PSP_EXTRATLEITIMPL_220526_0408_20000000017253003040_000.jpg,PSP_EXTRATLEITIMPL_220526_0408,mikael,ilegivel,,pasta=medidoruim
PSP_EXTRATLEITIMPL_220526_0408_20000000017253004011_000.jpg,PSP_EXTRATLEITIMPL_220526_0408,mikael,ilegivel,,pasta=medidoruim
PSP_EXTRATLEITIMPL_220526_0408_20000000017253004015_001.jpg,PSP_EXTRATLEITIMPL_220526_0408,mikael,ilegivel,,pasta=medidoruim
PSP_EXTRATLEITIMPL_220526_0408_20000000017302977953_000.jpg,PSP_EXTRATLEITIMPL_220526_0408,mikael,legivel,,pasta=medidor
PSP_EXTRATLEITIMPL_220526_0408_20000000017302980975_000.jpg,PSP_EXTRATLEITIMPL_220526_0408,mikael,ilegivel,,pasta=medidoruim
PSP_EXTRATLEITIMPL_220526_0408_20000000017302984920_000.jpg,PSP_EXTRATLEITIMPL_220526_0408,mikael,ilegivel,,pasta=medidoruim
PSP_EXTRATLEITIMPL_220526_0408_20000000017302984923_000.jpg,PSP_EXTRATLEITIMPL_220526_0408,mikael,ilegivel,,pasta=medidoruim
PSP_EXTRATLEITIMPL_220526_0408_20000000017302987928_000.jpg,PSP_EXTRATLEITIMPL_220526_0408,mikael,sem_medidor,,pasta=ntem
PSP_EXTRATLEITIMPL_220526_0408_20000000017302994622_000.jpg,PSP_EXTRATLEITIMPL_220526_0408,mikael,ilegivel,,pasta=medidoruim
PSP_EXTRATLEITIMPL_220526_0408_20000000017302994627_000.jpg,PSP_EXTRATLEITIMPL_220526_0408,mikael,legivel,,pasta=medidor
PSP_EXTRATLEITIMPL_220526_0408_20000000017302998408_000.jpg,PSP_EXTRATLEITIMPL_220526_0408,mikael,ilegivel,,pasta=medidoruim
PSP_EXTRATLEITIMPL_220526_0408_20000000017302999444_000.jpg,PSP_EXTRATLEITIMPL_220526_0408,mikael,ilegivel,,pasta=medidoruim
PSP_EXTRATLEITIMPL_220526_0408_20000000017303000262_000.jpg,PSP_EXTRATLEITIMPL_220526_0408,mikael,ilegivel,,pasta=medidoruim
PSP_EXTRATLEITIMPL_220526_0408_20000000017303002187_000.jpg,PSP_EXTRATLEITIMPL_220526_0408,mikael,ilegivel,,pasta=medidoruim
PSP_EXTRATLEITIMPL_220526_0408_20000000017303006024_000.jpg,PSP_EXTRATLEITIMPL_220526_0408,mikael,ilegivel,,pasta=medidoruim
PSP_EXTRATLEITIMPL_220526_0408_20000000017303006031_000.jpg,PSP_EXTRATLEITIMPL_220526_0408,mikael,sem_medidor,,pasta=ntem
PSP_EXTRATLEITIMPL_220526_0408_20000000017303007009_000.jpg,PSP_EXTRATLEITIMPL_220526_0408,mikael,legivel,,pasta=medidor
PSP_EXTRATLEITIMPL_220526_0408_20000000017352989968_000.jpg,PSP_EXTRATLEITIMPL_220526_0408,mikael,ilegivel,,pasta=medidoruim
PSP_EXTRATLEITIMPL_220526_0408_20000000017352991909_000.jpg,PSP_EXTRATLEITIMPL_220526_0408,mikael,ilegivel,,pasta=medidoruim
PSP_EXTRATLEITIMPL_220526_0408_20000000017352999657_000.jpg,PSP_EXTRATLEITIMPL_220526_0408,mikael,sem_medidor,,pasta=ntem
PSP_EXTRATLEITIMPL_220526_0408_20000000017352999662_000.jpg,PSP_EXTRATLEITIMPL_220526_0408,mikael,ilegivel,,pasta=medidoruim
PSP_EXTRATLEITIMPL_220526_0408_20000000017353002634_000.jpg,PSP_EXTRATLEITIMPL_220526_0408,mikael,legivel,,pasta=medidor
PSP_EXTRATLEITIMPL_220526_0408_20000000017353005427_001.jpg,PSP_EXTRATLEITIMPL_220526_0408,mikael,sem_medidor,,pasta=ntem
PSP_EXTRATLEITIMPL_220526_0408_20000000017353006367_000.jpg,PSP_EXTRATLEITIMPL_220526_0408,mikael,ilegivel,,pasta=medidoruim
PSP_EXTRATLEITIMPL_220526_0408_20000000017353007390_000.jpg,PSP_EXTRATLEITIMPL_220526_0408,mikael,ilegivel,,pasta=medidoruim
PSP_EXTRATLEITIMPL_220526_0408_20000000017353008308_000.jpg,PSP_EXTRATLEITIMPL_220526_0408,mikael,ilegivel,,pasta=medidoruim
PSP_EXTRATLEITIMPL_220526_0408_20000000017353011090_000.jpg,PSP_EXTRATLEITIMPL_220526_0408,mikael,ilegivel,,pasta=medidoruim
PSP_EXTRATLEITIMPL_220526_0408_20000000017402983871_000.jpg,PSP_EXTRATLEITIMPL_220526_0408,mikael,legivel,,pasta=medidor
PSP_EXTRATLEITIMPL_220526_0408_20000000017402986834_000.jpg,PSP_EXTRATLEITIMPL_220526_0408,mikael,ilegivel,,pasta=medidoruim
PSP_EXTRATLEITIMPL_220526_0408_20000000017402989690_001.jpg,PSP_EXTRATLEITIMPL_220526_0408,mikael,sem_medidor,,pasta=ntem
PSP_EXTRATLEITIMPL_220526_0408_20000000017402989698_000.jpg,PSP_EXTRATLEITIMPL_220526_0408,mikael,sem_medidor,,pasta=ntem
PSP_EXTRATLEITIMPL_220526_0408_20000000017402991622_000.jpg,PSP_EXTRATLEITIMPL_220526_0408,mikael,ilegivel,,pasta=medidoruim
PSP_EXTRATLEITIMPL_220526_0408_20000000017402994456_000.jpg,PSP_EXTRATLEITIMPL_220526_0408,mikael,ilegivel,,pasta=medidoruim
PSP_EXTRATLEITIMPL_220526_0408_20000000017402995397_000.jpg,PSP_EXTRATLEITIMPL_220526_0408,mikael,sem_medidor,,pasta=ntem
PSP_EXTRATLEITIMPL_220526_0408_20000000017403000148_000.jpg,PSP_EXTRATLEITIMPL_220526_0408,mikael,ilegivel,,pasta=medidoruim
PSP_EXTRATLEITIMPL_220526_0408_20000000017403001075_000.jpg,PSP_EXTRATLEITIMPL_220526_0408,mikael,ilegivel,,pasta=medidoruim
PSP_EXTRATLEITIMPL_220526_0408_20000000017403001080_000.jpg,PSP_EXTRATLEITIMPL_220526_0408,mikael,legivel,,pasta=medidor
PSP_EXTRATLEITIMPL_220526_0408_20000000017403003021_000.jpg,PSP_EXTRATLEITIMPL_220526_0408,mikael,sem_medidor,,pasta=ntem
PSP_EXTRATLEITIMPL_220526_0408_20000000017403004010_000.jpg,PSP_EXTRATLEITIMPL_220526_0408,mikael,ilegivel,,pasta=medidoruim
PSP_EXTRATLEITIMPL_220526_0408_20000000017403004013_000.jpg,PSP_EXTRATLEITIMPL_220526_0408,mikael,legivel,,pasta=medidor
PSP_EXTRATLEITIMPL_220526_0408_20000000017452969917_000.jpg,PSP_EXTRATLEITIMPL_220526_0408,mikael,ilegivel,,pasta=medidoruim
PSP_EXTRATLEITIMPL_220526_0408_20000000017452991070_000.jpg,PSP_EXTRATLEITIMPL_220526_0408,mikael,legivel,,pasta=medidor
PSP_EXTRATLEITIMPL_220526_0408_20000000017452993058_000.jpg,PSP_EXTRATLEITIMPL_220526_0408,mikael,ilegivel,,pasta=medidoruim
PSP_EXTRATLEITIMPL_220526_0408_20000000017452993063_000.jpg,PSP_EXTRATLEITIMPL_220526_0408,mikael,ilegivel,,pasta=medidoruim
PSP_EXTRATLEITIMPL_220526_0408_20000000017502972994_000.jpg,PSP_EXTRATLEITIMPL_220526_0408,mikael,ilegivel,,pasta=medidoruim
PSP_EXTRATLEITIMPL_220526_0408_20000000017502979808_000.jpg,PSP_EXTRATLEITIMPL_220526_0408,mikael,legivel,,pasta=medidor
PSP_EXTRATLEITIMPL_220526_0408_20000000017502981761_000.jpg,PSP_EXTRATLEITIMPL_220526_0408,mikael,ilegivel,,pasta=medidoruim
PSP_EXTRATLEITIMPL_220526_0408_20000000017502984645_000.jpg,PSP_EXTRATLEITIMPL_220526_0408,mikael,legivel,,pasta=medidor
PSP_EXTRATLEITIMPL_220526_0408_20000000017502988444_000.jpg,PSP_EXTRATLEITIMPL_220526_0408,mikael,ilegivel,,pasta=medidoruim
PSP_EXTRATLEITIMPL_220526_0408_20000000017502994024_000.jpg,PSP_EXTRATLEITIMPL_220526_0408,mikael,ilegivel,,pasta=medidoruim
PSP_EXTRATLEITIMPL_220526_0408_20000000017552992543_000.jpg,PSP_EXTRATLEITIMPL_220526_0408,mikael,ilegivel,,pasta=medidoruim
PSP_EXTRATLEITIMPL_220526_0408_20000000017552999228_000.jpg,PSP_EXTRATLEITIMPL_220526_0408,mikael,ilegivel,,pasta=medidoruim
PSP_EXTRATLEITIMPL_220526_0408_20000000017553005014_000.jpg,PSP_EXTRATLEITIMPL_220526_0408,mikael,ilegivel,,pasta=medidoruim
PSP_EXTRATLEITIMPL_220526_0408_20000000017553005021_000.jpg,PSP_EXTRATLEITIMPL_220526_0408,mikael,ilegivel,,pasta=medidoruim
PSP_EXTRATLEITIMPL_220526_0408_20000000017602974425_000.jpg,PSP_EXTRATLEITIMPL_220526_0408,mikael,legivel,,pasta=medidor
PSP_EXTRATLEITIMPL_220526_0408_20000000017602984000_001.jpg,PSP_EXTRATLEITIMPL_220526_0408,mikael,ilegivel,,pasta=medidoruim
PSP_EXTRATLEITIMPL_220526_0408_20000000017602985004_000.jpg,PSP_EXTRATLEITIMPL_220526_0408,mikael,sem_medidor,,pasta=ntem
PSP_EXTRATLEITIMPL_220526_0408_20000000017602985024_000.jpg,PSP_EXTRATLEITIMPL_220526_0408,mikael,ilegivel,,pasta=medidoruim
PSP_EXTRATLEITIMPL_220526_0408_20000000017652984806_000.jpg,PSP_EXTRATLEITIMPL_220526_0408,mikael,legivel,,pasta=medidor
PSP_EXTRATLEITIMPL_220526_0408_20000000017652985824_000.jpg,PSP_EXTRATLEITIMPL_220526_0408,mikael,sem_medidor,,pasta=ntem
PSP_EXTRATLEITIMPL_220526_0408_20000000017652985829_000.jpg,PSP_EXTRATLEITIMPL_220526_0408,mikael,legivel,,pasta=medidor
PSP_EXTRATLEITIMPL_220526_0408_20000000017652986764_000.jpg,PSP_EXTRATLEITIMPL_220526_0408,mikael,ilegivel,,pasta=medidoruim
PSP_EXTRATLEITIMPL_220526_0408_20000000017652988683_000.jpg,PSP_EXTRATLEITIMPL_220526_0408,mikael,legivel,,pasta=medidor
PSP_EXTRATLEITIMPL_220526_0408_20000000017652990636_000.jpg,PSP_EXTRATLEITIMPL_220526_0408,mikael,ilegivel,,pasta=medidoruim
PSP_EXTRATLEITIMPL_220526_0408_20000000017652994464_000.jpg,PSP_EXTRATLEITIMPL_220526_0408,mikael,ilegivel,,pasta=medidoruim
PSP_EXTRATLEITIMPL_220526_0408_20000000017653000099_000.jpg,PSP_EXTRATLEITIMPL_220526_0408,mikael,ilegivel,,pasta=medidoruim
PSP_EXTRATLEITIMPL_220526_0408_20000000017653002044_000.jpg,PSP_EXTRATLEITIMPL_220526_0408,mikael,ilegivel,,pasta=medidoruim
PSP_EXTRATLEITIMPL_220526_0408_20000000017653004020_000.jpg,PSP_EXTRATLEITIMPL_220526_0408,mikael,sem_medidor,,pasta=ntem
PSP_EXTRATLEITIMPL_220526_0408_20000000017702979973_000.jpg,PSP_EXTRATLEITIMPL_220526_0408,mikael,ilegivel,,pasta=medidoruim
PSP_EXTRATLEITIMPL_220526_0408_20000000017702982806_000.jpg,PSP_EXTRATLEITIMPL_220526_0408,mikael,ilegivel,,pasta=medidoruim
PSP_EXTRATLEITIMPL_220526_0408_20000000017702987677_000.jpg,PSP_EXTRATLEITIMPL_220526_0408,mikael,ilegivel,,pasta=medidoruim
PSP_EXTRATLEITIMPL_220526_0408_20000000017702988629_000.jpg,PSP_EXTRATLEITIMPL_220526_0408,mikael,ilegivel,,pasta=medidoruim
PSP_EXTRATLEITIMPL_220526_0408_20000000017702992444_000.jpg,PSP_EXTRATLEITIMPL_220526_0408,mikael,legivel,,pasta=medidor
PSP_EXTRATLEITIMPL_220526_0408_20000000017702999080_000.jpg,PSP_EXTRATLEITIMPL_220526_0408,mikael,ilegivel,,pasta=medidoruim
PSP_EXTRATLEITIMPL_220526_0408_20000000017702999088_000.jpg,PSP_EXTRATLEITIMPL_220526_0408,mikael,ilegivel,,pasta=medidoruim
PSP_EXTRATLEITIMPL_220526_0408_20000000017703000048_000.jpg,PSP_EXTRATLEITIMPL_220526_0408,mikael,ilegivel,,pasta=medidoruim
PSP_EXTRATLEITIMPL_220526_0408_20000000017752972985_000.jpg,PSP_EXTRATLEITIMPL_220526_0408,mikael,ilegivel,,pasta=medidoruim
PSP_EXTRATLEITIMPL_220526_0408_20000000017752973978_000.jpg,PSP_EXTRATLEITIMPL_220526_0408,mikael,ilegivel,,pasta=medidoruim
PSP_EXTRATLEITIMPL_220526_0408_20000000017752974941_000.jpg,PSP_EXTRATLEITIMPL_220526_0408,mikael,ilegivel,,pasta=medidoruim
PSP_EXTRATLEITIMPL_220526_0408_20000000017752981837_000.jpg,PSP_EXTRATLEITIMPL_220526_0408,mikael,ilegivel,,pasta=medidoruim
PSP_EXTRATLEITIMPL_220526_0408_20000000017752983769_000.jpg,PSP_EXTRATLEITIMPL_220526_0408,mikael,ilegivel,,pasta=medidoruim
PSP_EXTRATLEITIMPL_220526_0408_20000000017752983771_000.jpg,PSP_EXTRATLEITIMPL_220526_0408,mikael,ilegivel,,pasta=medidoruim
PSP_EXTRATLEITIMPL_220526_0408_20000000017752984671_000.jpg,PSP_EXTRATLEITIMPL_220526_0408,mikael,ilegivel,,pasta=medidoruim
PSP_EXTRATLEITIMPL_220526_0408_20000000017752989450_000.jpg,PSP_EXTRATLEITIMPL_220526_0408,mikael,ilegivel,,pasta=medidoruim
PSP_EXTRATLEITIMPL_220526_0408_20000000017752990418_000.jpg,PSP_EXTRATLEITIMPL_220526_0408,mikael,ilegivel,,pasta=medidoruim
PSP_EXTRATLEITIMPL_220526_0408_20000000017752992243_000.jpg,PSP_EXTRATLEITIMPL_220526_0408,mikael,ilegivel,,pasta=medidoruim
PSP_EXTRATLEITIMPL_220526_0408_20000000017752995031_000.jpg,PSP_EXTRATLEITIMPL_220526_0408,mikael,ilegivel,,pasta=medidoruim
PSP_EXTRATLEITIMPL_220526_0408_20000000017752996033_000.jpg,PSP_EXTRATLEITIMPL_220526_0408,mikael,ilegivel,,pasta=medidoruim
PSP_EXTRATLEITIMPL_220526_0408_20000000017752996041_000.jpg,PSP_EXTRATLEITIMPL_220526_0408,mikael,ilegivel,,pasta=medidoruim
PSP_EXTRATLEITIMPL_220526_0408_20000000017752998022_000.jpg,PSP_EXTRATLEITIMPL_220526_0408,mikael,ilegivel,,pasta=medidoruim
PSP_EXTRATLEITIMPL_220526_0408_20000000017802978999_000.jpg,PSP_EXTRATLEITIMPL_220526_0408,mikael,ilegivel,,pasta=medidoruim
PSP_EXTRATLEITIMPL_220526_0408_20000000017802990570_000.jpg,PSP_EXTRATLEITIMPL_220526_0408,mikael,ilegivel,,pasta=medidoruim
PSP_EXTRATLEITIMPL_220526_0408_20000000017802993482_001.jpg,PSP_EXTRATLEITIMPL_220526_0408,mikael,ilegivel,,pasta=medidoruim
PSP_EXTRATLEITIMPL_220526_0408_20000000017802998164_000.jpg,PSP_EXTRATLEITIMPL_220526_0408,mikael,ilegivel,,pasta=medidoruim
PSP_EXTRATLEITIMPL_220526_0408_20000000017803000010_000.jpg,PSP_EXTRATLEITIMPL_220526_0408,mikael,ilegivel,,pasta=medidoruim
PSP_EXTRATLEITIMPL_220526_0408_20000000017803004015_000.jpg,PSP_EXTRATLEITIMPL_220526_0408,mikael,ilegivel,,pasta=medidoruim
PSP_EXTRATLEITIMPL_220526_0408_20000000017852979915_000.jpg,PSP_EXTRATLEITIMPL_220526_0408,mikael,ilegivel,,pasta=medidoruim
PSP_EXTRATLEITIMPL_220526_0408_20000000017852986689_000.jpg,PSP_EXTRATLEITIMPL_220526_0408,mikael,ilegivel,,pasta=medidoruim
PSP_EXTRATLEITIMPL_220526_0408_20000000017852992432_000.jpg,PSP_EXTRATLEITIMPL_220526_0408,mikael,legivel,,pasta=medidor
PSP_EXTRATLEITIMPL_220526_0408_20000000017902976821_000.jpg,PSP_EXTRATLEITIMPL_220526_0408,mikael,sem_medidor,,pasta=ntem
PSP_EXTRATLEITIMPL_220526_0408_20000000017902978675_000.jpg,PSP_EXTRATLEITIMPL_220526_0408,mikael,ilegivel,,pasta=medidoruim
PSP_EXTRATLEITIMPL_220526_0408_20000000017902980665_000.jpg,PSP_EXTRATLEITIMPL_220526_0408,mikael,ilegivel,,pasta=medidoruim
PSP_EXTRATLEITIMPL_220526_0408_20000000017902982465_000.jpg,PSP_EXTRATLEITIMPL_220526_0408,mikael,sem_medidor,,pasta=ntem
PSP_EXTRATLEITIMPL_220526_0408_20000000017902983426_000.jpg,PSP_EXTRATLEITIMPL_220526_0408,mikael,ilegivel,,pasta=medidoruim
PSP_EXTRATLEITIMPL_220526_0408_20000000017902986283_000.jpg,PSP_EXTRATLEITIMPL_220526_0408,mikael,legivel,,pasta=medidor
PSP_EXTRATLEITIMPL_220526_0408_20000000017902990049_000.jpg,PSP_EXTRATLEITIMPL_220526_0408,mikael,ilegivel,,pasta=medidoruim
PSP_EXTRATLEITIMPL_220526_0408_20000000017952961922_000.jpg,PSP_EXTRATLEITIMPL_220526_0408,mikael,ilegivel,,pasta=medidoruim
PSP_EXTRATLEITIMPL_220526_0408_20000000017952968825_000.jpg,PSP_EXTRATLEITIMPL_220526_0408,mikael,sem_medidor,,pasta=ntem
PSP_EXTRATLEITIMPL_220526_0408_20000000017952973617_000.jpg,PSP_EXTRATLEITIMPL_220526_0408,mikael,ilegivel,,pasta=medidoruim
PSP_EXTRATLEITIMPL_220526_0408_20000000017952982086_000.jpg,PSP_EXTRATLEITIMPL_220526_0408,mikael,ilegivel,,pasta=medidoruim
PSP_EXTRATLEITIMPL_220526_0408_20000000017952985028_000.jpg,PSP_EXTRATLEITIMPL_220526_0408,mikael,ilegivel,,pasta=medidoruim
PSP_EXTRATLEITIMPL_220526_0408_20000000017952986007_000.jpg,PSP_EXTRATLEITIMPL_220526_0408,mikael,ilegivel,,pasta=medidoruim
PSP_EXTRATLEITIMPL_220526_0408_20000000017952986008_000.jpg,PSP_EXTRATLEITIMPL_220526_0408,mikael,ilegivel,,pasta=medidoruim
PSP_EXTRATLEITIMPL_220526_0408_20000000018002973927_000.jpg,PSP_EXTRATLEITIMPL_220526_0408,mikael,ilegivel,,pasta=medidoruim
PSP_EXTRATLEITIMPL_220526_0408_20000000018002977952_000.jpg,PSP_EXTRATLEITIMPL_220526_0408,mikael,ilegivel,,pasta=medidoruim
PSP_EXTRATLEITIMPL_220526_0408_20000000018002985734_000.jpg,PSP_EXTRATLEITIMPL_220526_0408,mikael,ilegivel,,pasta=medidoruim
PSP_EXTRATLEITIMPL_220526_0408_20000000018002992449_000.jpg,PSP_EXTRATLEITIMPL_220526_0408,mikael,ilegivel,,pasta=medidoruim
PSP_EXTRATLEITIMPL_220526_0408_20000000018002999105_000.jpg,PSP_EXTRATLEITIMPL_220526_0408,mikael,ilegivel,,pasta=medidoruim
PSP_EXTRATLEITIMPL_220526_0408_20000000018052957998_000.jpg,PSP_EXTRATLEITIMPL_220526_0408,mikael,ilegivel,,pasta=medidoruim
PSP_EXTRATLEITIMPL_220526_0408_20000000018052964827_000.jpg,PSP_EXTRATLEITIMPL_220526_0408,mikael,ilegivel,,pasta=medidoruim
PSP_EXTRATLEITIMPL_220526_0408_20000000018052968612_000.jpg,PSP_EXTRATLEITIMPL_220526_0408,mikael,ilegivel,,pasta=medidoruim
PSP_EXTRATLEITIMPL_220526_0408_20000000018052973384_000.jpg,PSP_EXTRATLEITIMPL_220526_0408,mikael,sem_medidor,,pasta=ntem
PSP_EXTRATLEITIMPL_220526_0408_20000000018052974373_000.jpg,PSP_EXTRATLEITIMPL_220526_0408,mikael,legivel,,pasta=medidor
PSP_EXTRATLEITIMPL_220526_0408_20000000018052976267_000.jpg,PSP_EXTRATLEITIMPL_220526_0408,mikael,ilegivel,,pasta=medidoruim
PSP_EXTRATLEITIMPL_220526_0408_20000000018052976270_000.jpg,PSP_EXTRATLEITIMPL_220526_0408,mikael,ilegivel,,pasta=medidoruim
PSP_EXTRATLEITIMPL_220526_0408_20000000018052977204_000.jpg,PSP_EXTRATLEITIMPL_220526_0408,mikael,ilegivel,,pasta=medidoruim
PSP_EXTRATLEITIMPL_220526_0408_20000000018052981007_000.jpg,PSP_EXTRATLEITIMPL_220526_0408,mikael,legivel,,pasta=medidor
PSP_EXTRATLEITIMPL_220526_0408_20000000018102982655_000.jpg,PSP_EXTRATLEITIMPL_220526_0408,mikael,ilegivel,,pasta=medidoruim
PSP_EXTRATLEITIMPL_220526_0408_20000000018102984603_000.jpg,PSP_EXTRATLEITIMPL_220526_0408,mikael,sem_medidor,,pasta=ntem
PSP_EXTRATLEITIMPL_220526_0408_20000000018102992166_000.jpg,PSP_EXTRATLEITIMPL_220526_0408,mikael,ilegivel,,pasta=medidoruim
PSP_EXTRATLEITIMPL_220526_0408_20000000018102995070_000.jpg,PSP_EXTRATLEITIMPL_220526_0408,mikael,sem_medidor,,pasta=ntem
PSP_EXTRATLEITIMPL_220526_0408_20000000018102999010_000.jpg,PSP_EXTRATLEITIMPL_220526_0408,mikael,ilegivel,,pasta=medidoruim
PSP_EXTRATLEITIMPL_220526_0408_20000000018152964916_000.jpg,PSP_EXTRATLEITIMPL_220526_0408,mikael,ilegivel,,pasta=medidoruim
PSP_EXTRATLEITIMPL_220526_0408_20000000018152968844_000.jpg,PSP_EXTRATLEITIMPL_220526_0408,mikael,ilegivel,,pasta=medidoruim
PSP_EXTRATLEITIMPL_220526_0408_20000000018152980283_000.jpg,PSP_EXTRATLEITIMPL_220526_0408,mikael,sem_medidor,,pasta=ntem
PSP_EXTRATLEITIMPL_220526_0408_20000000018152982168_000.jpg,PSP_EXTRATLEITIMPL_220526_0408,mikael,ilegivel,,pasta=medidoruim
PSP_EXTRATLEITIMPL_220526_0408_20000000018202964978_000.jpg,PSP_EXTRATLEITIMPL_220526_0408,mikael,ilegivel,,pasta=medidoruim
PSP_EXTRATLEITIMPL_220526_0408_20000000018202965960_000.jpg,PSP_EXTRATLEITIMPL_220526_0408,mikael,ilegivel,,pasta=medidoruim
PSP_EXTRATLEITIMPL_220526_0408_20000000018202967951_000.jpg,PSP_EXTRATLEITIMPL_220526_0408,mikael,ilegivel,,pasta=medidoruim
PSP_EXTRATLEITIMPL_220526_0408_20000000018202975762_000.jpg,PSP_EXTRATLEITIMPL_220526_0408,mikael,ilegivel,,pasta=medidoruim
PSP_EXTRATLEITIMPL_220526_0408_20000000018202975765_000.jpg,PSP_EXTRATLEITIMPL_220526_0408,mikael,ilegivel,,pasta=medidoruim
PSP_EXTRATLEITIMPL_220526_0408_20000000018202976682_000.jpg,PSP_EXTRATLEITIMPL_220526_0408,mikael,ilegivel,,pasta=medidoruim
PSP_EXTRATLEITIMPL_220526_0408_20000000018202984299_000.jpg,PSP_EXTRATLEITIMPL_220526_0408,mikael,ilegivel,,pasta=medidoruim
PSP_EXTRATLEITIMPL_220526_0408_20000000018202990025_000.jpg,PSP_EXTRATLEITIMPL_220526_0408,mikael,ilegivel,,pasta=medidoruim
PSP_EXTRATLEITIMPL_220526_0408_20000000018252976543_000.jpg,PSP_EXTRATLEITIMPL_220526_0408,mikael,ilegivel,,pasta=medidoruim
PSP_EXTRATLEITIMPL_220526_0408_20000000018252979443_000.jpg,PSP_EXTRATLEITIMPL_220526_0408,mikael,ilegivel,,pasta=medidoruim
PSP_EXTRATLEITIMPL_220526_0408_20000000018252981250_000.jpg,PSP_EXTRATLEITIMPL_220526_0408,mikael,ilegivel,,pasta=medidoruim
PSP_EXTRATLEITIMPL_220526_0408_20000000018252984099_000.jpg,PSP_EXTRATLEITIMPL_220526_0408,mikael,ilegivel,,pasta=medidoruim
PSP_EXTRATLEITIMPL_220526_0408_20000000018252987038_000.jpg,PSP_EXTRATLEITIMPL_220526_0408,mikael,legivel,,pasta=medidor
PSP_EXTRATLEITIMPL_220526_0408_20000000018252989003_000.jpg,PSP_EXTRATLEITIMPL_220526_0408,mikael,legivel,,pasta=medidor
PSP_EXTRATLEITIMPL_220526_0408_20000000018302965988_000.jpg,PSP_EXTRATLEITIMPL_220526_0408,mikael,legivel,,pasta=medidor
PSP_EXTRATLEITIMPL_220526_0408_20000000018302975726_000.jpg,PSP_EXTRATLEITIMPL_220526_0408,mikael,legivel,,pasta=medidor
PSP_EXTRATLEITIMPL_220526_0408_20000000018302978620_000.jpg,PSP_EXTRATLEITIMPL_220526_0408,mikael,ilegivel,,pasta=medidoruim
PSP_EXTRATLEITIMPL_220526_0408_20000000018302979602_000.jpg,PSP_EXTRATLEITIMPL_220526_0408,mikael,ilegivel,,pasta=medidoruim
PSP_EXTRATLEITIMPL_220526_0408_20000000018302989002_000.jpg,PSP_EXTRATLEITIMPL_220526_0408,mikael,sem_medidor,,pasta=ntem
PSP_EXTRATLEITIMPL_220526_0408_20000000018352966906_000.jpg,PSP_EXTRATLEITIMPL_220526_0408,mikael,ilegivel,,pasta=medidoruim
PSP_EXTRATLEITIMPL_220526_0408_20000000018352966915_000.jpg,PSP_EXTRATLEITIMPL_220526_0408,mikael,ilegivel,,pasta=medidoruim
PSP_EXTRATLEITIMPL_220526_0408_20000000018352976666_000.jpg,PSP_EXTRATLEITIMPL_220526_0408,mikael,ilegivel,,pasta=medidoruim
PSP_EXTRATLEITIMPL_220526_0408_20000000018352976677_000.jpg,PSP_EXTRATLEITIMPL_220526_0408,mikael,ilegivel,,pasta=medidoruim
PSP_EXTRATLEITIMPL_220526_0408_20000000018352983299_000.jpg,PSP_EXTRATLEITIMPL_220526_0408,mikael,ilegivel,,pasta=medidoruim
PSP_EXTRATLEITIMPL_220526_0408_20000000018352987068_002.jpg,PSP_EXTRATLEITIMPL_220526_0408,mikael,ilegivel,,pasta=medidoruim
PSP_EXTRATLEITIMPL_220526_0408_20000000018402965965_000.jpg,PSP_EXTRATLEITIMPL_220526_0408,mikael,legivel,,pasta=medidor
PSP_EXTRATLEITIMPL_220526_0408_20000000018402974768_000.jpg,PSP_EXTRATLEITIMPL_220526_0408,mikael,ilegivel,,pasta=medidoruim
PSP_EXTRATLEITIMPL_220526_0408_20000000018402976726_001.jpg,PSP_EXTRATLEITIMPL_220526_0408,mikael,ilegivel,,pasta=medidoruim
PSP_EXTRATLEITIMPL_220526_0408_20000000018402976727_000.jpg,PSP_EXTRATLEITIMPL_220526_0408,mikael,ilegivel,,pasta=medidoruim
PSP_EXTRATLEITIMPL_220526_0408_20000000018402977663_000.jpg,PSP_EXTRATLEITIMPL_220526_0408,mikael,ilegivel,,pasta=medidoruim
PSP_EXTRATLEITIMPL_220526_0408_20000000018402978599_000.jpg,PSP_EXTRATLEITIMPL_220526_0408,mikael,ilegivel,,pasta=medidoruim
PSP_EXTRATLEITIMPL_220526_0408_20000000018402988023_000.jpg,PSP_EXTRATLEITIMPL_220526_0408,mikael,ilegivel,,pasta=medidoruim
PSP_EXTRATLEITIMPL_220526_0408_20000000018452960946_000.jpg,PSP_EXTRATLEITIMPL_220526_0408,mikael,legivel,,pasta=medidor
PSP_EXTRATLEITIMPL_220526_0408_20000000018452961977_000.jpg,PSP_EXTRATLEITIMPL_220526_0408,mikael,ilegivel,,pasta=medidoruim
PSP_EXTRATLEITIMPL_220526_0408_20000000018452964973_000.jpg,PSP_EXTRATLEITIMPL_220526_0408,mikael,ilegivel,,pasta=medidoruim
PSP_EXTRATLEITIMPL_220526_0408_20000000018452974802_000.jpg,PSP_EXTRATLEITIMPL_220526_0408,mikael,ilegivel,,pasta=medidoruim
PSP_EXTRATLEITIMPL_220526_0408_20000000018452975794_000.jpg,PSP_EXTRATLEITIMPL_220526_0408,mikael,ilegivel,,pasta=medidoruim
PSP_EXTRATLEITIMPL_220526_0408_20000000018452978599_000.jpg,PSP_EXTRATLEITIMPL_220526_0408,mikael,legivel,,pasta=medidor
PSP_EXTRATLEITIMPL_220526_0408_20000000018452980541_000.jpg,PSP_EXTRATLEITIMPL_220526_0408,mikael,sem_medidor,,pasta=ntem
PSP_EXTRATLEITIMPL_220526_0408_20000000018452983435_000.jpg,PSP_EXTRATLEITIMPL_220526_0408,mikael,ilegivel,,pasta=medidoruim
PSP_EXTRATLEITIMPL_220526_0408_20000000018452989009_000.jpg,PSP_EXTRATLEITIMPL_220526_0408,mikael,ilegivel,,pasta=medidoruim
PSP_EXTRATLEITIMPL_220526_0408_20000000018502961987_000.jpg,PSP_EXTRATLEITIMPL_220526_0408,mikael,legivel,,pasta=medidor
PSP_EXTRATLEITIMPL_220526_0408_20000000018502968890_000.jpg,PSP_EXTRATLEITIMPL_220526_0408,mikael,legivel,,pasta=medidor
PSP_EXTRATLEITIMPL_220526_0408_20000000018502969806_000.jpg,PSP_EXTRATLEITIMPL_220526_0408,mikael,ilegivel,,pasta=medidoruim
PSP_EXTRATLEITIMPL_220526_0408_20000000018502975661_000.jpg,PSP_EXTRATLEITIMPL_220526_0408,mikael,ilegivel,,pasta=medidoruim
PSP_EXTRATLEITIMPL_220526_0408_20000000018502975668_000.jpg,PSP_EXTRATLEITIMPL_220526_0408,mikael,ilegivel,,pasta=medidoruim
PSP_EXTRATLEITIMPL_220526_0408_20000000018502978487_000.jpg,PSP_EXTRATLEITIMPL_220526_0408,mikael,ilegivel,,pasta=medidoruim
PSP_EXTRATLEITIMPL_220526_0408_20000000018502980416_000.jpg,PSP_EXTRATLEITIMPL_220526_0408,mikael,ilegivel,,pasta=medidoruim
PSP_EXTRATLEITIMPL_220526_0408_20000000018502981408_000.jpg,PSP_EXTRATLEITIMPL_220526_0408,mikael,ilegivel,,pasta=medidoruim
PSP_EXTRATLEITIMPL_220526_0408_20000000018502985124_000.jpg,PSP_EXTRATLEITIMPL_220526_0408,mikael,ilegivel,,pasta=medidoruim
PSP_EXTRATLEITIMPL_220526_0408_20000000018552978757_000.jpg,PSP_EXTRATLEITIMPL_220526_0408,mikael,ilegivel,,pasta=medidoruim
PSP_EXTRATLEITIMPL_220526_0408_20000000018552978770_000.jpg,PSP_EXTRATLEITIMPL_220526_0408,mikael,ilegivel,,pasta=medidoruim
PSP_EXTRATLEITIMPL_220526_0408_20000000018552991202_000.jpg,PSP_EXTRATLEITIMPL_220526_0408,mikael,sem_medidor,,pasta=ntem
PSP_EXTRATLEITIMPL_220526_0408_20000000018602970971_000.jpg,PSP_EXTRATLEITIMPL_220526_0408,mikael,ilegivel,,pasta=medidoruim
PSP_EXTRATLEITIMPL_220526_0408_20000000018602973940_000.jpg,PSP_EXTRATLEITIMPL_220526_0408,mikael,ilegivel,,pasta=medidoruim
PSP_EXTRATLEITIMPL_220526_0408_20000000018602982755_000.jpg,PSP_EXTRATLEITIMPL_220526_0408,mikael,ilegivel,,pasta=medidoruim
PSP_EXTRATLEITIMPL_220526_0408_20000000018602985640_000.jpg,PSP_EXTRATLEITIMPL_220526_0408,mikael,ilegivel,,pasta=medidoruim
PSP_EXTRATLEITIMPL_220526_0408_20000000018602986588_000.jpg,PSP_EXTRATLEITIMPL_220526_0408,mikael,ilegivel,,pasta=medidoruim
PSP_EXTRATLEITIMPL_220526_0408_20000000018602989421_000.jpg,PSP_EXTRATLEITIMPL_220526_0408,mikael,sem_medidor,,pasta=ntem
PSP_EXTRATLEITIMPL_220526_0408_20000000018602990282_000.jpg,PSP_EXTRATLEITIMPL_220526_0408,mikael,sem_medidor,,pasta=ntem
PSP_EXTRATLEITIMPL_220526_0408_20000000018602991209_000.jpg,PSP_EXTRATLEITIMPL_220526_0408,mikael,ilegivel,,pasta=medidoruim
PSP_EXTRATLEITIMPL_220526_0408_20000000018602991211_000.jpg,PSP_EXTRATLEITIMPL_220526_0408,mikael,ilegivel,,pasta=medidoruim
PSP_EXTRATLEITIMPL_220526_0408_20000000018602994026_000.jpg,PSP_EXTRATLEITIMPL_220526_0408,mikael,ilegivel,,pasta=medidoruim
PSP_EXTRATLEITIMPL_220526_0408_20000000018602996008_000.jpg,PSP_EXTRATLEITIMPL_220526_0408,mikael,ilegivel,,pasta=medidoruim
PSP_EXTRATLEITIMPL_220526_0408_20000000018602996012_000.jpg,PSP_EXTRATLEITIMPL_220526_0408,mikael,ilegivel,,pasta=medidoruim
PSP_EXTRATLEITIMPL_220526_0408_20000000018652986877_000.jpg,PSP_EXTRATLEITIMPL_220526_0408,mikael,legivel,,pasta=medidor
PSP_EXTRATLEITIMPL_220526_0408_20000000018652993544_000.jpg,PSP_EXTRATLEITIMPL_220526_0408,mikael,legivel,,pasta=medidor
PSP_EXTRATLEITIMPL_220526_0408_20000000018652997384_000.jpg,PSP_EXTRATLEITIMPL_220526_0408,mikael,ilegivel,,pasta=medidoruim
PSP_EXTRATLEITIMPL_220526_0408_20000000018653004036_000.jpg,PSP_EXTRATLEITIMPL_220526_0408,mikael,ilegivel,,pasta=medidoruim
PSP_EXTRATLEITIMPL_220526_0408_20000000018653006012_000.jpg,PSP_EXTRATLEITIMPL_220526_0408,mikael,ilegivel,,pasta=medidoruim
PSP_EXTRATLEITIMPL_220526_0408_20000000018702962998_000.jpg,PSP_EXTRATLEITIMPL_220526_0408,mikael,sem_medidor,,pasta=ntem
PSP_EXTRATLEITIMPL_220526_0408_20000000018702973821_000.jpg,PSP_EXTRATLEITIMPL_220526_0408,mikael,sem_medidor,,pasta=ntem
PSP_EXTRATLEITIMPL_220526_0408_20000000018702978654_000.jpg,PSP_EXTRATLEITIMPL_220526_0408,mikael,ilegivel,,pasta=medidoruim
PSP_EXTRATLEITIMPL_220526_0408_20000000018702983452_000.jpg,PSP_EXTRATLEITIMPL_220526_0408,mikael,ilegivel,,pasta=medidoruim
PSP_EXTRATLEITIMPL_220526_0408_20000000018702984389_000.jpg,PSP_EXTRATLEITIMPL_220526_0408,mikael,ilegivel,,pasta=medidoruim
PSP_EXTRATLEITIMPL_220526_0408_20000000018702985281_000.jpg,PSP_EXTRATLEITIMPL_220526_0408,mikael,ilegivel,,pasta=medidoruim
PSP_EXTRATLEITIMPL_220526_0408_20000000018702990002_000.jpg,PSP_EXTRATLEITIMPL_220526_0408,mikael,ilegivel,,pasta=medidoruim
PSP_EXTRATLEITIMPL_220526_0408_20000000018702991003_000.jpg,PSP_EXTRATLEITIMPL_220526_0408,mikael,legivel,,pasta=medidor
PSP_EXTRATLEITIMPL_220526_0408_20000000018752968857_000.jpg,PSP_EXTRATLEITIMPL_220526_0408,mikael,ilegivel,,pasta=medidoruim
PSP_EXTRATLEITIMPL_220526_0408_20000000018752972830_000.jpg,PSP_EXTRATLEITIMPL_220526_0408,mikael,ilegivel,,pasta=medidoruim
PSP_EXTRATLEITIMPL_220526_0408_20000000018752974794_000.jpg,PSP_EXTRATLEITIMPL_220526_0408,mikael,ilegivel,,pasta=medidoruim
PSP_EXTRATLEITIMPL_220526_0408_20000000018752976647_000.jpg,PSP_EXTRATLEITIMPL_220526_0408,mikael,sem_medidor,,pasta=ntem
PSP_EXTRATLEITIMPL_220526_0408_20000000018752976660_000.jpg,PSP_EXTRATLEITIMPL_220526_0408,mikael,sem_medidor,,pasta=ntem
PSP_EXTRATLEITIMPL_220526_0408_20000000018752976661_000.jpg,PSP_EXTRATLEITIMPL_220526_0408,mikael,ilegivel,,pasta=medidoruim
PSP_EXTRATLEITIMPL_220526_0408_20000000018752978514_000.jpg,PSP_EXTRATLEITIMPL_220526_0408,mikael,ilegivel,,pasta=medidoruim
PSP_EXTRATLEITIMPL_220526_0408_20000000018752978529_000.jpg,PSP_EXTRATLEITIMPL_220526_0408,mikael,ilegivel,,pasta=medidoruim
PSP_EXTRATLEITIMPL_220526_0408_20000000018752982394_000.jpg,PSP_EXTRATLEITIMPL_220526_0408,mikael,sem_medidor,,pasta=ntem
PSP_EXTRATLEITIMPL_220526_0408_20000000018752984188_000.jpg,PSP_EXTRATLEITIMPL_220526_0408,mikael,ilegivel,,pasta=medidoruim
PSP_EXTRATLEITIMPL_220526_0408_20000000018752986108_000.jpg,PSP_EXTRATLEITIMPL_220526_0408,mikael,sem_medidor,,pasta=ntem
PSP_EXTRATLEITIMPL_220526_0408_20000000018752986125_000.jpg,PSP_EXTRATLEITIMPL_220526_0408,mikael,ilegivel,,pasta=medidoruim
PSP_EXTRATLEITIMPL_220526_0408_20000000018752986127_000.jpg,PSP_EXTRATLEITIMPL_220526_0408,mikael,legivel,,pasta=medidor
PSP_EXTRATLEITIMPL_220526_0408_20000000018802959930_001.jpg,PSP_EXTRATLEITIMPL_220526_0408,mikael,ilegivel,,pasta=medidoruim
PSP_EXTRATLEITIMPL_220526_0408_20000000018802962902_000.jpg,PSP_EXTRATLEITIMPL_220526_0408,mikael,ilegivel,,pasta=medidoruim
PSP_EXTRATLEITIMPL_220526_0408_20000000018802968853_000.jpg,PSP_EXTRATLEITIMPL_220526_0408,mikael,ilegivel,,pasta=medidoruim
PSP_EXTRATLEITIMPL_220526_0408_20000000018802970648_000.jpg,PSP_EXTRATLEITIMPL_220526_0408,mikael,ilegivel,,pasta=medidoruim
PSP_EXTRATLEITIMPL_220526_0408_20000000018802972588_000.jpg,PSP_EXTRATLEITIMPL_220526_0408,mikael,ilegivel,,pasta=medidoruim
PSP_EXTRATLEITIMPL_220526_0408_20000000018802972603_000.jpg,PSP_EXTRATLEITIMPL_220526_0408,mikael,ilegivel,,pasta=medidoruim
PSP_EXTRATLEITIMPL_220526_0408_20000000018802977366_000.jpg,PSP_EXTRATLEITIMPL_220526_0408,mikael,ilegivel,,pasta=medidoruim
PSP_EXTRATLEITIMPL_220526_0408_20000000018852963992_000.jpg,PSP_EXTRATLEITIMPL_220526_0408,mikael,ilegivel,,pasta=medidoruim
PSP_EXTRATLEITIMPL_220526_0408_20000000018852967905_000.jpg,PSP_EXTRATLEITIMPL_220526_0408,mikael,ilegivel,,pasta=medidoruim
PSP_EXTRATLEITIMPL_220526_0408_20000000018852972922_000.jpg,PSP_EXTRATLEITIMPL_220526_0408,mikael,legivel,,pasta=medidor
PSP_EXTRATLEITIMPL_220526_0408_20000000018852974802_000.jpg,PSP_EXTRATLEITIMPL_220526_0408,mikael,legivel,,pasta=medidor
PSP_EXTRATLEITIMPL_220526_0408_20000000018852985298_000.jpg,PSP_EXTRATLEITIMPL_220526_0408,mikael,ilegivel,,pasta=medidoruim
PSP_EXTRATLEITIMPL_220526_0408_20000000018852989017_000.jpg,PSP_EXTRATLEITIMPL_220526_0408,mikael,ilegivel,,pasta=medidoruim
PSP_EXTRATLEITIMPL_220526_0408_20000000018852990007_000.jpg,PSP_EXTRATLEITIMPL_220526_0408,mikael,ilegivel,,pasta=medidoruim
PSP_EXTRATLEITIMPL_220526_0408_20000000018902975885_000.jpg,PSP_EXTRATLEITIMPL_220526_0408,mikael,ilegivel,,pasta=medidoruim
PSP_EXTRATLEITIMPL_220526_0408_20000000018902980759_000.jpg,PSP_EXTRATLEITIMPL_220526_0408,mikael,ilegivel,,pasta=medidoruim
PSP_EXTRATLEITIMPL_220526_0408_20000000018902991098_000.jpg,PSP_EXTRATLEITIMPL_220526_0408,mikael,ilegivel,,pasta=medidoruim
PSP_EXTRATLEITIMPL_220526_0408_20000000018902991104_000.jpg,PSP_EXTRATLEITIMPL_220526_0408,mikael,ilegivel,,pasta=medidoruim
PSP_EXTRATLEITIMPL_220526_0408_20000000018952980630_000.jpg,PSP_EXTRATLEITIMPL_220526_0408,mikael,ilegivel,,pasta=medidoruim
PSP_EXTRATLEITIMPL_220526_0408_20000000018952984417_000.jpg,PSP_EXTRATLEITIMPL_220526_0408,mikael,ilegivel,,pasta=medidoruim
PSP_EXTRATLEITIMPL_220526_0408_20000000018952985263_000.jpg,PSP_EXTRATLEITIMPL_220526_0408,mikael,legivel,,pasta=medidor
PSP_EXTRATLEITIMPL_220526_0408_20000000018952986261_000.jpg,PSP_EXTRATLEITIMPL_220526_0408,mikael,legivel,,pasta=medidor
PSP_EXTRATLEITIMPL_220526_0408_20000000018952987230_000.jpg,PSP_EXTRATLEITIMPL_220526_0408,mikael,ilegivel,,pasta=medidoruim
PSP_EXTRATLEITIMPL_220526_0408_20000000018952990033_000.jpg,PSP_EXTRATLEITIMPL_220526_0408,mikael,sem_medidor,,pasta=ntem
PSP_EXTRATLEITIMPL_220526_0408_20000000018952994001_000.jpg,PSP_EXTRATLEITIMPL_220526_0408,mikael,ilegivel,,pasta=medidoruim
PSP_EXTRATLEITIMPL_220526_0408_20000000019002954953_000.jpg,PSP_EXTRATLEITIMPL_220526_0408,mikael,sem_medidor,,pasta=ntem
PSP_EXTRATLEITIMPL_220526_0408_20000000019002960956_000.jpg,PSP_EXTRATLEITIMPL_220526_0408,mikael,ilegivel,,pasta=medidoruim
PSP_EXTRATLEITIMPL_220526_0408_20000000019002968781_000.jpg,PSP_EXTRATLEITIMPL_220526_0408,mikael,ilegivel,,pasta=medidoruim
PSP_EXTRATLEITIMPL_220526_0408_20000000019002971712_000.jpg,PSP_EXTRATLEITIMPL_220526_0408,mikael,legivel,,pasta=medidor
PSP_EXTRATLEITIMPL_220526_0408_20000000019002973573_000.jpg,PSP_EXTRATLEITIMPL_220526_0408,mikael,ilegivel,,pasta=medidoruim
PSP_EXTRATLEITIMPL_220526_0408_20000000019002975549_000.jpg,PSP_EXTRATLEITIMPL_220526_0408,mikael,ilegivel,,pasta=medidoruim
PSP_EXTRATLEITIMPL_220526_0408_20000000019002975564_000.jpg,PSP_EXTRATLEITIMPL_220526_0408,mikael,ilegivel,,pasta=medidoruim
PSP_EXTRATLEITIMPL_220526_0408_20000000019002980276_001.jpg,PSP_EXTRATLEITIMPL_220526_0408,mikael,ilegivel,,pasta=medidoruim
PSP_EXTRATLEITIMPL_220526_0408_20000000019002981184_001.jpg,PSP_EXTRATLEITIMPL_220526_0408,mikael,sem_medidor,,pasta=ntem
PSP_EXTRATLEITIMPL_220526_0408_20000000019002982025_000.jpg,PSP_EXTRATLEITIMPL_220526_0408,mikael,sem_medidor,,pasta=ntem
PSP_EXTRATLEITIMPL_220526_0408_20000000019002983029_000.jpg,PSP_EXTRATLEITIMPL_220526_0408,mikael,ilegivel,,pasta=medidoruim
PSP_EXTRATLEITIMPL_220526_0408_20000000019052959960_000.jpg,PSP_EXTRATLEITIMPL_220526_0408,mikael,sem_medidor,,pasta=ntem
PSP_EXTRATLEITIMPL_220526_0408_20000000019052964960_000.jpg,PSP_EXTRATLEITIMPL_220526_0408,mikael,ilegivel,,pasta=medidoruim
PSP_EXTRATLEITIMPL_220526_0408_20000000019052974721_001.jpg,PSP_EXTRATLEITIMPL_220526_0408,mikael,legivel,,pasta=medidor
PSP_EXTRATLEITIMPL_220526_0408_20000000019052977509_000.jpg,PSP_EXTRATLEITIMPL_220526_0408,mikael,sem_medidor,,pasta=ntem
PSP_EXTRATLEITIMPL_220526_0408_20000000019052978491_000.jpg,PSP_EXTRATLEITIMPL_220526_0408,mikael,legivel,,pasta=medidor
PSP_EXTRATLEITIMPL_220526_0408_20000000019052982306_000.jpg,PSP_EXTRATLEITIMPL_220526_0408,mikael,legivel,,pasta=medidor
PSP_EXTRATLEITIMPL_220526_0408_20000000019052985117_000.jpg,PSP_EXTRATLEITIMPL_220526_0408,mikael,ilegivel,,pasta=medidoruim
PSP_EXTRATLEITIMPL_220526_0408_20000000019102968970_000.jpg,PSP_EXTRATLEITIMPL_220526_0408,mikael,sem_medidor,,pasta=ntem
PSP_EXTRATLEITIMPL_220526_0408_20000000019102973842_000.jpg,PSP_EXTRATLEITIMPL_220526_0408,mikael,ilegivel,,pasta=medidoruim
PSP_EXTRATLEITIMPL_220526_0408_20000000019102985396_000.jpg,PSP_EXTRATLEITIMPL_220526_0408,mikael,ilegivel,,pasta=medidoruim
PSP_EXTRATLEITIMPL_220526_0408_20000000019102985409_000.jpg,PSP_EXTRATLEITIMPL_220526_0408,mikael,ilegivel,,pasta=medidoruim
PSP_EXTRATLEITIMPL_220526_0408_20000000019102986309_000.jpg,PSP_EXTRATLEITIMPL_220526_0408,mikael,ilegivel,,pasta=medidoruim
PSP_EXTRATLEITIMPL_220526_0408_20000000019152960976_000.jpg,PSP_EXTRATLEITIMPL_220526_0408,mikael,ilegivel,,pasta=medidoruim
PSP_EXTRATLEITIMPL_220526_0408_20000000019152968980_000.jpg,PSP_EXTRATLEITIMPL_220526_0408,mikael,ilegivel,,pasta=medidoruim
PSP_EXTRATLEITIMPL_220526_0408_20000000019152968994_000.jpg,PSP_EXTRATLEITIMPL_220526_0408,mikael,ilegivel,,pasta=medidoruim
PSP_EXTRATLEITIMPL_220526_0408_20000000019152977791_000.jpg,PSP_EXTRATLEITIMPL_220526_0408,mikael,ilegivel,,pasta=medidoruim
PSP_EXTRATLEITIMPL_220526_0408_20000000019152979790_000.jpg,PSP_EXTRATLEITIMPL_220526_0408,mikael,ilegivel,,pasta=medidoruim
PSP_EXTRATLEITIMPL_220526_0408_20000000019152979791_000.jpg,PSP_EXTRATLEITIMPL_220526_0408,mikael,legivel,,pasta=medidor
PSP_EXTRATLEITIMPL_220526_0408_20000000019152981688_000.jpg,PSP_EXTRATLEITIMPL_220526_0408,mikael,legivel,,pasta=medidor
PSP_EXTRATLEITIMPL_220526_0408_20000000019152981703_001.jpg,PSP_EXTRATLEITIMPL_220526_0408,mikael,ilegivel,,pasta=medidoruim
PSP_EXTRATLEITIMPL_220526_0408_20000000019152987280_007.jpg,PSP_EXTRATLEITIMPL_220526_0408,mikael,ilegivel,,pasta=medidoruim
PSP_EXTRATLEITIMPL_220526_0408_20000000019152988240_000.jpg,PSP_EXTRATLEITIMPL_220526_0408,mikael,ilegivel,,pasta=medidoruim
PSP_EXTRATLEITIMPL_220526_0408_20000000019152989194_001.jpg,PSP_EXTRATLEITIMPL_220526_0408,mikael,ilegivel,,pasta=medidoruim
PSP_EXTRATLEITIMPL_220526_0408_20000000019202957962_000.jpg,PSP_EXTRATLEITIMPL_220526_0408,mikael,legivel,,pasta=medidor
PSP_EXTRATLEITIMPL_220526_0408_20000000019202958943_000.jpg,PSP_EXTRATLEITIMPL_220526_0408,mikael,ilegivel,,pasta=medidoruim
PSP_EXTRATLEITIMPL_220526_0408_20000000019202960983_000.jpg,PSP_EXTRATLEITIMPL_220526_0408,mikael,ilegivel,,pasta=medidoruim
PSP_EXTRATLEITIMPL_220526_0408_20000000019202979621_000.jpg,PSP_EXTRATLEITIMPL_220526_0408,mikael,ilegivel,,pasta=medidoruim
PSP_EXTRATLEITIMPL_220526_0408_20000000019202981553_000.jpg,PSP_EXTRATLEITIMPL_220526_0408,mikael,ilegivel,,pasta=medidoruim
PSP_EXTRATLEITIMPL_220526_0408_20000000019202981554_001.jpg,PSP_EXTRATLEITIMPL_220526_0408,mikael,ilegivel,,pasta=medidoruim
PSP_EXTRATLEITIMPL_220526_0408_20000000019202983403_000.jpg,PSP_EXTRATLEITIMPL_220526_0408,mikael,ilegivel,,pasta=medidoruim
PSP_EXTRATLEITIMPL_220526_0408_20000000019202985293_000.jpg,PSP_EXTRATLEITIMPL_220526_0408,mikael,ilegivel,,pasta=medidoruim
PSP_EXTRATLEITIMPL_220526_0408_20000000019202986308_000.jpg,PSP_EXTRATLEITIMPL_220526_0408,mikael,ilegivel,,pasta=medidoruim
PSP_EXTRATLEITIMPL_220526_0408_20000000019202987188_000.jpg,PSP_EXTRATLEITIMPL_220526_0408,mikael,legivel,,pasta=medidor
PSP_EXTRATLEITIMPL_220526_0408_20000000019202988019_000.jpg,PSP_EXTRATLEITIMPL_220526_0408,mikael,sem_medidor,,pasta=ntem
PSP_EXTRATLEITIMPL_220526_0408_20000000019252973837_000.jpg,PSP_EXTRATLEITIMPL_220526_0408,mikael,sem_medidor,,pasta=ntem
PSP_EXTRATLEITIMPL_220526_0408_20000000019252974761_001.jpg,PSP_EXTRATLEITIMPL_220526_0408,mikael,ilegivel,,pasta=medidoruim
PSP_EXTRATLEITIMPL_220526_0408_20000000019252974768_000.jpg,PSP_EXTRATLEITIMPL_220526_0408,mikael,ilegivel,,pasta=medidoruim
PSP_EXTRATLEITIMPL_220526_0408_20000000019252976784_000.jpg,PSP_EXTRATLEITIMPL_220526_0408,mikael,ilegivel,,pasta=medidoruim
PSP_EXTRATLEITIMPL_220526_0408_20000000019252979663_000.jpg,PSP_EXTRATLEITIMPL_220526_0408,mikael,ilegivel,,pasta=medidoruim
PSP_EXTRATLEITIMPL_220526_0408_20000000019252984427_000.jpg,PSP_EXTRATLEITIMPL_220526_0408,mikael,ilegivel,,pasta=medidoruim
PSP_EXTRATLEITIMPL_220526_0408_20000000019252987312_000.jpg,PSP_EXTRATLEITIMPL_220526_0408,mikael,ilegivel,,pasta=medidoruim
PSP_EXTRATLEITIMPL_220526_0408_20000000019252990076_000.jpg,PSP_EXTRATLEITIMPL_220526_0408,mikael,ilegivel,,pasta=medidoruim
PSP_EXTRATLEITIMPL_220526_0408_20000000019252991053_000.jpg,PSP_EXTRATLEITIMPL_220526_0408,mikael,ilegivel,,pasta=medidoruim
PSP_EXTRATLEITIMPL_220526_0408_20000000019302970915_000.jpg,PSP_EXTRATLEITIMPL_220526_0408,mikael,ilegivel,,pasta=medidoruim
PSP_EXTRATLEITIMPL_220526_0408_20000000019302981682_000.jpg,PSP_EXTRATLEITIMPL_220526_0408,mikael,ilegivel,,pasta=medidoruim
PSP_EXTRATLEITIMPL_220526_0408_20000000019302984612_000.jpg,PSP_EXTRATLEITIMPL_220526_0408,mikael,ilegivel,,pasta=medidoruim
PSP_EXTRATLEITIMPL_220526_0408_20000000019302986394_000.jpg,PSP_EXTRATLEITIMPL_220526_0408,mikael,ilegivel,,pasta=medidoruim
PSP_EXTRATLEITIMPL_220526_0408_20000000019302989228_000.jpg,PSP_EXTRATLEITIMPL_220526_0408,mikael,ilegivel,,pasta=medidoruim
PSP_EXTRATLEITIMPL_220526_0408_20000000019302992066_000.jpg,PSP_EXTRATLEITIMPL_220526_0408,mikael,sem_medidor,,pasta=ntem
PSP_EXTRATLEITIMPL_220526_0408_20000000019352970946_000.jpg,PSP_EXTRATLEITIMPL_220526_0408,mikael,sem_medidor,,pasta=ntem
PSP_EXTRATLEITIMPL_220526_0408_20000000019352982965_000.jpg,PSP_EXTRATLEITIMPL_220526_0408,mikael,sem_medidor,,pasta=ntem
PSP_EXTRATLEITIMPL_220526_0408_20000000019352994425_000.jpg,PSP_EXTRATLEITIMPL_220526_0408,mikael,ilegivel,,pasta=medidoruim
PSP_EXTRATLEITIMPL_220526_0408_20000000019352994430_001.jpg,PSP_EXTRATLEITIMPL_220526_0408,mikael,ilegivel,,pasta=medidoruim
PSP_EXTRATLEITIMPL_220526_0408_20000000019352998198_000.jpg,PSP_EXTRATLEITIMPL_220526_0408,mikael,ilegivel,,pasta=medidoruim
PSP_EXTRATLEITIMPL_220526_0408_20000000019352999071_000.jpg,PSP_EXTRATLEITIMPL_220526_0408,mikael,ilegivel,,pasta=medidoruim
PSP_EXTRATLEITIMPL_220526_0408_20000000019402969933_000.jpg,PSP_EXTRATLEITIMPL_220526_0408,mikael,ilegivel,,pasta=medidoruim
PSP_EXTRATLEITIMPL_220526_0408_20000000019402973877_000.jpg,PSP_EXTRATLEITIMPL_220526_0408,mikael,ilegivel,,pasta=medidoruim
PSP_EXTRATLEITIMPL_220526_0408_20000000019402978728_000.jpg,PSP_EXTRATLEITIMPL_220526_0408,mikael,ilegivel,,pasta=medidoruim
PSP_EXTRATLEITIMPL_220526_0408_20000000019402981665_000.jpg,PSP_EXTRATLEITIMPL_220526_0408,mikael,sem_medidor,,pasta=ntem
PSP_EXTRATLEITIMPL_220526_0408_20000000019402983507_000.jpg,PSP_EXTRATLEITIMPL_220526_0408,mikael,ilegivel,,pasta=medidoruim
PSP_EXTRATLEITIMPL_220526_0408_20000000019402988305_000.jpg,PSP_EXTRATLEITIMPL_220526_0408,mikael,ilegivel,,pasta=medidoruim
PSP_EXTRATLEITIMPL_220526_0408_20000000019402988314_000.jpg,PSP_EXTRATLEITIMPL_220526_0408,mikael,ilegivel,,pasta=medidoruim
PSP_EXTRATLEITIMPL_220526_0408_20000000019402988320_001.jpg,PSP_EXTRATLEITIMPL_220526_0408,mikael,ilegivel,,pasta=medidoruim
PSP_EXTRATLEITIMPL_220526_0408_20000000019452972941_000.jpg,PSP_EXTRATLEITIMPL_220526_0408,mikael,ilegivel,,pasta=medidoruim
PSP_EXTRATLEITIMPL_220526_0408_20000000019452978722_000.jpg,PSP_EXTRATLEITIMPL_220526_0408,mikael,sem_medidor,,pasta=ntem
PSP_EXTRATLEITIMPL_220526_0408_20000000019452992062_000.jpg,PSP_EXTRATLEITIMPL_220526_0408,mikael,ilegivel,,pasta=medidoruim
PSP_EXTRATLEITIMPL_220526_0408_20000000019452995005_000.jpg,PSP_EXTRATLEITIMPL_220526_0408,mikael,ilegivel,,pasta=medidoruim
PSP_EXTRATLEITIMPL_220526_0408_20000000019502974645_000.jpg,PSP_EXTRATLEITIMPL_220526_0408,mikael,ilegivel,,pasta=medidoruim
PSP_EXTRATLEITIMPL_220526_0408_20000000019502977630_000.jpg,PSP_EXTRATLEITIMPL_220526_0408,mikael,ilegivel,,pasta=medidoruim
PSP_EXTRATLEITIMPL_220526_0408_20000000019502980403_000.jpg,PSP_EXTRATLEITIMPL_220526_0408,mikael,ilegivel,,pasta=medidoruim
PSP_EXTRATLEITIMPL_220526_0408_20000000019552981959_000.jpg,PSP_EXTRATLEITIMPL_220526_0408,mikael,ilegivel,,pasta=medidoruim
PSP_EXTRATLEITIMPL_220526_0408_20000000019552981961_000.jpg,PSP_EXTRATLEITIMPL_220526_0408,mikael,legivel,,pasta=medidor
PSP_EXTRATLEITIMPL_220526_0408_20000000019552997347_000.jpg,PSP_EXTRATLEITIMPL_220526_0408,mikael,ilegivel,,pasta=medidoruim
PSP_EXTRATLEITIMPL_220526_0408_20000000019552999174_000.jpg,PSP_EXTRATLEITIMPL_220526_0408,mikael,legivel,,pasta=medidor
PSP_EXTRATLEITIMPL_220526_0408_20000000019552999178_000.jpg,PSP_EXTRATLEITIMPL_220526_0408,mikael,ilegivel,,pasta=medidoruim
PSP_EXTRATLEITIMPL_220526_0408_20000000019553000041_000.jpg,PSP_EXTRATLEITIMPL_220526_0408,mikael,sem_medidor,,pasta=ntem
PSP_EXTRATLEITIMPL_220526_0408_20000000019553003012_000.jpg,PSP_EXTRATLEITIMPL_220526_0408,mikael,sem_medidor,,pasta=ntem
PSP_EXTRATLEITIMPL_220526_0408_20000000019602972791_000.jpg,PSP_EXTRATLEITIMPL_220526_0408,mikael,ilegivel,,pasta=medidoruim
PSP_EXTRATLEITIMPL_220526_0408_20000000019602975718_000.jpg,PSP_EXTRATLEITIMPL_220526_0408,mikael,sem_medidor,,pasta=ntem
PSP_EXTRATLEITIMPL_220526_0408_20000000019602977607_000.jpg,PSP_EXTRATLEITIMPL_220526_0408,mikael,ilegivel,,pasta=medidoruim
PSP_EXTRATLEITIMPL_220526_0408_20000000019602983279_000.jpg,PSP_EXTRATLEITIMPL_220526_0408,mikael,ilegivel,,pasta=medidoruim
PSP_EXTRATLEITIMPL_220526_0408_20000000019602989010_000.jpg,PSP_EXTRATLEITIMPL_220526_0408,mikael,ilegivel,,pasta=medidoruim
PSP_EXTRATLEITIMPL_220526_0408_20000000019602991017_000.jpg,PSP_EXTRATLEITIMPL_220526_0408,mikael,ilegivel,,pasta=medidoruim
PSP_EXTRATLEITIMPL_220526_0408_20000000019652965997_000.jpg,PSP_EXTRATLEITIMPL_220526_0408,mikael,ilegivel,,pasta=medidoruim
PSP_EXTRATLEITIMPL_220526_0408_20000000019652977776_000.jpg,PSP_EXTRATLEITIMPL_220526_0408,mikael,ilegivel,,pasta=medidoruim
PSP_EXTRATLEITIMPL_220526_0408_20000000019652978782_001.jpg,PSP_EXTRATLEITIMPL_220526_0408,mikael,legivel,,pasta=medidor
PSP_EXTRATLEITIMPL_220526_0408_20000000019652981520_000.jpg,PSP_EXTRATLEITIMPL_220526_0408,mikael,ilegivel,,pasta=medidoruim
PSP_EXTRATLEITIMPL_220526_0408_20000000019652982531_000.jpg,PSP_EXTRATLEITIMPL_220526_0408,mikael,legivel,,pasta=medidor
PSP_EXTRATLEITIMPL_220526_0408_20000000019652984416_000.jpg,PSP_EXTRATLEITIMPL_220526_0408,mikael,ilegivel,,pasta=medidoruim
PSP_EXTRATLEITIMPL_220526_0408_20000000019652991018_000.jpg,PSP_EXTRATLEITIMPL_220526_0408,mikael,ilegivel,,pasta=medidoruim
PSP_EXTRATLEITIMPL_220526_0408_20000000019652992001_000.jpg,PSP_EXTRATLEITIMPL_220526_0408,mikael,ilegivel,,pasta=medidoruim
PSP_EXTRATLEITIMPL_220526_0408_20000000019702957991_000.jpg,PSP_EXTRATLEITIMPL_220526_0408,mikael,ilegivel,,pasta=medidoruim
PSP_EXTRATLEITIMPL_220526_0408_20000000019702960875_000.jpg,PSP_EXTRATLEITIMPL_220526_0408,mikael,ilegivel,,pasta=medidoruim
PSP_EXTRATLEITIMPL_220526_0408_20000000019702960889_000.jpg,PSP_EXTRATLEITIMPL_220526_0408,mikael,ilegivel,,pasta=medidoruim
PSP_EXTRATLEITIMPL_220526_0408_20000000019702961887_000.jpg,PSP_EXTRATLEITIMPL_220526_0408,mikael,ilegivel,,pasta=medidoruim
PSP_EXTRATLEITIMPL_220526_0408_20000000019702964903_000.jpg,PSP_EXTRATLEITIMPL_220526_0408,mikael,sem_medidor,,pasta=ntem
PSP_EXTRATLEITIMPL_220526_0408_20000000019702967765_000.jpg,PSP_EXTRATLEITIMPL_220526_0408,mikael,ilegivel,,pasta=medidoruim
PSP_EXTRATLEITIMPL_220526_0408_20000000019702967775_000.jpg,PSP_EXTRATLEITIMPL_220526_0408,mikael,ilegivel,,pasta=medidoruim
PSP_EXTRATLEITIMPL_220526_0408_20000000019702968807_000.jpg,PSP_EXTRATLEITIMPL_220526_0408,mikael,ilegivel,,pasta=medidoruim
PSP_EXTRATLEITIMPL_220526_0408_20000000019702971531_000.jpg,PSP_EXTRATLEITIMPL_220526_0408,mikael,ilegivel,,pasta=medidoruim
PSP_EXTRATLEITIMPL_220526_0408_20000000019702973466_004.jpg,PSP_EXTRATLEITIMPL_220526_0408,mikael,ilegivel,,pasta=medidoruim
PSP_EXTRATLEITIMPL_220526_0408_20000000019702982045_000.jpg,PSP_EXTRATLEITIMPL_220526_0408,mikael,ilegivel,,pasta=medidoruim
PSP_EXTRATLEITIMPL_220526_0408_20000000019752954993_000.jpg,PSP_EXTRATLEITIMPL_220526_0408,mikael,ilegivel,,pasta=medidoruim
PSP_EXTRATLEITIMPL_220526_0408_20000000019752956979_000.jpg,PSP_EXTRATLEITIMPL_220526_0408,mikael,ilegivel,,pasta=medidoruim
PSP_EXTRATLEITIMPL_220526_0408_20000000019752961986_000.jpg,PSP_EXTRATLEITIMPL_220526_0408,mikael,sem_medidor,,pasta=ntem
PSP_EXTRATLEITIMPL_220526_0408_20000000019752965920_000.jpg,PSP_EXTRATLEITIMPL_220526_0408,mikael,sem_medidor,,pasta=ntem
PSP_EXTRATLEITIMPL_220526_0408_20000000019752971781_000.jpg,PSP_EXTRATLEITIMPL_220526_0408,mikael,sem_medidor,,pasta=ntem
PSP_EXTRATLEITIMPL_220526_0408_20000000019752972838_000.jpg,PSP_EXTRATLEITIMPL_220526_0408,mikael,ilegivel,,pasta=medidoruim
PSP_EXTRATLEITIMPL_220526_0408_20000000019752973756_001.jpg,PSP_EXTRATLEITIMPL_220526_0408,mikael,ilegivel,,pasta=medidoruim
PSP_EXTRATLEITIMPL_220526_0408_20000000019752978503_000.jpg,PSP_EXTRATLEITIMPL_220526_0408,mikael,ilegivel,,pasta=medidoruim
PSP_EXTRATLEITIMPL_220526_0408_20000000019752979432_000.jpg,PSP_EXTRATLEITIMPL_220526_0408,mikael,ilegivel,,pasta=medidoruim
PSP_EXTRATLEITIMPL_220526_0408_20000000019752983228_000.jpg,PSP_EXTRATLEITIMPL_220526_0408,mikael,ilegivel,,pasta=medidoruim
PSP_EXTRATLEITIMPL_220526_0408_20000000019752986023_000.jpg,PSP_EXTRATLEITIMPL_220526_0408,mikael,legivel,,pasta=medidor
PSP_EXTRATLEITIMPL_220526_0408_20000000019802980889_000.jpg,PSP_EXTRATLEITIMPL_220526_0408,mikael,ilegivel,,pasta=medidoruim
PSP_EXTRATLEITIMPL_220526_0408_20000000019802980908_000.jpg,PSP_EXTRATLEITIMPL_220526_0408,mikael,ilegivel,,pasta=medidoruim
PSP_EXTRATLEITIMPL_220526_0408_20000000019802992585_000.jpg,PSP_EXTRATLEITIMPL_220526_0408,mikael,ilegivel,,pasta=medidoruim
PSP_EXTRATLEITIMPL_220526_0408_20000000019802995288_000.jpg,PSP_EXTRATLEITIMPL_220526_0408,mikael,ilegivel,,pasta=medidoruim
PSP_EXTRATLEITIMPL_220526_0408_20000000019803000036_000.jpg,PSP_EXTRATLEITIMPL_220526_0408,mikael,ilegivel,,pasta=medidoruim
PSP_EXTRATLEITIMPL_220526_0408_20000000019803002023_000.jpg,PSP_EXTRATLEITIMPL_220526_0408,mikael,ilegivel,,pasta=medidoruim
PSP_EXTRATLEITIMPL_220526_0408_20000000019852965929_000.jpg,PSP_EXTRATLEITIMPL_220526_0408,mikael,ilegivel,,pasta=medidoruim
PSP_EXTRATLEITIMPL_220526_0408_20000000019852968871_000.jpg,PSP_EXTRATLEITIMPL_220526_0408,mikael,ilegivel,,pasta=medidoruim
PSP_EXTRATLEITIMPL_220526_0408_20000000019852975748_000.jpg,PSP_EXTRATLEITIMPL_220526_0408,mikael,ilegivel,,pasta=medidoruim
PSP_EXTRATLEITIMPL_220526_0408_20000000019852979606_000.jpg,PSP_EXTRATLEITIMPL_220526_0408,mikael,sem_medidor,,pasta=ntem
PSP_EXTRATLEITIMPL_220526_0408_20000000019852979614_000.jpg,PSP_EXTRATLEITIMPL_220526_0408,mikael,ilegivel,,pasta=medidoruim
PSP_EXTRATLEITIMPL_220526_0408_20000000019852984206_000.jpg,PSP_EXTRATLEITIMPL_220526_0408,mikael,legivel,,pasta=medidor
PSP_EXTRATLEITIMPL_220526_0408_20000000019852986100_000.jpg,PSP_EXTRATLEITIMPL_220526_0408,mikael,sem_medidor,,pasta=ntem
PSP_EXTRATLEITIMPL_220526_0408_20000000019852986104_001.jpg,PSP_EXTRATLEITIMPL_220526_0408,mikael,ilegivel,,pasta=medidoruim
PSP_EXTRATLEITIMPL_220526_0408_20000000019902994279_000.jpg,PSP_EXTRATLEITIMPL_220526_0408,mikael,ilegivel,,pasta=medidoruim
PSP_EXTRATLEITIMPL_220526_0408_20000000019902996191_000.jpg,PSP_EXTRATLEITIMPL_220526_0408,mikael,ilegivel,,pasta=medidoruim
PSP_EXTRATLEITIMPL_220526_0408_20000000019903001032_000.jpg,PSP_EXTRATLEITIMPL_220526_0408,mikael,sem_medidor,,pasta=ntem
PSP_EXTRATLEITIMPL_220526_0408_20000000019952970975_000.jpg,PSP_EXTRATLEITIMPL_220526_0408,mikael,ilegivel,,pasta=medidoruim
PSP_EXTRATLEITIMPL_220526_0408_20000000019952976826_000.jpg,PSP_EXTRATLEITIMPL_220526_0408,mikael,ilegivel,,pasta=medidoruim
PSP_EXTRATLEITIMPL_220526_0408_20000000019952984646_000.jpg,PSP_EXTRATLEITIMPL_220526_0408,mikael,ilegivel,,pasta=medidoruim
PSP_EXTRATLEITIMPL_220526_0408_20000000019952985571_000.jpg,PSP_EXTRATLEITIMPL_220526_0408,mikael,legivel,,pasta=medidor
PSP_EXTRATLEITIMPL_220526_0408_20000000019952988294_000.jpg,PSP_EXTRATLEITIMPL_220526_0408,mikael,ilegivel,,pasta=medidoruim
PSP_EXTRATLEITIMPL_220526_0408_20000000019952991125_000.jpg,PSP_EXTRATLEITIMPL_220526_0408,mikael,legivel,,pasta=medidor
